tipo,data,cnpj_admin,n_valido,n_ausente,cobertura,minimo,p2_5,p25,mediana,p75,p97_5,media,maximo,desvio_padrao,iqr,total,negativos,zeros,bigode_inferior,bigode_superior,outliers,wins_alterados
Fundo legado,2020-01-31,00066670000100,26,0,1,3141054.01,5506997.71625,51461353.205,630238402.3,972781416.7425,4448688666.64625,911234704.42,8004909006.64,1592372964.93755,921320063.5375,23692102314.92,0,0,3141054.01,2314956462.65,1,6
Fundo legado,2020-02-29,00066670000100,26,0,1,3148493.77,5523112.27,57997819.285,631668141.09,971998414.1825,4710672653.51625,935588584.021539,8741928209.91,1723877794.99373,914000594.8975,24325303184.56,0,0,3148493.77,2291919319.68,1,6
Fundo legado,2020-03-31,00066670000100,26,0,1,0,1969092.675,36700694.815,624512889.725,969530276.6025,4838470912.73375,929775812.068462,9081091787.54,1782970206.76245,932829581.7875,24174171113.78,0,1,0,2292898387.85,1,7
Fundo legado,2020-04-30,00066670000100,25,0,1,3155203.88,5465882.21,64806012.54,582616454.43,875649237.14,4720094172.85999,940137813.3472,8410584143.6,1690864584.37674,810843224.6,23503445333.68,0,0,3155203.88,1991970924.35,2,6
Fundo legado,2020-05-31,00066670000100,25,0,1,3157249.65,5483121.204,68005673.81,512185485.11,876019902.48,4647464587.29199,909438748.7848,8450373084.29,1693236146.36595,808014228.67,22735968719.62,0,0,3157249.65,2030522560.32,2,5
Fundo legado,2020-06-30,00066670000100,25,0,1,3159536.9,5498523.014,64530619.62,502061237.69,850403960.2,4260156151.12799,830524318.4544,7586103684.24,1519218151.23658,785873340.58,20763107961.36,0,0,3159536.9,1695002050.72,2,5
Fundo legado,2020-07-31,00066670000100,25,0,1,0,1897543.212,64361031.5,490179616.33,876087273.34,4466475723.98799,842218705.5068,8053632600.46,1609491378.19911,811726241.84,21055467637.67,0,1,0,2075037806.34,1,6
Fundo legado,2020-08-31,00066670000100,24,0,1,3165719.37,5425033.4165,62619094.0325,487137750.52,944483004.725,3610183621.578,786329859.3875,6044447212.79,1253233507.83299,881863910.6925,18871916625.3,0,0,3165719.37,1810945315.03,1,5
Fundo legado,2020-09-30,00066670000100,25,0,1,0,1896293.172,47252500.36,405604304.67,875702152.85,2882086161.1,712664110.396,4473140500.69,971772800.620243,828449652.49,17816602759.9,0,1,0,1821383268.04,1,7
Fundo legado,2020-10-31,00066670000100,24,0,1,0,704582.598,59586407.045,466989434.535,980787556,2961064163.00075,738176415.9175,4502985373.83,985534259.76886,921201148.955,17716233982.02,0,1,0,1821383268.04,1,7
Fundo,2020-11-30,03384738000198,5,0,1,15620174.28,27703877.385,136457205.33,149244738.76,258142330.91,1683013918.745,480159486.668,1841332984.06,765754123.199333,121685125.58,2400797433.34,0,0,15620174.28,258142330.91,1,1
Fundo,2020-12-31,03384738000198,5,0,1,15640302.53,24765698.2,106894259.23,145446923.39,229276043.3,1689669355.502,469838561.506,1851935279.08,776420669.126193,122381784.07,2349192807.53,0,0,15640302.53,229276043.3,1,1
Fundo,2021-01-31,03384738000198,5,0,1,15650896.97,24804647.584,107188403.11,143015219.97,228121899.28,1824403511.77,499148910.942,2001768135.38,843438609.170996,120933496.17,2495744554.71,0,0,15650896.97,228121899.28,1,1
Fundo,2021-02-28,03384738000198,5,0,1,15631372.94,24827095.156,107588595.1,139512006.47,225620639.24,1831973688.113,499761994.792,2010457360.21,847837905.859089,118032044.14,2498809973.96,0,0,15631372.94,225620639.24,1,1
Fundo,2021-03-31,03384738000198,5,0,1,15616759.53,24866330.699,108112471.22,135168268.03,222533770.61,1840737619.847,500393863.386,2020538047.54,852984149.668176,114421299.39,2501969316.93,0,0,15616759.53,222533770.61,1,1
Fundo,2021-04-30,03384738000198,5,0,1,2002361.01,12635329.633,108332047.24,133466021.57,221665860.11,1800086985.56,488186680.108,1975467110.61,835093992.657162,113333812.87,2440933400.54,0,0,2002361.01,221665860.11,1,1
Fundo,2021-05-31,03384738000198,5,0,1,1977646.74,12662804.642,108829225.76,131347731.29,216942981.86,1809445269.863,489097510.836,1986389968.53,840509879.017827,108113756.1,2445487554.18,0,0,1977646.74,216942981.86,1,1
Fundo,2021-06-30,03384738000198,5,0,1,1951791.61,12698121.429,109415089.8,129235665.15,215982888.35,1617184270.139,445891749.494,1772873312.56,745705782.736491,106567798.55,2229458747.47,0,0,1951791.61,215982888.35,1,1
Fundo,2021-07-31,03384738000198,5,0,1,1926565.83,12731204.122,109972948.75,127890299.6,212765549.43,1545588962.751,429247163.346,1693680453.12,710811281.203831,102792600.68,2146235816.73,0,0,1926565.83,212765549.43,1,1
Fundo,2021-08-31,03384738000198,5,0,1,1906050.71,11775915.877,100604702.38,124815301.95,200418166.64,1555549335.785,426772737.474,1706119465.69,718686305.741517,99813464.26,2133863687.37,0,0,1906050.71,200418166.64,1,1
Fundo,2021-09-30,03384738000198,5,0,1,1881734.41,11816185.145,101226241.76,122757549.43,194933632.65,1737441522.132,465926089.176,1908831287.63,809555450.816438,93707390.89,2329630445.88,0,0,1881734.41,194933632.65,1,1
Fundo,2021-10-31,03384738000198,5,0,1,1858713.18,11853437.659,101805957.97,120430073.04,193311099.12,1750546784.064,468195762.918,1923572971.28,816446125.778579,91505141.15,2340978814.59,0,0,1858713.18,193311099.12,1,1
Fundo,2021-11-30,03384738000198,5,0,1,1832686.58,11893742.316,102443243.94,118536933.64,196514666.78,1765840943.768,471907612.208,1940210530.1,823726278.061639,94071422.84,2359538061.04,0,0,1832686.58,196514666.78,1,1
Fundo,2021-12-31,03384738000198,5,0,1,1807770.09,11963126.309,103361332.28,117047149.33,209900070.54,1786305514.914,478715599.528,1961461675.4,832155887.698946,106538738.26,2393577997.64,0,0,1807770.09,209900070.54,1,1
Fundo,2022-01-31,03384738000198,5,0,1,1784541.65,12025552.596,104194651.11,113219142.09,204077356.44,1804163309.619,481045265.808,1981950637.75,842085423.688143,99882705.33,2405226329.04,0,0,1784541.65,204077356.44,1,1
Fundo,2022-02-28,03384738000198,5,0,1,1759836.13,12121274.011,105374214.94,109536148.06,202980082.89,2002099070.73,524330292.502,2202001180.49,940545563.048711,97605867.95,2621651462.51,0,0,1759836.13,202980082.89,1,1
Fundo,2022-03-31,03384738000198,6,0,1,1746692.76,2220274.84625,30816867.1875,106941517.565,177748361.8075,1594524503.36625,369330838.888333,1793562678.49,701690357.122194,146931494.62,2215985033.33,0,0,1746692.76,201257277.5,1,1
Fundo,2022-04-30,03384738000198,6,0,1,0,215287.84375,27737023.9725,106779514.06,175410638.78,1990443363.69,443291563.211667,2246513143.52,886540656.39091,147673614.8075,2659749379.27,0,1,0,197954904.88,1,1
Fundo,2022-05-31,03384738000198,5,0,1,1699437.44,10409487.481,88799937.85,101927973.32,176965595.54,1656846163.259,438134056.32,1821277337.45,775699415.716488,88165657.69,2190670281.6,0,0,1699437.44,176965595.54,1,1
Fundo,2022-06-30,03384738000198,6,0,1,0,209799.7125,23719777.25,93918869.995,150191627.3625,1586624863.29875,357741839.07,1789344001.61,704221678.095834,126471850.1125,2146451034.42,0,1,0,167590895.12,1,1
Fundo,2022-07-31,03384738000198,6,0,1,0,206758.73,23969015.3,93087766.95,150175024.495,1270774405.17,297425697.596667,1428245109.92,557645049.363368,126206009.195,1784554185.58,0,1,0,168479471.92,1,1
Fundo,2022-08-31,03384738000198,6,0,1,0,203967.6575,23720264.485,90954849.345,149298195.44,1289966251.69125,300358522.086667,1450186720.16,566862678.260345,125577930.955,1802151132.52,0,1,0,168422972.41,1,1
Fundo,2022-09-30,03384738000198,5,0,1,1608558.15,10050652.15,86029498.15,92818504.87,167458504.41,1386213621.597,373909184.484,1521630856.84,644278930.44026,81429006.26,1869545922.42,0,0,1608558.15,167458504.41,1,1
Fundo,2022-10-31,03384738000198,5,0,1,1585195.46,9838987.07200001,84123111.58,93623002.55,167504986.77,1585626421.83,418006353.306,1743195470.17,743132943.716356,83381875.19,2090031766.53,0,0,1585195.46,167504986.77,1,1
Fundo,2022-11-30,03384738000198,5,0,1,1556272.35,9617825.74300001,82171806.28,94496885.11,163440058.03,1538907558.586,406680460.528,1691737280.87,720664100.709266,81268251.75,2033402302.64,0,0,1556272.35,163440058.03,1,1
Fundo,2022-12-31,03384738000198,5,0,1,1527350.77,9415639.04600001,80410233.53,95534255.02,155164425.46,1433168362.375,381561012.918,1575168799.81,669493025.779042,74754191.93,1907805064.59,0,0,1527350.77,155164425.46,1,1
Fundo,2023-01-31,03384738000198,5,0,1,1500966.52,8966725.84500001,76158559.77,95278754.87,148868035.67,1215255893.915,331109950.11,1333743433.72,562970839.383031,72709475.9,1655549750.55,0,0,1500966.52,148868035.67,1,1
Fundo,2023-02-28,03384738000198,5,0,1,1475755.44,8486684.134,71585042.38,89112256.02,137067928.43,1090282285.13,299087194.74,1196194991.43,503853132.013371,65482886.05,1495435973.7,0,0,1475755.44,137067928.43,1,0
Fundo,2023-03-31,03384738000198,5,0,1,1448822.73,8077312.48700001,67733720.3,90074391.52,137140815.33,1203022301.049,323570265.424,1321453577.24,559969179.655823,69407095.03,1617851327.12,0,0,1448822.73,137140815.33,1,1
Fundo,2023-04-30,03384738000198,5,0,1,1420857.9,7667549.22700001,63887771.17,90602274.45,136665038.12,1239492812.468,330921034.696,1362029231.84,578478552.603163,72777266.95,1654605173.48,0,0,1420857.9,136665038.12,1,1
Fundo,2023-05-31,03384738000198,5,0,1,1393250.38,7212159.1,59582337.58,76638332.99,121893684.46,1255504430.977,328193757.2,1381461180.59,590373352.770239,62311346.88,1640968786,0,0,1393250.38,121893684.46,1,1
Fundo,2023-06-30,03384738000198,5,0,1,1365013.21,2248302.989,10197911,77501482.66,121012782.89,1272693503.894,322147043.642,1400658028.45,604918539.580361,110814871.89,1610735218.21,0,0,1365013.21,121012782.89,1,1
Fundo,2023-07-31,03384738000198,5,0,1,0,133655.241,1336552.41,78596960.89,117270040.63,1155006692.185,293502863.702,1270310764.58,548384289.222508,115933488.22,1467514318.51,0,1,0,117270040.63,1,1
Fundo,2023-08-31,03384738000198,5,0,1,0,130796.347,1307963.47,72972617.98,111588984.86,1092663919.112,277508362.29,1201672245.14,518830546.595128,110281021.39,1387541811.45,0,1,0,111588984.86,1,0
Fundo,2023-09-30,03384738000198,5,0,1,0,128267.583,1282675.83,73602913.32,110256537.94,1138167727.54,287504441.806,1252380081.94,541465000.626572,108973862.11,1437522209.03,0,1,0,110256537.94,1,0
Fundo,2023-10-31,03384738000198,5,0,1,0,125372.742,1253727.42,76301535.4,112258091.94,978313304.175,252871003.17,1074541661.09,461883761.226755,111004364.52,1264355015.85,0,1,0,112258091.94,1,0
Fundo,2023-11-30,03384738000198,5,0,1,0,122296.37,1222963.7,77204424.89,112791432.54,967892261.646,250824457.202,1062903464.88,456586016.024843,111568468.84,1254122286.01,0,1,0,112791432.54,1,0
Fundo,2023-12-31,03384738000198,5,0,1,0,0,0,77932151.91,113014695.45,999491203.335,257787088.092,1097988593.1,472269461.836125,113014695.45,1288935440.46,0,2,0,113014695.45,1,0
Fundo,2024-01-31,03384738000198,4,0,1,0,5924242.99875,59242429.9875,95769284.04,394891172.0525,1157215950.73325,358364318,1241918703.92,590922650.331997,335648742.065,1433457272,0,1,0,112548661.43,1,1
Fundo,2024-02-29,03384738000198,4,0,1,0,6010927.95975,60109279.5975,96821014.695,378079018.9125,1092452297.17425,341367283.815,1171827105.87,555684870.47347,317969739.315,1365469135.26,0,1,0,113496323.26,1,1
Fundo,2024-03-31,03384738000198,4,0,1,0,4571964.21375,45719642.1375,76955026.745,407943070.0175,1258422926.33675,376707685.41,1352920688.15,651949776.186476,362223427.88,1506830741.64,0,1,0,92950530.64,1,2
Fundo,2024-04-30,03384738000198,3,0,1,61295034.88,62792818.577,76272871.85,91250708.82,801665918.525,1441039607.2595,554875623.976667,1512081128.23,829099583.059815,725393046.675,1664626871.93,0,0,61295034.88,1512081128.23,0,1
Fundo,2024-05-31,03384738000198,3,0,1,61646944.53,63140796.6275,76585465.505,91523986.48,738868573.595,1321478701.9985,513128030.573333,1386213160.71,756261457.935178,662283108.09,1539384091.72,0,0,61646944.53,1386213160.71,0,0
Fundo,2024-06-30,03384738000198,3,0,1,39028441.26,40494068.6315,53684714.975,68340988.69,759045329.76,1380679236.723,519039700.26,1449749670.83,806151718.566683,705360614.785,1557119100.78,0,0,39028441.26,1449749670.83,0,1
Fundo,2024-07-31,03384738000198,3,0,1,0,1974840.863,19748408.63,39496817.26,870658775.245,1618704537.4315,580439183.496667,1701820733.23,971345682.393846,850910366.615,1741317550.49,0,1,0,1701820733.23,0,2
Fundo,2024-08-31,03384738000198,2,0,1,40085338.1,80878860.2612499,448020559.7125,855955781.325,1263891002.9375,1631032702.38875,855955781.325,1671826224.55,1153815045.94814,815870443.225,1711911562.65,0,0,40085338.1,1671826224.55,0,1
Fundo,2024-09-30,00066670000100,22,0,1,13983854.6,16686648.449,197312735.2625,919991361.485,1538774602.345,3696847298.216,1168603297.88273,3769274566.64,1205048782.31804,1341461867.0825,25709272553.42,0,0,13983854.6,3410297586.09,2,7
Fundo,2024-10-31,00066670000100,5,0,1,189457970.52,264865867.238,943536937.7,1534979608.18,1609379665.86,2678699132.805,1414973317.834,2797512406.91,960175738.825257,665842728.16,7074866589.17,0,0,189457970.52,1609379665.86,1,2
Fundo,2024-11-30,00066670000100,4,0,1,943850683.87,992154342.7255,1426887272.425,1655783870.555,1994909615.7425,2727261242.49725,1766013017.6125,2808633645.47,773848863.46017,568022343.3175,7064052070.45,0,0,943850683.87,2808633645.47,0,2
Classe,2024-12-31,00066670000100,21,0,1,6897490.44,13627153.06,151049264.69,970608483.71,1613821637.13,3514732381.05,1190438035.70619,3662075959.06,1204798491.78561,1462772372.44,24999198749.83,0,0,6897490.44,3662075959.06,0,7
Classe,2025-01-31,00066670000100,22,0,1,8148506.06,10222493.7275,130130054.72,737837187.375,1413319156.265,3418887708.57175,1070898085.47864,3703375048.21,1157875180.69792,1283189101.545,23559757880.53,0,0,8148506.06,3161494401.28,1,7
Classe,2025-02-28,00066670000100,23,0,1,8128733.22,15479711.5085,136884983.9,775302042.07,1634885900.645,3439636482.1835,1097749759.8387,3743378394.63,1159925393.24061,1498000916.745,25248244476.29,0,0,8128733.22,3743378394.63,0,7
Classe,2025-03-31,00066670000100,27,0,1,2008832.33,7827084.315,84158906.435,530033978.15,1464189111.77,3417327724.6985,953505718.043333,3782928811.14,1119405247.71091,1380030205.335,25744654387.17,0,0,2008832.33,3220465601.23,1,8
Classe,2025-04-30,00066670000100,28,0,1,2042186.22,8985450.9915,84527172.43,520208191.7,1259850642.5625,3418719154.157,909157008.639286,3826516705.67,1109630748.20951,1175323470.1325,25456396241.9,0,0,2042186.22,2904821545.98,3,7
Classe,2025-05-31,00066670000100,32,0,1,12618783.77,18456240.6145,86975229.1475,461137399.525,1075765602.9025,3150459766.9335,824323790.223125,3634545981.21,1023171456.34617,988790373.755,26378361287.14,0,0,12618783.77,1892648558.95,4,8
Classe,2025-06-30,00066670000100,34,0,1,12698037.01,18893324.317,100423943.73,488008942.645,1496953943.5725,4694707706.52923,1094849057.10324,9487204775.65,1776530899.42819,1396529999.8425,37224867941.51,0,0,12698037.01,2976369737.6,2,10
Classe,2025-07-31,00066670000100,35,0,1,4291897.91,12088879.961,91970982.07,491300621.74,1476502940.05,4529723237.28549,1052697031.29571,9065004222.4,1705197656.62554,1384531957.98,36844396095.35,0,0,4291897.91,2978051161.99,2,10
Classe,2025-08-31,00066670000100,37,0,1,13884222.47,17599737.461,92026131.26,498991356.51,1569631559.79,4255492906.16401,1033891275.52568,8562680383.08,1612033457.96644,1477605428.53,38253977194.45,0,0,13884222.47,3776916519.84,1,11
Classe,2025-09-30,00066670000100,37,0,1,14344656.16,17858095.933,96818375.72,503749536.63,1705315541.91,4734468457.65101,1178085266.17595,8707383198.1,1710885848.22118,1608497166.19,43589154848.51,0,0,14344656.16,3827340125.73,2,12
Classe,2025-10-31,00066670000100,44,0,1,9975477.77,10505734.58625,96892530.045,428380875.745,1632613406.2425,4270729253.89525,1049807512.18227,8823231297.58,1627923534.79474,1535720876.1975,46191530536.02,0,0,9975477.77,3880925091.65,2,12
Fundo,2025-11-30,00066670000100,45,0,1,10644348.48,15071567.586,99538786.39,453680547.92,1630476915.71,4232647812.655,1026705334.15111,8428142995.36,1541082003.49322,1530938129.32,46201740036.8,0,0,10644348.48,3628616970.61,2,12
Fundo,2025-12-31,00066670000100,45,0,1,4436647.03,6982560.314,100015080.94,403908532.82,1354575865.38,4292652370.64,995197025.360667,8070674432.78,1512887448.96682,1254560784.44,44783866141.23,0,0,4436647.03,3020165679.89,3,10
Classe,2026-01-31,00066670000100,45,0,1,3049718.16,10239066.506,84937542.46,404779512.56,1209759282.46,4306560217.622,983801639.414889,8205487331.58,1527522127.73521,1124821740,44271073773.67,0,0,3049718.16,2860039535.64,4,11
Classe,2026-02-28,00066670000100,44,0,1,8434361.12,17946631.98425,102089796.845,422590613.795,1153610339.2425,4325864345.55625,997179201.857045,7757984846.02,1492966667.59228,1051520542.3975,43875884881.71,0,0,8434361.12,2313861156.85,5,11
Classe,2026-03-31,00066670000100,43,0,1,8513639.23,18534918.0455,130790554.24,457282384.78,1660164104.7,6690149436.10799,1137732881.56954,7939779760.04,1697844030.46492,1529373550.46,48922513907.49,0,0,8513639.23,3814525461.51,2,12
Classe,2026-04-30,00066670000100,44,0,1,8593956.82,18498129.18275,124328490.795,428244374.57,1650348463.325,6174079336.79399,1145211622.55727,9962362111.91,1862185739.33187,1526019972.53,50389311392.52,0,0,8593956.82,3860089051.83,2,12
Classe,2026-05-31,00066670000100,45,0,1,8664647.06,11203514.592,124042704.7,459022537.68,1642653085.82,6182373431.865,1141807715.81378,9984886332.21,1846103506.51731,1518610381.12,51381347211.62,0,0,8664647.06,3632322735.03,2,12
Classe,2026-06-30,00066670000100,46,0,1,8749676.22,11660372.13125,119554190.4675,483413610.675,1536912363.4375,6129583926.735,1139417539.3387,10010957003.11,1831383138.80811,1417358172.97,52413206809.58,0,0,8749676.22,3140454721.87,3,12
Classe,2026-07-31,00066670000100,48,0,1,3829071.76,9115837.37225,101593427.655,497058689.895,1728482589.34,6095118142.41199,1135185754.84875,10050477060.26,1818580143.9279,1626889161.685,54488916232.74,0,0,3829071.76,3726249196.43,2,13
Classe,2026-08-31,00066670000100,47,0,1,0,10509634.5515,131033459.175,539523743.71,1717936052.66,6265389475.28701,1169685748.25553,10070614364.8,1847699373.19512,1586902593.485,54975230168.01,0,1,0,3771058923.75,2,13
Fundo legado,2020-01-31,03317692000194,43,0,1,983882.86,1408779.9495,12583775.33,34105437.2,142522158.765,482755548.9225,114439173.462326,897851855.74,172528703.249101,129938383.435,4920884458.88,0,0,983882.86,320932902.92,4,0
Fundo legado,2020-02-29,03317692000194,43,0,1,972625.17,1412850.0525,14748689.345,30884764.48,144286382.69,475017616.3785,113682208.980698,852995061.97,167215518.149424,129537693.345,4888334986.17,0,0,972625.17,322589078.5,4,0
Fundo legado,2020-03-31,03317692000194,43,0,1,906081.58,1375906.06,14630251.23,29488125.97,147066081.85,480282902.171,113872153.826512,861617323.63,168488988.155244,132435830.62,4896502614.54,0,0,906081.58,218677925.75,5,0
Fundo legado,2020-04-30,03317692000194,43,0,1,866157.26,1377881.69,15201340.725,34697743.89,130743605.55,485722978.0165,108223998.707442,842197603.65,163281913.691049,115542264.825,4653631944.42,0,0,866157.26,208350558.83,5,0
Fundo legado,2020-05-31,03317692000194,43,0,1,830364.65,1336536.683,13234493.49,33568451.5,130013527.7,502315056.8745,107184555.936047,803684348.99,160584543.775598,116779034.21,4608935905.25,0,0,830364.65,204943368.14,5,0
Fundo legado,2020-06-30,03317692000194,45,0,1,0,826720.504,12386546.64,29348626.19,133576158.56,485563921.562,101689546.128667,797373818.89,154863167.017162,121189611.92,4576029575.79,0,1,0,308821284.12,4,1
Fundo legado,2020-07-31,03317692000194,45,0,1,712108.16,1327854.954,13225438.48,29453068.67,126216155.73,471544953.228,102287432.236,865554625.21,160422703.122909,112990717.25,4602934450.62,0,0,712108.16,191156469.69,5,0
Fundo legado,2020-08-31,03317692000194,45,0,1,744204.33,1330219.279,13120792.27,29531433.2,126846060.52,473818621.554,101364406.629556,879447134.82,161880269.80528,113725268.25,4561398298.33,0,0,744204.33,191846180.01,5,0
Fundo legado,2020-09-30,03317692000194,45,0,1,0,1322140.996,12357750.99,29692239.8,106098576.97,479867351.223,101619086.366222,847069808.81,158997053.519125,93740825.98,4572858886.48,0,1,0,206934119.16,5,1
Fundo legado,2020-10-31,03317692000194,46,0,1,0,2025277.0225,12416658.4225,47259022.52,125424076.44,465960515.37125,102854716.759783,839644193.37,155464290.430085,113007418.0175,4731316970.95,0,1,0,287440147.32,4,1
Fundo,2020-11-30,03317692000194,57,0,1,0,0,12392984.24,46503727.98,148535314.19,482004163.522,101717434.637193,765006800.72,147428899.127737,136142329.95,5797893774.32,0,3,0,313198475.27,4,0
Fundo,2020-12-31,03317692000194,56,0,1,0,0,13611955.5075,47632668.68,149723311.01,471841051.015,104602554.985893,775894304.25,147600792.833558,136111355.5025,5857743079.21,0,4,0,314284646.6,4,0
Fundo,2021-01-31,03317692000194,54,0,1,0,4589933.402,14380397.9,53752258.97,151228805.4825,509349874.939,110791560.17537,767539725.59,152124384.509658,136848407.5825,5982744249.47,0,1,0,315226039.88,4,0
Fundo,2021-02-28,03317692000194,53,0,1,0,2486572.229,14593950.37,49209323.61,148300401.55,508967197.212,109665942.916226,809220295.51,156547258.019459,133706451.18,5812294974.56,0,1,0,315850339.34,4,1
Fundo,2021-03-31,03317692000194,53,0,1,0,2734534.241,14852651.07,49716774.65,153857663.18,588233689.752999,114360287.861509,864611108.22,167822045.387039,139005012.11,6061095256.66,0,1,0,335333422.59,4,0
Fundo,2021-04-30,03317692000194,54,0,1,0,3824478.69,14635837.245,48752672.645,148272255.8825,603690993.540999,119007774.971111,912082161.06,179886927.062902,133636418.6375,6426419848.44,0,1,0,335597837.07,5,1
Fundo,2021-05-31,03317692000194,51,0,1,2128833.89,4770787.64,14377469.185,55586782.72,148745584.42,628338210.99,123477367.411569,877470858.52,181332754.577127,134368115.235,6297345737.99,0,0,2128833.89,336916876.17,5,0
Fundo,2021-06-30,03317692000194,52,0,1,476903.97,4797363.5955,14855572,47680990.255,150790965.605,656103061.5465,124083853.294615,901283195.45,187663356.003968,135935393.605,6452360371.32,0,0,476903.97,338091741.1,5,0
Fundo,2021-07-31,03317692000194,51,0,1,108162.58,4760354.115,15179388.135,41797925.36,153059428.79,711072399.3525,127025164.296863,922638453.73,195834323.883743,137880040.655,6478283379.14,0,0,108162.58,339447872.45,5,0
Fundo,2021-08-31,03317692000194,52,0,1,0,2405432.26925,12188654.64,37067180.375,145186095.1425,715913408.063,121690362.344423,886731377.82,195083255.093089,132997440.5025,6327898841.91,0,1,0,340808660.61,5,0
Fundo,2021-09-30,03317692000194,51,0,1,0,2285329.8325,13650102.725,40740934.92,145407541.755,727864958.9925,124118578.526667,817909251.29,191402567.594215,131757439.03,6330047504.86,0,1,0,342394706.33,5,0
Fundo,2021-10-31,03317692000194,51,0,1,0,2246007.87,16191184.12,43429126.43,153285877.625,701823190.465,124652490.702353,787712366.05,185061351.876941,137094693.505,6357277025.82,0,1,0,335978865.55,5,0
Fundo,2021-11-30,03317692000194,51,0,1,0,2194165.95,17855751.165,43961333.66,155455663.245,710237313.0025,128413727.000196,849416783.74,188946582.326997,137599912.08,6549100077.01,0,1,0,331327383.82,5,0
Fundo,2021-12-31,03317692000194,51,0,1,0,1979116.0325,16470690.075,44830347.69,153725842.075,733587876.5,129733205.482353,834211081.22,189660919.781762,137255152,6616393479.6,0,1,0,322694409.17,5,0
Fundo,2022-01-31,03317692000194,52,0,1,0,2034149.69675,17371450.145,44264784.25,151927817.18,706675014.465,127937263.589615,868286209.14,187561010.563685,134556367.035,6652737706.66,0,1,0,270064457.71,5,0
Fundo,2022-02-28,03317692000194,53,0,1,0,1129173.38,15188924.71,37066580.02,150527296.62,702721615.265999,127388409.47717,956631654.11,194422827.911759,135338371.91,6751585702.29,0,1,0,281756319.58,5,0
Fundo,2022-03-31,03317692000194,51,0,1,139553.27,2182940.63,15611697.535,37946150.59,159503832.26,761516614.2975,138458039.848627,1060444278.89,212611281.099151,143892134.725,7061360032.28,0,0,139553.27,294616355.5,5,0
Fundo,2022-04-30,03317692000194,52,0,1,90441.97,1855980.7045,15721177.5325,66861601.755,158663325.9975,799631254.2185,141721175.776154,1144066231.34,221841342.445426,142942148.465,7369501140.36,0,0,90441.97,297106919.55,5,1
Fundo,2022-05-31,03317692000194,54,0,1,36679.07,67185.9365,13221927.315,47234031.49,163697137.125,769173896.316499,135603453.263889,1125537260.08,215075256.440213,150475209.81,7322586476.25,0,0,36679.07,280763773.93,5,1
Fundo,2022-06-30,03317692000194,54,0,1,0,1613.47225,12726631,51863786.3,166014339.1175,784839633.615999,137765234.186296,1147539268.53,218313478.905673,153287708.1175,7439322646.06,0,2,0,379408042.92,4,1
Fundo,2022-07-31,03317692000194,55,0,1,0,843.402,13278842.545,41839536.36,183200667.315,746158236.905,137591064.749818,1237202346.29,222310164.354085,169921824.77,7567508561.24,0,2,0,363085462.01,4,1
Fundo,2022-08-31,03317692000194,54,0,1,0,394885.731,14311151.225,47585146.475,183594890.7275,741970128.0575,142010424.30037,1285166790.26,227584317.816392,169283739.5025,7668562912.22,0,1,0,347119387.97,4,1
Fundo,2022-09-30,03317692000194,58,0,1,0,219214.93625,13906819.065,42890351.15,182229975.05,742813993.251249,143427784.238966,1404873699.38,240231973.530349,168323155.985,8318811485.86,0,1,0,334374452.79,5,3
Fundo,2022-10-31,03317692000194,59,0,1,0,269015.848,13748407.41,42912930.08,171811872.975,716241643.14,142330219.097797,1525247151.4,247924046.237392,158063465.565,8397482926.77,0,1,0,350323022.01,5,2
Fundo,2022-11-30,03317692000194,60,0,1,0,260964.7275,13248780.195,44382235.245,174610205.7825,674600290.76825,142563075.979667,1663019759.07,257313326.629502,161361425.5875,8553784558.78,0,1,0,366598052.72,5,2
Fundo,2022-12-31,03317692000194,62,0,1,0,173540.829,11699389.3275,45385192.22,171780195.7075,700132423.127,144584315.376452,1874982965.75,277628398.887509,160080806.38,8964227553.34,0,2,0,383974627.67,5,3
Fundo,2023-01-31,03317692000194,62,0,1,0,0,11835509.215,46157260.025,169982174.4875,701064083.1765,145160413.22371,1884366130.75,279220112.784728,158146665.2725,8999945619.87,0,3,0,403534558.26,5,4
Fundo,2023-02-28,03317692000194,64,0,1,0,0,10841114.285,42892475.655,160378892.1375,714705571.03025,141855107.82875,1912603842.81,280325668.837102,149537777.8525,9078726901.04,0,3,0,303820023.66,6,4
Fundo,2023-03-31,03317692000194,67,0,1,0,0,7619648.525,42145344.66,164454589.62,722393929.7475,137441299.735821,1878903561.49,273531183.025999,156834941.095,9208567082.3,0,3,0,309123315.18,6,1
Fundo,2023-04-30,03317692000194,68,0,1,0,0,9037593.5,41083146.945,159068166.585,723314699.4725,137346366.600735,1900767092.85,274456276.765815,150030573.085,9339552928.85,0,3,0,312466126.44,6,4
Fundo,2023-05-31,03317692000194,66,0,1,0,407180.57,9577942.78,42394457.48,161217344.845,738478035.95125,146318215.852273,2138359762.26,302558876.144028,151639402.065,9657002246.25,0,1,0,324175287.88,6,2
Fundo,2023-06-30,03317692000194,66,0,1,0,730078.68125,10398800.5625,41027527.7,157676166.495,696423953.42875,144795359.128182,2122847591.23,297270722.128878,147277365.9325,9556493702.46,0,1,0,308488864.19,6,2
Fundo,2023-07-31,03317692000194,66,0,1,0,897769.4775,10347013.1625,40174880.505,160146207.69,690120547.73,144787592.599242,2158930554.97,301007877.148033,149799194.5275,9555981111.55,0,1,0,312792698.87,6,2
Fundo,2023-08-31,03317692000194,68,0,1,0,880006.70225,9880024.77,36225020.285,151324655.0925,698376948.56575,141515203.266324,2223365873.61,304162720.711447,141444630.3225,9623033822.11,0,1,0,317592677.66,6,1
Fundo,2023-09-30,03317692000194,74,0,1,0,99785.92725,9540973.8825,31199954.045,137502681.2575,692630625.434,130638385.12027,2249245344.62,296082257.674959,127961707.375,9667240498.9,0,1,0,321505373.15,6,1
Fundo,2023-10-31,03317692000194,74,0,1,0,561583.0095,10100158.5325,31346205.655,138505561.48,702981087.2065,131798994.293378,2281825583,300103760.714881,128405402.9475,9753125577.71,0,1,0,325860546.74,6,1
Fundo,2023-11-30,03317692000194,74,0,1,0,519147.97725,10171451.7175,29899378.49,163237826.3275,659544758.042,135783804.364595,2439716867.62,314118811.136071,153066374.61,10048001522.98,0,1,0,329700350.67,6,1
Fundo,2023-12-31,03317692000194,74,0,1,0,1039225.90025,10892467.3925,30365795.95,171836906.3225,677704094.5505,142302376.725405,2326713114.44,306932945.242292,160944438.93,10530375877.68,0,1,0,381085300.35,6,1
Fundo,2024-01-31,03317692000194,74,0,1,381096.25,1265016.7925,11355728.23,31398449.865,178860967.755,771632403.1325,155596342.686081,2351552859.09,321171079.778174,167505239.525,11514129358.77,0,0,381096.25,427673041.57,7,1
Fundo,2024-02-29,03317692000194,74,0,1,356202.32,1211355.81475,11575764.6425,31582847.41,174959983.025,833499295.230749,163752421.315676,2464218107.17,344360077.829256,163384218.3825,12117679177.36,0,0,356202.32,419054452.51,7,1
Fundo,2024-03-31,03317692000194,75,0,1,324895.62,1227320.318,11603202.165,31463606.78,176420408.98,853276106.927997,165622552.481333,2432153081.78,345328109.967523,164817206.815,12421691436.1,0,0,324895.62,423510827.27,7,1
Fundo,2024-04-30,03317692000194,77,0,1,0,358865.557,9623746.61,29542954.44,178051580.27,848157976.961998,163921836.881299,2457382241.22,345717948.746448,168427833.66,12621981439.86,0,1,0,403321122.91,8,2
Fundo,2024-05-31,03317692000194,75,0,1,0,186092.098,9844424.11,29458589.23,188211988.26,853759532.542997,167911846.2076,2589543766.97,359318756.253623,178367564.15,12593388465.57,0,2,0,408228812.29,8,3
Fundo,2024-06-30,03317692000194,73,0,1,0,128760.264,10766244.1,29308725.49,195518482.98,878557858.162001,169676585.496301,2527154382.36,357643077.082405,184752238.88,12386390741.23,0,2,0,412934555.63,8,1
Fundo,2024-07-31,03317692000194,72,0,1,0,540041.793,10765054.715,30619789.24,182144046.4,894020210.019498,170590526.095556,2558628961.49,361761542.50551,171378991.685,12282517878.88,0,2,0,418364565.77,8,3
Fundo,2024-08-31,03317692000194,70,0,1,0,0,11150748.335,32254463.55,193734511.3925,925775396.042247,170125767.764857,2600867486.48,365845672.973461,182583763.0575,11908803743.54,0,4,0,458400222.5,5,1
Fundo,2024-09-30,03317692000194,68,0,1,0,0,11304415.8625,34020221.74,188523211.64,947096843.826001,164893207.612647,2628883887,368049397.192986,177218795.7775,11212738117.66,0,4,0,428358712.39,5,1
Fundo,2024-10-31,03317692000194,53,0,1,0,0,11622329.36,34511778.02,183189201.55,575364055.816999,122655088.26,1213577236.28,205289011.323034,171566872.19,6500719677.78,0,6,0,433898507.67,2,0
Fundo,2024-11-30,03317692000194,49,0,1,0,0,19060944.83,46532963.74,206733211.24,766546118.283999,152930355.677959,1225333090.42,235440850.672177,187672266.41,7493587428.22,0,7,0,438626273.76,4,0
Classe,2024-12-31,03317692000194,59,0,1,0,773753.452,13618656.245,33168025.25,215132820.275,1106527904.4695,226538146.158644,3460734763.58,510255699.192493,201514164.03,13365750623.36,0,1,0,466355294.18,8,2
Classe,2025-01-31,03317692000194,66,0,1,0,627193.6,13849683.485,36006735.595,205984620.63,1014769796.32125,213824160.74,3479047020.17,484922614.974787,192134937.145,14112394608.84,0,2,0,472420334.7,8,3
Classe,2025-02-28,03317692000194,66,0,1,0,610701.525,14317402.9525,40659361.185,208679947.2775,1021712089.61875,215941093.538485,3495047918.33,486786578.581098,194362544.325,14252112173.54,0,2,0,406120187.59,9,3
Classe,2025-03-31,03317692000194,67,0,1,0,893254.344,14631760.45,42881380.77,216312149.855,1048961259.6005,219355950.484478,3410194564.71,477652577.20286,201680389.405,14696848682.46,0,1,0,497810868.64,8,2
Classe,2025-04-30,03317692000194,68,0,1,0,776701.9355,15090785.195,41294380.1,215470065.7225,1128924770.82525,220289001.104265,3456631977.43,482837913.740668,200379280.5275,14979652075.09,0,1,0,503581727.13,8,2
Classe,2025-05-31,03317692000194,68,0,1,372582.41,1027152.32375,14904461.855,35996551.72,225268866.88,1153384989.0035,217887512.377647,3645802129.23,496503758.015494,210364405.025,14816350841.68,0,0,372582.41,539456564.02,7,1
Classe,2025-06-30,03317692000194,67,0,1,372414.12,1082389.357,15436062.485,42030316.34,219918780.28,1180100258.679,220542497.961045,3410538037.19,478956939.168719,204482717.795,14776347363.39,0,0,372414.12,448013853.21,8,1
Classe,2025-07-31,03317692000194,68,0,1,372556.1,1039407.39625,15925514.9375,33580662.995,220372384.3975,1049904885.21025,217171576.617941,3450735438.61,475504355.536951,204446869.46,14767667210.02,0,0,372556.1,475323240.28,8,1
Classe,2025-08-31,03317692000194,70,0,1,54354.08,774036.711,15604794.5225,35605016.435,215996103.2775,1073938566.64575,214526089.532857,3477635355.45,475241390.061941,200391308.755,15016826267.3,0,0,54354.08,490600252.08,8,2
Classe,2025-09-30,03317692000194,69,0,1,0,32323.62,13043709.46,32749396.39,214821269.57,1100343702.99,220222319.014783,3485837615.04,483190597.310687,201777560.11,15195340012.02,0,2,0,466454206.16,9,3
Classe,2025-10-31,03317692000194,69,0,1,0,32067.826,12355328.95,31968493.65,206705222.12,1160065296.444,225498691.585652,3421660513.21,486397018.102688,194349893.17,15559409719.41,0,2,0,470312490.25,9,3
Classe,2025-11-30,03317692000194,69,0,1,0,706025.174,12781957.72,32430907.49,191306164.03,1255578836.065,227499138.043623,3465565617.53,501828366.750035,178524206.31,15697440525.01,0,1,0,454584941.8,11,2
Classe,2025-12-31,03317692000194,69,0,1,45323.89,1000041.533,17603159.23,32340582.08,187191868.41,1363661100.165,237117705.538116,3485223742.94,515602628.566604,169588709.18,16361121682.13,0,0,45323.89,420078018.42,12,2
Classe,2026-01-31,03317692000194,69,0,1,45470.11,937569.182,17547917.35,31391554.56,186562699.96,1470894603.995,240714252.109855,3516502445.93,526018495.340045,169014782.61,16609283395.58,0,0,45470.11,417827161.83,12,2
Classe,2026-02-28,03317692000194,69,0,1,0,738357.574,17803038.67,32646945.3,187610611.99,1485362162.432,242798597.886087,3454875260.27,523770243.566869,169807573.32,16753103254.14,0,1,0,420558355.31,12,2
Classe,2026-03-31,03317692000194,69,0,1,0,306791.942,14962772.88,33703238.76,195830420.91,1659214127.566,255017722.183913,3493323749.36,557117005.756206,180867648.03,17596222830.69,0,1,0,425283702,12,2
Classe,2026-04-30,03317692000194,69,0,1,0,31879.582,15548918.68,33256913.79,212469813.24,1670912183.011,256864360.636522,3467465687.97,558089358.66908,196920894.56,17723640883.92,0,2,0,473722985.46,11,2
Classe,2026-05-31,03317692000194,68,0,1,0,20716.53975,16030048.1575,33135578.085,214518343.0925,1715966877.75725,260133600.614853,3486489139.6,567944078.285239,198488294.935,17689084841.81,0,2,0,485255813.47,11,2
Classe,2026-06-30,03317692000194,66,0,1,0,29895.83125,17986749.145,34503503.68,232804646.25,1801577184.16125,270140125.599091,3394314559.41,573600143.560681,214817897.105,17829248289.54,0,2,0,503850555.81,10,2
Classe,2026-07-31,03317692000194,75,0,1,0,41048.8375,13591168.8,28336612.71,192916039.495,1567432996.39349,244877937.474267,3436864723.07,553464935.891987,179324870.695,18365845310.57,0,2,0,442737063.41,12,2
Classe,2026-08-31,03317692000194,76,0,1,0,42180.425,13562628.8425,28555566.825,188500942.26,1544789503.4775,241379890.583421,3334605706.65,542936610.122129,174938313.4175,18344871684.34,0,2,0,444983236.36,12,2
Fundo legado,2020-01-31,42066258000130,10,0,1,172133.88,562974.18675,33530898.67,66567462.455,146759183.6425,735126941.8875,157988467.139,889294290.24,265397429.816563,113228284.9725,1579884671.39,0,0,172133.88,204106075.34,1,1
Fundo legado,2020-02-29,42066258000130,11,0,1,172133.88,632890.84,36299249.9,75675537.05,178460056.555,1026490723.64,241202709.968182,1072358219.82,373260049.320674,142160806.655,2653229809.65,0,0,172133.88,205411409.58,2,1
Fundo legado,2020-03-31,42066258000130,11,0,1,172133.88,571102.1025,36285561.805,74701319.41,168175068.36,1025735930.73,239456680.872727,1071508141.18,373257348.944704,131889506.555,2634023489.6,0,0,172133.88,191682638.03,2,1
Fundo legado,2020-04-30,42066258000130,10,0,1,172133.88,402795.27375,45434110.6475,105021982.465,181191718.2775,1029523841.333,260613483.522,1070613172.61,386245709.585069,135757607.63,2606134835.22,0,0,172133.88,193528565.19,2,1
Fundo legado,2020-05-31,42066258000130,10,0,1,172133.88,242710.68975,45385103.2875,106871182.91,181313576.0975,1028741638.95125,260606959.318,1069718949.53,385972105.843945,135928472.81,2606069593.18,0,0,172133.88,194606065.25,2,1
Fundo legado,2020-06-30,42066258000130,11,0,1,0,43033.47,49106620.605,121948789.21,502424724.19,2777421448.745,535865642.201818,3329091378.46,996140888.017248,453318103.585,5894522064.22,0,1,0,1122411659.6,1,3
Fundo legado,2020-07-31,42066258000130,11,0,1,172133.88,763937.765,30987181.47,73717943.19,172678044.32,2698991361.985,436034787.646364,3329078521.33,986456782.567739,141690862.85,4796382664.11,0,0,172133.88,196705145.57,2,2
Fundo legado,2020-08-31,42066258000130,12,0,1,172133.88,758889.236,23137324.485,90527818.035,388082383.225,2721673933.35925,502371702.486667,3329073235.52,968135183.481408,364945058.74,6028460429.84,0,0,172133.88,198000465.71,3,2
Fundo legado,2020-09-30,42066258000130,12,0,1,172133.88,651809.84875,23331506.79,88089864.775,373652274.7275,2721369357.248,500449562.546667,3329026085.52,968715732.887271,350320767.9375,6005394750.56,0,0,172133.88,178905601.51,3,2
Fundo legado,2020-10-31,42066258000130,12,0,1,172133.88,477454.324,23408129.7775,85103236.49,374409930.295,2720790573.23525,499629284.2125,3328600197.99,968832757.687075,351001800.5175,5995551410.55,0,0,172133.88,180033597.59,3,2
Fundo,2020-11-30,42066258000130,10,0,1,-24285053.88,-18984170.81475,25126224.0175,113519115.86,763052814.9325,2829751557.74675,584306344.8,3326871549.23,1047905454.85637,737926590.915,5843063448,2,0,-24285053.88,1117449364.86,1,3
Fundo,2020-12-31,42066258000130,10,0,1,-24366435.62,-19060219.35725,25073665.685,113685633.225,763032710.9725,2828048766.56325,584105100.034,3324972351.24,1047219589.60135,737959045.2875,5841051000.34,2,0,-24366435.62,1116423086.01,1,3
Fundo,2021-01-31,42066258000130,10,0,1,-24508040.29,-19259689.6285,25026753.4775,113689417.43,763074351.7575,2826508922.3535,583885741.938,3323256308.43,1046623099.12599,738047598.28,5838857419.38,2,0,-24508040.29,1115490148.09,1,3
Classe,2021-02-28,42066258000130,1,0,1,184667262.72,184667262.72,184667262.72,184667262.72,184667262.72,184667262.72,184667262.72,184667262.72,,0,184667262.72,0,0,184667262.72,184667262.72,0,1
Classe,2021-03-31,42066258000130,1,0,1,156198409.97,156198409.97,156198409.97,156198409.97,156198409.97,156198409.97,156198409.97,156198409.97,,0,156198409.97,0,0,156198409.97,156198409.97,0,1
Classe,2021-04-30,42066258000130,1,0,1,157853254.79,157853254.79,157853254.79,157853254.79,157853254.79,157853254.79,157853254.79,157853254.79,,0,157853254.79,0,0,157853254.79,157853254.79,0,1
Classe,2021-05-31,42066258000130,1,0,1,158814694.46,158814694.46,158814694.46,158814694.46,158814694.46,158814694.46,158814694.46,158814694.46,,0,158814694.46,0,0,158814694.46,158814694.46,0,1
Classe,2021-06-30,42066258000130,1,0,1,157454090.37,157454090.37,157454090.37,157454090.37,157454090.37,157454090.37,157454090.37,157454090.37,,0,157454090.37,0,0,157454090.37,157454090.37,0,1
Classe,2021-07-31,42066258000130,1,0,1,221902705.01,221902705.01,221902705.01,221902705.01,221902705.01,221902705.01,221902705.01,221902705.01,,0,221902705.01,0,0,221902705.01,221902705.01,0,1
Classe,2021-08-31,42066258000130,1,0,1,223136286.58,223136286.58,223136286.58,223136286.58,223136286.58,223136286.58,223136286.58,223136286.58,,0,223136286.58,0,0,223136286.58,223136286.58,0,1
Classe,2021-09-30,42066258000130,1,0,1,224726271.39,224726271.39,224726271.39,224726271.39,224726271.39,224726271.39,224726271.39,224726271.39,,0,224726271.39,0,0,224726271.39,224726271.39,0,1
Classe,2021-10-31,42066258000130,1,0,1,225883274.51,225883274.51,225883274.51,225883274.51,225883274.51,225883274.51,225883274.51,225883274.51,,0,225883274.51,0,0,225883274.51,225883274.51,0,1
Classe,2021-11-30,42066258000130,1,0,1,227626870.96,227626870.96,227626870.96,227626870.96,227626870.96,227626870.96,227626870.96,227626870.96,,0,227626870.96,0,0,227626870.96,227626870.96,0,1
Classe,2021-12-31,42066258000130,1,0,1,23968473.46,23968473.46,23968473.46,23968473.46,23968473.46,23968473.46,23968473.46,23968473.46,,0,23968473.46,0,0,23968473.46,23968473.46,0,1
Classe,2022-01-31,42066258000130,1,0,1,24942221.48,24942221.48,24942221.48,24942221.48,24942221.48,24942221.48,24942221.48,24942221.48,,0,24942221.48,0,0,24942221.48,24942221.48,0,1
Classe,2022-02-28,42066258000130,1,0,1,25171407.64,25171407.64,25171407.64,25171407.64,25171407.64,25171407.64,25171407.64,25171407.64,,0,25171407.64,0,0,25171407.64,25171407.64,0,1
Classe,2022-03-31,42066258000130,1,0,1,25831887.09,25831887.09,25831887.09,25831887.09,25831887.09,25831887.09,25831887.09,25831887.09,,0,25831887.09,0,0,25831887.09,25831887.09,0,1
Classe,2022-04-30,42066258000130,1,0,1,26128300.19,26128300.19,26128300.19,26128300.19,26128300.19,26128300.19,26128300.19,26128300.19,,0,26128300.19,0,0,26128300.19,26128300.19,0,1
Fundo,2022-05-31,42066258000130,10,0,1,-27391414.8,-21228346.47,2109550.35,14731287.365,73723301.755,2553789229.51025,412505010.85,3020277924.47,962026370.493275,71613751.405,4125050108.5,1,1,-27391414.8,73808184.42,2,2
Fundo,2022-06-30,42066258000130,10,0,1,-27223833.75,-21099609.29625,2975439.4075,14753610.35,74800838.97,2553599346.6375,412776996.878,3020132869.92,961823649.080561,71825399.5625,4127769968.78,2,0,-27223833.75,75057932.95,2,3
Fundo,2022-07-31,42066258000130,11,0,1,-27055481.77,-20091347.175,4653841.31,10388939.55,74622807.855,2567438640.8375,384293545.79,3107811531.11,945627439.608775,69968966.545,4227229003.69,1,0,-27055481.77,75057625.41,2,2
Fundo,2022-08-31,42066258000130,11,0,1,-33730350.1,-25118626.6625,4026961.665,8498551.17,74576426.51,2590741444.685,393165229.151818,3107666524.11,951448764.965617,70549464.845,4324817520.67,1,0,-33730350.1,75131394.18,2,2
Fundo,2022-09-30,42066258000130,11,0,1,-33279718.62,-24959788.965,4151242.09,8472237.41,73397853.89,2590526758.245,392829847.066364,3107521524.11,951485359.752303,69246611.8,4321128317.73,1,1,-33279718.62,74215736.3,2,3
Fundo,2022-10-31,42066258000130,10,0,1,-31231885,-23832555.06325,7744121.1175,24641975.48,72048489.2425,2642031721.43725,432178219.808,3107376524.11,993341962.67086,64304368.125,4321782198.08,1,0,-31231885,74164031.12,2,2
Fundo,2022-11-30,42066258000130,11,0,1,-31103620.15,-22916019.975,8021996.575,13748846.58,69659865.475,2590428147.6125,394406993.076364,3107231524.11,950698015.330313,61637868.9,4338476923.84,1,0,-31103620.15,74394580.85,2,2
Fundo,2022-12-31,42066258000130,11,0,1,-31047604.27,-23276322.975,7963488.655,15178527.85,69648780.12,2590162736.7525,394378530.959091,3107083983.36,950599682.337409,61685291.465,4338163840.55,1,0,-31047604.27,74533671.31,2,3
Fundo,2023-01-31,42066258000130,11,0,1,-30933771.84,-23198084.665,7077708.995,15683000.32,69842853.885,2589934201.7325,394294128.599091,3106938983.36,950542216.756267,62765144.89,4337235414.59,1,0,-30933771.84,74861846.37,2,3
Fundo,2023-02-28,42066258000130,11,0,1,-30845910.86,-23138210.71,7033422.065,15866000.85,69607267.115,2589735305.49,394279312.773636,3106793983.36,950461346.240715,62573845.05,4337072440.51,2,0,-30845910.86,74646233.53,2,3
Fundo,2023-03-31,42066258000130,11,0,1,-30721346.62,-23052045.6975,7608015.685,16512795.68,69472105.115,2589557430.375,394654280.364545,3106648983.36,950225441.168749,61864089.43,4341197084.01,2,0,-30721346.62,74486014.69,2,3
Fundo,2023-04-30,42066258000130,11,0,1,-30741128.92,-23067186.2975,7563523.925,16526226.16,69310401.115,2589374104.965,394629172.877273,3106503983.36,950157018.387452,61746877.19,4340920901.65,2,0,-30741128.92,74248083.31,2,3
Fundo,2023-05-31,42066258000130,10,0,1,-30597332.58,-23722489.008,7014956.7,29576523.28,71609933.995,2640865364.48,432594077.76,3106302062.15,992616903.780768,64594977.295,4325940777.6,2,0,-30597332.58,74029375.82,2,3
Fundo,2023-06-30,42066258000130,10,0,1,-30816888.12,-23892492.564,6976692.7425,30013404.57,71364652.1225,2640673056.00925,432559132.271,3106157062.15,992543798.052345,64387959.38,4325591322.71,2,0,-30816888.12,73748729.23,2,3
Fundo,2023-07-31,42066258000130,10,0,1,-30680019.66,-23786267.9565,6944714.375,30457773.095,71201567.09,2640505803.9255,432596163.267,3106012062.15,992449340.678117,64256852.715,4325961632.67,2,0,-30680019.66,73517148.38,2,3
Fundo,2023-08-31,42066258000130,10,0,1,-30549875.08,-23685489.031,6991872.1575,30787853.93,70944658.8225,2640335831.9765,432614397.868,3105867062.15,992360628.668016,63952786.665,4326143978.68,2,0,-30549875.08,73239138.77,2,3
Fundo,2023-09-30,42066258000130,10,0,1,-30432984.69,-23594966.688,6945787.305,30973533.91,70685912.0575,3026979091.213,482486492.591,3604839909.91,1142828298.01741,63740124.7525,4824864925.91,2,0,-30432984.69,72906965.27,2,3
Fundo,2023-10-31,42066258000130,10,0,1,-30310162.14,-23506425.093,6900149.3625,32562636.64,70422778.8025,3026797668.0105,482718625.44,3604694909.91,1142642072.72731,63522629.44,4827186254.4,2,0,-30310162.14,72580615.49,2,3
Fundo,2023-11-30,42066258000130,10,0,1,-30182294.05,-23401097.467,6867470.0925,32886330.235,70213460.6175,3026604034.17875,482705323.104,3604546909.91,1142561168.48198,63345990.525,4827053231.04,2,0,-30182294.05,72339565.75,2,3
Fundo,2023-12-31,42066258000130,10,0,1,-30154860.52,-23379901.11475,6800939.3925,33240190.26,69333161.9225,3026424246.6295,482433608.579,3604401909.91,1142593356.20893,62532222.53,4824336085.79,2,0,-30154860.52,72020308.77,2,3
Fundo,2024-01-31,42066258000130,10,0,1,-30048173.21,-23297312.51975,6736016.82,33705543.24,68983016.32,3026164531.77425,482402477.87,3604238715.89,1142492209.12975,62246999.5,4824024778.7,2,0,-30048173.21,71556850.43,2,3
Fundo,2024-02-29,42066258000130,10,0,1,-29979818.78,-23245352.033,6717289.2275,35089149.695,68735637.7625,3025981905.43175,482606416.61,3604091643.89,1142318309.26259,62018348.535,4826064166.1,2,0,-29979818.78,71264621.42,2,3
Fundo,2024-03-31,42066258000130,10,0,1,-29896607.51,-23180844.482,6668113.175,32780676.465,66898052.6,3025804726.5595,481423997.645,3603946643.89,1142730186.171,60229939.425,4814239976.45,2,0,-29896607.51,70975185.62,2,3
Fundo,2024-04-30,42066258000130,10,0,1,-29897182.43,-23181298.6355,6617611.475,32779880.5,66860661.2475,3044256644.4585,489701793.303,3603801643.89,1147393193.73905,60243049.7725,4897017933.03,2,0,-29897182.43,70643919.2,2,3
Fundo,2024-05-31,42066258000130,10,0,1,-30967622.78,-24010645.12025,6578660.255,32263601.7,66882054.7375,3044504387.96475,489708164.193,3603599722.68,1147515198.77,60303394.4825,4897081641.93,2,0,-30967622.78,70358280.66,2,3
Fundo,2024-06-30,42066258000130,10,0,1,-30922709.09,-23975817.17675,6501529.6475,31945304.13,66395126.5275,3031099864.08925,483585009.072,3603453686.68,1144103933.63205,59893596.88,4835850090.72,2,0,-30922709.09,70030172.62,2,3
Fundo,2024-07-31,42066258000130,10,0,1,-30840895.58,-23912393.67725,6470889.68,31726557.32,66085615.4025,3030923289.756,483426337.7,3603308686.68,1144090782.04133,59614725.7225,4834263377,2,0,-30840895.58,69778284.79,2,3
Fundo,2024-08-31,42066258000130,10,0,1,-30844050.67,-23915044.1215,6418233.1175,33376658.695,63546817.1325,3030763718.279,483316449.263,3603163686.68,1144049144.66387,57128584.015,4833164492.63,2,0,-30844050.67,66671443.11,2,3
Fundo,2024-09-30,42066258000130,10,0,1,-30759404.7,-23849198.70825,6373795.2525,33010655.995,63064795.2375,3030605207.164,483073922.796,3603018686.68,1144080192.14319,56690999.985,4830739227.96,2,0,-30759404.7,66389735.5,2,3
Classe,2024-10-31,42066258000130,3,0,1,21162892.15,23410687.308,43640843.73,66118795.31,257482002.725,429708889.3985,178708965.866667,448845210.14,235022235.458285,213841158.995,536126897.6,0,0,21162892.15,448845210.14,0,0
Classe,2024-11-30,42066258000130,9,0,1,-48183.09,1513373.542,21276488.46,50740268.18,447754562.09,3093905164.402,588697247.152222,3602728686.68,1182742575.64103,426478073.63,5298275224.37,1,0,-48183.09,1058611075.29,1,2
Classe,2024-12-31,42066258000130,10,0,1,-35822550.28,-27773092.09975,5642653.3275,32211854.765,352195108.7525,3030146628.9675,521549141.882,3602582650.68,1134664714.42068,346552455.425,5215491418.82,2,0,-35822550.28,447754562.09,2,3
Classe,2025-01-31,42066258000130,11,0,1,-35514808.67,-26648053.5925,2956815.54,21623954.32,263560520.165,2966399283.955,475481340.610909,3602437650.68,1087743220.12439,260603704.625,5230294746.72,2,0,-35514808.67,461881711.35,2,3
Classe,2025-02-28,42066258000130,11,0,1,-35219830.15,-26426935.1775,2933141.885,21785555.84,267797546.925,2966251948.3325,476253251.800909,3602291614.68,1087717427.60967,264864405.04,5238785769.81,2,0,-35219830.15,471598696.68,2,3
Classe,2025-03-31,42066258000130,11,0,1,-34945861.28,-26218051.1025,3367004.23,9061478.24,272833301.78,2966110290.5125,474185167.092727,3602146614.68,1089026008.21735,269466297.55,5216036838.02,2,0,-34945861.28,482085704.5,2,3
Classe,2025-04-30,42066258000130,11,0,1,-34760308.25,-26076296.555,3349609.09,7451061.29,274314791.81,2965970487.8875,474309828.454546,3602000578.68,1089046492.57107,270965182.72,5217408113,2,0,-34760308.25,485311931.31,2,3
Classe,2025-05-31,42066258000130,10,0,1,-34413934.48,-25995930.9415,5345939.8325,14843851.99,375727657.8725,3029395750.80975,521279892.283,3601798657.47,1135815993.22164,370381718.04,5212798922.83,1,0,-34413934.48,479973833.44,2,2
Classe,2025-06-30,42066258000130,12,0,1,-34098050.03,-24577077.2885,3714504.1525,7152942.22,170508188.4325,2949238471.34125,449595217.3925,3601653657.47,1057302822.70877,166793684.28,5395142608.71,1,0,-34098050.03,66353819.36,3,2
Classe,2025-07-31,42066258000130,12,0,1,-33694858.54,-24277036.32125,3795373.2025,7093424.065,142096282.6375,2949107609.65225,440209062.115,3601508657.47,1057422652.03599,138300909.435,5282508745.38,1,0,-33694858.54,66007370.34,3,2
Classe,2025-08-31,42066258000130,12,0,1,-33321544.69,-24000361.4945,4213756.375,7102484.225,126746895.1825,2961749561.285,439147019.2675,3601362621.47,1061072999.73355,122533138.8075,5269764231.21,1,0,-33321544.69,309879365.11,2,2
Classe,2025-09-30,42066258000130,12,0,1,-33105099.74,-23834852.721,4197522.9,7208274.435,128205282.1525,2961602374.991,439721814.37,3601217621.47,1060931851.30497,124007759.2525,5276661772.44,1,0,-33105099.74,65387893.73,3,2
Classe,2025-10-31,42066258000130,12,0,1,-32871852.5,-23491124.23375,4181461.2875,9385816.34,139607877.115,2974596977.61275,448163083.316667,3601072621.47,1063733768.22635,135426415.8275,5377956999.8,1,0,-32871852.5,64587004.36,3,2
Classe,2025-11-30,42066258000130,12,0,1,-32771485.25,-23390008.14775,4155784.715,9418388.105,139554566.7775,2974416577.1735,448272623.356667,3600927621.47,1063632596.11036,135398782.0625,5379271480.28,1,0,-32771485.25,64259105.29,3,2
Classe,2025-12-31,42066258000130,12,0,1,-32596248.9,-24234137.39225,2905731.8475,5461969.975,131144285.285,2984418548.365,446279237.055,3600782621.47,1067742893.64194,128238553.4375,5355350844.66,2,0,-32596248.9,63448116.84,3,3
Classe,2026-01-31,42066258000130,11,0,1,-27013513.53,-20816720.675,2527638.44,5091370.41,37746264.885,3045540639.225,458860552.281818,3600633930.64,1120650209.92826,35218626.445,5047466075.1,2,0,-27013513.53,63143630.65,2,3
Classe,2026-02-28,42066258000130,11,0,1,-26884233.95,-20769436.47,2606036.62,5020474.9,37726693.955,3044063225.49,458340971.368182,3600488930.64,1120162714.95964,35120657.335,5041750685.05,2,0,-26884233.95,62834662.81,2,3
Classe,2026-03-31,42066258000130,12,0,1,-26668694.38,-20095009.7845,713714.0775,4593167.695,25308974.505,2998179044.724,422894805.8075,3600343930.64,1079192937.56536,24595260.4275,5074737669.69,3,0,-26668694.38,12908595.01,3,5
Classe,2026-04-30,42066258000130,18,0,1,-26483244.96,-17091569.25175,-624730.0075,829398.34,5574720.8725,2643358393.5705,278113814.382222,3600197894.64,887605421.750107,6199450.88,5006048658.88,9,0,-4385184.47,13223796.22,4,10
Classe,2026-05-31,42066258000130,18,0,1,-26288130.51,-16980516.8905,-625266.9,882980.605,5543840.135,2195293607.37775,219543850.894444,3599995973.43,846589206.659545,6169107.035,3951789316.1,9,0,-4387863.17,13507291.74,4,10
Classe,2026-06-30,42066258000130,18,0,1,-26083273.04,-16863864.72375,-625804.4475,961058.445,5525095.3025,2193456634.136,218036645.455556,3599850973.43,846799748.91337,6150899.75,3924659618.2,9,0,-4390547.59,13856619.28,4,10
Classe,2026-07-31,42066258000130,14,0,1,-25842125.55,-18871265.121,-2217550.19,3919445.4,12120135.2025,2520792115.2065,279734579.665714,3599705973.43,958493475.776369,14337685.3925,3916284115.32,5,0,-4393324.23,14237657.01,4,6
Classe,2026-08-31,42066258000130,13,0,1,-32209484.84,-23793439.85,-2600650.98,3963824.19,14585922.35,2603888149.491,300810543.51,3599560973.43,994236159.804397,17186573.33,3910537065.63,4,0,-4156001.54,37631340.59,3,5
Fundo,2020-11-30,00066670000100,17,0,1,1086229.69,1964120.114,82141137.47,610446801.02,875623744,1590093896.672,625636526.041177,1646327290.26,552946423.860642,793482606.53,10635820942.7,0,0,1086229.69,1646327290.26,0,3
Fundo,2020-12-31,00066670000100,17,0,1,1320149.33,2106826.234,82284410.45,608125709.09,875751323.91,1510839968.72,618316836.988824,1563783157.9,538903259.47524,793466913.46,10511386228.81,0,0,1320149.33,1563783157.9,0,4
Fundo,2021-01-31,00066670000100,17,0,1,1265718.77,2075813.034,82405526.72,603646183.01,875730414.69,1543868246.608,622233798.459412,1613528353.22,548766781.553363,793324887.97,10577974573.81,0,0,1265718.77,1613528353.22,0,4
Fundo,2021-02-28,00066670000100,16,0,1,3294493.36,6846999.9025,210738846.5325,628326391.15,949696412.8375,1584611772.9925,653305530.79875,1669232873.32,541546744.04404,738957566.305,10452888492.78,0,0,3294493.36,1669232873.32,0,3
Fundo,2021-03-31,00066670000100,16,0,1,3291561.61,6810884.73625,195083984.795,601808392.905,991119329.9075,1573850564.575,665064767.841875,1616853333.79,561939841.248117,796035345.1125,10641036285.47,0,0,3291561.61,1616853333.79,0,4
Fundo,2021-04-30,00066670000100,16,0,1,3295999.48,6778332.01375,179780019.7675,594244959.73,983859224.82,1554180043.67625,656247472.233125,1610639273.82,552376000.671393,804079205.0525,10499959555.73,0,0,3295999.48,1610639273.82,0,4
Fundo,2021-05-31,00066670000100,16,0,1,3302157.77,6747617.495,165105065.8525,602933727.23,940929674.405,1556790337.90875,646274624.810625,1610293425.96,543769858.80889,775824608.5525,10340393996.97,0,0,3302157.77,1610293425.96,0,3
Fundo,2021-06-30,00066670000100,16,0,1,3310015.8,6812134.4925,152866786.59,458461871.87,963034833.9325,1707457168.2625,644460637.298125,1762324414,585413246.05924,810168047.3425,10311370196.77,0,0,3310015.8,1762324414,0,3
Fundo,2021-07-31,00066670000100,16,0,1,1114602.69,5388822.6525,141077484.0625,466996399.415,946986764.6175,1597045965.14125,629836253.556875,1621626622.18,561758490.214807,805909280.555,10077380056.91,0,0,1114602.69,1621626622.18,0,3
Fundo,2021-08-31,00066670000100,16,0,1,1116813.01,5348837.85625,122273774.645,476707148.03,882439732.925,1584397775.90875,603887659.13125,1628267222.14,560831623.706017,760165958.28,9662202546.1,0,0,1116813.01,1628267222.14,0,3
Fundo,2021-09-30,00066670000100,16,0,1,1117810.75,5427768.79,75280995.3875,481792878.055,879141890.475,1586458206.0075,584473151.8175,1620719864.52,553650296.945371,803860895.0875,9351570429.08,0,0,1117810.75,1620719864.52,0,3
Fundo,2021-10-31,00066670000100,17,0,1,1119224.64,5764085.724,120446933.02,567686625.4,876574411.25,1593491292.106,594369271.548235,1629074797.95,535610069.081223,756127478.23,10104277616.32,0,0,1119224.64,1629074797.95,0,3
Fundo,2021-11-30,00066670000100,18,0,1,1121774.68,6007569.72025,152102114.3825,579046201.835,886602333.245,1592325845.3645,609293173.399445,1643245962.56,507469249.27512,734500218.8625,10967277121.19,0,0,1121774.68,1643245962.56,0,4
Fundo,2021-12-31,00066670000100,18,0,1,1125925.63,5960293.87675,154393180.9225,581381418.835,887207898.8175,2022973532.103,700725704.771111,2271089401.5,639634948.614333,732814717.895,12613062685.88,0,0,1125925.63,1687287355.86,1,4
Fundo,2022-01-31,00066670000100,18,0,1,1128713.09,6168439.18625,148285004.6975,589972549.18,892319317.965,1830426979.0035,680825516.790556,1911306311.85,591801902.812099,744034313.2675,12254859302.23,0,0,1128713.09,1911306311.85,0,3
Fundo,2022-02-28,00066670000100,19,0,1,1137187.68,6260545.572,84176417.45,554009250.21,926838583.16,1774802979.4115,643518248.610526,1793374966.28,585500764.526068,842662165.71,12226846723.6,0,0,1137187.68,1793374966.28,0,3
Fundo,2022-03-31,00066670000100,20,0,1,1141416.53,6493456.1825,84731048.265,434227173.885,880932175.9925,1832833916.87375,600996319.4725,1878816999.79,595202476.289283,796201127.7275,12019926389.45,0,0,1141416.53,1878816999.79,0,3
Fundo,2022-04-30,00066670000100,20,0,1,1144630.77,6440894.92975,77123791.32,403715650.33,859298582.4725,1897478496.44625,598130529.7215,1992006320.06,611743574.690843,782174791.1525,11962610594.43,0,0,1144630.77,1992006320.06,0,3
Fundo,2022-05-31,00066670000100,20,0,1,1150242.84,6546391.42,75870496.9975,410602870.855,881302196.8625,1843500748.2955,573600079.7305,2027875136.82,571546015.883361,805431699.865,11472001594.61,0,0,1150242.84,2027875136.82,0,3
Fundo,2022-06-30,00066670000100,20,0,1,0,548969.09,76214335.775,413080110.425,881056802.45,1868848456.68025,563464399.8145,2063103774.87,576013923.121408,804842466.675,11269287996.29,0,1,0,2063103774.87,0,2
Fundo,2022-07-31,00066670000100,20,0,1,1161624.85,6610414.4025,99583181.0875,489325677.8,878794983.0475,1906133086.71775,591475837.8625,2110838703.54,580393187.768459,779211801.96,11829516757.25,0,0,1161624.85,1679879510.23,1,3
Fundo,2022-08-31,00066670000100,20,0,1,1169255.12,6523106.47,91392696.9325,495120430.415,881630330.0025,2857025742.302,727625884.8065,3499537512.58,879962792.592153,790237633.07,14552517696.13,0,0,1169255.12,1731071001.9,2,4
Fundo,2022-09-30,00066670000100,20,0,1,1176288.5,6708541.7845,78674196.8525,511305322.62,816084381.1825,2446390077.7165,664951903.9655,2721977853.85,750360301.483425,737410184.33,13299038079.31,0,0,1176288.5,1744758159.43,2,3
Fundo,2022-10-31,00066670000100,20,0,1,0,561780.21525,79399007.55,529962817.13,856221796.6875,2319690408.41325,657159898.7205,2447762766.17,721264977.900736,776822789.1375,13143197974.41,0,1,0,1782479405.51,2,4
Fundo,2022-11-30,00066670000100,20,0,1,1189758.3,6990285.19575,100111739.0325,535154622.87,799030256.22,2294902073.256,676081972.6425,2464810585.88,699015592.664839,698918517.1875,13521639452.85,0,0,1189758.3,1791328340.22,2,3
Fundo,2022-12-31,00066670000100,20,0,1,1196808.46,6987266.396,91754421.8425,542568896.275,889226920.84,3118095772.8085,788175294.2505,3696025524.43,944005840.647445,797472498.9975,15763505885.01,0,0,1196808.46,1821793015.02,2,4
Fundo,2023-01-31,00066670000100,20,0,1,1202026.34,6931181.42675,92566861.615,592518672.63,824780832.9175,3037438304.32325,754596994.1815,3466199374.95,901107134.747678,732213971.3025,15091939883.63,0,0,1202026.34,1849692627.95,2,3
Fundo,2023-02-28,00066670000100,20,0,1,1207635.78,7066388.114,91374762.5225,556239702.205,913515659.695,3073893784.6495,784918814.819,3523236637.03,917980718.096945,822140897.1725,15698376296.38,0,0,1207635.78,1868942365.77,2,3
Fundo,2023-03-31,00066670000100,20,0,1,1215095.49,7011626.3295,92290817.295,551145953.585,1171158020.415,3340876863.13425,899104301.877,4031659839.75,1062651727.72486,1078867203.12,17982086037.54,0,0,1215095.49,2577379888.98,1,5
Fundo,2023-04-30,00066670000100,20,0,1,1220801.03,6956204.02925,90566216.1825,560657103.44,919772546.405,3479438317.385,841523250.962,4023460344.8,1049836433.37491,829206330.2225,16830465019.24,0,0,1220801.03,1931522330.94,2,4
Fundo,2023-05-31,00066670000100,20,0,1,0,583446.93175,91446203.4325,557199597.225,888883257.4925,2989324134.2865,792145016.1375,3099675276.75,931735565.084932,797437054.06,15842900322.75,0,1,0,1977798471.7,2,5
Fundo,2023-06-30,00066670000100,20,0,1,7336850.85,10774096.83175,92276057.7175,560371312.245,916412408.5925,2991586470.799,815901752.6575,3117909241.12,923139813.439969,824136350.875,16318035053.15,0,0,7336850.85,2020584399.37,2,4
Fundo,2023-07-31,00066670000100,21,0,1,14602004.48,16497093.32,105721036.49,580005727.21,864200310.69,2975043346.265,782538971.598572,3075695148.23,882403900.445157,758479274.2,16433318403.57,0,0,14602004.48,1320506459.82,3,4
Fundo,2023-08-31,00066670000100,21,0,1,14911164.04,16639393.66,145462861.57,513810534.64,893617650.71,2994146088.47,770785785.836191,3071311640.24,896636374.551761,748154789.14,16186501502.56,0,0,14911164.04,1226450361.49,3,3
Fundo,2023-09-30,00066670000100,21,0,1,15183738.61,16641243.61,220405369.53,519722914.96,920998876.39,3031813546.11,786486619.169524,3102087005.49,901892225.742971,700593506.86,16516219002.56,0,0,15183738.61,1228504507.52,3,3
Fundo,2023-10-31,00066670000100,20,0,1,10011064.86,12610889.54675,178026345.215,575609389.315,857197303.21,3131337493.85275,803237640.8405,3239370002.12,941647448.503377,679170957.995,16064752816.81,0,0,10011064.86,949339911.99,3,3
Fundo,2023-11-30,00066670000100,20,0,1,10065333.33,12787454.5995,176085121.425,555679780.28,895997197.485,3106690382.106,803218772.2895,3255373213.64,934441349.027476,719912076.06,16064375445.79,0,0,10065333.33,972195007.77,3,3
Fundo,2023-12-31,00066670000100,20,0,1,12841333.27,14322968.4985,179078466.4075,609899875.61,991836281.39,3498354908.3665,903331455.9265,3740584009.25,1030909752.06779,812757814.9825,18066629118.53,0,0,12841333.27,1088153808.88,3,3
Fundo,2024-01-31,00066670000100,20,0,1,15331947.84,15791945.6965,176256358.1075,656223187.05,982490944.7125,3458908891.324,901520261.8585,3656575799.14,1026884391.88493,806234586.605,18030405237.17,0,0,15331947.84,1078126320.62,3,3
Fundo,2024-02-29,00066670000100,20,0,1,4846017.76,10428943.48875,173618242.8775,635449601.36,989487391.0125,3503425658.30875,905372410.59,3710889189.37,1043589161.60303,815869148.135,18107448211.8,0,0,4846017.76,1131052667.71,3,3
Fundo,2024-03-31,00066670000100,19,0,1,6090427.92,10964141.166,280259306.455,811340082.19,1043456782.95,3497339799.8705,971820995.005263,3702753478.91,1051942399.90133,763197476.495,18464598905.1,0,0,6090427.92,1224272273.31,3,3
Fundo,2024-04-30,00066670000100,19,0,1,8727743.46,12577111.221,263896608.25,814996266.06,1035144463.125,3295446313.663,962093215.404737,3315793564.63,1017447350.13844,771247854.875,18279771092.69,0,0,8727743.46,1281652789.17,3,3
Fundo,2024-05-31,00066670000100,20,0,1,10039851.82,13647673.48425,281147791.155,811171644.26,1169768545.7575,3459171518.808,1085397044.6855,3627448578.23,1134306049.49204,888620754.6025,21707940893.71,0,0,10039851.82,1313578128.79,4,4
Fundo,2024-06-30,00066670000100,20,0,1,9944838.09,13759787.347,260338975.12,905906910.805,1386835719.88,3478655629.898,1131945471.3145,3659977479.99,1135454081.0649,1126496744.76,22638909426.29,0,0,9944838.09,2891912555.1,2,6
Fundo,2024-07-31,00066670000100,20,0,1,12624516.26,15357759.9015,241957521.2225,910342593.855,1477424435.215,3515457728.2555,1143320675.7265,3697306185.34,1152018406.49775,1235466913.9925,22866413514.53,0,0,12624516.26,3314467328.32,1,6
Fundo,2024-08-31,00066670000100,21,0,1,13992071.33,16379222.51,190184589.26,887774202.63,1225278645.53,3550025582,1084685372.52571,3734031815.09,1171733711.38773,1035094056.27,22778392823.04,0,0,13992071.33,2765649541.22,3,5
Classe,2024-10-31,00066670000100,17,0,1,16812800.46,17912739.236,93937573.61,569559203.21,1261899318.47,3636647675.988,1046216378.55294,3809243853.34,1193748786.51969,1167961744.86,17785678435.4,0,0,16812800.46,2626243602.49,2,5
Classe,2024-11-30,00066670000100,18,0,1,16763256.94,18116029.24975,122633488.48,552147084.435,1241936844.2875,3513956888.9325,959772534.066667,3624480871.81,1108810191.49157,1119303355.8075,17275905613.2,0,0,16763256.94,1993491985.3,2,6
Fundo legado,2020-01-31,62285390000140,323,0,1,4.38,625573.2135,9213441.075,22874103.38,62998930.76,454595746.281,69339036.6444892,2128690942.41,174441667.688515,53785489.685,22396508836.17,0,0,4.38,140280415.66,33,9
Fundo legado,2020-02-29,62285390000140,323,0,1,0,625197.8425,9304169.61,23401543.06,63931673.76,462954739.58,70322743.7820124,2166512461.19,175531198.481448,54627504.15,22714246241.59,0,1,0,143458693.92,35,9
Fundo legado,2020-03-31,62285390000140,326,0,1,2,627502.73625,9493528.5325,22677930.67,61408801.6875,456960791.825,69371677.9353067,2024247854.55,168734602.671561,51915273.155,22615167006.91,0,0,2,138174425.84,37,8
Fundo legado,2020-04-30,62285390000140,330,0,1,2,522814.3585,9548091.8675,23165948.16,59191534.595,410571358.31575,67018062.5313333,2060410706.05,164097710.087715,49643442.7275,22115960635.34,0,0,2,131260967.08,38,11
Fundo legado,2020-05-31,62285390000140,336,0,1,0.01,457799.10625,9004144.16,20943962.545,57598483.56,403773950.2775,65936829.5238095,2088083877.02,164500989.125542,48594339.4,22154774720,0,0,0.01,127559698.09,39,12
Fundo legado,2020-06-30,62285390000140,332,0,1,2,567944.0215,9077149.775,21088492.91,61049443.6675,393092784.259248,67276632.5545482,2118247785.67,167744583.28373,51972293.8925,22335842008.11,0,0,2,131088988.79,38,8
Fundo legado,2020-07-31,62285390000140,333,0,1,0,569569.417,8945652.35,22395949.57,61792852.81,431397307.192,69038432.5396096,2161424551.35,173305332.070039,52847200.46,22989798035.69,0,1,0,131057223.67,37,9
Fundo legado,2020-08-31,62285390000140,336,0,1,2,493888.8175,8905889.4725,22217295.395,62038017.1125,428035759.8175,69214186.4876488,2207681828.82,175416131.535448,53132127.64,23255966659.85,0,0,2,138003216.32,35,10
Fundo legado,2020-09-30,62285390000140,337,0,1,-4373202.39,454965.582,8942444.64,21828916.26,61142129.32,444088820.12,70879364.8138279,2250004031.54,176241354.075144,52199684.68,23886345942.26,2,1,-4373202.39,136943304.49,39,10
Fundo legado,2020-10-31,62285390000140,342,0,1,-4380807.49,527034.1445,9397338.695,22129095.72,64221760.3875,434290419.146999,71377336.402924,2096272083.44,171941165.195975,54824421.6925,24411049049.8,2,0,-4380807.49,143879543.66,38,10
Fundo,2020-11-30,62285390000140,390,0,1,-4378999,521905.9925,9191831.6525,22953051.175,63451343.415,440318096.95125,70470294.9969231,2151810902.6,168243757.394125,54259511.7625,27483415048.8,2,0,-4378999,144162218.37,44,5
Fundo,2020-12-31,62285390000140,393,0,1,-4342160.18,388808.67,9443633.04,24527273.38,63248291.71,447963390.806,71058872.6698982,2209441181.79,171572193.623584,53804658.67,27926136959.27,2,0,-4342160.18,143653030.8,45,5
Fundo,2021-01-31,62285390000140,396,0,1,-4372064.95,376549.495,9773917.92,25411059.25,62710723.525,449671881.36,71348311.6262121,2276415408.19,173920090.854035,52936805.605,28253931403.98,2,0,-4372064.95,141260212.65,45,5
Fundo,2021-02-28,62285390000140,397,0,1,-4412149.88,508520.319,10254958.68,25937670.67,64201471.03,448050454.057999,72609839.8985642,2319400261.11,175470039.688177,53946512.35,28826106439.73,2,0,-4412149.88,141010672.67,47,5
Fundo,2021-03-31,62285390000140,408,0,1,-4474415.56,446826.50425,10540616.995,25404226.18,63944596.5175,435144419.468499,72562874.4703922,2383548467.5,174799389.07491,53403979.5225,29605652783.92,2,0,-4474415.56,139613523.17,48,4
Fundo,2021-04-30,62285390000140,416,0,1,-4521021.01,652785.695,9930237.0075,25614006.895,63310796.535,418162607.3775,72683423.8282452,2407143883.13,176901270.246322,53380559.5275,30236304312.55,1,0,-4521021.01,140482288.94,47,3
Fundo,2021-05-31,62285390000140,427,0,1,0.02,588330.8525,9639922.375,25559081.75,64612007.715,404464427.945498,73300602.8921311,2412674839.08,178579788.954239,54972085.34,31299357434.94,0,0,0.02,145647368.36,47,2
Fundo,2021-06-30,62285390000140,431,0,1,0.02,704013.37,10155533.24,25981401.81,65128134.065,413743470.46,74889967.0686311,2427643406.42,183527301.387868,54972600.825,32277575806.58,0,0,0.02,144329635.76,48,3
Fundo,2021-07-31,62285390000140,438,0,1,0.02,728886.92575,10270452.36,27468132.985,67345574.2275,429162104.19325,75900015.7315525,2437254028.11,179820282.338949,57075121.8675,33244206890.42,0,0,0.02,148672856.56,48,3
Fundo,2021-08-31,62285390000140,443,0,1,0.02,883878.8005,10632732.03,27846165.93,68196731.29,459279780.2075,76250162.2893454,2454814901.48,180315376.110008,57563999.26,33778821894.18,0,0,0.02,154262909.4,45,3
Fundo,2021-09-30,62285390000140,451,0,1,0.02,1016257.595,10684202.98,27932062.89,68116390.61,459074055.77,76072479.2123947,2470875710.36,179418293.587577,57432187.63,34308688124.79,0,0,0.02,153470666.02,46,3
Fundo,2021-10-31,62285390000140,456,0,1,0.02,700423.2375,10120524.6475,28941151.185,70814928.7225,465364030.10875,77652036.1851096,2492503800.46,181265224.693177,60694404.075,35409328500.41,0,0,0.02,161529074.85,49,3
Fundo,2021-11-30,62285390000140,459,0,1,0.02,815257.643,10529994.655,30083248.32,71308512.39,472076232.2745,79666477.7457516,2529605322.38,183653243.01458,60778517.735,36566913285.3,0,0,0.02,150970521.83,52,3
Fundo,2021-12-31,62285390000140,463,0,1,0.02,855221.8035,10431134.165,30811146.87,71172266.125,486358983.6315,80427060.0383369,2328300692.45,178464227.287814,60741131.96,37237728797.75,0,0,0.02,158290378.5,55,3
Fundo,2022-01-31,62285390000140,468,0,1,0.02,895737.912,10810708.8275,32000276.175,73636384.035,482761718.39775,81608171.0643804,2340844761.97,180249921.448502,62825675.2075,38192624058.13,0,0,0.02,156688039.98,55,3
Fundo,2022-02-28,62285390000140,475,0,1,0,1016044.4565,10736725.96,31405323.63,74377684.015,484222687.8285,81620543.5177474,2350167752.54,179760086.05083,63640958.055,38769758170.93,0,1,0,159252074.19,56,3
Fundo,2022-03-31,62285390000140,492,0,1,0,1020624.93825,10545627.6925,30870592.195,79537691.79,513746395.022999,83528677.5702642,2367762013.78,181720916.921341,68992064.0975,41096109364.57,0,2,0,178071728.53,53,3
Fundo,2022-04-30,62285390000140,499,0,1,0,874168.3575,10663150.965,31099876.96,77309329.87,525666612.301,85115396.7143687,2396304748.96,186962146.925153,66646178.905,42472582960.47,0,2,0,176281514.67,56,3
Fundo,2022-05-31,62285390000140,502,0,1,0,748808.32425,10960843.0125,31376233.115,77938693.6275,522756732.2025,85919850.2898207,2415270252.01,185524777.381273,66977850.615,43131764845.49,0,2,0,175566523.1,57,3
Fundo,2022-06-30,62285390000140,510,0,1,0,673427.95025,10240591.035,31727134.38,80860203.71,536971534.3345,87078929.0735882,2423720812.05,187872328.504983,70619612.675,44410253827.53,0,4,0,181179745.99,59,3
Fundo,2022-07-31,62285390000140,521,0,1,0,65036.41,9665805.78,31708683.38,80007243.33,535826947.71,87074781.46881,2435856519.41,189356822.724546,70341437.55,45365961145.25,0,7,0,175810251.23,62,3
Fundo,2022-08-31,62285390000140,530,0,1,0,82414.6940000001,10369522.2275,35006540.41,81226505.5825,543453637.4385,89025549.9231132,2423318434.48,191411005.385292,70856983.355,47183541459.25,0,8,0,183887283.91,63,3
Fundo,2022-09-30,62285390000140,540,0,1,0,77463.96325,10907740.815,34733863,85069977.685,527352191.70375,88866686.5136296,2416693869.07,190296712.432296,74162236.87,47988010717.36,0,8,0,184496518.36,63,13
Fundo,2022-10-31,62285390000140,545,0,1,0,38617.4,11077262.32,33741371.71,86780126.49,520580145.433999,88271201.3604404,2411363165.97,183435864.90288,75702864.17,48107804741.44,0,10,0,198740454.6,60,13
Fundo,2022-11-30,62285390000140,554,0,1,0,26948.63575,11087262.05,32199891.295,89202593.11,524851682.310499,88504452.4864621,2452225520.41,183147721.265048,78115331.06,49031466677.5,0,12,0,199161130.56,61,19
Fundo,2022-12-31,62285390000140,558,0,1,0,35590.4685,11394190.9275,32330723.975,91648925.89,518821691.957249,90600624.3420788,2461187282.66,189997209.67538,80254734.9625,50555148382.88,0,12,0,209035886.57,62,17
Fundo,2023-01-31,62285390000140,561,0,1,0,0,11451028.61,32199079.12,88832325.43,536553231.38,90416172.2216934,2224266804.24,186378724.162062,77381296.82,50723472616.37,0,15,0,203732958.67,62,20
Fundo,2023-02-28,62285390000140,568,0,1,0,0,11295264.6725,32915154.615,87279311.62,531702067.072748,89612016.339243,2232818451.8,186118043.362449,75984046.9475,50899625280.69,0,17,0,197818666.54,61,20
Fundo,2023-03-31,62285390000140,578,0,1,0,0,10706314.0625,33652248.58,86302064.24,525093758.77075,89230101.6763149,2245862985.29,188551955.310232,75595750.1775,51574998768.91,0,20,0,195755117.77,62,3
Fundo,2023-04-30,62285390000140,576,0,1,0,0,10729674.415,34414154.645,89569472.16,529235266.94875,89868376.2556945,2257470652.99,186665554.744061,78839797.745,51764184723.28,0,20,0,205581556.46,61,24
Fundo,2023-05-31,62285390000140,574,0,1,0,0.00650000000000002,12145331.3375,35712301.28,96160055.495,537079896.87625,92417362.9364111,2412259091.7,190263535.659533,84014724.1575,53047566325.5,0,15,0,221282743.55,58,22
Fundo,2023-06-30,62285390000140,574,0,1,0,4616.23875000002,13162986.165,37335809.355,103351766,547980916.351749,95447626.5018467,2911954636.81,197931440.296693,90188779.835,54786937612.06,0,14,0,230573771.67,57,20
Fundo,2023-07-31,62285390000140,576,0,1,0,0,13516492.175,38563297.605,103283095.6525,544542124.14,96750809.8888368,2964411515.53,197829834.519435,89766603.4775,55728466495.97,0,18,0,235945706.34,57,20
Fundo,2023-08-31,62285390000140,586,0,1,0,0,13175464.845,38526897.37,102005777.74,526766567.36625,96018110.1474915,2758737898.55,192783555.078238,88830312.895,56266612546.43,0,20,0,233324108.15,58,3
Fundo,2023-09-30,62285390000140,609,0,1,0,11968.684,11850066.9,36975118.12,103618453.08,576463123.003997,97920950.5197373,2807175130.4,203130343.229426,91768386.18,59633858866.52,0,13,0,235610746.56,61,3
Fundo,2023-10-31,62285390000140,616,0,1,0,1654.97875,11294242.99,36838656.29,106714622.8875,607557159.6425,100287511.652338,2857595561.53,207962153.741827,95420379.8975,61777107177.84,0,14,0,239370782.59,62,3
Fundo,2023-11-30,62285390000140,619,0,1,0,0,11194827,38790081.55,108561454.26,608921260.527998,102778484.206607,2906945657.63,212914835.644438,97366627.26,63619881723.89,0,19,0,245170170.06,63,4
Fundo,2023-12-31,62285390000140,649,0,1,0,0,11276348.07,39713294.18,111599909.69,622719674.757999,103468065.722465,2923223657.63,208389509.043784,100323561.62,67150774653.88,0,22,0,259364055.72,61,4
Fundo,2024-01-31,62285390000140,652,0,1,0,0,12252468.8725,40409413.21,112956238.51,616403884.857501,105521840.556488,2979088487.02,216141972.934891,100703769.6375,68800240042.83,0,23,0,262713927.22,60,28
Fundo,2024-02-29,62285390000140,648,0,1,0,1537.83425000001,13451031.9525,42536004,115255559.9825,620018097.619497,108344902.25233,3030726467.51,220153651.170108,101804528.03,70207496659.51,0,16,0,266542478.53,59,21
Fundo,2024-03-31,62285390000140,661,0,1,-9078173.82,0,13459377.49,41646660.92,115588182.36,656529439.805,109466711.233162,3085600054.75,219936303.110079,102128804.87,72357496125.12,2,16,-9078173.82,268729693.61,60,24
Fundo,2024-04-30,62285390000140,669,0,1,-9111248.82,0,13173831.08,42663658.13,114904951.79,666598360.420999,111199653.265605,3146045129.37,225868695.852696,101731120.71,74392568034.69,2,24,-9111248.82,266900277.03,66,30
Fundo,2024-05-31,62285390000140,677,0,1,-9184654.73,0.018,13727874.13,44004875.75,117674705.07,699613702.971,112406399.110369,3237439321.73,228751421.629077,103946830.94,76099132197.72,2,15,-9184654.73,273289961.76,66,23
Fundo,2024-06-30,62285390000140,691,0,1,-9262072.25,0,12985972.825,44293283.91,116371502.07,713668950.995,112316165.468828,2890888011.67,226756732.713729,103385529.245,77610470338.96,3,20,-9262072.25,271052916.57,66,7
Fundo,2024-07-31,62285390000140,700,0,1,-12076.88,12755.6795,12842204.8575,43998324.275,119217594.8925,735273263.6695,114708516.223743,2951899510.94,230456286.876702,106375390.035,80295961356.62,1,16,-12076.88,276773855.28,67,21
Fundo,2024-08-31,62285390000140,712,0,1,-12076.88,0,13276795.1875,43595697.025,119854433.3625,743370627.309,115386806.268413,2638606852.22,228862769.744483,106577638.175,82155406063.11,1,18,-12076.88,274746207.64,69,5
Fundo,2024-09-30,62285390000140,724,0,1,-12907.21,0,13837935.02,43759915.28,120606677.675,784169868.674,116501374.805442,2684599464.64,232876921.284465,106768742.655,84346995359.14,1,21,-12907.21,279634022.15,68,5
Classe,2024-10-31,62285390000140,560,0,1,-146449.54,0,12863308.28,40456730.41,103905381.075,750320672.568999,107873022.044339,2737250707.21,217402137.638165,91042072.795,60408892344.83,1,14,-146449.54,240311924.97,60,23
Classe,2024-11-30,62285390000140,620,0,1,0,17221.48125,13372557.0125,42284363.03,105704886.815,817270837.8795,109579010.939694,2783820317.26,223423124.127155,92332329.8025,67938986782.61,0,15,0,242181802.74,66,25
Classe,2024-12-31,62285390000140,734,0,1,-21649.43,0,16000282.665,48941987.745,126279831.4975,887447437.331248,124257211.776035,2676307340.44,244568215.808179,110279548.8325,91204793443.61,1,22,-21649.43,291579398.35,72,28
Classe,2025-01-31,62285390000140,733,0,1,-57409.52,0,16533988.94,49471654.79,129805352.61,900627237.087998,127159168.320573,2699356969.42,249841654.269075,113271363.67,93207670378.98,1,21,-57409.52,299558045.65,70,29
Classe,2025-02-28,62285390000140,743,0,1,-77478.09,0,16868211.195,50082028.69,132307045.7,939428600.3835,130901034.468331,2751888312.76,257606680.012521,115438834.505,97259468609.97,1,21,-77478.09,304362518.31,72,32
Classe,2025-03-31,62285390000140,746,0,1,-18007.33,0,16962897.11,51168607.435,131729020.0875,907789438.1175,134045858.120764,2781428634.92,264819934.222654,114766122.9775,99998210158.09,1,24,-18007.33,295644952.32,77,34
Classe,2025-04-30,62285390000140,744,0,1,0,0,17767973.33,52008280.52,135390314.7875,939830519.251749,138001767.11328,2831338867.79,270186436.042653,117622341.4575,102673314732.28,0,20,0,302109236.97,78,32
Classe,2025-05-31,62285390000140,746,0,1,0,0,17607184.31,53577679.085,137918868.66,915985153.20375,137110478.26563,2883427990.23,266142762.168494,120311684.35,102284416786.16,0,26,0,317583494.98,73,37
Classe,2025-06-30,62285390000140,757,0,1,-30554.15,0,16274981.07,53166586.13,139745049.77,922677778.809,137807884.158336,2852348567.24,271603764.980503,123470068.7,104320568307.86,1,33,-30554.15,323487503.15,73,8
Classe,2025-07-31,62285390000140,778,0,1,-60279.76,0,16559983.7425,50873138.165,138375343.23,924192454.304249,137384766.006915,2797025755.33,271876650.565997,121815359.4875,106885347953.38,1,28,-60279.76,320875695,74,39
Classe,2025-08-31,62285390000140,778,0,1,-369037.09,0,16233505.72,52769168.79,140056454.965,947282874.764998,139991535.793895,2845992339.16,278329100.458844,123822949.245,108913414847.65,3,28,-369037.09,324021660.18,77,40
Classe,2025-09-30,62285390000140,781,0,1,-215571.35,0,17784540.47,52622455.84,145438003.1,973283280.34,145491653.407068,2899395498.92,290993965.061432,127653462.63,113628981310.92,1,31,-215571.35,335025188.5,79,42
Classe,2025-10-31,62285390000140,783,0,1,-224696.61,0,17889018.185,55168349.63,150334180.9,1018592309.78999,150396883.131405,2958626900.88,301390814.191275,132445162.715,117760759491.89,1,34,-224696.61,348555195.48,76,45
Fundo,2025-11-30,62285390000140,639,0,1,-253706.64,0,18777486.72,61494825.37,164973297.72,1072591380.2295,157760204.225556,2904754868.84,311385120.710874,146195811,100808770500.13,1,38,-253706.64,382431284.86,54,10
Classe,2025-12-31,62285390000140,265,0,1,18358.31,2103412.398,24780858.57,61541577.23,190421054.96,1624754032.154,219291685.494566,3537267246.91,450737551.843308,165640196.39,58112296656.06,0,0,18358.31,435552448.92,30,9
Classe,2026-01-31,62285390000140,342,0,1,0,0,8808076.4,45614949.07,156957559.1325,1365632494.17675,177702701.337515,3699944221.13,401884549.80947,148149482.7325,60774323857.43,0,61,0,363297801,38,7
Classe,2026-02-28,62285390000140,829,0,1,-50000.26,0,17626944.2,55792906.38,162252720.22,1173466793.012,165513807.64725,3838757884.74,352929508.199568,144625776.02,137210946539.57,3,61,-50000.26,372854321.59,74,19
Classe,2026-03-31,62285390000140,825,0,1,-68319.47,0,17940187.1,55886871.2,165909467.64,1118933973.606,166585218.738521,4244811102.31,361636225.212246,147969280.54,137432805459.28,2,63,-68319.47,385719994.95,74,17
Classe,2026-04-30,62285390000140,820,0,1,-82130.24,0,19052100.5125,57929281.7,166278905.1525,1167509825.336,170873205.358585,4596033555.7,373750831.913682,147226804.64,140116028394.04,3,66,-82130.24,381645585.12,77,17
Classe,2026-05-31,62285390000140,818,0,1,-677172.62,0,18977598.0525,57172245.31,171056786.255,1172366159.0575,170373796.107592,5001607361.66,377559720.388577,152079188.2025,139365765216.01,2,66,-677172.62,398187551.47,76,17
Classe,2026-06-30,62285390000140,815,0,1,-123478.24,0,18402155.58,59539407.76,162959026.8,1188471369.846,173752135.783681,5751418460.99,399347310.744834,144556871.22,141607990663.7,1,63,-123478.24,377081184.12,79,16
Classe,2026-07-31,62285390000140,808,0,1,-141529.98,0,17612380.215,57224677.82,163862964.2975,1195868605.697,175885744.590297,6217536489.67,416339098.164585,146250584.0825,142115681628.96,1,67,-141529.98,378252595.44,81,15
Classe,2026-08-31,62285390000140,801,0,1,-159503.92,0,18120710.13,58435255.24,163228530.77,1228643609.56,180307201.370712,6476101048.84,433845097.349518,145107820.64,144426068297.94,2,65,-159503.92,376512164.16,85,16
Fundo legado,2020-01-31,39669186000101,44,0,1,939228.73,1283811.176,15659445.5275,41018162.41,121261303.3375,472654704.947,94352667.545,604059583.89,127102120.444518,105601857.81,4151517371.98,0,0,939228.73,241537259.35,3,0
Fundo legado,2020-02-29,39669186000101,44,0,1,912404.75,2869368.0275,16713087.6,41258009.68,126656512.595,472237600.41775,96011740.2415909,604200666.18,127297855.234875,109943424.995,4224516570.63,0,0,912404.75,241587116.74,3,0
Fundo legado,2020-03-31,39669186000101,44,0,1,887080.87,2861940.4865,20683039.9725,48100125.525,124498090.94,442462127.76575,96516697.9704545,614737403.29,125535031.243015,103815050.9675,4246734710.7,0,0,887080.87,249365942.87,3,0
Fundo legado,2020-04-30,39669186000101,44,0,1,861522.94,2800410.72075,18574812.4575,46323092.845,97206320.4325,376863125.48425,90639876.3965909,603124827.69,119652760.176627,78631507.975,3988154561.45,0,0,861522.94,181556428.01,5,0
Fundo legado,2020-05-31,39669186000101,44,0,1,836290.03,2792689.896,19297788.3825,40004006.005,97794067.695,365347990.0035,90489965.8827273,611359714.18,121416257.878035,78496279.3125,3981558498.84,0,0,836290.03,183741265.6,5,0
Fundo legado,2020-06-30,39669186000101,47,0,1,807148.95,1205586.3925,15696034.275,38347785.48,95414307.045,364632972.446,84452052.2259574,616439395.01,119418875.51423,79718272.77,3969246454.62,0,0,807148.95,185641557.37,5,0
Fundo legado,2020-07-31,39669186000101,47,0,1,779492.07,1128259.072,16396384.77,38785316.87,100042750.735,364488257.9745,83666070.6959574,619177730.93,117154769.757007,83646365.965,3932305322.71,0,0,779492.07,183391077.6,5,0
Fundo legado,2020-08-31,39669186000101,47,0,1,915373.15,1391080.8605,20052626.28,39215729.77,97194820.375,358148192.718,83806649.6902128,607546574.14,114687218.090477,77142194.095,3938912535.44,0,0,915373.15,178601540.95,5,0
Fundo legado,2020-09-30,39669186000101,47,0,1,1183371.3,2793719.1685,21156376.05,45717814.51,111871079.385,357624759.353,87867153.0602128,607182158.42,114237290.482884,90714703.335,4129756193.83,0,0,1183371.3,242698081.63,3,0
Fundo legado,2020-10-31,39669186000101,47,0,1,1172991.81,3201317.0165,20569160.44,48741960.6,108713572.21,363045935.5605,90454016.77,611840803.44,115658952.66724,88144411.77,4251338788.19,0,0,1172991.81,234291480.11,4,0
Fundo,2024-03-31,39669186000101,68,0,1,1890890.84,2635924.97875,22423154.9525,71149953.565,172732067.4275,789225267.577001,143512462.693971,1191555132.61,210347417.872538,150308912.475,9758847463.19,0,0,1890890.84,357807257.77,5,0
Fundo,2024-04-30,39669186000101,70,0,1,230559.08,1373122.76675,19467350.99,72446348.185,174540114.1375,780367710.316248,141143811.897714,1213758521.1,209540270.099276,155072763.1475,9880066832.84,0,0,230559.08,366071528.89,5,0
Fundo,2024-05-31,39669186000101,72,0,1,181574.3,1199586.93975,19083719.665,72096803.76,174183945.475,765906746.584999,140035582.165,1229509791.04,207065820.266493,155100225.81,10082561915.88,0,0,181574.3,360524342.07,5,0
Fundo,2024-06-30,39669186000101,71,0,1,0,1797102.0125,20000285.085,80495232.07,175448445.445,759100729.2525,144346668.32169,1247987853,207609042.872305,155448160.36,10248613450.84,0,1,0,360800003.27,5,0
Fundo,2024-07-31,39669186000101,71,0,1,922578.33,1971805.46,20436971.45,65697891.65,176111565.31,765576946.29,148881389.221268,1264330411.32,212349198.048896,155674593.86,10570578634.71,0,0,922578.33,404694236.4,5,0
Fundo,2024-08-31,39669186000101,74,0,1,809060.98,1974442.23525,20790730.8375,67510140.74,170996310.475,738994118.3105,148488541.961216,1291718026.28,211519443.801457,150205579.6375,10988152105.13,0,0,809060.98,359980930.35,7,1
Fundo,2024-09-30,39669186000101,76,0,1,578052.86,1836329.535,19916029.76,70843397.89,185393873.3325,758401558.63375,151455483.407895,1306871805.31,212459853.786085,165477843.5725,11510616739,0,0,578052.86,363678541.15,6,1
Classe,2024-10-31,39669186000101,44,0,1,1124182.46,2951861.73975,30446543.93,67749341.545,200422715.3625,779350050.32775,172951398.193864,1308533986.26,253550166.223947,169976171.4325,7609861520.53,0,0,1124182.46,306456266.9,5,1
Classe,2024-11-30,39669186000101,59,0,1,1542330.37,3908113.296,31893133.615,72122744.53,210370405.15,937139635.037999,172946855.45661,1345939834.53,248825488.659239,178477271.535,10203864471.94,0,0,1542330.37,456202786.26,5,1
Classe,2024-12-31,39669186000101,83,0,1,320778.73,1700325.2385,26886341.68,79159685.96,202759312.035,794742746.526001,163744313.929036,1347344800.38,227164447.16729,175872970.355,13590778056.11,0,0,320778.73,350569883.04,7,0
Classe,2025-01-31,39669186000101,85,0,1,267800.87,3096279.248,28747799.2,76588751.02,198243894.85,781309939.342998,161094372.637412,1347615706,222515614.642385,169496095.65,13693021674.18,0,0,267800.87,346802638.86,7,1
Classe,2025-02-28,39669186000101,85,0,1,126156.38,2874133.977,28923885.37,92520673.19,201587426.84,785326472.586998,164622619.018706,1354539016.72,223712542.778336,172663541.47,13992922616.59,0,0,126156.38,382483486.84,7,1
Classe,2025-03-31,39669186000101,89,0,1,96277.17,1112107.574,28023527.15,90865314.61,204499869.23,785074496.942,164366258.270225,1367054050.19,224857401.499428,176476342.08,14628596986.05,0,0,96277.17,405766876.54,8,1
Classe,2025-04-30,39669186000101,92,0,1,71033.94,1948290.943,23360546.005,89276584.675,203524599.945,783020393.246499,163634486.514022,1399757561.36,236259536.729901,180164053.94,15054372759.29,0,0,71033.94,413340643.58,7,1
Classe,2025-05-31,39669186000101,96,0,1,0,261278.835,20113637.22,75743805.08,210099558.3025,808909226.65625,160353716.775625,1418391568.22,233561536.086688,189985921.0825,15393956810.46,0,1,0,422722408.99,7,2
Classe,2025-06-30,39669186000101,100,0,1,0,612610.67775,22683079.5175,76230020.21,213553230.9775,800984501.531749,166705986.1183,1425689624.81,241274461.600132,190870151.46,16670598611.83,0,1,0,452548324.07,7,1
Classe,2025-07-31,39669186000101,101,0,1,84270.55,1823572.78,24139946.94,80575878.85,230550093.45,862825724.96,171118435.933663,1469110528.01,247049915.128642,206410146.51,17282962029.3,0,0,84270.55,520398659.3,6,1
Classe,2025-08-31,39669186000101,102,0,1,86851.16,3449588.83575,25235835.7475,81050490.97,224520153.4975,864954092.6265,168337821.50098,1486114574.03,245271618.545551,199284317.75,17170457793.1,0,0,86851.16,475491631.31,7,1
Classe,2025-09-30,39669186000101,104,0,1,68123.49,4006597.89825,28912035.8475,83358307.355,230665401.0625,865697183.615,171440846.571923,1501598538.45,242538138.986546,201753365.215,17829848043.48,0,0,68123.49,504529347.38,6,1
Classe,2025-10-31,39669186000101,110,0,1,996.2,413795.827,27038763.4125,80512436.415,235493095.58,851446586.070499,168031262.483727,1530210240.5,239875872.70858,208454332.1675,18483438873.21,0,0,996.2,483882426.91,7,1
Classe,2025-11-30,39669186000101,115,0,1,37898.8,3570969.716,27230570.29,76318287.96,240320930.64,975716221.198498,181050082.980261,1558128350.95,267795925.152527,213090360.35,20820759542.73,0,0,37898.8,556737150.39,7,2
Classe,2025-12-31,39669186000101,119,0,1,23848.31,2463461.6055,24275068.675,75571256.75,239645843.425,980727461.910499,180721666.569412,1596156945.79,276641305.11919,215370774.75,21505878321.76,0,0,23848.31,512900181.14,9,3
Classe,2026-01-31,39669186000101,119,0,1,24782.33,1959818.1945,24874047.42,80937430.91,253065780.985,1002225971.9785,191636135.349244,1631696458.61,288780864.088378,228191733.565,22804700106.56,0,0,24782.33,537077996.23,10,1
Classe,2026-02-28,39669186000101,119,0,1,-0.01,1886012.176,25999354.8,85689725.24,251993455,994519475.322999,193515313.174034,1616151158.94,291807201.043888,225994100.2,23028322267.71,1,0,-0.01,546407774.72,10,4
Classe,2026-03-31,39669186000101,123,0,1,0,1725669.7425,24370476.125,83367417.26,250692383.755,979671250.525501,190591734.284959,1687676710.74,295384052.587669,226321907.63,23442783317.05,0,2,0,572501142.7,10,3
Classe,2026-04-30,39669186000101,126,0,1,0,517245.54125,22947904.41,82486113.335,247920919.8225,986627441.06875,190650768.776032,1742995796.43,299345651.939094,224973015.4125,24021996865.78,0,3,0,585070710.4,11,3
Classe,2026-05-31,39669186000101,127,0,1,0,88374.1280000001,24914298.595,85496158.71,236175065.415,1002219073.992,193281455.664961,1834355869.84,306573137.137736,211260766.82,24546744869.45,0,3,0,520083141.67,12,3
Classe,2026-06-30,39669186000101,131,0,1,0,26738.1475,22906733.355,79506941.28,233061371.375,999459207.9575,191813712.588702,1909790565.67,310238330.785714,210154638.02,25127596349.12,0,4,0,517208086.1,12,3
Classe,2026-07-31,39669186000101,133,0,1,0,0,22813828.57,76563176.17,237743355.84,1013379717.198,192338929.51812,1917259631.97,313299420.641831,214929527.27,25581077625.91,0,5,0,520301817.05,12,3
Classe,2026-08-31,39669186000101,142,0,1,0,41814.288,19715713.02,72792008.69,208680235.335,975315631.270249,182781162.194859,1919387163.23,305863392.511416,188964522.315,25954925031.67,0,3,0,422024411.58,15,3
Fundo legado,2020-01-31,33918160000173,2,0,1,1195001.36,1611883.4185,5363821.945,9532642.53,13701463.115,17453401.6415,9532642.53,17870283.7,11791205.2208143,8337641.17,19065285.06,0,0,1195001.36,17870283.7,0,0
Fundo legado,2020-02-29,33918160000173,1,0,1,1123119.61,1123119.61,1123119.61,1123119.61,1123119.61,1123119.61,1123119.61,1123119.61,,0,1123119.61,0,0,1123119.61,1123119.61,0,0
Fundo legado,2020-03-31,33918160000173,1,0,1,1129493.03,1129493.03,1129493.03,1129493.03,1129493.03,1129493.03,1129493.03,1129493.03,,0,1129493.03,0,0,1129493.03,1129493.03,0,0
Fundo legado,2020-04-30,33918160000173,1,0,1,1118028.13,1118028.13,1118028.13,1118028.13,1118028.13,1118028.13,1118028.13,1118028.13,,0,1118028.13,0,0,1118028.13,1118028.13,0,0
Fundo legado,2020-05-31,33918160000173,1,0,1,1119122.45,1119122.45,1119122.45,1119122.45,1119122.45,1119122.45,1119122.45,1119122.45,,0,1119122.45,0,0,1119122.45,1119122.45,0,0
Fundo legado,2020-06-30,33918160000173,1,0,1,1126937.73,1126937.73,1126937.73,1126937.73,1126937.73,1126937.73,1126937.73,1126937.73,,0,1126937.73,0,0,1126937.73,1126937.73,0,0
Fundo legado,2020-07-31,33918160000173,1,0,1,1126955.06,1126955.06,1126955.06,1126955.06,1126955.06,1126955.06,1126955.06,1126955.06,,0,1126955.06,0,0,1126955.06,1126955.06,0,0
Fundo legado,2020-08-31,33918160000173,1,0,1,1106924.25,1106924.25,1106924.25,1106924.25,1106924.25,1106924.25,1106924.25,1106924.25,,0,1106924.25,0,0,1106924.25,1106924.25,0,0
Fundo legado,2020-09-30,33918160000173,1,0,1,0,0,0,0,0,0,0,0,,0,0,0,1,0,0,0,1
Fundo legado,2020-01-31,36113876000191,70,0,1,3587.08,802728.30625,41411986.9725,147863251.435,477761879.1375,1784639650.60124,401568648.724857,5411107144.3,762892067.095984,436349892.165,28109805410.74,0,0,3587.08,1129725478.84,3,5
Fundo legado,2020-02-29,36113876000191,71,0,1,88.9,827308.9175,48620884.47,152738023.98,514021341.525,3175994639.43,445538491.334085,5234989293.07,833578867.33073,465400457.055,31633232884.72,0,0,88.9,1105526141.08,4,5
Fundo legado,2020-03-31,36113876000191,72,0,1,3813.02,789591.52125,52902914.36,158694412.995,501753003.2325,3638262561.32275,485828811.439028,5331272397.25,916233000.08131,448850088.8725,34979674423.61,0,0,3813.02,1109594618.43,5,6
Fundo legado,2020-04-30,36113876000191,71,1,0.986111111111111,7147.31,799797.945,48300807.265,159846310.04,488385900.905,3652617792.285,490114513.708873,5406341079.37,930132165.78504,440085093.64,34798130473.33,0,0,7147.31,1113105430.45,5,6
Fundo legado,2020-05-31,36113876000191,72,0,1,10088.35,756575.93675,45210972.2675,147358036.15,446231074.2525,3616976508.59275,472755839.139028,5476151592.68,928635342.533667,401020101.985,34038420418.01,0,0,10088.35,1046713517.21,6,6
Fundo legado,2020-06-30,36113876000191,72,0,1,12004.97,733272.14175,45223430.21,142303893.55,450099237.255,3481945778.67325,461308701.460139,5589758306.85,920072175.603059,404875807.045,33214226505.13,0,0,12004.97,1050811394.81,6,6
Fundo legado,2020-07-31,36113876000191,72,0,1,0,705415.3545,43372011.11,157323543.675,415232267.8775,3427801872.21125,458021556.580556,5671113372.35,911712968.70677,371860256.7675,32977552073.8,0,1,0,913677729.42,8,6
Fundo legado,2020-08-31,36113876000191,76,0,1,-15516.59,681762.03875,44208310.41,158934376.595,418565241.95,3423395208.22875,470936107.322368,6341112120.56,950301766.531551,374356931.54,35791144156.5,1,0,-15516.59,892353270.93,9,6
Fundo legado,2020-09-30,36113876000191,76,0,1,-17322.44,663103.36125,40596558.5075,161673792.785,419930541.885,3238571960.53875,481420407.686579,6514040432.82,973566324.82303,379333983.3775,36587950984.18,1,0,-17322.44,978664147.32,9,6
Fundo legado,2020-10-31,36113876000191,76,0,1,0,641784.925,43239881.6275,160844373.165,442457295.37,3176548238.90375,488449967.757237,7022696191.55,1008569602.66618,399217413.7425,37122197549.55,0,1,0,852146527.23,10,6
Fundo,2020-11-30,36113876000191,82,0,1,-20844.1,0,26819975.2825,136937414.99,445344398.3375,3256460890.469,499465851.703049,7985222904.61,1115524514.10089,418524423.055,40956199839.65,1,7,-20844.1,1069579822.11,8,7
Fundo,2020-12-31,36113876000191,83,0,1,-22584.34,0,26934904.675,138814662.7,418549034.11,3131088324.7845,510394334.045542,8537117103.72,1190326897.31746,391614129.435,42362729725.78,1,7,-22584.34,952380272.09,10,7
Fundo,2021-01-31,36113876000191,83,0,1,-24338.69,0,27235266.08,158434643.46,429603205.63,3134218689.3605,508399690.094337,8701594403.2,1197927774.37358,402367939.55,42197174277.83,1,7,-24338.69,993137271.18,9,8
Fundo,2021-02-28,36113876000191,83,0,1,-24836.34,0,27481135.07,160271844.55,432694519.385,3073982254.534,516618285.150241,8811867555.87,1249123259.50826,405213384.315,42879317667.47,1,7,-24836.34,996059489.01,9,15
Fundo,2021-03-31,36113876000191,88,0,1,-28408.34,0,30478288.795,134728466.295,428827245.4875,2936356921.00375,531657429.149886,9831326284.84,1311051679.04918,398348956.6925,46785853765.19,1,7,-28408.34,1000005668.7,10,8
Fundo,2021-04-30,36113876000191,89,0,1,-32200.62,0,19229744.95,132272973.5,396247834.59,2941923244.41,515426233.219101,10193552590.37,1334568381.68301,377018089.64,45872934756.5,1,9,-32200.62,917858586.08,10,17
Fundo,2021-05-31,36113876000191,95,0,1,-36060.98,0,26235801.845,133101946.27,451765261.11,4249132361.01448,575998005.137895,10301703499.77,1397761040.26378,425529459.265,54719810488.1,1,8,-36060.98,1010500588.35,10,10
Fundo,2021-06-30,36113876000191,95,0,1,-35666.09,0,33707912.925,133437187.98,413221404.905,4247284788.38848,581987313.689158,10472814612.46,1412784020.22484,379513491.98,55288794800.47,1,8,-35666.09,971539093.68,12,10
Fundo,2021-07-31,36113876000191,97,0,1,-16388.37,0,32489735.7,143029737.82,384184618.63,3853206316.08999,558522827.799072,10544642172.47,1350997552.69113,351694882.93,54176714296.51,1,8,-16388.37,847602209.36,14,10
Fundo,2021-08-31,36113876000191,109,0,1,0,0,31323356.65,143045016.26,397952551.32,3479816400.31999,527575251.559908,10677289349.76,1309427383.14729,366629194.67,57505702420.03,0,10,0,928452534.96,12,9
Fundo,2021-09-30,36113876000191,109,0,1,0,0,30770759.91,136681154.98,417952357.88,3512913585.56699,527418781.596514,10812281133.32,1320738449.51301,387181597.97,57488647194.02,0,10,0,981582015.87,11,9
Fundo,2021-10-31,36113876000191,111,0,1,0,0,26415036.2,137609444.67,399174073.26,3432357792.315,522815850.867297,10942919408.09,1320365135.74398,372759037.06,58032559446.27,0,12,0,891753343.17,12,10
Fundo,2021-11-30,36113876000191,111,0,1,0,0,27772778.02,116897846.01,396499433.705,3417251739.25,501566936.203333,9468337617.9,1210702938.09874,368726655.685,55673929918.57,0,12,0,924845617.06,12,11
Fundo,2021-12-31,36113876000191,112,0,1,0,0,27958354.0425,128619864.71,459879043.065,3410619442.78999,527720463.373839,9620413653.39,1228372763.56788,431920689.0225,59104691897.87,0,14,0,1090029142.43,11,12
Fundo,2022-01-31,36113876000191,109,0,1,0,0,24611311.04,126368719.24,505666145.63,3606560830.39799,539191037.455963,9766617422.14,1260190919.1021,481054834.59,58771823082.7,0,16,0,1159464695.42,10,12
Fundo,2022-02-28,36113876000191,110,0,1,0,0,14692088.57,129676430.975,512018232.07,3587538010.20323,545143410.360091,9914394535.16,1272567099.09791,497326143.5,59965775139.61,0,17,0,1158079443.14,11,13
Fundo,2022-03-31,36113876000191,105,0,1,-58727.27,0,15576486.44,134462704.58,515172660.27,3903321103.93198,569478556.493714,10084788495.81,1330573055.13747,499596173.83,59795248431.84,1,14,-58727.27,1163011882.66,11,14
Fundo,2022-04-30,36113876000191,105,0,1,-1623.72,0,14941897.09,136432969.34,485410950.69,3942945030.32198,571092263.927238,10236036072.86,1336087586.36933,470469053.6,59964687712.36,1,15,-1623.72,1128452168.42,12,14
Fundo,2022-05-31,36113876000191,107,0,1,0,0,14617483.805,138138553.99,459901038.66,3792464876.45549,563377480.242617,10417106878.3,1340292042.79501,445283554.855,60281390385.96,0,17,0,1044187345.01,13,13
Fundo,2022-06-30,36113876000191,107,0,1,0,0,17167689.595,128598644.43,461021450.84,4014557237.19949,586297303.355794,10593380172.89,1391393902.59763,443853761.245,62733811459.07,0,16,0,1056077835.94,14,13
Fundo,2022-07-31,36113876000191,109,0,1,0,0,12500801.18,117492166.49,448291543.92,4371350414.742,581081913.433028,10770083667.95,1420728711.26931,435790742.74,63337928564.2,0,18,0,1049353307.77,14,13
Fundo,2022-08-31,36113876000191,111,0,1,0,0,13651843.905,112184135.89,447428828.47,4358408917.77,593130647.683063,12076388201.79,1474765376.18481,433776984.565,65837501892.82,0,18,0,1076540001.83,15,14
Fundo,2022-09-30,36113876000191,96,0,1,0,286604.85625,37548259.64,203332428.585,613591271.9225,4875973923.65375,712915535.793021,12679742530.41,1667543277.71046,576043012.2825,68439891436.13,0,2,0,1440691105.85,11,18
Fundo,2022-10-31,36113876000191,112,0,1,0,0,14521556.405,137524490.055,458620849.7675,4412929310.83174,619753543.375625,12882937721.41,1583369320.93269,444099293.3625,69412396858.07,0,17,0,1087866649.35,16,32
Fundo,2022-11-30,36113876000191,97,0,1,0,2117541.572,31995903.54,212222703.77,584012544.19,4732087820.82599,724156291.004021,13995127846.93,1762008268.95686,552016640.65,70243160227.39,0,1,0,1390069174.15,11,15
Fundo,2022-12-31,36113876000191,98,0,1,-5023.76,0,32548231.415,221151928.165,628541256.025,4678480161.8435,760025617.355918,15811376363.14,1927501712.50028,595993024.61,74482510500.88,1,3,-5023.76,1476137999.73,9,18
Fundo,2023-01-31,36113876000191,94,0,1,697110.89,5109319.013,49553345.1775,245566489.53,723233563.755,4787336093.6125,795854863.900745,17580523165.14,2107918780.58044,673680218.5775,74810357206.67,0,0,697110.89,1492266126.17,8,13
Fundo,2023-02-28,36113876000191,94,0,1,0,2481789.31725,42953429.31,248262231.41,686010488.6725,4750182502.69125,790269380.028085,17813433454.29,2128230482.01912,643057059.3625,74285321722.64,0,1,0,1497977388.82,7,15
Fundo,2023-03-31,36113876000191,92,0,1,0,1159840.3135,58201909.7325,247190037.975,728005015.6475,4938725133.62099,819391714.773152,18649990145.91,2225448595.78335,669803105.915,75384037759.13,0,2,0,1553393709.11,7,13
Fundo,2023-04-30,36113876000191,92,0,1,0,1151672.9005,56096320.48,246438996.68,725801467.8575,4944259211.89199,832962229.121087,18903099458.76,2253397835.91571,669705147.3775,76632525079.14,0,2,0,1710766322.11,7,16
Fundo,2023-05-31,36113876000191,91,0,1,705847.38,3311896.37,68373760.745,243276787.01,749681143.08,4769623662.4825,858994350.479231,19518283762.56,2299506642.78063,681307382.335,78168485893.61,0,0,705847.38,1703028742.71,7,13
Fundo,2023-06-30,36113876000191,93,0,1,0,1178710.832,55870040.41,243721327.57,731499911.96,4683075224.15601,870278591.548602,21186453776.08,2458495162.39789,675629871.55,80935909014.02,0,1,0,1718890439.72,8,14
Fundo,2023-07-31,36113876000191,92,0,1,468372.72,3340139.66525,68936826.37,243249664.225,753408976.735,4699896187.06999,879024659.961522,21871600147.91,2514412182.35105,684472150.365,80870268716.46,0,0,468372.72,1740936905.26,7,13
Fundo,2023-08-31,36113876000191,91,0,1,674001.66,5104992.26,66316329.56,238493816.66,897439463.39,4851020307.7825,890299247.422967,22510545960.71,2586234717.53147,831123133.83,81017231515.49,0,0,674001.66,1775738684.4,7,13
Fundo,2023-09-30,36113876000191,103,0,1,59831,621980.1365,28450281.915,201436431.17,610328042.11,3961355372.26751,785769167.384563,22912617974.56,2486937368.10779,581877760.195,80934224240.61,0,0,59831,1477914904.93,9,13
Fundo,2023-10-31,36113876000191,103,0,1,0,545724.7475,33321537.07,222246530.79,574551492.745,3662783890.24401,772992307.123398,23517474194.76,2510526805.67172,541229955.675,79618207633.71,0,2,0,1380864552.12,11,13
Fundo,2023-11-30,36113876000191,104,0,1,0,543810.4015,39793774.5925,223968315.24,582385535.33,3489342587.81974,772413492.125385,24897981633.44,2619948423.16922,542591760.7375,80331003181.04,0,1,0,1387291072.49,9,12
Fundo,2023-12-31,36113876000191,110,0,1,273666.79,658643.85175,52957389.755,221052139.65,590211944.3875,3190730339.63673,779114477.079455,25618295139.53,2676877263.40709,537254554.6325,85702592478.74,0,0,273666.79,1234165857,11,11
Fundo,2024-01-31,36113876000191,112,0,1,0,578890.16975,53207081.46,218262292.59,601604291.78,3018104583.35648,758510500.285625,26083566300.8,2623286067.62188,548397210.32,84953176031.99,0,1,0,1398825625.56,10,12
Fundo,2024-02-29,36113876000191,112,0,1,0,580856.31975,69393638.61,223924231.54,613908921.3975,3066894666.43073,766267970.722946,26493892564.09,2653975654.33248,544515282.7875,85822012720.97,0,1,0,1410822071.04,10,12
Fundo,2024-03-31,36113876000191,110,0,1,503641.23,806016.4655,74841688.645,229094967.03,628045081.78,3273881149.67748,779002723.253546,26929484693.95,2713758163.04378,553203393.135,85690299557.89,0,0,503641.23,1425920160.93,9,10
Fundo,2024-04-30,36113876000191,109,0,1,612975.43,989142.398,94242386.87,232004205.98,626273118.94,3391070346.66099,780193391.810367,27417396458.02,2746698156.65642,532030732.07,85041079707.33,0,0,612975.43,1411675940.4,8,10
Fundo,2024-05-31,36113876000191,110,0,1,596430.33,1706171.1365,90395465.085,228263442.875,598674364.5275,3267590194.76548,780924123.783091,28697113021.58,2847610809.23967,508278899.4425,85901653616.14,0,0,596430.33,1088893053.87,11,10
Fundo,2024-06-30,36113876000191,114,0,1,441076.14,1925725.51125,79454907.6725,226192550.385,603841387.975,3044302465.40574,774206749.635702,29158644286.07,2864898872.68587,524386480.3025,88259569458.47,0,0,441076.14,1057098322.78,11,11
Fundo,2024-07-31,36113876000191,119,0,1,286262.62,4531928.397,65376646.445,220619608.37,610879024.315,2772666341.49099,752544679.345966,29086451648.9,2796727680.4849,545502377.87,89552816842.17,0,0,286262.62,1426717255.22,8,11
Fundo,2024-08-31,36113876000191,120,0,1,-93218.46,4636465.26375,62904738.435,224531210.195,617652924.84,2771352674.29148,734110210.060083,28024748502.93,2688263161.50391,554748186.405,88093225207.21,1,0,-93218.46,1439188389.52,9,12
Fundo,2024-09-30,36113876000191,119,0,1,-248106.55,4027598.023,61899270.075,222369127.63,599602653.41,2885678752.67299,750539275.599328,30062168634.58,2892533007.8346,537703383.335,89314173796.32,1,0,-248106.55,1322245068.87,9,11
Fundo,2024-10-31,36113876000191,74,0,1,-402768.04,6188469.088,84756868.1425,250343495.02,668878020.1675,3273487413.59574,599260822.723649,8622755183.33,1211912759.63995,584121152.025,44345300881.55,1,0,-402768.04,1506783416.97,4,5
Fundo,2024-11-30,36113876000191,63,0,1,-557660.93,7362416.679,86248845.205,245558818.57,639137150.075,3847818957.92399,631434441.884127,9664823490.46,1387042914.76808,552888304.87,39780369838.7,1,0,-557660.93,1454000416.83,4,4
Classe,2024-12-31,36113876000191,124,0,1,-720123.82,3824515.135,64448420.1475,202272494.855,486562592.685,2803899793.7495,748714778.407419,32451188820.53,3093593944.80197,422114172.5375,92840632522.52,1,1,-720123.82,1095130232.27,12,12
Classe,2025-01-31,36113876000191,125,0,1,-879177.34,2330588.853,68306699.64,209266268.38,464790017.41,2844413798.689,737454606.16472,33064806128.57,3120425142.90343,396483317.77,92181825770.59,1,0,-879177.34,957472850.54,12,10
Classe,2025-02-28,36113876000191,126,0,1,-1038392.13,2491661.24,65527975.0925,195202604.34,440884726.9925,2889394847.7475,726943884.395714,33633224187,3151430789.35544,375356751.9,91594929433.86,1,0,-1038392.13,957726506.64,12,10
Classe,2025-03-31,36113876000191,129,0,1,-1197633.48,1955346.322,51106391.18,180080480.84,440653136.87,2910149683.034,709011968.671861,34204564053.08,3153444132.40901,389546745.69,91462543958.67,1,0,-1197633.48,896937785.32,13,10
Classe,2025-04-30,36113876000191,131,0,1,-1356661.6,2329034.56,47792705.115,179800575.9,398082000.865,2941062005.4375,704440588.993893,34856578277.64,3175450888.46684,350289295.75,92281717158.2,1,0,-1356661.6,902047987.99,13,10
Classe,2025-05-31,36113876000191,133,0,1,-1514633.58,2125240.335,45732486.96,174916388.71,386845010.68,2533411137.377,684691608.451805,35580709128.07,3189695862.89296,341112523.72,91063983924.09,1,0,-1514633.58,882775614.44,14,11
Classe,2025-06-30,36113876000191,128,0,1,-1674240.25,3479055.903,47089478.4525,159585906.075,383719216.26,2317515414.8895,636249484.304844,36284585158.58,3230768657.28736,336629737.8075,81439933991.02,1,0,-1674240.25,839720597.79,13,8
Classe,2025-07-31,36113876000191,128,0,1,-1832723.6,442786.189750001,42208784.105,150789005.31,365134381.25,2317946387.86825,633739337.691953,37102975901.38,3304413312.47509,322925597.145,81118635224.57,1,1,-1832723.6,824478015.11,14,10
Classe,2025-08-31,36113876000191,127,0,1,-1995991.74,2229044.192,50749758.305,158262960.93,387122573.12,2333534049.426,650503009.398268,37869249267.85,3384133812.01159,336372814.815,82613882193.58,1,0,-1995991.74,835234332.28,14,9
Classe,2025-09-30,36113876000191,133,0,1,-2155559.37,1677050.714,45378403.03,150608821.72,375747941.54,2319066892.816,635933948.260226,38694288745.5,3379893693.97399,330369538.51,84579215118.61,1,1,-2155559.37,844525671.82,14,9
Classe,2025-10-31,36113876000191,133,0,1,0,2770917.487,45836255.04,154016796.02,401440652.24,2342580114.288,648979406.591955,39582128052.68,3456359813.93965,355604397.2,86314261076.73,0,1,0,861123486.41,13,9
Fundo,2025-11-30,36113876000191,136,0,1,0.01,2566432.72375,45898540.8975,157749493.025,386485842,2355457047.05875,643416744.957132,40332829232.06,3480613437.69087,340587301.1025,87504677314.17,0,0,0.01,865114367.8,14,7
Fundo,2025-12-31,36113876000191,145,0,1,0,2000970.646,45611764.95,148594948.74,364595591.6,2389543487.536,594009224.962759,36634922421.02,3070300204.7183,318983826.65,86131337619.6,0,2,0,797621905.52,15,7
Classe,2026-01-31,36113876000191,151,0,1,0,1759904.4275,43886348.335,147353281.91,363688596.95,2399625767.835,575481002.400729,37449368998.94,3072886419.1693,319802248.615,86897631362.51,0,1,0,835000600,14,7
Classe,2026-02-28,36113876000191,154,0,1,0,1774536.08325,41706159.495,149483529.11,364603716.6025,2549084500.9895,583742547.643182,38162690259.63,3102662488.41269,322897557.1075,89896352337.05,0,1,0,822322000.23,15,8
Classe,2026-03-31,36113876000191,151,0,1,0,1869933.0225,46095642.16,155012250.51,382969720.81,2597611133.2825,606187817.388808,39037751873.44,3204561147.64307,336874078.65,91534360425.71,0,1,0,852674262.01,13,9
Classe,2026-04-30,36113876000191,155,0,1,0.01,2233517.1705,49262683.185,149934056.61,362224713.61,2751002097.7615,616499889.706194,39850076373.6,3232446848.79731,312962030.425,95557482904.46,0,0,0.01,830879624.8,15,10
Classe,2026-05-31,36113876000191,155,0,1,0.01,2221499.0475,47174310.28,144118951.59,372940298.605,2820044761.521,629019677.03471,40658253334.57,3296109333.04058,325765988.325,97498049940.38,0,0,0.01,813412014.52,18,11
Classe,2026-06-30,36113876000191,159,0,1,0.01,2370611.7225,42557860.01,146783175.86,347305388.74,2884042055.0345,628403549.44673,41496046291.59,3324262144.45331,304747528.73,99916164362.03,0,0,0.01,797908932.37,19,11
Classe,2026-07-31,36113876000191,161,0,1,0.01,2443102.89,43437967.11,127299798.01,335651527.19,2969856970.06,629656831.512112,42401969319.92,3375140056.07508,292213560.08,101374749873.45,0,0,0.01,752133301.24,23,10
Classe,2026-08-31,36113876000191,169,0,1,0.01,2512115.064,46740315.68,158661723.89,401786564.47,2901467581.908,585284507.637692,33455157284.84,2635138700.97399,355046248.79,98913081790.77,0,0,0.01,899425408.52,18,13
Fundo,2020-11-30,11758741000152,29,0,1,0,0,12647390.51,30543957.7,62106652.13,650257786.380001,101587374.071034,1667715565.9,305518697.531918,49459261.62,2946033848.06,0,2,0,96282630.21,3,1
Fundo,2020-12-31,11758741000152,29,0,1,0,0,12707726.54,30065435.11,59862446.46,673582713.400001,101976237.214483,1725732627.95,316133727.665885,47154719.92,2957310879.22,0,2,0,97064880.31,3,1
Fundo,2021-01-31,11758741000152,28,0,1,0,0,15650421.6025,29258418.425,57340733.9425,726639975.497249,105386989.808571,1762087118.31,328451767.852291,41690312.34,2950835714.64,0,2,0,97748364.1,3,1
Fundo,2021-02-28,11758741000152,26,0,1,1154845.31,1955198.62875,20304577.76,30778225.325,65137837.69,822226789.415,114872626.230769,1807036658.74,348479860.683256,44833259.93,2986688282,0,0,1154845.31,118379722.83,2,1
Fundo,2021-03-31,11758741000152,26,0,1,1153537.32,1888026.4325,18656960.0525,31281085.86,65745349.6625,842470053.2325,117668540.083462,1853916842.62,357654523.803095,47088389.61,3059382042.17,0,0,1153537.32,133077398.88,2,1
Fundo,2021-04-30,11758741000152,26,0,1,1152556.49,2469832.74,17387702.29,31864286.285,65937102.3475,864940756.62875,120332466.35,1904795708.76,367859751.150262,48549400.0575,3128644125.1,0,0,1152556.49,103768742.38,3,1
Fundo,2021-05-31,11758741000152,26,0,1,1151702.6,2427560.9875,17505235.09,32066579.4,66302323.16,888653014.3275,122493923.089615,1955224497.04,377572901.431529,48797088.07,3184842000.33,0,0,1151702.6,104870934.26,3,1
Fundo,2021-06-30,11758741000152,26,0,1,1150762.08,2394131.14875,17697439.7325,30072240.68,65604225.1875,861511825.45125,119594177.431154,1868151715.87,361205838.160703,47906785.455,3109448613.21,0,0,1150762.08,105702691.61,3,1
Fundo,2021-07-31,11758741000152,26,0,1,1149647.11,2380879.09125,18408536.4075,30109611.375,57373948.09,882202741.01,120536713.771538,1917864164.06,371047652.882986,38965411.6825,3133954558.06,0,0,1149647.11,106598049.96,3,1
Fundo,2021-08-31,11758741000152,26,0,1,1148257.15,2366471.225,18642340.7,33245998.29,58071749.78,904407112.21125,123976951.384231,1969358464.23,381175931.326208,39429409.08,3223400735.99,0,0,1148257.15,107454030.65,3,1
Fundo,2021-09-30,11758741000152,26,0,1,1148362.25,2317234.1875,18979152.6125,32163872.765,58717162.8825,926934388.75875,126893507.431154,2021059430.59,391152437.926281,39738010.27,3299231193.21,0,0,1148362.25,107827236.87,3,1
Fundo,2021-10-31,11758741000152,26,0,1,1147676.12,2274259.10125,19613921.31,34006726.03,59160110.0875,948261559.295,128263634.187308,2071400765.02,400833046.748516,39546188.7775,3334854488.87,0,0,1147676.12,108252007.1,3,1
Fundo,2021-11-30,11758741000152,26,0,1,1147127.04,2238433.65875,19146533.985,34890228.88,65829651.8325,970353525.95875,130790786.783077,2122069592.99,410624821.617474,46683117.8475,3400560456.36,0,0,1147127.04,109201008.4,3,1
Fundo,2021-12-31,11758741000152,27,0,1,1146059.49,2237216.2775,21196579.26,37963594.4,63965793.1,967035056.468996,133485952.528519,2227828809.87,423088610.923779,42769213.84,3604120718.27,0,0,1146059.49,110347004.41,3,1
Fundo,2022-01-31,11758741000152,26,0,1,1145320.71,2216763.80375,19705547.7325,35571601.22,66169795.515,1037328839.86,138500224.689615,2277040058.46,441088772.39071,46464247.7825,3601005841.93,0,0,1145320.71,111464727.58,3,1
Fundo,2022-02-28,11758741000152,26,0,1,1144768.24,1171080.67125,19737164.6525,26536095.03,66536572.52,1061167248.265,138669695.796154,2333652887.89,452224883.618729,46799407.8675,3605412090.7,0,0,1144768.24,111640178.51,3,1
Fundo,2022-03-31,11758741000152,26,0,1,316773.46,834028.15375,16187483.235,31388105.715,66768324.8825,1081389848.78375,143275149.651538,2377348572.29,460857058.611458,50580841.6475,3725153890.94,0,0,316773.46,112847874.52,3,1
Fundo,2022-04-30,11758741000152,26,0,1,369275.1,853342.975,20418748.7075,31942069.37,69321114.895,1098732998.68875,144693171.21,2413898707.67,467872694.506096,48902366.1875,3762022451.46,0,0,369275.1,113567598.65,3,1
Fundo,2022-05-31,11758741000152,26,0,1,317051.88,476361.12375,19599999.7275,28909391.44,70600537.77,1119165581.46,147092524.293462,2456389812.01,476385460.984256,51000538.0425,3824405631.63,0,0,317051.88,103568235.41,3,1
Fundo,2022-06-30,11758741000152,26,0,1,523204.77,552924.32,15324010.6875,30573353.39,72318723.115,1136248852.59,149071100.874231,2493641688.59,483593322.690184,56994712.4275,3875848622.73,0,0,523204.77,105073767.59,3,1
Fundo,2022-07-31,11758741000152,26,0,1,80351.04,386095.04625,10405576.1575,28675377.23,67649307.3075,1152476563.9975,149064190.207692,2525601330.21,490750248.638195,57243731.15,3875668945.4,0,0,80351.04,106443176.03,3,1
Fundo,2022-08-31,11758741000152,25,0,1,0,341205.468,9544800.21,27734391.73,65428301.24,1226128325.246,152901671.682,2563072540.16,507917623.306335,55883501.03,3822541792.05,0,1,0,108119941.21,3,1
Fundo,2022-09-30,11758741000152,25,0,1,0,340257.936,9121084.2,28676861.98,65684004.65,1241797775.276,156390705.9792,2592311611.46,513910112.956581,56562920.45,3909767649.48,0,1,0,109669961.37,3,2
Fundo,2022-10-31,11758741000152,24,0,1,566062.16,1139234.5455,12135315.435,31863076.58,67925288.245,1314396401.02575,165421941.906667,2620188913.29,529844650.634163,55789972.81,3970126605.76,0,0,566062.16,111223057.95,3,1
Fundo,2022-11-30,11758741000152,24,0,1,564874.92,1120099.9455,12188472.4175,31478624.18,69444088.215,1240860993.4325,157499705.392917,2438070221.94,493072108.49231,57255615.7975,3779992929.43,0,0,564874.92,112792095.64,3,1
Fundo,2022-12-31,11758741000152,24,0,1,0,0,12330135.615,32310391.425,70444735.68,1264595975.32375,159945284.279167,2484136826.16,502316763.60703,58114600.065,3838686822.7,0,2,0,114587247.11,3,3
Fundo,2023-01-31,11758741000152,24,0,1,0,0,13468840.0175,34896653.025,70865398.465,1152357798.7145,148400510.749583,2216961990.39,448237348.592914,57396558.4475,3561612257.99,0,2,0,116411650.64,3,3
Fundo,2023-02-28,11758741000152,24,0,1,0,0,13705310.4425,31385037.06,72384452.05,1159628786.71775,149043688.829167,2232564683.94,451505301.637821,58679141.6075,3577048531.9,0,2,0,117916103.49,3,3
Fundo,2023-03-31,11758741000152,24,0,1,0,0,17035139.8225,32395836.865,73758446.8275,1184833255.36725,154237845.495417,2282203097.33,461578451.274894,56723307.005,3701708291.89,0,2,0,119485338.62,3,1
Fundo,2023-04-30,11758741000152,23,0,1,0,0,18208573.82,37261746.19,78677160.495,1259148623.7085,161945289.453478,2337389713.42,481980684.978419,60468586.675,3724741657.43,0,2,0,120565407.17,3,3
Fundo,2023-05-31,11758741000152,23,0,1,0,0,15162799.37,37305660.47,84260624.235,1281708510.6665,165315217.975217,2386730728.07,492581080.968022,69097824.865,3802250013.43,0,2,0,122034628.69,3,3
Fundo,2023-06-30,11758741000152,23,0,1,0,0,12832364.64,37891649.38,92960417.03,1308915572.708,175899231.236957,2447937094.94,504807252.663339,80128052.39,4045682318.45,0,2,0,202873592.08,3,3
Fundo,2023-07-31,11758741000152,22,0,1,0,428317.113,17569513.11,39386178.1,96197958.9625,1249248177.66825,173480938.620455,2211672676.86,465636232.993349,78628445.8525,3816580649.65,0,1,0,207206072.06,3,2
Fundo,2023-08-31,11758741000152,21,0,1,813272.31,828239.815,24599152.27,40691095.75,100421663.98,1377883126.525,188976024.157143,2266501338.98,489849560.31952,75822511.71,3968496507.3,0,0,813272.31,202655560.97,3,1
Fundo,2023-09-30,11758741000152,21,0,1,842688.29,1591287.285,23436875.49,41993034.23,102287945.28,1409252294.055,197691857.413333,2325929517.96,503095909.309527,78851069.79,4151529005.68,0,0,842688.29,125993722.35,4,1
Fundo,2023-10-31,11758741000152,21,0,1,0,1192298.9,23541501.14,42432106.48,104062379.08,1449004188.89,203206635.358571,2388836594.69,517044566.74141,80520877.94,4267339342.53,0,1,0,127539620.19,4,1
Fundo,2023-11-30,11758741000152,21,0,1,0,5236330.7,23666516.23,43750456.05,105692859.38,1479869855.87,208338529.577619,2448177513.7,529651085.283369,82026343.15,4375109121.13,0,1,0,128723334.7,4,1
Fundo,2023-12-31,11758741000152,21,0,1,0,5678305.77,24186792.96,42633650.33,108194726.83,1541922343.265,227454050.844762,2525835796.15,551463071.797412,84007933.87,4776535067.74,0,1,0,128204084.3,4,1
Fundo,2024-01-31,11758741000152,21,0,1,0,1304634.1,23616746.3,42269760.17,109948154.48,1553489107.9,224447411.365238,2572225453.61,558707463.471441,86331408.18,4713395638.67,0,1,0,129402533.79,4,2
Fundo,2024-02-29,11758741000152,20,0,1,0,3458007.98475,23455066.8725,41632298.565,116349045.1975,1639502155.97575,236030757.395,2629885533.47,583854260.905104,92893978.325,4720615147.9,0,1,0,130354960.24,4,2
Fundo,2024-03-31,11758741000152,20,0,1,0,3485316.20025,25296048.92,41240207.035,117817409.945,1630512697.85725,236008623.966,2605025760.13,578617826.900983,92521361.025,4720172479.32,0,1,0,131409456.98,4,2
Fundo,2024-04-30,11758741000152,19,0,1,7397870.11,9225494.6605,26005581.24,42589169.2,123906635.205,1722707594.2505,254280352.66579,2678958438.14,608439626.062041,97901053.965,4831326700.65,0,0,7397870.11,132625257.93,4,1
Fundo,2024-05-31,11758741000152,19,0,1,7464348.7,9104888.005,26331366.94,42923267.01,125694511.57,1817854592.2725,265545965.867895,2846803839.69,646113714.857847,99363144.63,5045373351.49,0,0,7464348.7,134304497.97,4,1
Fundo,2024-06-30,11758741000152,19,0,1,7526519.65,9113268.106,26446533.265,43123524.38,126463361.725,1922790186.244,277287488.936842,3008590856.74,683482208.127824,100016828.46,5268462289.8,0,0,7526519.65,134158693.49,4,1
Fundo,2024-07-31,11758741000152,19,0,1,11239441.94,12496557.2465,25853855.075,43726455.26,128316159.685,1965827264.469,284060901.039474,3084936846.81,700694330.696675,102462304.61,5397157119.75,0,0,11239441.94,135911370.72,4,1
Fundo,2024-08-31,11758741000152,19,0,1,11374569.06,13316135.5455,25168089.29,45492908.94,129763771.455,2023381092.5885,290205103.517368,3177453121.94,721521376.066451,104595682.165,5513896966.83,0,0,11374569.06,137043257.95,4,1
Fundo,2024-09-30,11758741000152,19,0,1,11653426.68,13538794.6815,27168997.56,48590308.86,131307789.51,2082018741.581,292556842.405263,3283665644.72,744059308.163539,104138791.95,5558580005.7,0,0,11653426.68,138158918.95,4,1
Fundo,2024-10-31,11758741000152,17,0,1,11907169.81,12745354.498,30782920.43,51299022.9,139420628.37,2209745993.908,307462752.348235,3276798884.32,781937682.381352,108637707.94,5226866789.92,0,0,11907169.81,240400427,3,1
Fundo,2024-11-30,11758741000152,11,0,1,12555917.1,12951900.905,28060229.975,51872402.77,181370313.1,2530924545.6275,389706729.326364,3242016273.93,953171635.247847,153310083.125,4286774022.59,0,0,12555917.1,397649360.72,1,1
Classe,2024-12-31,11758741000152,16,0,1,13117421.68,13559671.3525,24934767.1,63727258.915,136492886.7325,2165317694.37,286934113.295,3254532627,796438242.74985,111558119.6325,4590945812.72,0,0,13117421.68,213387040.72,2,1
Classe,2025-01-31,11758741000152,17,0,1,13353786.77,14201447.674,25396882.05,51437123.25,115920191.84,2158365422.454,279053897.945294,3329221428.25,791834090.074036,90523309.79,4743916265.07,0,0,13353786.77,200767376.44,2,1
Classe,2025-02-28,11758741000152,17,0,1,12644210.78,13030949.064,25281925.21,51951661.64,115980066.51,2201988721.4,283800610.250588,3395536525.78,807865116.140784,90698141.3,4824610374.26,0,0,12644210.78,203047478.26,2,1
Classe,2025-03-31,11758741000152,17,0,1,11786486.12,12632013.484,25706603.43,52455130.34,117426909.18,2220505089.864,285086092.333529,3460826645.46,823052583.594917,91720305.75,4846463569.67,0,0,11786486.12,200368270.23,2,1
Classe,2025-04-30,11758741000152,17,0,1,12439659.04,13114917.628,26028894.04,55146586.32,119000739.59,2293809726.062,294978229.779412,3524935896.73,839034749.692034,92971845.55,5014629906.25,0,0,12439659.04,206214459.57,2,1
Classe,2025-05-31,11758741000152,17,0,1,14329097.68,14843349.896,26321946.25,56751199.39,119501695.28,2435488729.97001,307551232.947059,3738688944.53,891105063.426519,93179749.03,5228370960.1,0,0,14329097.68,176337693.19,2,1
Classe,2025-06-30,11758741000152,17,0,1,14454221.8,18069912.336,37992006.11,88803392.47,121297946.81,2473778124.99801,319358850.457059,3798428147.09,903608208.177299,83305940.7,5429100457.77,0,0,14454221.8,220644668.62,2,1
Classe,2025-07-31,11758741000152,17,0,1,14768015.5,18562913.324,38531429.66,89084178.74,123871131.15,2510399765.886,327925291.748824,3829061231.49,911202936.055991,85339701.49,5574729959.73,0,0,14768015.5,147948996.17,3,1
Classe,2025-08-31,11758741000152,17,0,1,15097055.53,18996283.746,39035335.92,81663345.46,125337171.07,2553506069.08001,332687873.646471,3899717504.72,928040124.535962,86301835.15,5655693851.99,0,0,15097055.53,150115774.51,3,1
Classe,2025-09-30,11758741000152,17,0,1,15402591.09,18570728.286,27835057.41,54894635.23,126787399.05,2607819010.29201,335125585.831765,3980191574.3,948433283.83358,98952341.64,5697134959.14,0,0,15402591.09,273637386.36,2,1
Classe,2025-10-31,11758741000152,17,0,1,11140322.11,13024528.45,28134924.25,54041274.11,128420021.39,2669438338.22001,340606899.692353,4062998535.96,969003407.468563,100285097.14,5790317294.77,0,0,11140322.11,260327456.33,2,1
Classe,2025-11-30,11758741000152,17,0,1,8677893.97,11670701.134,28546028.84,54865871,130364043.49,2246766593.736,298170855.404118,3363702860.38,801424689.107098,101818014.65,5068904541.87,0,0,8677893.97,252785249.9,2,1
Classe,2025-12-31,11758741000152,17,0,1,9075591.8,11735985.348,28987391.69,55629278.86,132601942.96,2276615565.022,302067313.643529,3444827040.55,819805190.370335,103614551.27,5135144331.94,0,0,9075591.8,279735220.38,2,1
Classe,2026-01-31,11758741000152,17,0,1,8192083.13,11282834.238,28734092.86,54647019.73,135117397.65,2341835063.668,308181636.236471,3521232959.74,839035844.179693,106383304.79,5239087816.02,0,0,8192083.13,255114844.47,2,1
Classe,2026-02-28,11758741000152,17,0,1,8289188.92,11344719.116,29058511.87,55163389.08,137412272.93,2410097897.588,315777282.104706,3614338596.8,861824736.979165,108353761.06,5368213795.78,0,0,8289188.92,251278008.85,2,1
Classe,2026-03-31,11758741000152,17,0,1,8407472.74,11664650.232,30289413.88,58196503,140157358.39,2341459885.432,309578462.105294,3524344767.86,839216150.175108,109867944.51,5262833855.79,0,0,8407472.74,252815009.53,2,1
Classe,2026-04-30,11758741000152,17,0,1,8513422.65,11828471.386,30749992.59,59575170.75,142772967.72,2383477939.53,315289142.002353,3569002320.45,850482845.935879,112022975.13,5359915414.04,0,0,8513422.65,257160673.21,2,1
Classe,2026-05-31,11758741000152,17,0,1,8626915.91,11999320.938,31275200.22,60321170.29,145360760.4,2370682096.128,313972555.211765,3576638053.52,851229610.503895,114085560.18,5337533438.6,0,0,8626915.91,255900473.71,2,1
Classe,2026-06-30,11758741000152,17,0,1,8741201.21,12165357.77,31472558.59,59618554.37,147835225.3,2417275128.476,318893399.195882,3666009327,872174083.381605,116362666.71,5421187786.33,0,0,8741201.21,256890104.05,2,1
Fundo,2025-12-31,62285390000140,562,0,1,-272845.5,0,13754155.4225,53025397.955,152181259.5325,896682803.266502,138319641.1479,2820828969.74,277679228.233818,138427104.11,77735638325.12,1,55,-272845.5,358187698.11,36,7
Fundo,2026-01-31,62285390000140,491,0,1,-486753.79,1071886.5025,23410340.035,68150216.25,163277691.86,1079531641.185,155326313.211263,2865664233.16,305894064.932855,139867351.825,76265219786.73,2,3,-486753.79,363787924.26,36,18
Fundo,2024-10-31,62285390000140,177,0,1,-12907.21,0,19511741.49,71018514.46,147790793.2,887545965.868,149464761.245763,2615019128.77,291601098.62508,128279051.71,26455262740.5,1,11,-12907.21,333565698.54,17,3
Fundo,2024-11-30,62285390000140,124,0,1,-12907.21,0,20469736.26,83238137.7,169669289.3025,912869366.372,172347566.754677,2585367050.55,321397491.562247,149199553.0425,21371098277.58,1,8,-12907.21,360918063.99,13,3
Fundo legado,2020-01-31,16695922000109,17,0,1,752395.72,1513408.272,5227855.74,16263274.57,19121850.33,231612427.968,37257978.8288235,339378938.92,79837798.9356182,13893994.59,633385640.09,0,0,752395.72,30756367.77,3,0
Fundo legado,2020-02-29,16695922000109,18,0,1,72664.94,317757.0935,3831205.925,16155596.26,19248641.925,251277799.352,38516118.5872222,340996441.31,81183381.5664144,15417436,693290134.57,0,0,72664.94,31569637.93,3,1
Fundo legado,2020-03-31,16695922000109,18,0,1,48813.61,225858.92425,3627849.445,15754552.095,19626535.0075,251062084.50175,40339394.5172222,340616621.69,81686764.6130851,15998685.5625,726109101.31,0,0,48813.61,32538988.62,3,2
Fundo legado,2020-04-30,16695922000109,19,0,1,27163.55,233114.663,3258300.89,14073914.99,19553290.735,247843399.7135,38076088.9273684,344531040.23,80784207.2766255,16294989.845,723445689.62,0,0,27163.55,28583176.61,3,2
Fundo legado,2020-05-31,16695922000109,19,0,1,2911.01,200247.2015,3640963.305,8166969.21,19722918.465,248655403.286,37470640.7273684,346058667.44,81327782.473082,16081955.16,711942173.82,0,0,2911.01,28710025.93,3,2
Fundo legado,2020-06-30,16695922000109,20,0,1,4471.93,174093.44675,3338267.765,8921896.59,20043763.4825,245793759.154,36386553.838,350968786.1,80423664.1999773,16705495.7175,727731076.76,0,0,4471.93,29035354.96,3,2
Fundo legado,2020-07-31,16695922000109,22,0,1,60481.21,260214.8665,3193753.05,8007601.825,20227409.9975,236181897.84725,34502947.2281818,353961197.27,77475127.324923,17033656.9475,759064839.02,0,0,60481.21,29289470.85,3,1
Fundo legado,2020-08-31,16695922000109,22,0,1,47108.74,291830.245,2953959.6375,9862227.325,20254140.405,239119640.938,34168725.1490909,360200234.74,78149118.5121564,17300180.7675,751711953.28,0,0,47108.74,29655629.26,3,1
Fundo legado,2020-09-30,16695922000109,22,0,1,0,172219.33575,2714092.405,9156490.96,20550914.635,227385767.16125,32802619.0618182,335259313.37,73394440.4323344,17836822.23,721657619.36,0,1,0,29810253.08,3,1
Fundo legado,2020-10-31,16695922000109,22,0,1,584185.07,659667.84275,3200899.29,9769048.055,21314025.5575,230969410.93725,33775315.3086364,342892565.31,74711777.3767566,18113126.2675,743056936.79,0,0,584185.07,30273721.36,3,0
Fundo,2020-11-30,15489568000195,15,0,1,794767.3,1008280.8975,9468422.73,25403878.53,43469459.35,261632744.2715,51775590.2853333,342576147.48,86906330.8052409,34001036.62,776633854.28,0,0,794767.3,51813426.25,3,0
Fundo,2020-12-31,15489568000195,14,0,1,811182.11,952812.06275,8930617.2375,20797589.065,37115504.7825,265134238.20325,48922249.4664286,346955146.98,89510761.3297219,28184887.545,684911492.53,0,0,811182.11,56502110.36,2,0
Fundo,2021-01-31,15489568000195,12,0,1,509958.2,591818.37675,8951588.59,21313862.38,37379048.87,283281041.483,52824108.0466667,354636717.27,98507207.6664747,28427460.28,633889296.56,0,0,509958.2,41616546.92,2,0
Fundo,2021-02-28,15489568000195,11,0,1,810921.33,911275.9375,6796498.065,20125549.27,35668413.455,310386769.2675,53936105.7790909,397493413.28,115027509.0797,28871915.39,593297163.57,0,0,810921.33,49066837.23,1,0
Fundo,2021-03-31,15489568000195,10,0,1,820942.26,1460599.69875,12380922.1925,23082636.035,37049295.235,328948712.5545,60841037.993,410783364.63,123854029.721467,24668373.0425,608410379.93,0,0,820942.26,47073799.85,1,0
Fundo,2021-04-30,15489568000195,9,0,1,838521.58,1362080.358,23262598.85,27101832.22,38552799.45,304278185.158,63132166.8011111,368344306.87,115456125.527934,15290200.6,568189501.21,0,0,838521.58,48013698.31,1,0
Fundo,2021-05-31,15489568000195,10,0,1,850704.94,1390731.679,23093944.6925,33414989.985,43361974.1725,319131168.77175,71055416.786,371955858.45,112315837.137781,20268029.48,710554167.86,0,0,850704.94,45084905.85,2,0
Fundo,2021-06-30,15489568000195,9,0,1,865039.64,1302217.858,25873406.78,36332653.15,43488141.65,326476967.87,77126661.3322222,373480612.38,118141210.135166,17614734.87,694139951.99,0,0,865039.64,43488141.65,2,0
Fundo,2021-07-31,15489568000195,9,0,1,811025.91,1257290.846,5632385.53,37015623.26,46393967.93,330872874.088,76396146.32,376138156.74,121118958.943927,40761582.4,687565316.88,0,0,811025.91,46393967.93,2,0
Fundo,2021-08-31,15489568000195,11,0,1,22853.09,240797.0375,1717989.885,37059030.6,43825197.88,315501021.5175,62814719.0063636,370343332.25,110997405.85698,42107207.995,690961909.07,0,0,22853.09,46830747.47,2,0
Fundo,2021-09-30,15489568000195,9,0,1,-22426.86,516083.28,3129429.32,38591054.93,47181739.94,329599096.408,74188530.2466667,373876140.02,121990419.707789,44052310.62,667696772.22,1,0,-22426.86,47181739.94,2,1
Fundo,2021-10-31,15489568000195,9,0,1,-37545.41,501851.478,3158424.15,41891424.29,47551348.82,316826594.978,72940673.2088889,357602056.5,116989327.69389,44392924.67,656466058.88,1,0,-37545.41,47551348.82,2,1
Fundo,2021-11-30,15489568000195,9,0,1,-555.36,549319.084,3111405.85,38499742.47,42524759.66,266634798.032,66367794.6833333,290537681.31,99417207.1470435,39413353.81,597310152.15,1,0,-555.36,42524759.66,2,1
Fundo,2021-12-31,15489568000195,9,0,1,36438.67,67222.432,2720422.1,7871418.48,43235299.71,269773216.282,62673047.5722222,293240197.49,103050025.48012,40514877.61,564057428.15,0,0,36438.67,43235299.71,2,0
Fundo,2022-01-31,15489568000195,9,0,1,3297.41,31310.872,2691013.16,7858523.81,43931951.47,271519646.422,62291407.2744444,295754186.49,103749754.476173,41240938.31,560622665.47,0,0,3297.41,43931951.47,2,0
Fundo,2022-02-28,16695922000109,19,0,1,39046.86,68005.773,925935.04,1764737,10805936.555,171642322.1465,20741948.8636842,296492290.28,67056324.3689132,9880001.515,394097028.41,0,0,39046.86,19047916.65,1,0
Fundo,2022-03-31,16695922000109,21,0,1,26962.83,63481.415,919118.06,5088771.02,12505473.89,160454544.14,20914293.0195238,293870559.54,63083208.0469032,11586355.83,439200153.41,0,0,26962.83,27038528.74,1,0
Fundo,2022-04-30,16695922000109,21,0,1,-4013.31,151111.845,910823.5,7895154.4,14159252.87,158894868.13,21739122.1914286,290008741.33,62027188.1768057,13248429.37,456521566.02,1,0,-4013.31,27780994.93,1,1
Fundo,2022-05-31,16695922000109,26,0,1,-33379.22,306933.71125,1786170.4575,6815434.76,14588528.98,127553765.35125,19509331.1596154,292872618.77,56309444.0686629,12802358.5225,507242610.15,1,0,-33379.22,28362453.3,1,1
Fundo,2022-06-30,16695922000109,28,0,1,-33379.22,314567.755,1375698.6125,6233501.69,13107493.23,114604444.81525,18503624.7110714,291855398.17,54207877.6792604,11731794.6175,518101491.91,1,0,-33379.22,29261393.2,1,1
Fundo,2022-07-31,16695922000109,31,0,1,-83462.61,329518.26,1524713.975,5486792.31,12439704.675,96015321.08,17507781.9596774,296277104.72,52373722.8174327,10914990.7,542741240.75,1,0,-83462.61,25094788.99,2,1
Fundo,2022-08-31,16695922000109,33,0,1,453774.61,481781.61,2012170.5,6580393.15,12625737.05,129865813.266001,19810097.6809091,299976224.25,52810518.2785036,10613566.55,653733223.47,0,0,453774.61,26962868.88,3,0
Fundo,2022-09-30,16695922000109,35,0,1,0,378231.691,2029637.59,6152790.63,14264276.17,96668328.6184997,19019060.4474286,303112611.9,50979038.267913,12234638.58,665667115.66,0,1,0,30974111.63,2,1
Fundo,2022-10-31,16695922000109,39,0,1,430931.16,492232.665,2250812.645,7151657.35,15757895.685,73937748.9014993,19366855.0158974,307240255.06,49075046.9343409,13507083.04,755307345.62,0,0,430931.16,35559565.01,2,0
Fundo,2022-11-30,16695922000109,45,0,1,88122.94,421021.68,1997994.49,7660108.14,20468816.61,122838197.97,20794127.554,310015048.99,49237257.0155075,18470822.12,935735739.93,0,0,88122.94,39335912.43,3,0
Fundo,2022-12-31,16695922000109,51,0,1,133849.41,454934.4275,2299274.17,7878938.46,25966501.31,112576405.705,22940552.7894118,314094484.13,47593655.6097668,23667227.14,1169968192.26,0,0,133849.41,54659570.03,3,0
Fundo,2023-01-31,16695922000109,48,0,1,99591.33,217113.5,2347020.1375,9049791.275,35636904.7825,119120832.37275,25191300.4585417,318257606.37,49689854.5538162,33289884.645,1209182422.01,0,0,99591.33,69821611.41,2,0
Fundo,2023-02-28,16695922000109,57,0,1,94769.8,324167.33,2911558.3,8837912.94,29119094.97,111949310.472,23288092.8147368,325040838.44,47122404.9389694,26207536.67,1327421290.44,0,0,94769.8,53547407.31,3,0
Fundo,2023-03-31,16695922000109,62,0,1,-29605.79,161860.7515,4315487.23,8668755.205,19098635.25,211179884.977,27430718.8317742,311337553.78,57365578.6759336,14783148.02,1700704567.57,1,0,-29605.79,38654684.58,11,1
Fundo,2023-04-30,16695922000109,72,0,1,10000,121061.77525,3392339.16,6864222.3,16066312.4925,168799817.148499,24913660.165,311337553.78,54279617.5891382,12673973.3325,1793783531.88,0,0,10000,34822237.26,12,0
Fundo,2023-05-31,16695922000109,77,0,1,87640.83,215175.684,3443460.04,8908159.46,19799212.35,131438697.365,23478714.4650649,307493940.86,44172714.5751858,16355752.31,1807861013.81,0,0,87640.83,36052660.58,13,0
Fundo,2023-06-30,16695922000109,76,0,1,87976.2,361304.99875,4119829.525,9567358.23,18909829.65,132090475.66,24798456.4085526,310896616.75,44777812.6070179,14790000.125,1884682687.05,0,0,87976.2,35723908.01,14,0
Fundo,2023-07-31,16695922000109,80,0,1,86500.63,346323.855,4241324.2925,10173482.51,19417540.555,134841223.5695,25332418.34125,314204939.28,45285715.9824206,15176216.2625,2026593467.3,0,0,86500.63,35549589.93,16,0
Fundo,2023-08-31,16695922000109,81,0,1,-13493.92,97991.31,4711982.3,10568601.79,22513736.9,154417155.98,28249545.1914815,317766193.68,48364307.6875038,17801754.6,2288213160.51,1,0,-13493.92,47859035.32,14,1
Fundo,2023-09-30,16695922000109,88,0,1,77879.42,121796.07575,5099333.5375,11834577.3,29231250.575,168118081.80325,38333527.3586364,736809968.97,90564497.7677912,24131917.0375,3373350407.56,0,0,77879.42,65036928.12,12,0
Fundo,2023-10-31,16695922000109,86,0,1,-282453.08,59799.0175,4618925.1175,11900860.06,30888334.37,159897000.2825,36516553.189186,736495640.59,89568067.2484546,26269409.2525,3140423574.27,1,0,-282453.08,68692594.69,8,1
Fundo,2023-11-30,16695922000109,85,0,1,-442136.29,160190.926,6172037.16,12868785.29,32645026.26,161921918.401,37606741.3556471,736269796.36,90020317.0627378,26472989.1,3196573015.23,1,0,-442136.29,69007834.21,8,1
Fundo,2023-12-31,16695922000109,90,0,1,-310554.37,103198.68175,6360035.11,14848378.2,32644512.6225,238450835.534249,39164500.4171111,735954134.29,90865164.115078,26284477.5125,3524805037.54,1,0,-310554.37,64947881.41,11,1
Fundo,2024-01-31,16695922000109,93,0,1,88183.63,695501.265,6440652.07,16055774.15,31414998.31,229323838.297,39496654.5435484,735627373.84,89597399.4309406,24974346.24,3673188872.55,0,0,88183.63,68621009.63,11,0
Fundo,2024-02-29,16695922000109,95,0,1,5442.94,946313.173,6930579.7,16951967.41,34443051.52,249561324.836,42368244.453579,735346026.22,91764750.8418035,27512471.82,4024983223.09,0,0,5442.94,61233077.64,13,0
Fundo,2024-03-31,16695922000109,96,0,1,-5860.05,941762.5375,6143335.5725,17259401.875,32106279.4825,255712793.36,42171758.7478125,735049747.5,91765926.2290582,25962943.91,4048488839.79,1,0,-5860.05,60751704.04,13,1
Fundo,2024-04-30,16695922000109,102,0,1,0,739110.025,6329373.52,18414454.67,35550853.2125,307840380.067,45300768.3898039,734722896.74,95977456.2971168,29221479.6925,4620678375.76,0,1,0,78574577.33,13,1
Fundo,2024-05-31,16695922000109,106,0,1,0,238821.125,6959201.4025,16774214.7,37665395.4725,313111632.50125,45963423.465,734511995.72,96975523.8317616,30706194.07,4872122887.29,0,3,0,82504753.02,12,3
Fundo,2024-06-30,16695922000109,115,0,1,0,0,5140032.995,16679595.7,39758899.425,318983249.4135,45533354.0198261,734244949.41,96179940.1688264,34618866.43,5236335712.28,0,4,0,83497354.59,13,0
Fundo,2024-07-31,16695922000109,116,0,1,0,0,5385959.2075,16242818.43,40168667.835,367375587.19,50782261.8009483,736575581.55,107302285.507704,34782708.6275,5890742368.91,0,4,0,90601119.47,15,4
Fundo,2024-08-31,16695922000109,120,0,1,0,0,4913253.8975,17473567.395,40364028.2875,357051428.686999,51300200.1746667,736441196.16,106501038.635711,35450774.39,6156024020.96,0,4,0,79990170.9,15,0
Fundo,2024-09-30,16695922000109,126,0,1,-46755.15,0,5672252.08,18032418.735,40512826.7175,355742222.92,50936887.5178571,736284891.95,104208587.517952,34840574.6375,6418047827.25,1,5,-46755.15,81428487.16,16,1
Fundo,2024-10-31,16695922000109,89,0,1,0,0,7741184.39,21015782.7,46141864.94,341606663.998,53282603.161236,736166156.36,101569748.343303,38400680.55,4742151681.35,0,5,0,84275737.77,12,0
Fundo,2024-11-30,16695922000109,91,0,1,0,0,8179164.18,21009043.27,51272815.14,335550985.55,53482951.4752747,736004287.15,100728926.578965,43093650.96,4866948584.25,0,5,0,102800204.18,12,0
Fundo,2024-12-31,16695922000109,90,0,1,0,0,9059238.7975,21756400.745,57096699.42,324282621.9485,56394992.0222222,735865235.72,101990149.142405,48037460.6225,5075549282,0,5,0,112467907.98,12,1
Fundo,2025-01-31,16695922000109,86,0,1,0,42374.61875,10150883.2075,23803726.28,57700449.3525,327559801.9025,59510637.5838372,735717888.53,103568213.396754,47549566.145,5117914832.21,0,3,0,115740525.15,12,1
Fundo,2025-02-28,16695922000109,88,0,1,0,340.212250000001,11027738.395,24480816.9,73743221.7525,326364290.7355,62283327.6493182,734783833.01,104278520.169234,62715483.3575,5480932833.14,0,3,0,161827873.73,9,1
Classe,2025-03-31,16695922000109,89,0,1,0,334096.218,7823909.52,19838416.77,43579233.98,260002973.998,49581631.4307865,580762673.34,92419431.4294783,35755324.46,4412765197.34,0,2,0,92916491.18,13,2
Fundo,2025-03-31,16695922000109,86,0,1,-589671.48,0,9916170.49,23866422.61,65823332.14,331343125.9,61347226.1968605,734678198.48,104761341.494958,55907161.65,5275861452.93,1,3,-589671.48,142604577.12,10,2
Classe,2025-04-30,16695922000109,92,0,1,0,27196.9005,8284536.415,21746148.635,50610728.6325,268779816.825,53359240.731087,581371036.5,96318945.8563065,42326192.2175,4909050147.26,0,3,0,105843632.65,12,3
Fundo,2025-04-30,16695922000109,86,0,1,-63568.36,0,9918791.86,24649033.765,63026369.91,334360174.88875,61966371.7186047,734548209.08,105300780.33523,53107578.05,5329107967.8,1,3,-63568.36,135557830.29,11,2
Classe,2025-05-31,16695922000109,97,0,1,0,33166.54,8236794.54,19079470.53,46603129.57,272920288.486,57325432.4759794,948113208.84,124407856.794656,38366335.03,5560566950.17,0,3,0,101956024.39,13,3
Fundo,2025-05-31,16695922000109,88,0,1,-92730.38,0,9329870.27,25169499.735,58577665.225,334269311.30825,62751210.8431818,734427890.36,106976257.587385,49247794.955,5522106554.2,1,3,-92730.38,119411296.56,12,2
Classe,2025-06-30,16695922000109,105,0,1,0,39918.864,8007097.16,19638146.96,52026808.44,281301705.874,54679305.2645714,943579615.21,120036422.146304,44019711.28,5741327052.78,0,3,0,107810136.66,10,0
Fundo,2025-06-30,16695922000109,87,0,1,-121729.21,0,9894965.975,27999418.81,64926205.53,406813039.932,76976194.0465517,1e+09,147769721.359275,55031239.555,6696928882.05,1,3,-121729.21,107810136.66,15,2
Classe,2025-07-31,16695922000109,110,0,1,0,36455.1605,7272911.125,20929838.695,50498479.0025,285071527.38875,55061522.5284545,959405723.78,119892083.994282,43225567.8775,6056767478.13,0,3,0,110478913.01,11,4
Fundo,2025-07-31,16695922000109,88,0,1,-121729.21,11256.87675,10379054.475,27951282.485,80878097.1075,456010517.64825,78689665.8063636,742040018.13,127417168.245551,70499042.6325,6924690590.96,1,2,-121729.21,180332926.72,11,2
Classe,2025-08-31,16695922000109,121,0,1,0,0,7150531.67,22966513.01,50721277.31,309008851.71,57445950.7323967,974612123.21,123096596.325971,43570745.64,6950960038.62,0,4,0,105806754.5,13,6
Fundo,2025-08-31,16695922000109,85,0,1,-121729.21,352.674,11777067.32,29233454.71,75330990.41,411526676.066999,76940432.4264706,742010576.96,123357523.495393,63553923.09,6539936756.25,1,2,-121729.21,161827873.73,14,1
Classe,2025-09-30,16695922000109,158,0,1,-34725.18,0,7783657.8725,25584914.42,58052539.41,497959653.460247,76043611.2418987,1101406121.74,161518357.500672,50268881.5375,12014890576.22,1,4,-34725.18,118977884.89,21,6
Classe,2025-10-31,16695922000109,210,0,1,-34723.79,0,6709550.785,23655084.01,55064573.735,445584824.275001,66054061.6180952,1145675434.43,139614557.174384,48355022.95,13871352939.8,1,6,-34723.79,121526075.92,25,7
Classe,2025-11-30,16695922000109,231,0,1,-34722.45,0,5417721.9,20998804.95,54077368.145,414522983.7375,62183517.9696104,1184987489.1,136296195.369383,48659646.245,14364392650.98,1,15,-34722.45,125492452.64,27,1
Classe,2025-12-31,16695922000109,248,0,1,-34721.09,0,4998926.3125,20262794.795,54354165.8925,430000321.865,61534266.2532258,1017431971.35,129250825.937913,49355239.58,15260498030.8,3,18,-34721.09,126927412.52,30,3
Classe,2026-01-31,16695922000109,259,0,1,-34719.76,0,5351076.15,22265824.52,54891817.475,429481250.376,61596774.4652124,1048201956.78,128501629.268103,49540741.325,15953564586.49,1,18,-34719.76,127524866.41,31,1
Classe,2026-02-28,16695922000109,266,0,1,-34718.63,0,5356138.25,20897090.345,54726056.705,409963791.33625,61522535.1725564,1067358878.39,127698181.294262,49369918.455,16364994355.9,1,20,-34718.63,127199871.91,31,1
Classe,2026-03-31,16695922000109,277,0,1,-34717.18,0,5391588.13,18345624.69,50967647.67,399769650.591999,60354195.025343,1104667353.48,126981823.313361,45576059.54,16718112022.02,1,21,-34717.18,114399668.12,34,1
Classe,2026-04-30,16695922000109,286,0,1,-34715.9,0,4895799.5125,17674951.69,47861166.82,396073130.98375,58466931.8722727,1143066080.1,125918908.488705,42965367.3075,16721542515.47,1,23,-34715.9,105693634.62,37,1
Classe,2026-05-31,16695922000109,292,0,1,-34714.69,0,4974140.72,17342681.135,48157857.0675,372568675.231,56617686.7329452,1182945731.7,124832540.903548,43183716.3475,16532364526.02,1,23,-34714.69,106011176.9,35,1
Classe,2026-06-30,16695922000109,296,0,1,-34713.39,0,4555623.4975,18309157.575,47817022.88,399937980.88875,56575620.3479392,1225291499.88,125899380.868896,43261399.3825,16746383622.99,1,23,-34713.39,109052360.7,33,1
Classe,2026-07-31,16695922000109,299,0,1,-34711.96,0,4519842.895,18601078.75,47420332.59,400236087.8895,56635478.9726087,1274189067.68,128570280.573388,42900489.695,16934008212.81,1,23,-34711.96,106671377.65,34,1
Classe,2026-08-31,16695922000109,301,0,1,-47303.67,0,4032146.17,14494091.41,45558891.4,418798653.74,54488617.0312957,1318445389.77,130350355.974858,41526745.23,16401073726.42,2,24,-47303.67,106988866.96,30,2
Classe,2021-02-28,03317692000194,1,0,1,146493975.36,146493975.36,146493975.36,146493975.36,146493975.36,146493975.36,146493975.36,146493975.36,,0,146493975.36,0,0,146493975.36,146493975.36,0,1
Classe,2021-03-31,03317692000194,1,0,1,137070355.34,137070355.34,137070355.34,137070355.34,137070355.34,137070355.34,137070355.34,137070355.34,,0,137070355.34,0,0,137070355.34,137070355.34,0,1
Classe,2021-04-30,03317692000194,1,0,1,138391355.98,138391355.98,138391355.98,138391355.98,138391355.98,138391355.98,138391355.98,138391355.98,,0,138391355.98,0,0,138391355.98,138391355.98,0,1
Classe,2021-05-31,03317692000194,1,0,1,140005165.82,140005165.82,140005165.82,140005165.82,140005165.82,140005165.82,140005165.82,140005165.82,,0,140005165.82,0,0,140005165.82,140005165.82,0,1
Classe,2021-06-30,03317692000194,1,0,1,141287206.85,141287206.85,141287206.85,141287206.85,141287206.85,141287206.85,141287206.85,141287206.85,,0,141287206.85,0,0,141287206.85,141287206.85,0,1
Classe,2021-07-31,03317692000194,1,0,1,159695762.63,159695762.63,159695762.63,159695762.63,159695762.63,159695762.63,159695762.63,159695762.63,,0,159695762.63,0,0,159695762.63,159695762.63,0,1
Classe,2021-08-31,03317692000194,1,0,1,224978055.45,224978055.45,224978055.45,224978055.45,224978055.45,224978055.45,224978055.45,224978055.45,,0,224978055.45,0,0,224978055.45,224978055.45,0,1
Classe,2021-09-30,13486793000142,1,0,1,268344188.1,268344188.1,268344188.1,268344188.1,268344188.1,268344188.1,268344188.1,268344188.1,,0,268344188.1,0,0,268344188.1,268344188.1,0,1
Classe,2021-10-31,13486793000142,1,0,1,312737187.2,312737187.2,312737187.2,312737187.2,312737187.2,312737187.2,312737187.2,312737187.2,,0,312737187.2,0,0,312737187.2,312737187.2,0,1
Classe,2021-11-30,13486793000142,1,0,1,475210462.87,475210462.87,475210462.87,475210462.87,475210462.87,475210462.87,475210462.87,475210462.87,,0,475210462.87,0,0,475210462.87,475210462.87,0,1
Classe,2021-12-31,13486793000142,1,0,1,690252863.79,690252863.79,690252863.79,690252863.79,690252863.79,690252863.79,690252863.79,690252863.79,,0,690252863.79,0,0,690252863.79,690252863.79,0,1
Classe,2022-01-31,13486793000142,1,0,1,672940225.99,672940225.99,672940225.99,672940225.99,672940225.99,672940225.99,672940225.99,672940225.99,,0,672940225.99,0,0,672940225.99,672940225.99,0,1
Classe,2022-02-28,13486793000142,1,0,1,640758785.55,640758785.55,640758785.55,640758785.55,640758785.55,640758785.55,640758785.55,640758785.55,,0,640758785.55,0,0,640758785.55,640758785.55,0,1
Classe,2022-03-31,13486793000142,1,0,1,640942192.86,640942192.86,640942192.86,640942192.86,640942192.86,640942192.86,640942192.86,640942192.86,,0,640942192.86,0,0,640942192.86,640942192.86,0,1
Classe,2022-04-30,13486793000142,1,0,1,646194119.2,646194119.2,646194119.2,646194119.2,646194119.2,646194119.2,646194119.2,646194119.2,,0,646194119.2,0,0,646194119.2,646194119.2,0,1
Fundo,2022-05-31,13486793000142,144,0,1,0,0,12048681.6675,63169353.135,183362367.74,1182031662.45374,174149024.764236,1925879460.04,316411820.510608,171313686.0725,25077459566.05,0,15,0,436403493.46,15,4
Fundo,2022-06-30,13486793000142,142,0,1,0,0,9152083.7575,63512539.07,179065129.9925,1481732309.93025,176378616.818803,1950807149.46,339019955.487464,169913046.235,25045763588.27,0,15,0,422324184.67,14,5
Fundo,2022-07-31,13486793000142,142,0,1,0,0,8244483.605,62296937.665,159844403.015,1500431677.671,180390860.90838,2203944636.49,364693432.527039,151599919.41,25615502248.99,0,15,0,377662909.77,17,5
Fundo,2022-08-31,13486793000142,142,0,1,0,0,8319879.9625,66850378.515,169514017.06,1605640895.99425,182487504.803099,2217729461.87,375769220.253519,161194137.0975,25913225682.04,0,15,0,346649517.5,17,5
Fundo,2022-09-30,13486793000142,140,0,1,0,0,10077485.24,61046783.615,168125628.6,1627241598.663,183681168.250143,2154457017.08,370323131.008524,158048143.36,25715363555.02,0,12,0,380872747.24,17,16
Fundo,2022-10-31,13486793000142,135,0,1,0,0,14453141.91,63752979.54,187003914.36,1726642378.206,192369939.88037,2162481007.4,382403628.703623,172550772.45,25969941883.85,0,7,0,444231817.99,15,11
Fundo,2022-11-30,13486793000142,134,0,1,0,0,17334751.38,63956057.325,183501580.885,1142921525.06649,183958126.866791,2182149551.44,352732785.280116,166166829.505,24650389000.15,0,7,0,422021282.67,16,11
Fundo,2022-12-31,13486793000142,135,0,1,-118141.47,0,17398308.84,63778165.09,187564132.68,1913317648.2635,240316772.772148,6264281538.66,645097045.978313,170165823.84,32442764324.24,1,4,-118141.47,418370926.04,18,10
Fundo,2023-01-31,13486793000142,135,0,1,-140273.32,0,12782892.835,58566208.92,169022472.71,1969498200.886,237069100.762741,6324792768.57,653691208.504998,156239579.875,32004328602.97,1,4,-140273.32,380310651.12,19,10
Fundo,2023-02-28,13486793000142,136,0,1,-159437.16,0,10727309.655,60930284.69,168007225.19,1984758385.1075,229592731.14375,6012500672.5,631547147.107074,157279915.535,31224611435.55,1,5,-159437.16,372357883.03,18,11
Fundo,2023-03-31,13486793000142,135,0,1,-178647.23,0,7692098.655,61943690.4,169466330.055,1954103261.9095,232361809.922815,6073276252.78,639126590.365551,161774231.4,31368844339.58,1,4,-178647.23,405764857.06,17,6
Fundo,2023-04-30,13486793000142,135,0,1,-197790.11,0,8891125.47,62790105.37,169311971.865,1972198511.832,231404726.508296,5732824243.95,619502123.462246,160420846.395,31239638078.62,1,4,-197790.11,401552081.33,16,11
Fundo,2023-05-31,13486793000142,134,0,1,-217001.57,0,10384050.5825,64362709.235,173111814.8375,2157132748.6395,237211292.561343,5788219028.83,635413171.493609,162727764.255,31786313203.22,1,6,-217001.57,387869456.23,15,13
Fundo,2023-06-30,13486793000142,133,0,1,-236183.85,0,10826789.56,65191406.8,161544376.28,2243684465.235,236741078.538797,5708763131.39,646242355.945569,150717586.72,31486563445.66,1,6,-236183.85,374744674.89,15,14
Classe,2023-07-31,39669186000101,1,0,1,960853969.74,960853969.74,960853969.74,960853969.74,960853969.74,960853969.74,960853969.74,960853969.74,,0,960853969.74,0,0,960853969.74,960853969.74,0,0
Classe,2023-08-31,39669186000101,1,0,1,976608803.14,976608803.14,976608803.14,976608803.14,976608803.14,976608803.14,976608803.14,976608803.14,,0,976608803.14,0,0,976608803.14,976608803.14,0,0
Classe,2023-09-30,39669186000101,1,0,1,981880222.46,981880222.46,981880222.46,981880222.46,981880222.46,981880222.46,981880222.46,981880222.46,,0,981880222.46,0,0,981880222.46,981880222.46,0,0
Fundo,2023-09-30,39669186000101,65,0,1,1e+05,498079.44,15995696.24,51513442.12,159096576.39,791822206.586,129138411.750154,1108911648.73,205206538.030337,143100880.15,8393996763.76,0,0,1e+05,356272016.29,4,0
Fundo,2023-10-31,39669186000101,64,0,1,472294.3,763030.51925,16020583.0175,51461484.06,146980866.8575,810784557.772749,127572324.771406,1125392477.65,208004238.437795,130960283.84,8164628785.37,0,0,472294.3,332275231.33,5,0
Classe,2023-11-30,39669186000101,1,0,1,956300076.12,956300076.12,956300076.12,956300076.12,956300076.12,956300076.12,956300076.12,956300076.12,,0,956300076.12,0,0,956300076.12,956300076.12,0,0
Classe,2023-12-31,39669186000101,1,0,1,974364591.62,974364591.62,974364591.62,974364591.62,974364591.62,974364591.62,974364591.62,974364591.62,,0,974364591.62,0,0,974364591.62,974364591.62,0,0
Fundo,2023-12-31,13486793000142,131,0,1,0,0,8183186.495,50047968.67,157042473.835,2389370983.835,214744825.306947,4230072325.47,576550320.133156,148859287.34,28131572115.21,0,11,0,365907174.39,11,5
Classe,2024-01-31,39669186000101,1,0,1,963318035.28,963318035.28,963318035.28,963318035.28,963318035.28,963318035.28,963318035.28,963318035.28,,0,963318035.28,0,0,963318035.28,963318035.28,0,0
Fundo,2024-01-31,13486793000142,131,0,1,0,0,12774381.415,48887388.08,153676315.305,2357739999.9975,213603521.28397,4270874151.08,575575107.986622,140901933.89,27982061288.2,0,8,0,343440057.88,12,13
Classe,2024-02-29,39669186000101,1,0,1,909664702.24,909664702.24,909664702.24,909664702.24,909664702.24,909664702.24,909664702.24,909664702.24,,0,909664702.24,0,0,909664702.24,909664702.24,0,0
Classe,2024-03-31,39669186000101,1,0,1,944048041.96,944048041.96,944048041.96,944048041.96,944048041.96,944048041.96,944048041.96,944048041.96,,0,944048041.96,0,0,944048041.96,944048041.96,0,0
Classe,2024-04-30,39669186000101,1,0,1,918421509.93,918421509.93,918421509.93,918421509.93,918421509.93,918421509.93,918421509.93,918421509.93,,0,918421509.93,0,0,918421509.93,918421509.93,0,0
Classe,2024-07-31,39669186000101,1,0,1,787319658.48,787319658.48,787319658.48,787319658.48,787319658.48,787319658.48,787319658.48,787319658.48,,0,787319658.48,0,0,787319658.48,787319658.48,0,0
Classe,2024-08-31,39669186000101,1,0,1,731408067.17,731408067.17,731408067.17,731408067.17,731408067.17,731408067.17,731408067.17,731408067.17,,0,731408067.17,0,0,731408067.17,731408067.17,0,0
Classe,2024-09-30,39669186000101,1,0,1,754766883.68,754766883.68,754766883.68,754766883.68,754766883.68,754766883.68,754766883.68,754766883.68,,0,754766883.68,0,0,754766883.68,754766883.68,0,0
Fundo legado,2020-01-31,00806535000154,30,0,1,0.01,159289.70925,5800270.8025,24055849.21,64260092.1525,470155006.256999,82602484.247,1182168032.74,215733754.770926,58459821.35,2478074527.41,0,0,0.01,119263895.15,4,3
Fundo legado,2020-02-29,00806535000154,28,0,1,0.01,623425.27825,5926692.8375,21242340.34,55213035.335,519921003.502999,81144364.5810714,1182078267.23,222333490.4455,49286342.4975,2272042208.27,0,0,0.01,120817320.21,3,2
Fundo legado,2020-03-31,00806535000154,28,0,1,0.01,620050.27825,5999056.435,21471119.24,54276357.9,521050493.281499,81324397.415,1182889927.44,222508613.517765,48277301.465,2277083127.62,0,0,0.01,122147803.36,3,1
Fundo legado,2020-04-30,00806535000154,29,0,1,0.01,484978.987,5069369.96,21468045.9,46603754.9,497279189.023001,78413679.1068965,1182795186.98,218881158.82571,41534384.94,2273996694.1,0,0,0.01,96253146.8,4,1
Fundo legado,2020-05-31,00806535000154,28,0,1,0.01,613300.27825,5773601.92,24493775.68,51799885.615,522489175.927749,81609388.6821428,1182709904.77,222379820.818908,46026283.695,2285062883.1,0,0,0.01,111574289.16,3,2
Fundo legado,2020-06-30,00806535000154,27,0,1,0.01,587335.4535,7454459.335,28700972.18,55397205.72,547698515.965998,85180771.04,1182619409.95,225789980.130789,47942746.385,2299880818.08,0,0,0.01,112880102.78,3,1
Fundo legado,2020-07-31,00806535000154,28,0,1,0.01,668250.00325,8077657.7525,26247486.375,46050081.645,524135636.035999,82132497.8907143,1182643162.37,222151863.471772,37972423.8925,2299709940.94,0,0,0.01,92102250.12,4,1
Fundo legado,2020-08-31,00806535000154,29,0,1,0.01,689500.003,8872400.43,27555879.57,41162751.2,500547264.844001,79970222.3868966,1182556254.03,218376569.325889,32290350.77,2319136449.22,0,0,0.01,78013928.43,4,2
Fundo legado,2020-09-30,00806535000154,30,0,1,947034.74,970934.5535,9044526.765,26611306.7,46887447.2425,473372990.516499,78183953.322,1182467670.86,214655521.840698,37842920.4775,2345518599.66,0,0,947034.74,79963789.58,4,0
Fundo legado,2020-10-31,00806535000154,30,0,1,927562.72,961954.748,9121520.4825,29818349.425,40387200.7125,474151973.960499,78333989.6463333,1182338137.78,214621452.303885,31265680.23,2350019689.39,0,0,927562.72,78701848.11,4,0
Fundo,2020-11-30,67030395000146,62,0,1,356269.12,568535.75925,3931429.33,15720935.42,78288565.4825,1098739186.8315,132770333.506613,3649162393.47,494601410.281281,74357136.1525,8231760677.41,0,0,356269.12,132869202.83,5,2
Fundo,2020-12-31,34829992000186,22,0,1,27060.19,716725.2745,11004225.5875,22240468.14,63856416.54,1267747339.99325,150559388.595455,1362270092.27,367431668.281444,52852190.9525,3312306549.1,0,0,27060.19,129581266.3,3,1
Fundo,2021-01-31,34829992000186,23,0,1,9151.99,774303.069,11590906.485,23559997.55,82288643.715,1263785683.517,185399002.809565,1362239545.87,394530087.310468,70697737.23,4264177064.62,0,0,9151.99,129518769.08,4,1
Fundo,2021-02-28,34829992000186,24,0,1,-1125.31,804714.811,11674284.705,22516895.475,77796954.3225,1259257455.64225,178749662.944167,1362209554.11,387549223.787538,66122669.6175,4289991910.66,1,0,-1125.31,129471804.21,4,2
Fundo,2021-03-31,34829992000186,24,0,1,-15579.62,1219205.694,11555457.0475,27829702.255,77694467.235,3209962304.59825,378240594.5275,5709905537.8,1188806527.24736,66139010.1875,9077774268.66,1,0,-15579.62,129496513.2,4,3
Fundo,2021-04-30,34829992000186,28,0,1,-29986.8,-13100.595,9013108.915,30026713.425,77668410.73,4022409990.77025,475523967.526429,9547570094.28,1811115911.47372,68655301.815,13314671090.74,2,1,-29986.8,129578180.11,5,6
Fundo,2021-05-31,34829992000186,30,0,1,-44405.16,-15814.814,5075948.6975,30026713.425,70331591.095,3613111717.17174,445276482.922667,9547552364.46,1751361471.41878,65255642.3975,13358294487.68,2,2,-44405.16,130017403.85,5,4
Fundo,2021-06-30,34829992000186,31,0,1,0,0,6036313.495,35348169.69,68145862.135,3408400853.0425,432804021.028065,9547344634.72,1723281350.74745,62109548.64,13416924651.87,0,2,0,129969150.11,5,2
Fundo,2021-07-31,34829992000186,34,0,1,0,0,1615934.9975,18839406.11,46269747.64,1331335800.18,108350705.729118,1362086259.15,316392153.265236,44653812.6425,3683923994.79,0,7,0,91095205.48,4,2
Fundo,2021-08-31,34829992000186,33,0,1,-3002.97,223719.222,5663428.87,20189960.09,64999612.37,2999102836.53802,407728555.861818,9547414950.93,1671642043.67302,59336183.5,13455042343.44,1,0,-3002.97,129819995.87,5,4
Fundo,2021-09-30,34829992000186,34,0,1,712389.97,1116858.02575,6593682.4225,19309258.53,74395272.7375,2794492682.19098,398428439.806765,9547699140.31,1647166137.77043,67801590.315,13546566953.43,0,0,712389.97,129765384.58,5,3
Fundo,2021-10-31,34829992000186,36,0,1,0,817697.09,5704302.7975,16191281.8,80482689.975,1329254673.3475,116767676.258611,1361963972.19,307424770.503656,74778387.1775,4203636345.31,0,1,0,130592121.99,4,2
Fundo,2021-11-30,34829992000186,36,0,1,1395128.05,1915964.765,6202098.3775,21019127.535,74830707.015,1329177650.915,118684408.444444,1361933601.87,306824297.457669,68628608.6375,4272638704,0,0,1395128.05,130687198.33,4,2
Fundo,2021-12-31,34829992000186,40,0,1,0,0,4945635.9675,19586683.46,72709425.0875,1325353523.58475,108103745.06525,1361902426.03,292634474.461726,67763789.12,4324149802.61,0,2,0,137041972.8,4,2
Fundo,2022-01-31,34829992000186,39,0,1,37500,72978.51,5453204.04,19951781.88,79849475.475,1326237521.58,111589365.529487,1361894342.59,295980917.233821,74396271.435,4351985255.65,0,0,37500,140947960.57,4,2
Fundo,2022-02-28,34829992000186,41,0,1,0,694120.86,5680837.7,20427194.19,81577195.35,1361869342.59,116081820.737561,1391137054.22,296448386.005591,75896357.65,4759354650.24,0,1,0,143284066.92,5,2
Fundo,2022-03-31,34829992000186,46,0,1,0,0,3145852.1675,12349061.72,77612594.1725,1098823074.87625,98917734.5747826,1361844342.59,265452074.112691,74466742.005,4550215790.44,0,5,0,165566362.34,5,2
Fundo,2022-04-30,34829992000186,51,0,1,-1312.81,0,5308674.77,23490056.81,82373538.805,994553318.38,108354087.200392,1361804433.07,255610026.333723,77064864.035,5526058447.22,1,2,-1312.81,153225545.21,9,3
Fundo,2022-05-31,34829992000186,55,0,1,-16220.48,65061.08,4893589.305,22213366.03,83194147.5,905756001.032999,102050664.394,1361889704.39,246789964.273835,78300558.195,5612786541.67,1,1,-16220.48,200430383.65,8,3
Fundo,2022-06-30,34829992000186,55,0,1,-42333.33,0,3337131.76,14476286.66,82669568.6,991557951.874499,109975057.061636,1361863514.39,254811305.267237,79332436.84,6048628138.39,1,2,-42333.33,200526446.75,9,3
Fundo,2022-07-31,34829992000186,55,0,1,182215.95,321084.502,4670031.56,20402928.19,79164578.16,1003789905.7375,111463276.038909,1361396014.39,256123216.051563,74494546.6,6130480182.14,0,0,182215.95,159688927.46,10,2
Fundo,2022-08-31,34829992000186,58,0,1,0,0,4085945.7,17094242.845,81509692.22,957683350.313997,109281090.909138,1361369123.02,250565617.032648,77423746.52,6338303272.73,0,3,0,159688927.46,11,1
Fundo,2022-09-30,34829992000186,65,0,1,2623.01,6089.344,4278767.44,15253161.19,75803823.78,1251061410.798,122533095.636923,1361344123.02,290064794.922342,71525056.34,7964651216.4,0,0,2623.01,164953143.6,12,6
Fundo,2022-10-31,34829992000186,65,0,1,-24755.95,313.010000000004,4334095.81,18706154.22,74784022.1,1251207564.512,122667341.074462,1361318033.02,289437779.142602,70449926.29,7973377169.84,2,0,-24755.95,166261788.09,12,4
Fundo,2022-11-30,34829992000186,73,0,1,-24955.95,-4989.09800000001,3240875.73,17545688.73,74791191.53,1234698749.722,118749740.559589,1604920588.69,292116345.362069,71550315.8,8668731060.85,2,5,-24955.95,168059058.59,13,11
Fundo,2022-12-31,34829992000186,86,0,1,-49955.95,-21559.13,5246411.9125,20157885.51,88999372.925,798761847.21125,110721022.662093,1445903601.36,239164823.028327,83752961.0125,9522007948.94,4,2,-49955.95,213753850.05,15,11
Fundo,2023-01-31,34829992000186,86,0,1,-74945.49,-24451.7825,3372005.005,17754214.26,88737562.9325,834015697.86375,107806184.243837,1445878056.36,243867681.878702,85365557.9275,9271331844.97,7,3,-74945.49,179981000,13,12
Fundo,2023-02-28,34829992000186,88,0,1,-49155.95,-15930.209,3546631.2875,20774907.225,76780428.655,820822569.853751,100659164.796364,1446011772.63,238564439.045979,73233797.3675,8858006502.08,7,5,-49155.95,179941000,11,14
Fundo,2023-03-31,34829992000186,91,0,1,-74255.95,-24076.57,3006162.73,21872514.16,73966498.57,807863115.1225,99183221.6563736,1304518911.21,214700244.435664,70960335.84,9025673170.73,8,5,-74255.95,179921000,12,9
Fundo,2023-04-30,34829992000186,92,0,1,-89634.47,-39991.30475,5677265.2925,25316023.325,81757544.9475,796152126.783749,119543446.29837,1757428609.4,266570855.046559,76080279.655,10997997059.45,9,0,-89634.47,188796358.52,14,11
Fundo,2023-05-31,34829992000186,94,0,1,-91753.49,-53869.25875,2408071.6725,21378312.275,74031908.33,865378672.81175,105531192.764468,1304518911.21,230021515.70227,71623836.6575,9919932119.86,10,4,-91753.49,179921000,13,15
Fundo,2023-06-30,34829992000186,97,0,1,-64634.47,-26912.412,2387919.98,21005621.26,75828645.29,797926120.576,104777167.283608,1304518911.21,218362407.874518,73440725.31,10163385226.51,7,3,-64634.47,179845802.09,14,11
Fundo,2023-07-31,34829992000186,94,0,1,-8957499.28,-23079.0505,1625766.6575,20180328.925,56789921.08,1170973135.92925,164010147.723404,5787142899.23,632235826.383613,55164154.4225,15416953886,15,0,-8957499.28,134434181.7,14,18
Fundo,2023-08-31,34829992000186,100,0,1,-6363469.09,-23469.5815,0,10602220.225,56208217.7025,1287736775.5675,170150898.3782,5326604661.12,592416964.211754,56208217.7025,17015089837.82,4,27,-6363469.09,134402974.26,18,7
Fundo,2023-09-30,34829992000186,107,0,1,-3737753.22,-45781.284,0,9475497.48,43549720.925,1331615111.462,164312334.911308,5326604661.12,588226963.248833,43549720.925,17581419835.51,7,21,-3737753.22,97338905.13,20,11
Fundo,2023-10-31,34829992000186,109,0,1,-978984.13,-80551.077,1000,13478611.4,52539990.05,1309067485.262,124672309.181376,1921987254.1,318233080.522187,52538990.05,13589281700.77,10,15,-978984.13,117798870.97,20,13
Fundo,2023-11-30,34829992000186,108,0,1,-267530.06,-43422.248,2121240.605,15938003.215,62305142.54,1668606507.34975,170732092.258519,3421911220.21,502923899.331524,60183901.935,18439065963.92,7,8,-267530.06,149369479.25,19,12
Fundo,2023-12-31,34829992000186,137,0,1,-292796.76,-74841.148,6242863,26895292.65,131513889.2,1936911431.894,210700293.031387,4653445254.1,585518453.730959,125271026.2,28865940145.3,9,0,-292796.76,290646367.05,19,17
Fundo,2024-01-31,34829992000186,144,0,1,-383781.07,-24900.66675,6499047.945,26336220.435,140443344.2975,1929181409.0835,217790446.076667,4905813414.61,654391875.715272,133944296.3525,31361824235.04,6,1,-383781.07,290636990.78,19,15
Fundo,2024-02-29,34829992000186,146,0,1,-435359.92,-33634.11125,6448549.5475,28101510.15,145595263.4325,1914933469.435,216639930.801918,5265436061.55,593508605.598728,139146713.885,31629429897.08,6,0,-435359.92,295687114.96,22,16
Fundo,2024-03-31,34829992000186,153,0,1,-501321.1,-4886.59199999998,7576811.02,27105597.89,160932827.89,1919762866.188,227147597.012941,6063688485.05,634557454.582639,153356016.87,34753582342.98,4,0,-501321.1,383648543.1,21,15
Fundo,2024-04-30,34829992000186,157,0,1,-547851.51,-20998.578,8289180.48,32417343.5,151308423.98,1867792723.002,243258078.682675,6665482999.27,721742090.132122,143019243.5,38191518353.18,5,0,-547851.51,306468322.91,25,13
Fundo,2024-05-31,34829992000186,164,0,1,-579358.51,-20489.054,8428261.185,30291056.775,140582325.125,1848811037.64775,238003764.986524,8057735389.9,779465126.698876,132154063.94,39032617457.79,6,0,-579358.51,311706921.51,24,16
Fundo,2024-06-30,34829992000186,174,0,1,-579358.51,-19706.663,6897988.5025,27855810.975,131119401.6425,1639651304.655,240698025.134713,8057735389.9,828246864.555391,124221413.14,41881456373.44,7,0,-579358.51,317189315.51,27,15
Fundo,2024-07-31,34829992000186,178,0,1,-697777.35,-35965.207,6675804,31577053.855,157881489.4425,1599945935.3175,262260413.346292,10525885591.33,962331392.478331,151205685.4425,46682353575.64,8,1,-697777.35,321250853.37,29,17
Fundo,2024-08-31,34829992000186,178,0,1,-1871784.38,-59545.7185,8447319.6475,35313521.17,161109403.95,1647091437.35775,271012301.573539,10401879373.18,964427446.42422,152662084.3025,48240189680.09,10,1,-1871784.38,328070765.32,30,19
Fundo,2024-09-30,34829992000186,177,0,1,-1889949.86,-23035.178,7316560.04,34758898.75,160732167.77,1896170266.66,295676917.136497,10600463768.79,1065835278.83107,153415607.73,52334814333.16,9,1,-1889949.86,354187928.84,29,20
Classe,2024-10-31,34829992000186,124,0,1,-3511736.05,13097.914,11341313.0525,45338232.565,261924964.2075,1957479625.8425,291447509.795081,8328612805.47,857610561.404149,250583651.155,36139491214.59,3,0,-3511736.05,618511571,10,16
Classe,2024-11-30,34829992000186,155,0,1,-9298745.68,-12177.148,11792360.53,62749126.16,325818186.665,1929545053.7215,280672358.371161,8435010566.15,781564270.733264,314025826.135,43504215547.53,6,2,-9298745.68,629039706.21,10,20
Classe,2024-12-31,34829992000186,207,0,1,-2356245.16,-10671.9665,13093767.415,63634532.96,302536043.845,2970085639.72,351786197.662029,13074060031.11,1186983623.46672,289442276.43,72819742916.04,8,2,-2356245.16,641304066.55,14,24
Classe,2025-01-31,34829992000186,220,0,1,-51859570.04,-9821.445,9749752.125,56451935.765,291245010.6775,2302683366.769,340922567.569955,15236596282.1,1258125951.2219,281495258.5525,75002964865.39,7,12,-51859570.04,653818882.49,15,31
Classe,2025-02-28,34829992000186,224,0,1,-51565578.36,0,11138766.255,59457738.17,270870270.62,2009114691.08875,323934210.719866,13860795455.09,1168693733.00339,259731504.365,72561263201.25,4,11,-51565578.36,568864343.66,15,30
Classe,2025-03-31,34829992000186,227,0,1,-1322291.62,-9376.594,9967455.07,57600706.03,274630426.605,2077051062.1305,327936032.106784,14175864271.34,1183999818.85546,264662971.535,74441479288.24,7,11,-1322291.62,566851904.19,16,30
Classe,2025-04-30,34829992000186,231,0,1,-1851128.51,-29934.4125,8827804.905,52814798.13,258297195.96,2246493922.9375,324294559.362381,14141918844.25,1175348817.79448,249469391.055,74912043212.71,9,10,-1851128.51,567782601.51,17,31
Classe,2025-05-31,34829992000186,233,0,1,-1856877.55,-10140.832,9075741.27,55166703.37,252425307.7,2661973217.12799,338752046.939356,14231050970.75,1199907705.89121,243349566.43,78929226936.87,8,5,-1856877.55,567217175.24,18,26
Classe,2025-06-30,34829992000186,232,0,1,-1840124.35,-69313.464,8722884.5025,51310388.46,246323113.3475,2674903914.2035,333844064.970172,14630291837.6,1212190002.78859,237600228.845,77451823073.08,8,5,-1840124.35,566669731.24,18,19
Classe,2025-07-31,34829992000186,233,0,1,-1845046.76,-6046.064,10219504.22,54053744.06,225261594.38,2733472488.4,333834484.68133,15311276037.55,1246895332.87677,215042090.16,77783434930.75,7,4,-1845046.76,541332362.43,18,22
Classe,2025-08-31,34829992000186,224,0,1,-1848822.68,8864.236,10270358.8175,55363674.595,252280816.225,2703714903.01049,348732119.854464,15400940939.99,1276397971.79409,242010457.4075,78115994847.4,5,0,-1848822.68,603486908.5,17,19
Classe,2025-09-30,34829992000186,209,0,1,-2049954.44,-58010.048,9448998.53,50058223.97,254252232.98,2840486903.71199,346520217.472345,14706225676.99,1266783861.1602,244803234.45,72422725451.72,8,0,-2049954.44,591314819,16,21
Classe,2025-10-31,34829992000186,192,0,1,-1716090.9,-66543.013,9758184.94,50495694.285,276000922.085,2910524444.2845,383068486.491979,14493122794.64,1323027604.03085,266242737.145,73549149406.46,8,3,-1716090.9,585958495.72,17,23
Classe,2025-11-30,34829992000186,181,0,1,-40804912.39,-40510.755,9652515.64,52878103.91,307163177.53,2892532892.73,409635709.708398,15827972883.43,1405034358.49409,297510661.89,74144063457.22,9,5,-40804912.39,602415878.32,17,22
Classe,2025-12-31,34829992000186,151,0,1,-9714931.17,-94121.17,8681680.605,45560616.25,348952158.43,4573431424.06,547034152.418874,15688258736.37,1700083129.32597,340270477.825,82602157015.25,8,4,-9714931.17,836792071.77,16,22
Classe,2026-01-31,34829992000186,135,0,1,-469555.74,-68974.063,9822448,57908724.82,341367863.25,2938962508.2225,441022889.34763,8779225942.93,1173242586.52354,331545415.25,59538090061.93,6,0,-469555.74,836781603.69,13,16
Classe,2026-02-28,00806535000154,182,0,1,-1485217.94,87410.465,8569712.175,22177450.53,70143198.895,454566760.23725,70925537.6386264,1414792284.35,147825458.751574,61573486.72,12908447850.23,3,0,-1485217.94,159519331.56,19,3
Classe,2026-03-31,00806535000154,190,0,1,-564310.67,178713.766,7802927.525,22377540.41,68326061.375,454518181.33075,67664969.6737368,1366007757.63,142714303.340681,60523133.85,12856344238.01,1,1,-564310.67,155289665.84,20,1
Classe,2026-04-30,00806535000154,193,0,1,3508.65,494042.33,8320408.65,20827456.04,68172060.67,454498053.25,67710911.8721762,1339101872.03,141837941.850183,59851652.02,13068205991.33,0,0,3508.65,153286111.24,20,0
Classe,2026-05-31,00806535000154,197,0,1,-7787271.76,338942.334,7886490.82,19643289.77,68972918.13,456487212.4,71608584.3920812,1280399984.08,145923397.523936,61086427.31,14106891125.24,2,0,-7787271.76,153129140.26,23,2
Classe,2026-06-30,00806535000154,191,0,1,-7801498.63,45860.89,7647963.97,20054572.62,70821734.075,458328961.6225,71957599.9503141,1302594039.08,145314140.750457,63173770.105,13743901590.51,4,0,-7801498.63,165395941.67,20,4
Classe,2026-07-31,00806535000154,191,0,1,-7862254.07,-2314.38,7531044.995,20612211.8,71396382.035,454394728.59,72596725.8686387,1266824879.26,147054597.48661,63865337.04,13865974640.91,5,1,-7862254.07,165507842.26,21,5
Classe,2026-08-31,00806535000154,188,0,1,-7885013.95,-15474.14275,8265822.22,21182153.585,73870658.9875,454367967.11075,73577295.1501596,1284148055.04,148439104.462632,65604836.7675,13832531488.23,6,0,-7885013.95,167937364.47,20,6
Classe,2024-10-31,36113876000191,50,0,1,95131.05,1728314.4885,29383303.7075,148518346.435,326290854.835,2333922597.65425,902201601.6176,30943849995.28,4359308185.06658,296907551.1275,45110080080.88,0,0,95131.05,631639557.98,7,4
Classe,2024-11-30,36113876000191,61,0,1,48824.45,846720.57,45934586.89,152736804.51,397480857.27,2157170867.945,843026108.931148,31859939142.53,4065222306.26639,351546270.38,51424592644.8,0,0,48824.45,913088787.47,7,4
Fundo legado,2020-01-31,02201501000161,14,0,1,568650.05,2289906.6325,21676616.8875,40522773.955,78972600.23,557124520.9395,126741169.458571,574578698.57,191516577.849662,57295983.3425,1774376372.42,0,0,568650.05,79761837.64,3,0
Fundo legado,2020-02-29,02201501000161,14,0,1,546495.29,2219927.037,21630929.4675,40468630.625,79778352.4325,560429929.10825,127403824.151429,578497627.13,192689817.131058,58147422.965,1783653538.12,0,0,546495.29,80868129.54,3,0
Fundo legado,2020-03-31,02201501000161,14,0,1,524285.88,2156864.4185,21584299.21,40413832.755,80191732.2225,562524442.05925,127804092.352857,580817808.16,193459478.841354,58607433.0125,1789257292.94,0,0,524285.88,81453145.96,3,0
Fundo legado,2020-04-30,02201501000161,14,0,1,499884.76,2129138.8735,21537127.905,40218521.08,80231050.4675,563861355.82575,128007351.232857,582177198.79,193986637.356273,58693922.5625,1792102917.26,0,0,499884.76,81572880.25,3,1
Fundo legado,2020-05-31,02201501000161,14,0,1,480139.25,2105668.95775,23403286.16,42270704.125,80263024.1325,622552997.07125,134876414.551429,668512131.12,210179716.436403,56859737.9725,1888269803.72,0,0,480139.25,81685986.15,3,0
Fundo legado,2020-06-30,02201501000161,14,0,1,458482.57,2078089.70525,23362417.465,42239210.59,80444242.855,649991177.8745,137871189.577143,708881676.21,218315984.328426,57081825.39,1930196654.08,0,0,458482.57,81920308.19,3,1
Fundo legado,2020-07-31,02201501000161,14,0,1,439099.33,2045871.211,22462311.7725,40696477.23,79970908.055,658750996.8555,138404047.895714,721111636.19,221295900.307596,57508596.2825,1937656670.54,0,0,439099.33,82043206.98,3,0
Fundo legado,2020-08-31,02201501000161,14,0,1,419782.36,2016471.7335,22412885.675,40652170.385,80391940.055,662449313.1245,139026132.607143,725695601.6,222559636.67231,57979054.38,1946365856.5,0,0,419782.36,82621039.41,3,0
Fundo legado,2020-09-30,02201501000161,14,0,1,399696.02,1971938.68875,23580569.37,42117455.425,80736568.2975,680116315.65675,142818129.488571,748377280.51,228836899.12573,57155998.9275,1999453812.84,0,0,399696.02,83089140.62,3,0
Fundo legado,2020-10-31,02201501000161,14,0,1,380150.98,1938098.41325,23126233.5325,40033266.99,81212043.6975,654683973.826,136025506.687143,752765858.22,219632698.857612,58085810.165,1904357093.62,0,0,380150.98,83745833.74,3,1
Fundo,2020-11-30,02201501000161,14,0,1,360176.34,1817284.434,23086620.055,39995109.5,88563793.46,674339996.79825,140086053.542857,778844959.24,226603447.387427,65477173.405,1961204749.6,0,0,360176.34,92761812.05,3,0
Fundo,2020-12-31,02201501000161,14,0,1,333330.02,1968563.36975,23051477.2525,50024388.635,110889267.8875,576713168.0965,136972264.102857,633881139.6,194359543.531167,87837790.635,1917611697.44,0,0,333330.02,115874124.8,3,0
Fundo,2021-01-31,02201501000161,14,0,1,310450.59,2021030.51625,21125448.615,47493881.765,105816129.6425,577773469.73875,136015341.842143,636385204.04,195146521.134116,84690681.0275,1904214785.79,0,0,310450.59,108796751.28,3,0
Fundo,2021-02-28,02201501000161,14,0,1,287354.36,1989241.12775,21078576.845,47437374.03,105990985.03,579494235.03375,136358383.465,638865233.23,195765591.448934,84912408.185,1909017368.51,0,0,287354.36,108721739.97,3,0
Fundo,2021-03-31,02201501000161,15,0,1,264532.9,2238993.0065,19909006.87,43999610.75,103865204.425,570795636.393,127762002.77,632325583.97,190382622.944013,83956197.555,1916430041.55,0,0,264532.9,108603705.17,3,0
Fundo,2021-04-30,02201501000161,15,0,1,255330.44,2246650.1655,19232117.845,43646998.66,100627636.61,572874943.7295,127166008.039333,635379046.87,191444889.505765,81395518.765,1907490120.59,0,0,255330.44,100992398.54,3,0
Fundo,2021-05-31,02201501000161,15,0,1,320960.67,2359626.264,19193998.675,43607159.01,104433951.9,585536670.919,129888275.092,654734073.41,195968216.815025,85239953.225,1948324126.38,0,0,320960.67,107997266.9,3,0
Fundo,2021-06-30,02201501000161,16,0,1,304354.25,2472863.56625,17141302.7575,40066300.57,102841657.9075,583028858.03375,123178512.571875,658038893,192394791.602607,85700355.15,1970856201.15,0,0,304354.25,109188303.07,3,0
Fundo,2021-07-31,02201501000161,17,0,1,303675.96,2691702.424,17259129.74,35346316.08,97166897.64,582914082.372,117527037.590588,664157736.8,189860591.56798,79907767.9,1997959639.04,0,0,303675.96,111045576.32,3,0
Fundo,2021-08-31,02201501000161,17,0,1,296757.61,3517749.466,18895774.16,43263490.46,94573187.24,589663358.28,126213394.302941,669949008.78,201201205.497271,75677413.08,2145627703.15,0,0,296757.61,97040597.56,3,0
Fundo,2021-09-30,02201501000161,17,0,1,288148.26,3382784.06,19609612.49,43525923.36,94052991.76,604601212.182,128489291.907647,685328532.17,205556277.776827,74443379.27,2184317962.43,0,0,288148.26,96865861.66,3,0
Fundo,2021-10-31,02201501000161,17,0,1,279955.87,2894085.39,20174587.39,45900729.24,95025058.27,618900655.83,131612654.863529,689958957.79,209592990.963938,74850470.88,2237415132.68,0,0,279955.87,98339574.11,3,0
Fundo,2021-11-30,02201501000161,17,0,1,269598.27,2858132.982,20763843.71,45840927.01,96018288.37,623503045.82,132496951.773529,694802727.72,211285162.03198,75254444.66,2252448180.15,0,0,269598.27,98015557.56,3,0
Fundo,2021-12-31,02201501000161,17,0,1,261704.99,2913582.934,21209517.67,32675177.98,76941174.18,595603322.2,127564792.575294,640440190.06,208162561.212905,55731656.51,2168601473.78,0,0,261704.99,82204932,3,0
Fundo,2022-01-31,02201501000161,17,0,1,253867.37,2887885.786,19907351.11,32622497.19,72604433.92,566843519.372,124052525.403529,589806911.64,201899018.84754,52697082.81,2108892931.86,0,0,253867.37,82566896.8,3,0
Fundo,2022-02-28,02201501000161,17,0,1,246335.21,2833734.118,19970965.51,32590660.03,73520457.4,570568151.922,124954669.201765,593230468.65,203541092.979546,53549491.89,2124229376.43,0,0,246335.21,82972538.41,3,0
Fundo,2022-03-31,02201501000161,17,0,1,238913.63,2815191.054,21390278.77,32486803.74,74504221.33,574765639.084,126360835.956471,597007056.12,205126426.39142,53113942.56,2148134211.26,0,0,238913.63,83441137.65,3,0
Fundo,2022-04-30,02201501000161,17,0,1,231196.61,2780798.818,21569952.61,32349528.03,75740805.82,579461015.562,127984713.364706,601459050.23,206820514.252284,54170853.21,2175740127.2,0,0,231196.61,83927186.11,3,0
Fundo,2022-05-31,02201501000161,19,0,1,222195.71,3083932.136,23035980.25,42154253.14,84424883.405,581459063.703,124312408.911053,605563289.16,197403980.271632,61388903.155,2361935769.31,0,0,222195.71,84562574.61,3,0
Fundo,2022-06-30,02201501000161,19,0,1,208717.05,2989286.5035,23299733.525,42360240.04,85238114.095,586524603.894,126581542.811579,609893089.98,199206647.233991,61938380.57,2405049313.42,0,0,208717.05,106285983.89,3,0
Fundo,2022-07-31,02201501000161,19,0,1,202481.01,2977033.284,23324501.405,42580003.3,86010432.21,589807939.429,130048583.853684,612236149.57,200775614.205872,62685930.805,2470923093.22,0,0,202481.01,155545772.95,3,0
Fundo,2022-08-31,02201501000161,19,0,1,195461.46,3040535.8125,23419364.1,43062857.13,87470239.795,594826441.6995,132431219.285789,616518803.25,202984303.112961,64050875.695,2516193166.43,0,0,195461.46,176412196.81,3,0
Fundo,2022-09-30,02201501000161,19,0,1,203379.64,3038322.751,23432131.645,43301513.9,93401760.255,599054549.954,133975080.39,620077366.49,204443424.144371,69969628.61,2545526527.41,0,0,203379.64,169093765.46,3,0
Fundo,2022-10-31,02201501000161,19,0,1,196283.78,3021024.482,23471923.615,43549197.27,96596020.7,603384269.95,135184864.921053,624004385.59,206218015.52572,73124097.085,2568512433.5,0,0,196283.78,167272081.88,3,0
Fundo,2022-11-30,02201501000161,20,0,1,189162.59,3162821.81475,24119208.0625,59638198.195,132030555.31,586327654.306,146933480.3685,602848916.13,201573509.198428,107911347.2475,2938669607.37,0,0,189162.59,176662169.29,4,0
Fundo,2022-12-31,02201501000161,20,0,1,178011.79,3211934.431,25755544.355,64064622.045,149910081.5325,658992469.88725,164623836.9575,707885681.03,231189703.799538,124154537.1775,3292476739.15,0,0,178011.79,149964440.85,4,0
Fundo,2023-01-31,02201501000161,20,0,1,170944.87,3203229.0555,26250365.4125,64343600.955,201884934.415,823233240.065999,186928372.528,1016682157.8,276436847.146051,175634569.0025,3738567450.56,0,0,170944.87,221222847.79,4,0
Fundo,2023-02-28,02201501000161,20,0,1,163413.48,3154672.96525,25905951.445,64707705.05,209855440.535,881799996.246499,193902590.9485,1124915578.23,295135336.368017,183949489.09,3878051818.97,0,0,163413.48,236067003.17,4,0
Fundo,2023-03-31,02201501000161,20,0,1,156345.98,3171568.916,25158514.7625,62952507.155,213748969.82,888643808.222249,195964889.4535,1132042908.03,297624859.741678,188590455.0575,3919297789.07,0,0,156345.98,242191725.5,4,0
Fundo,2023-04-30,02201501000161,20,0,1,138186.37,3153722.236,25104330.2475,62792911.315,216677538.1225,893972634.897999,196485826.1145,1138598437.8,298054264.835983,191573207.875,3929716522.29,0,0,138186.37,245144820.76,4,0
Fundo,2023-05-31,02201501000161,20,0,1,135190.17,3160284.90275,40038437.495,59117083.08,219300302.35,916880207.879749,207625510.4455,1156800951.42,302414814.229717,179261864.855,4152510208.91,0,0,135190.17,249228234.61,4,0
Fundo,2023-06-30,02201501000161,20,0,1,128714.48,3156090.61875,39667857.4025,64194992.275,225351367.02,966925890.169749,213257470.5375,1247295879.44,318345011.424302,185683509.6175,4265149410.75,0,0,128714.48,238749523.08,4,0
Fundo,2023-07-31,02201501000161,20,0,1,123691.53,827949.25875,6414650.0125,57819925.305,186363485.5425,1058257474.001,186033488.091,1414995483.32,343765897.975112,179948835.53,3720669761.82,0,0,123691.53,241105999.99,3,1
Fundo,2023-08-31,02201501000161,20,0,1,122557.57,827405.016,6606677.7425,55863196.715,190598186.4675,1055351189.39575,185707785.203,1438352343.91,346176265.836631,183991508.725,3714155704.06,0,0,122557.57,229017397.79,3,1
Fundo,2023-09-30,02201501000161,23,0,1,1e+05,108417.64,5019201.48,21740644.05,138335690.46,1007056840.9325,159070914.877826,1455225558.33,325727641.685331,133316488.98,3658631042.19,0,0,1e+05,272248768.14,3,1
Fundo,2023-10-31,02201501000161,23,0,1,107580.89,943098.43,6450774.78,20963183.32,141612020.475,1018931497.324,161444514.034348,1472156470.14,329389748.923156,135161245.695,3713223822.79,0,0,107580.89,290968835.09,3,1
Fundo,2023-11-30,02201501000161,23,0,1,100087.04,941743.02,6458772.4,21366909.74,144433439.005,1029599183.2785,162360069.42913,1489399585.51,332594025.910447,137974666.605,3734281596.87,0,0,100087.04,273077428.64,3,1
Fundo,2023-12-31,02201501000161,32,0,1,-8420229.84,-6041517.6125,-68163.49,10974920.055,92303973.2325,889622128.690998,128488391.938438,1555282716.55,304067266.137718,92372136.7225,4111628542.03,8,1,-8420229.84,224668608.78,5,9
Fundo,2024-01-31,02201501000161,29,0,1,-8426483.14,-6277062.279,-273144.23,14672235.8,120282331.15,932957348.387001,139412050.65,1622849409.77,322886850.534453,120555475.38,4042949468.85,8,0,-8426483.14,227351817.49,4,9
Fundo,2024-02-29,02201501000161,29,0,1,-8428786.07,-6279013.214,-276013.15,14847791.85,91300484.49,968318039.710001,140390333.787931,1732661831.46,341839555.437435,91576497.64,4071319679.85,8,0,-8428786.07,218442039.24,4,9
Fundo,2024-03-31,02201501000161,29,0,1,-8427771.44,-6278544.283,-274759.44,14645841.06,92671743.22,1007022034.092,143529732.246552,1852843035.18,361531914.414957,92946502.66,4162362235.15,8,0,-8427771.44,200961874.59,4,9
Fundo,2024-04-30,02201501000161,29,0,1,-8429418.21,-6280162.934,-275897.66,14429320.77,94097226.33,1031570888.038,147301429.678276,1920805486.5,373196705.299408,94373123.99,4271741460.67,8,0,-8429418.21,207936497.04,4,9
Fundo,2024-05-31,02201501000161,29,0,1,-8415433.17,-6265636.402,-277317.09,28374892.37,95464039.55,1037711963.269,149379822.25069,1932677352.79,374952073.500744,95741356.64,4332014845.27,8,0,-8415433.17,172093727.4,4,9
Fundo,2024-06-30,02201501000161,29,0,1,-8421957.6,-6271547.135,-278612.52,28150311.2,96775164.66,1045920337.681,150391386.686552,1951545194.23,377847755.889632,97053777.18,4361350213.91,8,0,-8421957.6,207537608.38,4,9
Fundo,2024-07-31,02201501000161,29,0,1,-17271551.93,-11081942.483,-283194.27,19767943.91,98307554.97,1066860327.44,151341173.693448,2022095607.32,390512695.562778,98590749.24,4388894037.11,9,1,-17271551.93,226454725.94,4,11
Fundo,2024-08-31,02201501000161,32,0,1,-17276532.92,-10425344.161,-283083.8625,41389884.18,103319580.3475,1765189239.4245,197319542.23375,2294351904.84,488710095.518203,103602664.21,6314225351.48,9,0,-17276532.92,226573583.51,5,11
Fundo,2024-09-30,02201501000161,33,0,1,-17281795.83,-10210818.902,-284499.69,31027006.07,101241652.88,1817097498.36,192540504.526364,2314268949.2,489443614.096325,101526152.57,6353836649.37,9,0,-17281795.83,220292033.01,5,11
Fundo,2024-10-31,02201501000161,16,0,1,-17287085.09,-8665423.505,12587431.6775,37482198.835,99415505.08,1767416218.30375,244357697.064375,2486890607.53,618199917.934563,86828073.4025,3909723153.03,1,0,-17287085.09,107073632.11,3,2
Fundo,2024-11-30,02201501000161,18,0,1,-17469818.1,-7627901.153,14847780.0575,68213387.435,380116108.2,1849609243.524,318747967.188333,2574008490.12,616759320.533339,365268328.1425,5737463409.39,1,0,-17469818.1,869539674.6,1,2
Fundo,2024-12-31,02201501000161,3,0,1,-17476220.9,-16322747.9775,-5941491.675,5593237.55,60257996.655,109456279.8495,34346590.8033333,114922755.76,70727920.5663297,66199488.33,103039772.41,1,0,-17476220.9,114922755.76,0,1
Fundo,2025-01-31,02201501000161,4,0,1,-17481242.58,-16018176.72075,-2850583.9875,3769768.23,37038796.4425,122157814.36225,30418444.225,131615483.02,68219263.8213787,39889380.43,121673776.9,1,0,-17481242.58,5513234.25,1,1
Fundo,2025-02-28,02201501000161,3,0,1,-17542869.57,-16389831.056,-6012484.43,5517900.71,69396766.53,126887745.768,40416887.83,133275632.35,81240443.1724108,75409250.96,121250663.49,1,0,-17542869.57,133275632.35,0,1
Fundo,2025-03-31,02201501000161,3,0,1,-17549019.02,-16402189.728,-6080726.1,5387566.82,81943124.105,150843125.6615,48779076.3966667,158498681.39,95709537.311695,88023850.205,146337229.19,1,0,-17549019.02,158498681.39,0,1
Fundo,2025-04-30,02201501000161,3,0,1,-14965406.97,-13958437.254,-4895709.81,5173987.35,82299206.025,151711902.8325,49877668.36,159424424.7,95403184.7967121,87194915.835,149633005.08,1,0,-14965406.97,159424424.7,0,1
Fundo,2025-05-31,02201501000161,5,0,1,-15033374.35,-13020640.032,5093968.83,159930141.77,441320424.56,522530748.665,224573055.764,531554118.01,250488428.745055,436226455.73,1122865278.82,1,0,-15033374.35,531554118.01,0,2
Fundo,2025-06-30,02201501000161,6,0,1,-15071036.15,-13122047.81875,1741885.325,33479674.865,135796755.7775,578023596.54,141769482.553333,637663510.18,251333739.447853,134054870.4525,850616895.32,1,0,-15071036.15,160544201.06,1,1
Fundo,2025-07-31,02201501000161,3,0,1,-15139530.78,-14101083.597,-4755058.95,5629412.88,83652370.115,153873031.6265,50721736.4833333,161675327.35,96648133.7111266,88407429.065,152165209.45,1,0,-15139530.78,161675327.35,0,1
Classe,2025-08-31,02201501000161,46,0,1,-4999935.56,-4175366.0775,5736638.7525,36368527.615,286947690.7425,1859998528.0525,248580861.890435,2859094528.56,529768962.63622,281211051.99,11434719646.96,8,0,-4999935.56,629443150.05,3,10
Classe,2025-09-30,02201501000161,46,0,1,-5004524.1,-4178990.16875,6711082.225,41151415.8,275902835.6225,1892059572.105,247183173.963478,2920547044.21,537883539.859795,269191753.3975,11370426002.32,8,0,-5004524.1,624371962.59,3,10
Classe,2025-10-31,02201501000161,48,0,1,-5033443.41,-4111074.69,7877773.1,40987670.12,242922468.1025,1861314309.316,242609053.814375,2980018717.91,536612761.646529,235044695.0025,11645234583.09,8,0,-5033443.41,545860444.52,4,10
Fundo,2025-11-30,02201501000161,49,0,1,-20403866.99,-4927783.47,8004806.89,35901751.69,212567331.82,1863751965.84,237892038.509796,3013560380.79,539345521.194882,204562524.93,11656709886.98,9,0,-20403866.99,500117861.83,8,11
Fundo,2025-12-31,02201501000161,50,0,1,-20457679,-4731068.17025,8374614.9775,36128337.24,193132126.6375,1870986001.62775,239510852.3634,3050551250.95,541375693.228729,184757511.66,11975542618.17,7,2,-20457679,425068697.09,9,9
Classe,2026-01-31,02201501000161,49,0,1,-4849483.34,-4029243.214,9483495.41,36476348.44,194305026.55,1932763115.07,248942739.371633,3139597521.36,559162629.446603,184821531.14,12198194229.21,8,0,-4849483.34,419211531.84,9,10
Classe,2026-02-28,02201501000161,49,0,1,-4857073.8,-4033613.218,10596601.1,37051486.52,192260351.97,1973595488.938,252895083.27551,3219090481.72,571625413.532936,181663750.87,12391859080.5,8,0,-4857073.8,410704592.49,9,10
Classe,2026-03-31,02201501000161,47,0,1,-4866042.64,-3801038.5245,9920746.125,42404500.01,205225521.05,2071116351.759,267535416.561915,3251108267.57,589828922.376699,195304774.925,12574164578.41,7,0,-4866042.64,405492924.6,9,9
Classe,2026-04-30,02201501000161,41,0,1,-4874263.72,2426252.16,24882345.78,64127107.55,235539098.26,2274932097.52,310832570.104878,3281900052.38,630292146.495188,210656752.48,12744135374.3,1,0,-4874263.72,544359643.33,8,3
Classe,2026-05-31,02201501000161,42,0,1,-4882503.72,2537628.45575,24383263.5775,63221119.36,270692228.7475,2306360662.37425,311365465.566905,3329198240.42,635202082.634522,246308965.17,13077349553.81,1,0,-4882503.72,624552197.02,3,3
Classe,2026-06-30,02201501000161,45,0,1,-4891059.02,2831103.673,24645734.74,49565061.02,234138694.53,2253763073.304,297308627.558222,3470655083.68,636392740.077531,209492959.79,13378888240.12,1,0,-4891059.02,407254879.96,9,3
Classe,2026-07-31,02201501000161,45,0,1,-4083507.39,2885765.477,25097688.7,50245542.49,236548078.08,2286181796.841,302148335.575556,3616899001.48,656292216.05297,211450389.38,13596675100.9,1,0,-4083507.39,351881101.37,9,3
Classe,2026-08-31,02201501000161,45,0,1,-4146415.58,2871541.656,19959710.82,53917350.24,238685587.46,2356075281.325,306316748.655111,3658919018.85,667495793.567201,218725876.64,13784253689.48,1,0,-4146415.58,352219042,9,3
Fundo legado,2020-01-31,45246410000155,14,0,1,0,50861.382,10609053.0775,56317980.72,78575871.8975,187697335.4805,60842924.1457143,200535812.32,60046775.1235718,67966818.82,851800938.04,0,1,0,161032806.66,1,2
Fundo legado,2020-02-29,45246410000155,14,0,1,0,13072.6895,11192510.76,57864831.1,80577121.835,203903754.42725,64555265.0514286,205549224.38,66491266.9281943,69384611.075,903773710.72,0,1,0,89563044.9,2,2
Fundo legado,2020-03-31,45246410000155,13,0,1,0,625510.305,26173219.25,61673008.31,87625902.09,264034127.791,76645200.0169231,291203948.92,83349520.377828,61452682.84,996387600.22,0,1,0,94871493.94,2,1
Fundo legado,2020-04-30,45246410000155,12,1,0.923076923076923,2032264.59,3234379.2125,33674275.6075,68625196.955,105271548.29,291086904.54275,91715621.2508333,325448832.8,91382382.60694,71597272.6825,1100587455.01,0,0,2032264.59,200496366.41,1,0
Fundo legado,2020-05-31,45246410000155,12,1,0.923076923076923,1990546.2,3286237.0525,33415179.955,68597839.635,108947579.5075,286861400.20675,92385778.8425,319637972.34,90378243.1431182,75532399.5525,1108629346.11,0,0,1990546.2,200450437.31,1,0
Fundo legado,2020-06-30,45246410000155,13,0,1,0,574167.426,24960913.82,67383057.47,116308857.57,347882789.314,94347995.5676923,411112710.7,111544853.060837,91347943.75,1226523942.38,0,1,0,200346306.08,1,1
Fundo legado,2020-07-31,45246410000155,14,0,1,0,557156.86,11828664.325,62494352.425,98053125.975,411021418.40125,92988083.9992857,512454953.64,133503546.274987,86224461.65,1301833175.99,0,1,0,200351768.29,1,1
Fundo legado,2020-08-31,45246410000155,16,0,1,0,617357.9175,23443429.3575,64447362.435,110617351.2175,530184867.12375,108518903.81375,728088908.16,174318277.556632,87173921.86,1736302461.02,0,1,0,200344798.73,1,1
Fundo legado,2020-09-30,45246410000155,16,0,1,0,600593.59125,23587627.5325,65365553.015,111354022.95,659161456.3575,121495142.625625,948951931.05,226701152.846477,87766395.4175,1943922282.01,0,1,0,176177331.87,1,1
Fundo legado,2020-10-31,45246410000155,17,0,1,0,617075.504,20403138.17,66179120.7,103231634.32,727792234.006001,126575426.472353,1095325282.37,254713535.28097,82828496.15,2151782250.03,0,1,0,176492661.46,1,1
Fundo,2020-11-30,45246410000155,16,0,1,0,560151.6375,23316666.31,66366427.64,138365034.8125,2752561966.27375,376661485.6725,3667942669.96,928256235.624602,115048368.5025,6026583770.76,0,1,0,151538623.87,3,2
Fundo,2020-12-31,45246410000155,19,0,1,-0.01,583423.5185,23461622.78,68828421.61,220444021.97,2497834333.51,388171990.263684,3095136727.36,792022724.325134,196982399.19,7375267815.01,1,0,-0.01,423043323.2,3,3
Fundo,2021-01-31,45246410000155,18,0,1,0,522413.094,22268196.92,78921519.25,476711244.84,2659199562.162,451818899.079444,3276137824.23,853428997.165698,454443047.92,8132740183.43,0,1,0,1058211411.68,2,2
Fundo,2021-02-28,45246410000155,18,0,1,0.01,497660.12225,22368751.4275,77188190.58,477922610.5525,2747495248.9115,477083742.782778,3420924385.46,890207455.070588,455553859.125,8587507370.09,0,0,0.01,1056455404.14,2,3
Fundo,2021-03-31,45246410000155,19,0,1,0,489691.9665,24100940.55,84104851.7,373896467.02,2844409914.2335,486124895.775263,3672831362.71,927830819.006294,349795526.47,9236373019.73,0,1,0,594659755.55,4,3
Fundo,2021-04-30,45246410000155,19,0,1,-0.01,449059.022,23112396.15,82601811.31,370448286.09,2905734198.1415,490011600.973158,3798013123.04,951082411.753939,347335889.94,9310220418.49,1,0,-0.01,586807529.25,4,3
Fundo,2021-05-31,45246410000155,21,0,1,0,467516.17,36797459.28,95482154.02,316098355.7,2975399802.63,497468278.400952,4154396526.83,986491621.624295,279300896.42,10446833846.42,0,1,0,586752923.73,4,3
Fundo,2021-06-30,45246410000155,22,0,1,0,431122.21425,38828816.45,105947966.655,538206634.25,2470068379.95725,474750803.120455,3240637142.72,804145948.055387,499377817.8,10444517668.65,0,1,0,1058122682.42,3,3
Fundo,2021-07-31,45246410000155,23,0,1,0,411459.169,33458672.405,93165684.8,503045633.03,2503916469.79,466641729.009565,3441870532.33,826758782.237953,469586960.625,10732759767.22,0,1,0,1059678808.7,3,3
Fundo,2021-08-31,45246410000155,24,0,1,0,394169.4,37608652.905,91641349.22,449677303.9875,2659451751.75925,467236624.388333,3730179982.47,866916927.62023,412068651.0825,11213678985.32,0,1,0,1058393545.75,3,3
Fundo,2021-09-30,45246410000155,26,0,1,-0.01,398787.57125,42852212.185,93485330.445,290824302.675,2691311219.51875,430411812.45,3825798064.15,860769136.36339,247972090.49,11190707123.7,1,0,-0.01,630090902.82,4,4
Fundo,2021-10-31,45246410000155,29,0,1,0,413178.066,42033946.44,78864040.79,305725885.2,2747174622.222,399373475.849655,3970501437.1,834639869.322028,263691938.76,11581830799.64,0,1,0,645414162.66,5,3
Fundo,2021-11-30,45246410000155,30,0,1,0,387092.9135,43169577.58,86057430.26,315616887.8825,2848398110.63425,413509251.237667,4146473982.67,858551362.586661,272447310.3025,12405277537.13,0,1,0,664714020.15,5,2
Fundo,2021-12-31,45246410000155,34,0,1,0,402195.4035,15334026.47,73701574.08,317337821.59,2719510043.3105,391971035.474412,3953475262.55,795478217.074804,302003795.12,13327015206.13,0,1,0,748457287.41,4,2
Fundo,2022-01-31,45246410000155,36,0,1,0.01,371955.18625,32818915.8225,99524935.22,497237841.1275,2743709763.2875,409948316.744444,4116052148.53,800222244.816596,464418925.305,14758139402.8,0,0,0.01,1060534133.3,2,2
Fundo,2022-02-28,45246410000155,38,0,1,0,345575.84675,41363047.39,83662619.88,444323339.6,2724051720.23299,403181205.799737,4289357799.91,810765916.714218,402960292.21,15320885820.39,0,1,0,1032057318.63,3,2
Fundo,2022-03-31,45246410000155,37,0,1,0,480898.386,51261169.23,94132197.48,516066720.11,2896181399.721,414543393.749189,4029738175.47,800608183.107348,464805550.88,15338105568.72,0,1,0,1062150825.35,2,3
Fundo,2022-04-30,45246410000155,38,0,1,0,499143.0795,48836187.8175,97048407.555,480183408,2971934247.11724,422680730.155263,4211190168.32,821655281.603977,431347220.1825,16061867745.9,0,1,0,1060492719.7,2,3
Fundo,2022-05-31,45246410000155,39,0,1,0,515958.87,45803531.98,97267579.05,419876370.39,3058116107.631,422042840.615385,4401768293.17,847363134.031573,374072838.41,16459670784,0,1,0,893710989.67,4,2
Fundo,2022-06-30,45246410000155,42,0,1,0,593571.046000001,41597985.27,99743678.015,319473814.55,2905291929.91175,398517730.988571,4318814303.28,808624384.402296,277875829.28,16737744701.52,0,1,0,545303593.72,8,2
Fundo,2022-07-31,45246410000155,44,0,1,0.01,700588.053500001,57529801.8825,108567792.515,310857471.0575,2818205885.26025,400283903.408636,4515612407.82,812675235.569063,253327669.175,17612491749.98,0,0,0.01,551003746.83,8,2
Fundo,2022-08-31,45246410000155,44,0,1,0,3025863.66,62330113.415,121549728.23,310631485.3375,2842500159.2615,411475861.001818,4755586176.43,842121170.994065,248301371.9225,18104937884.08,0,1,0,557346186.76,8,2
Fundo,2022-09-30,45246410000155,46,0,1,0,3108026.11375,50869820.085,106817693.76,307122555.39,2618186916.685,395631779.469348,4630368204.82,806785345.435529,256252735.305,18199061855.59,0,1,0,563164032.47,8,3
Fundo,2022-10-31,45246410000155,47,0,1,0.01,3171749.5365,52013637.64,108493532.54,323814895.34,2576907605.876,406188348.081064,4931682869.5,831857233.311257,271801257.7,19090852359.81,0,0,0.01,569233690.87,8,2
Fundo,2022-11-30,45246410000155,49,0,1,0,3482545.092,51755183.99,110134441.14,331333466.56,2760387146.948,448453876.197755,5125208216.05,886805259.980463,279578282.57,21974239933.69,0,1,0,538955279.07,9,5
Fundo,2022-12-31,45246410000155,55,0,1,0,908315.695,41372079.99,103290428.27,313224643.38,2556195063.156,387945498.102,4578674318.92,785487988.110574,271852563.39,21337002395.61,0,2,0,545293934.13,9,6
Fundo,2023-01-31,45246410000155,57,0,1,0,1069841.152,48726035.45,105454117.74,306533971.92,2536486516.024,388250800.230351,4779418020.47,798363697.356667,257807936.47,22130295613.13,0,2,0,623670904.44,9,6
Fundo,2023-02-28,45246410000155,59,0,1,0,1169054.1495,48185166.86,107608792.41,306333941.9,2065924882.35,371564000.049831,4968350243.62,765619920.266972,258148775.04,21922276002.94,0,2,0,672975506.27,9,6
Fundo,2023-03-31,45246410000155,62,0,1,0,1362210.88975,40307511.6325,105834877.99,286965329.8425,1958613560.1515,345940324.812581,4495293245.74,698174699.961595,246657818.21,21448300138.38,0,1,0,563863317.85,10,4
Fundo,2023-04-30,45246410000155,62,0,1,0,1327423.65525,40023510.34,96627984.52,287817841.15,2043146145.36125,345394435.138226,4713311485.27,722439524.544455,247794330.81,21414454978.57,0,2,0,569470455.99,10,6
Fundo,2023-05-31,45246410000155,62,0,1,0,1510471.578,46079970.4225,107227990.265,309243272.125,2031878890.391,353303241.737581,4900154315.93,739173042.080064,263163301.7025,21904800987.73,0,2,0,540516788.31,9,6
Fundo,2023-06-30,45246410000155,62,0,1,0,1508616.5955,42458077.595,105001123.165,294067723.6425,2085621693.2,346436442.177419,4482391913.58,705248624.524004,251609646.0475,21479059415,0,2,0,566376386.56,9,6
Fundo,2023-07-31,45246410000155,62,0,1,0,1173682.4295,52220031.5725,103670604.7,302770421.255,2146821020.8895,361391377.578065,4669372105.98,733927140.323659,250550389.6825,22406265409.84,0,2,0,657315002.18,9,6
Fundo,2023-08-31,45246410000155,62,0,1,0,455823.669,54486617.5775,115700141.82,322782826.135,2097082417.62125,368440701.958548,4895755945.33,745684427.014235,268296208.5575,22843323521.43,0,2,0,607747023.41,9,5
Fundo,2023-09-30,45246410000155,75,0,1,0,85000,13716697.375,77095435.37,235646921.005,1765027784.05749,311979015.166133,4700089566.75,681808164.496331,221930223.63,23398426137.46,0,2,0,565841742.92,11,5
Fundo,2023-10-31,45246410000155,73,0,1,0,54812.944,18191160.58,81264734.47,249188904.07,1815970012.666,326689218.848493,4950695151.7,712287707.722806,230997743.49,23848312975.94,0,2,0,586212839.71,9,5
Fundo,2023-11-30,45246410000155,71,0,1,0,31025.2575,19068861.49,79756001.49,326321103.99,1870499985.1925,351354267.96507,5210034379.95,751158692.673406,307252242.5,24946153025.52,0,2,0,580046100.5,10,5
Fundo,2023-12-31,45246410000155,73,0,1,0,0,25034762.22,78248494.97,332707246.63,1856591976.342,340530563.481781,4793646771.1,711405764.905526,307672484.41,24858731134.17,0,3,0,580155672.71,9,5
Fundo,2024-01-31,45246410000155,73,0,1,0,0,28173940.98,80952981.39,327573849.82,1927085240.496,349353681.396986,5054414070.49,739203294.636847,299399908.84,25502818741.98,0,3,0,567105238.83,9,8
Fundo,2024-02-29,45246410000155,74,0,1,0,0,31208452.5475,86779851.78,327836929.5375,1894676102.07575,349172908.240811,5315062525.64,758959147.788509,296628476.99,25838795209.82,0,5,0,573406985.16,9,10
Fundo,2024-03-31,45246410000155,74,0,1,0,0,34883037.865,92850474.18,342250267.625,1931778618.3245,350471644.045811,5246861090.49,742689567.70704,307367229.76,25934901659.39,0,5,0,792507991.76,8,10
Fundo,2024-04-30,45246410000155,78,0,1,0,0,35496534.195,109093851.825,350505935.215,1933853639.44025,357276078.918718,5524015338.4,750023319.355067,315009401.02,27867534155.66,0,5,0,758721338.82,8,10
Fundo,2024-05-31,45246410000155,83,0,1,0,0,39523497.315,98625353.93,349669750.96,1875346837.767,368346028.584217,5900842570.36,776153535.109443,310146253.645,30572720372.49,0,6,0,674491610.26,9,12
Fundo,2024-06-30,45246410000155,85,0,1,0,0,33458174.44,92134329.17,360554026.2,1752413717.254,347054709.838706,4712386228.46,669202860.755178,327095851.76,29499650336.29,0,8,0,707232643.41,10,6
Fundo,2024-07-31,45246410000155,86,0,1,0,0,50398491.89,121545086.525,369084583.36,1854544205.37625,357908211.952558,5126756780.63,697390808.093603,318686091.47,30780106227.92,0,5,0,787907120.37,9,11
Fundo,2024-08-31,45246410000155,86,0,1,0,0,43470302.3425,115696419.11,367282694.465,2008506565.70625,369536572.856977,5516591703.21,736150951.758509,323812392.1225,31780145265.7,0,5,0,808518003.09,9,6
Fundo,2024-09-30,45246410000155,90,0,1,0,0,36097272.0475,114396336.39,383297121.71,2241055550.71275,372491960.971333,5307780926.35,721165254.420019,347199849.6625,33524276487.42,0,5,0,903234368.21,8,6
Fundo,2024-10-31,45246410000155,48,0,1,0,0,21394085.065,72315957.395,212350834.1125,1780522957.8115,347102694.46,5787422947.25,892766478.360554,190956749.0475,16660929334.08,0,5,0,350567309.11,9,3
Fundo,2024-11-30,45246410000155,34,0,1,0,0,10392475.2525,54521034.635,153961382.86,1679263423.18175,232468256.42,1829588205.05,448269047.770711,143568907.6075,7903920718.28,0,6,0,217287623.77,6,1
Classe,2024-12-31,45246410000155,89,0,1,0,37242.46,43828497.48,109307674.6,444362063.67,2529875865.89,419192116.585393,6066811329.31,809457413.626027,400533566.19,37308098376.1,0,3,0,941212625.32,10,9
Classe,2025-01-31,45246410000155,91,0,1,0,30776.9825,32013049.715,113721429.14,412253388.265,2507385041.4525,421958351.139561,6486400934.95,844708461.977224,380240338.55,38398209953.7,0,3,0,959322320.7,11,9
Classe,2025-02-28,45246410000155,90,0,1,0,17149.73175,29627853.47,113516892.28,451232926.1975,2747417034.82449,452279101.858778,6760750543.69,929022815.836795,421605072.7275,40705119167.29,0,3,0,1072529561.16,10,10
Classe,2025-03-31,45246410000155,90,0,1,0,5798.81925,43257606.8125,110822586.44,508816200.1425,2839743128.23799,438455793.217111,5088267366.24,834542419.799189,465558593.33,39461021389.54,0,3,0,1091009020.35,8,9
Classe,2025-04-30,45246410000155,86,0,1,-11714.81,69158.2375,30915189.7275,125329751.855,531449974.145,3012464031.79,455522109.429884,5542199374.15,873337856.468826,500534784.4175,39174901410.97,1,2,-11714.81,1245755508.03,6,9
Classe,2025-05-31,45246410000155,87,0,1,-71936.7,79898.5605,37173780.335,112727183.07,524799013.405,2984482724.91049,461058950.42954,5988691214.17,909296198.484726,487625233.07,40112128687.37,1,2,-71936.7,1251745610,6,8
Classe,2025-06-30,45246410000155,86,0,1,-129587.29,0,35297776.8725,122623101.06,472882924.8675,3052438717.4825,441982401.570698,4953321908.29,838912714.498959,437585147.995,38010486535.08,1,5,-129587.29,1092094363.3,8,6
Classe,2025-07-31,45246410000155,85,0,1,-175007.21,0,33070552.78,112565755.71,422884028.71,3270936327.47599,451533058.567412,5396854441.22,878771772.073581,389813475.93,38380309978.23,1,5,-175007.21,904498708.99,12,11
Classe,2025-08-31,45246410000155,84,0,1,-205130.48,0,36549279.1675,116365904.25,467054878.8125,3352501736.5435,462193145.196191,5806281073.22,920860980.949362,430505599.645,38824224196.48,1,6,-205130.48,1112659225.14,8,12
Classe,2025-09-30,45246410000155,84,0,1,-239310.86,0,34319882,118067370.17,484451285.095,3612660536.4245,455669233.279048,5059070438.74,881597140.254063,450131403.095,38276215595.44,1,7,-239310.86,1131743431.34,7,13
Classe,2025-10-31,45246410000155,81,0,1,-285868.9,0,29029811.78,120925929.2,419592671.12,3882611224.37,470575608.057901,5491267201.64,931248519.327767,390562859.34,38116624252.69,1,8,-285868.9,905315173.74,10,14
Fundo,2025-11-30,45246410000155,69,0,1,-337874.31,0,61772429.16,190830863.54,572423403.24,4182109292.8,555672744.945217,5892842992.42,1038402590.55666,510650974.08,38341419401.22,1,4,-337874.31,1298519407.81,6,6
Classe,2025-12-31,45246410000155,21,0,1,0,0,9581727.9,46206042.57,70941468.92,3442638474.5,378014774.600952,5336345538.32,1184484193.52452,61359741.02,7938310266.62,0,2,0,122141625.19,3,2
Classe,2026-01-31,45246410000155,70,0,1,-474630.47,0,54537322.675,135102815.985,564673263.19,4284967636.44774,552099708.222572,5738033317.47,1047655045.91444,510135940.515,38646979575.58,1,2,-474630.47,1287669551.87,7,6
Classe,2026-02-28,45246410000155,70,0,1,-529544.9,0,48808690.175,140615326.305,610169292.8575,4215902847.854,559760769.572,6116863004.56,1064521523.92456,561360602.6825,39183253870.04,1,2,-529544.9,1265904789.05,7,8
Classe,2026-03-31,45246410000155,64,0,1,-315373.17,0,51058828.0325,115349000.51,662321596.63,3175052724.55225,485985666.521719,4648950747.6,874447102.907385,611262768.5975,31103082657.39,1,2,-315373.17,1542545832.71,5,7
Classe,2026-04-30,45246410000155,60,0,1,-363540.2,0,53169113.545,125840707.23,690039584.565,3419853999.95625,515117312.386333,4601705451.77,906895106.238823,636870471.02,30907038743.18,1,2,-363540.2,1596312954.3,5,7
Classe,2026-05-31,45246410000155,51,0,1,-418545.28,0,43713249.775,85194394.7,482018779.465,1724137510.0525,379147036.022941,4349759716.83,702459964.176485,438305529.69,19336498837.17,1,2,-418545.28,877133966.81,4,4
Classe,2026-06-30,45246410000155,52,0,1,-379375.23,0,43478022.4225,99150182.37,559874164.3225,1698877524.0815,395446590.700192,4520325687.36,719455343.577421,516396141.9,20563222716.41,1,2,-379375.23,915291645.76,4,4
Classe,2026-07-31,45246410000155,48,0,1,-430762.21,0,41683054.225,95754048.505,557737657.0325,1687613888.58375,395615951.893333,4553733874.43,743548726.664506,516054602.8075,18989565690.88,1,2,-430762.21,927887401.63,4,4
Classe,2026-08-31,45246410000155,48,0,1,-461426.58,0,40735471.9175,89520831.73,555760424.17,1721223602.3455,397739379.423333,4598582573.31,753557626.057746,515024952.2525,19091490212.32,1,2,-461426.58,960243056.86,4,4
Fundo legado,2020-01-31,62232889000190,21,0,1,1638156.32,5016978.88,17613227.7,49975580.06,63879999.48,189326517.105,59051941.1595238,229386007.91,56205295.9798859,46266771.78,1240090764.35,0,0,1638156.32,109912969.85,3,0
Fundo legado,2020-02-29,62232889000190,22,0,1,1635410.06,7123935.64625,27187117.8025,50692383.565,73461641.985,242481736.395,69310317.0490909,255126257.76,68800330.8448654,46274524.1825,1524826975.08,0,0,1635410.06,142507671.82,3,0
Fundo legado,2020-03-31,62232889000190,22,0,1,1634446.73,7289144.219,26925912.2025,50120501.89,78228879.28,239401510.056,69806694.9290909,257145118.26,68007341.6820683,51302967.0775,1535747288.44,0,0,1634446.73,154789313.06,2,0
Fundo legado,2020-04-30,62232889000190,22,0,1,1633553.74,7390366.15975,27196077.7825,50002947.45,72760284.1925,239846541.19,69055187.9009091,260056852.15,67689241.3792962,45564206.41,1519214133.82,0,0,1633553.74,88468034.65,4,0
Fundo legado,2020-05-31,62232889000190,23,0,1,1632637.73,6786547.414,25034647.925,45171219.74,72661321.05,232159547.7605,66557252.3356522,262068204.06,65846371.0522406,47626673.125,1530816803.72,0,0,1632637.73,141461101.64,3,0
Fundo legado,2020-06-30,62232889000190,24,0,1,1631643.99,2855612.9905,29288665.8475,47929968.3,72257400.4325,232340638.87,65464219.19125,264227559.65,64069940.5319748,42968734.585,1571141260.59,0,0,1631643.99,127865995.27,3,0
Fundo legado,2020-07-31,62232889000190,26,0,1,1632836.13,2997385.83,26998352.5,41226767.65,71380139.8475,231612770.5175,62163511.7873077,266512701.98,63038826.6894443,44381787.3475,1616251306.47,0,0,1632836.13,124321444.46,3,0
Fundo legado,2020-08-31,62232889000190,28,0,1,1632659.85,3145653.396,19259494.875,44550593.475,66063564.22,230263185.5355,62135831.175,268829591.43,62167298.9254542,46804069.345,1739803272.9,0,0,1632659.85,122006618.86,3,0
Fundo legado,2020-09-30,62232889000190,29,0,1,1631920.81,3233452.504,20426136.81,47103038.77,64666520.17,230271411.162,63052281.5962069,271242446.54,61058789.5208114,44240383.36,1828516166.29,0,0,1631920.81,114788647.68,3,0
Fundo legado,2020-10-31,62232889000190,32,0,1,438442.14,439084.9405,16684725.8075,46124912.12,70643702.65,254875463.123,65658239.1953125,273979006.88,69495943.0620733,53958976.8425,2101063654.25,0,0,438442.14,147411007.46,3,0
Fundo,2020-11-30,62232889000190,13,0,1,13710226.6,14284716.988,24236930.63,55148278.17,106248525.78,276948675.616,88753649.91,277048838.32,89787216.6169428,82011595.15,1153797448.83,0,0,13710226.6,119187335.45,2,0
Fundo,2020-12-31,62232889000190,12,0,1,1999689.74,6301796.46925,45828201.68,62788380.855,152775939.3625,293309789.856,106063235.211667,298467209.53,98427168.8088063,106947737.6825,1272758822.54,0,0,1999689.74,298467209.53,0,0
Fundo,2021-01-31,62232889000190,12,0,1,6554372.63,9646319.4385,28201036.5425,54141017.525,143447947.5275,281908694.19025,102787073.85,282391847.05,105238093.097138,115246910.985,1233444886.2,0,0,6554372.63,282391847.05,0,0
Fundo,2021-02-28,62232889000190,12,0,1,7227189.49,10162154.589,47360608.18,56608559.18,134638997.0125,385379855.32575,114777335.906667,423542735.76,127393523.133962,87278388.8325,1377328030.88,0,0,7227189.49,214027300.06,2,0
Fundo,2021-03-31,62232889000190,12,0,1,5998065.18,9333214.02175,48920232.555,66110443.53,122769469.19,438558765.62225,121001116.014167,495553686.41,140723104.446145,73849236.635,1452013392.17,0,0,5998065.18,166549188.77,2,0
Fundo,2021-04-30,62232889000190,12,0,1,7572632.25,10508963.868,49841448.9225,67494201.92,141209800.5775,517240013.49225,133773582.120833,603015939.17,167053087.797226,91368351.655,1605282985.45,0,0,7572632.25,162700433.23,2,0
Fundo,2021-05-31,62232889000190,13,0,1,4951347.3,5762210.316,30015755.98,58958707.97,174148646.04,551451191.009,132957684.238462,661710610.64,179212257.25403,144132890.06,1728449895.1,0,0,4951347.3,294179211.87,1,0
Fundo,2021-06-30,62232889000190,15,0,1,6056224.38,6403647.582,28756391.015,62046668.15,147597031.42,742882527.7575,151679633.777333,982624324.65,246165459.553208,118840640.405,2275194506.66,0,0,6056224.38,297647762.1,1,0
Fundo,2021-07-31,62232889000190,16,0,1,6083331.29,8488394.735,32313858.4875,63668653.695,134572544.8075,775251045.04,157046784.92625,1046058549.22,256030700.183382,102258686.32,2512748558.82,0,0,6083331.29,195633381.76,3,0
Fundo,2021-08-31,62232889000190,18,0,1,3510539.84,3554346.70225,19256982.7525,64332687.195,114910678.7425,806689640.525999,154018982.142778,1109928954.12,263436247.231829,95653695.99,2772341678.57,0,0,3510539.84,115115232.43,4,0
Fundo,2021-09-30,62232889000190,18,0,1,3637213.77,4239198.509,22563151.5925,67828983.105,115584359.825,916376934.466999,168670154.601111,1254254102.8,296545956.632778,93021208.2325,3036062782.82,0,0,3637213.77,115982358.87,4,1
Fundo,2021-10-31,62232889000190,19,0,1,3611169.98,4769884.8845,25799515.315,68268909.08,114775962.39,936679288.598501,167756827.966316,1301480964.4,301630528.094589,88976447.075,3187379731.36,0,0,3611169.98,115066033.26,4,1
Fundo,2021-11-30,62232889000190,20,0,1,3720337.18,4981862.15375,28500195.4,69543769.895,140841440.4225,988040669.445749,178137934.875,1430131862.34,320821645.963899,112341245.0225,3562758697.5,0,0,3720337.18,308917311.48,3,1
Fundo,2021-12-31,62232889000190,22,0,1,3750111.57,5753913.37875,25849741.945,73316948.08,171431818.0425,1175640412.29425,209259174.867273,1600223259.53,363752169.57841,145582076.0975,4603701847.08,0,0,3750111.57,322224456.34,3,1
Fundo,2022-01-31,62232889000190,23,0,1,3761591.83,4991683.462,17501169.165,71855012.91,146069863.5,1174753851.5205,197285307.314783,1631333130.55,366666387.201071,128568694.335,4537562068.24,0,0,3761591.83,326182630.5,3,1
Fundo,2022-02-28,62232889000190,24,0,1,3806205.55,4185162.7615,19901188.2825,70137033.315,136141161.7675,1164207611.7245,192766357.15375,1642072554.18,361835199.23591,116239973.485,4626392571.69,0,0,3806205.55,299730659.16,4,1
Fundo,2022-03-31,62232889000190,25,0,1,3859889.93,5463788.576,13956741.71,71540801.36,151233017.09,1282059005.784,202195656.5072,1968775491.78,413201370.107411,137276275.38,5054891412.68,0,0,3859889.93,322747373.85,3,1
Fundo,2022-04-30,62232889000190,29,0,1,3873764.95,6002315.136,14406845.65,63385821.11,126508342.26,1186834921.657,180819379.598276,1999930369.15,392947973.016997,112101496.61,5243762008.35,0,0,3873764.95,162099620.02,5,1
Fundo,2022-05-31,62232889000190,30,0,1,3922397.86,6129785.87925,16918680.3275,75224376.545,130761012.41,1179024508.977,184793031.041,2035657035.16,391464998.078759,113842332.0825,5543790931.23,0,0,3922397.86,163434806.5,5,1
Fundo,2022-06-30,62232889000190,40,0,1,3957096.92,4528691.723,16187891.53,73633939.515,129346404.23,898295467.616748,162729370.355,2085971672.27,352119624.592105,113158512.7,6509174814.2,0,0,3957096.92,215904119.48,6,1
Fundo,2022-07-31,62232889000190,44,0,1,3994856.01,4641835.23275,16112067.9125,74957097.695,142104360.1725,792976193.827749,162926821.183182,2112959762.54,341264728.718595,125992292.26,7168780132.06,0,0,3994856.01,313101099.75,6,1
Fundo,2022-08-31,62232889000190,46,0,1,4093209.57,4666600.69625,18146987.68,62009240.795,138915362.7125,792307354.00375,164713003.049783,2155812922.6,342155265.050506,120768375.0325,7576798140.29,0,0,4093209.57,309757667.36,6,1
Fundo,2022-09-30,62232889000190,51,0,1,968350.01,4282053.325,19377437.29,65495767.84,144640564.79,769849096.5875,161758810.010392,2194221184.84,333144410.014597,125263127.5,8249699310.53,0,0,968350.01,305170683.34,7,1
Fundo,2022-10-31,62232889000190,55,0,1,1187361.66,5086594.301,18601705.78,70794087.87,146410960.155,761150856.325,153755439.818364,1986401057.56,300981258.842662,127809254.375,8456549190.01,0,0,1187361.66,301291538.26,7,1
Fundo,2022-11-30,62232889000190,61,0,1,2349319.3,5490380.125,20771997.47,57684178.69,140943828.46,888089733.985,164753534.883934,2030565284.29,310898559.136265,120171830.99,10049965627.92,0,0,2349319.3,298707251.51,10,1
Fundo,2022-12-31,62232889000190,69,0,1,481993.95,3813020.543,21908589.92,70987640.99,159745467.34,1207491626.488,187097199.105362,2593724422.9,407196528.902622,137836877.42,12909706738.27,0,0,481993.95,302897665.06,10,2
Fundo,2023-01-31,62232889000190,73,0,1,431664.23,4047408.484,21439730.42,67663957.87,145239381.57,1101528379.65,178535246.321918,2643479977.87,403306643.195999,123799651.15,13033072981.5,0,0,431664.23,307182190.45,9,2
Fundo,2023-02-28,62232889000190,75,0,1,398278.81,4277091.6025,22510258.58,69503251.2,136234285.655,1051545162.66749,178881615.037467,2680623324.12,403504314.526712,113724027.075,13416121127.81,0,0,398278.81,289369329.3,10,2
Fundo,2023-03-31,62232889000190,79,0,1,387884.96,4479186.529,25919984.695,76171054.5,143202498.81,932441168.666497,177489576.349873,2624864452.95,386371130.130999,117282514.115,14021676531.64,0,0,387884.96,315686027.94,9,2
Fundo,2023-04-30,62232889000190,84,0,1,375172.09,1767984.51775,24563377.9725,78813814.61,133805141.6875,861975868.174249,171803647.824286,2470545483.98,368457769.326662,109241763.715,14431506417.24,0,0,375172.09,281076256.59,12,2
Fundo,2023-05-31,62232889000190,87,0,1,147228.49,429386.3905,25625874.32,75415044.61,132568508.52,852048581.297499,160532887.00977,2139896757.68,323685047.591203,106942634.2,13966361169.85,0,0,147228.49,275848117.61,11,2
Fundo,2023-06-30,62232889000190,90,0,1,157038.15,536110.00375,22887377.51,67141996.93,134600343.7475,845129349.258498,155209003.704444,2178635354.53,300466235.307686,111712966.2375,13968810333.4,0,0,157038.15,269677134.18,11,2
Fundo,2023-07-31,62232889000190,94,0,1,233307.42,595427.66975,22001646.235,73654199.57,133766288.1225,778317649.26125,152192597.131809,2241594199.88,286559052.906681,111764641.8875,14306104130.39,0,0,233307.42,294093120.18,11,1
Fundo,2023-08-31,62232889000190,99,0,1,0,666951.509,20958957.905,78868101.6,137615232.99,783757566.067,149326703.711313,2081295637.02,271149380.470446,116656275.085,14783343667.42,0,1,0,259579878,12,1
Fundo,2023-09-30,62232889000190,105,0,1,241727.44,935680.128,21450645.46,79957994.77,137837466.13,805854342.157999,152716100.31181,2109519624.94,272030598.321851,116386820.67,16035190532.74,0,0,241727.44,254207986.73,13,1
Fundo,2023-10-31,62232889000190,105,0,1,0,588313.396,21920060.46,73877785.88,142698531.44,798979537.109999,152965160.948667,2144811252.99,269767491.807406,120778470.98,16061341899.61,0,1,0,250610062.01,13,1
Fundo,2023-11-30,62232889000190,110,0,1,208211.55,936075.716,22438090.2325,66964098.71,143415786.4375,836416892.0935,153955940.971545,2176007001.11,275703620.77903,120977696.205,16935153506.87,0,0,208211.55,321453607.49,12,1
Fundo,2023-12-31,62232889000190,119,0,1,0,296667.6685,21651564.85,59845595.9,153232335.9,951086835.591998,172383357.555714,2077150030.67,337017106.394389,131580771.05,20513619549.13,0,2,0,344722547.7,13,3
Fundo,2024-01-31,62232889000190,122,0,1,171516.57,832972.4215,20335014.5775,61769299.355,149614626.09,929375604.706249,170237583.961885,2124709950.63,339155285.697902,129279611.5125,20768985243.35,0,0,171516.57,304462828.74,14,3
Fundo,2024-02-29,62232889000190,126,0,1,152893.19,1052852.51125,21804242.625,69185943.12,160139316.0725,931582416.84625,172971573.432857,2140854127.6,335473272.900182,138335073.4475,21794418252.54,0,0,152893.19,360206790.32,14,3
Fundo,2024-03-31,62232889000190,132,0,1,132727.08,1059918.2835,23215668.965,64893483.73,155173220.1425,945728806.375749,171123626.412879,2167825345.94,331357155.512276,131957551.1775,22588318686.5,0,0,132727.08,352443233.25,17,3
Fundo,2024-04-30,62232889000190,138,0,1,103700.6,915809.78025,22270089.1125,60482087.4,150569006.65,938605676.579999,166023855.635217,2201013478.54,321751260.749911,128298917.5375,22911292077.66,0,0,103700.6,281298633.09,18,3
Fundo,2024-05-31,62232889000190,159,0,1,84458.57,903512.479,23179158.05,60211544.24,139531305.26,1024034460.74799,161478800.719623,2241361852.05,312774920.665148,116352147.21,25675129314.42,0,0,84458.57,278465631.41,19,4
Fundo,2024-06-30,62232889000190,170,0,1,-11697.67,1603467.2425,22735526.6475,57584739.39,148596767.4975,1154524427.53275,167122849.441412,2269198643.92,319582176.287195,125861240.85,28410884405.04,1,0,-11697.67,263781490.37,22,4
Fundo,2024-07-31,62232889000190,181,0,1,-18143.87,2253698.735,22738528.74,60605593.6,123756265.59,1114766203.47,161722175.438398,2321853989.17,313511843.418272,101017736.85,29271713754.35,1,0,-18143.87,256632998.18,24,5
Fundo,2024-08-31,62232889000190,192,0,1,-21008.74,1727306.8645,22482703.8175,52373348.275,130304454.0675,1146578367.94425,157699126.981875,2332332858.69,310262906.769231,107821750.25,30278232380.52,1,0,-21008.74,248540238.12,23,5
Fundo,2024-09-30,62232889000190,200,0,1,-31302.5,2429205.654,23136746.7675,54530361.795,118896759.5,1159273412.292,152372676.0643,2370117222.28,303195723.115092,95760012.7325,30474535212.86,1,0,-31302.5,245329457.69,23,5
Fundo,2024-10-31,62232889000190,52,0,1,850863.71,3445726.54625,37607157.7025,79766864.395,183660980.75,937942543.00325,198408633.671346,1357227667.08,289870176.735308,146053823.0475,10317248950.91,0,0,850863.71,397819210.25,8,0
Fundo,2024-11-30,62232889000190,38,0,1,1930125.71,14325182.8565,47558088.7525,88626571.735,172865533.455,1648205931.1685,255918170.466579,2657343570.03,501593407.164357,125307444.7025,9724890477.73,0,0,1930125.71,224369915.99,6,1
Classe,2024-12-31,62232889000190,222,0,1,-61532.23,893282.53375,28028270.1675,59940728.395,125356034.0925,1314803682.971,178067797.136216,3538924841.89,423939721.684715,97327763.925,39531050964.24,1,4,-61532.23,261028786.56,26,10
Classe,2025-01-31,62232889000190,224,0,1,-73905.19,1775627.247,28636081.8475,60805032.965,132773435.0075,1308469659.5415,182605742.533661,3439731121.61,428489433.88067,104137353.16,40903686327.54,1,0,-73905.19,285168856.79,27,6
Classe,2025-02-28,62232889000190,238,0,1,-81315.27,1780440.2675,28619245.2375,60588422.7,130278436.965,1286687966.3615,175024489.917479,3286731293.24,410739185.223975,101659191.7275,41655828600.36,1,0,-81315.27,276477779.96,27,5
Classe,2025-03-31,62232889000190,244,0,1,-93593.2,1491712.1365,28902802.365,59168689.665,130599562.365,1267922065.8155,172348268.550574,3146925537.06,399052471.913488,101696760,42052977526.34,1,1,-93593.2,279935236.06,27,6
Classe,2025-04-30,62232889000190,251,0,1,496383.12,2525833.1375,28901442.67,59818474.61,132291907.27,1242843835.7375,170627986.108207,2970064268.11,391701751.774334,103390464.6,42827624513.16,0,0,496383.12,279610115.11,27,4
Classe,2025-05-31,62232889000190,266,0,1,515835.09,2130329.205,30072317.915,60272412.345,138793187.2125,1223128962.46875,167273374.314361,2813115086.56,364008648.106251,108720869.2975,44494717567.62,0,0,515835.09,297204625.64,30,4
Classe,2025-06-30,62232889000190,283,0,1,-0.03,1521630.0335,28272217.91,59701793.69,137905019.585,1188805540.527,162105268.4153,2848314042.32,358674454.506726,109632801.675,45875790961.53,1,1,-0.03,289786640.18,29,5
Classe,2025-07-31,62232889000190,293,0,1,519204.93,2326997.433,28408199.31,59487567.18,145563453.07,1130645725.054,160928776.679625,2934720522.13,345332278.095906,117155253.76,47152131567.13,0,0,519204.93,292916124.13,31,4
Classe,2025-08-31,62232889000190,304,0,1,96699.54,1093624.893,27677548.52,59392271.455,146780422.7275,1127746831.3535,159787193.769342,3010450285.32,344192815.183991,119102874.2075,48575306905.88,0,0,96699.54,318376318.04,32,4
Classe,2025-09-30,62232889000190,305,0,1,231310.41,1733065.532,28457603.33,57349402.2,139306273.76,1087134178.276,157910867.133771,3054373980.82,345340021.202825,110848670.43,48162814475.8,0,0,231310.41,302641097.52,27,4
Classe,2025-10-31,62232889000190,315,0,1,65607.28,2205162.3265,25774767.48,58369520.12,141583350.53,1113891420.1615,156431944.065016,3136135427.04,341502550.775145,115808583.05,49276062380.48,0,0,65607.28,311309598.56,28,4
Classe,2025-11-30,62232889000190,34,0,1,3249746.05,7211092.1365,49177562.4075,116484742.48,228252561.235,2126956212.5055,310540949.932059,2681038820.04,583531251.989489,179074998.8275,10558392297.69,0,0,3249746.05,347673332.61,4,2
Classe,2025-12-31,62232889000190,170,0,1,737562.37,1394511.45275,33724483.4125,68553241.12,152703147.4025,1063838372.66175,183367335.500471,4028933138.3,443691440.715997,118978663.99,31172447035.08,0,0,737562.37,285536723.9,17,3
Classe,2026-01-31,62232889000190,230,0,1,703087.97,1805304.58925,28916339.76,69528509.115,151966414.2875,1054254942.0655,167321999.902261,4165222373.51,393397560.344633,123050074.5275,38484059977.52,0,0,703087.97,324147034.04,21,3
Classe,2026-02-28,62232889000190,371,0,1,0,0,22004826.815,55063231.13,119111736.755,1066030887.0075,149792913.885283,3727936587.16,370572669.153236,97106909.94,55573171051.44,0,14,0,260054746.54,36,4
Classe,2026-03-31,62232889000190,381,0,1,0,0,21835422.46,55663812.92,120182466.71,1065848760.315,146843093.092992,3832040541.33,365550487.695132,98347044.25,55947218468.43,0,17,0,265310596.07,38,4
Classe,2026-04-30,62232889000190,391,0,1,0,0,21346566.235,57801060.29,130202601.04,1108438332.175,146888390.098235,3885789642.25,365928707.864036,108856034.805,57433360528.41,0,18,0,288824333.29,33,4
Classe,2026-05-31,62232889000190,398,0,1,0,0,21104773.7925,58219372.635,128716167.645,1070877965.3695,144929450.764975,3923226340.78,352087669.253177,107611393.8525,57681921404.46,0,18,0,284068868.73,37,4
Classe,2026-06-30,62232889000190,416,0,1,0,0,20452227.9825,57804512.66,137697016.5575,1105951329.1475,148561428.187308,4015059128.44,360115837.867478,117244788.575,61801554125.92,0,20,0,306182343.58,37,5
Classe,2026-07-31,62232889000190,438,0,1,0,0,19782368.8975,55822553.69,134124516.3225,992715332.000248,147013590.744315,4106098514.15,363586956.82482,114342147.425,64391952746.01,0,24,0,293085669.65,42,6
Classe,2026-08-31,62232889000190,445,0,1,0,0,22600569.04,59413970.21,141623938.94,1065804886.255,155021846.196697,3772944315.34,368321200.052062,119023369.9,68984721557.53,0,18,0,315729803.67,43,7
Classe,2025-11-30,36113876000191,1,0,1,0,0,0,0,0,0,0,0,,0,0,0,1,0,0,0,0
Fundo legado,2020-01-31,36864992000142,15,0,1,8708064.07,12586255.429,107044204.325,159273391.86,490724324.79,1293259769.1965,351426956.9,1300978836.22,422154814.413994,383680120.465,5271404353.5,0,0,8708064.07,608047108.79,2,2
Fundo legado,2020-02-29,36864992000142,16,0,1,10811191.37,14180001.38375,81694222.2425,154759923.61,474354888.47,1301707839.8675,327183252.56,1356564142.22,408034197.78047,392660666.2275,5234932040.96,0,0,10811191.37,513899996.62,2,2
Fundo legado,2020-03-31,36864992000142,17,0,1,10413180.56,13929460.776,80983251.51,163668663.93,465474251.96,1314681942.958,321534185.112941,1383873293.97,403152545.743896,384491000.45,5466081146.92,0,0,10413180.56,515918158.13,2,2
Fundo legado,2020-04-30,36864992000142,18,0,1,7892876.47,12936454.7705,40681852.0675,156932800.1,427326276.6425,1326711909.327,309723422.738333,1412196480.37,401133482.983356,386644424.575,5575021609.29,0,0,7892876.47,519533310.93,2,1
Fundo legado,2020-05-31,36864992000142,18,0,1,7892876.47,12919657.77175,42775124.8325,158027323.23,427075917.745,1346987943.12575,311401401.423333,1450446770.08,406101094.804498,384300792.9125,5605225225.62,0,0,7892876.47,518841726.28,2,2
Fundo legado,2020-06-30,36864992000142,18,0,1,7990137.13,12954518.72475,46197863.6275,161582600.155,457419102.05,1364573161.0275,320483718.745,1481448324.27,411658148.178921,411221238.4225,5768706937.41,0,0,7990137.13,519667042.97,2,2
Fundo legado,2020-07-31,36864992000142,18,0,1,7751416.37,12779823.97675,50400969.42,163408953.335,429508565.49,1379213630.01325,316790709.835556,1505250249.49,414243481.466794,379107596.07,5702232777.04,0,0,7751416.37,524848858.03,2,2
Fundo legado,2020-08-31,36864992000142,18,0,1,8090581.88,12957256.60375,54808541.4875,166173230.425,417878997.5975,1392520729.0535,317848607.088333,1526870257.61,417470567.410865,363070456.11,5721274927.59,0,0,8090581.88,527954830.89,2,2
Fundo legado,2020-09-30,36864992000142,19,0,1,3901816.58,5634136.4855,45028830.205,157507832.76,373504418.885,1397998391.4555,302049429.75,1550149168.02,415416183.517638,328475588.68,5738939165.25,0,0,3901816.58,529887376.53,2,2
Fundo legado,2020-10-31,36864992000142,19,0,1,3870849.68,5637840.3035,45844446.52,159425939.75,363864617.37,1517792819.209,310427331.902632,1786753431.7,451833663.968743,318020170.85,5898119306.15,0,0,3870849.68,496467358.57,2,2
Fundo,2020-11-30,05389174000101,56,0,1,1631523.38,7341402.58,25654241.0975,70997769.575,220234608.5625,905720496.2125,182306611.726071,1803648045.25,296754992.597593,194580367.465,10209170256.66,0,0,1631523.38,501919166.41,3,1
Fundo,2020-12-31,05389174000101,59,0,1,1602315.95,4534897.7895,25694635.99,66155617.75,161501529.455,666553482.026999,149918370.108814,1833365606.41,270926270.446259,135806893.465,8845183836.42,0,0,1602315.95,338803952.38,5,1
Fundo,2021-01-31,05389174000101,51,0,1,1598932.35,6989239.0575,22962131.395,66127613.51,162359328.455,485360812.0775,136883400.636078,1877154726.99,273318660.664744,139397197.06,6981053432.44,0,0,1598932.35,332818827.46,3,1
Fundo,2021-02-28,05389174000101,58,0,1,1598625.41,7365028.0505,25553346.05,68364832.095,196873622.9625,668569299.801249,153935603.095172,1914746643.06,277905128.734236,171320276.9125,8928264979.52,0,0,1598625.41,441371856.92,3,1
Fundo,2021-03-31,05389174000101,54,0,1,1575462.27,7403297.7395,22058859.065,70738013.85,222615725.0525,698686657.106999,164774971.990926,1872555887.75,283441414.738004,200556865.9875,8897848487.51,0,0,1575462.27,503802122.1,2,1
Fundo,2021-04-30,05389174000101,52,0,1,1575058.46,7338135.10725,29274275.2275,73062079.02,220755184.6575,713483538.70675,175329038.667885,1857172753.48,288088508.632835,191480909.43,9117110010.73,0,0,1575058.46,504297365.55,2,1
Fundo,2021-05-31,05389174000101,47,0,1,8723421.71,10205912.6135,40232444.2,107202769.56,229541763.37,749840883.0605,190475442.881702,1853646639.89,294610661.74369,189309319.17,8952345815.44,0,0,8723421.71,504484871.94,2,1
Fundo,2021-06-30,05389174000101,47,0,1,8983162.75,10197537.768,41139025.76,96972728.82,230581311.395,751183146.335001,191898797.403404,1905251719.23,301431969.079464,189442285.635,9019243477.96,0,0,8983162.75,505408160.38,2,1
Fundo,2021-07-31,05389174000101,40,0,1,9134556.04,9823687.20025,38569870.8775,75669097.525,185078730.82,517724601.1085,147941322.21825,795533858.75,165606149.198834,146508859.9425,5917652888.73,0,0,9134556.04,364519925.94,3,0
Fundo,2021-08-31,05389174000101,45,0,1,0,0,0,20842145.08,103931099.13,464531327.664,84650951.3064444,797131653.67,152078360.945607,103931099.13,3809292808.79,0,15,0,246612806.08,4,0
Fundo,2021-09-30,05389174000101,51,0,1,0,0.0025,29611062.89,69070778.71,221613073.405,502135534.8375,138805084.11451,797131653.67,166473689.633923,192002010.515,7079059289.84,0,2,0,502797084.56,1,0
Fundo,2021-10-31,05389174000101,48,0,1,0,9697797.84525,40165393.95,73209002.96,236560487.3975,497386881.54325,150949033.658958,797131653.67,167406389.805117,196395093.4475,7245553615.63,0,1,0,502797084.56,1,0
Fundo,2021-11-30,05389174000101,44,0,1,0.01,6065355.48875,38669429.6925,69275311.455,218498214.205,474816670.89425,161538846.971818,1734507805.43,274886857.951335,179828784.5125,7107709266.76,0,0,0.01,474963148.58,1,1
Fundo,2021-12-31,05389174000101,30,0,1,0,0,11510433.0075,52097607.47,114611496.0125,1142451057.96825,168812867.4,1714297553.71,347554876.508948,103101063.005,5064386022,0,6,0,237375284.09,5,1
Fundo,2022-01-31,36864992000142,20,0,1,9437884.56,20214387.12925,50992670.7225,86554421.43,215648416.325,433881895.39375,147345094.7455,471486782.01,134010719.838232,164655745.6025,2946901894.91,0,0,9437884.56,392318599.66,1,0
Fundo,2022-02-28,36864992000142,6,0,1,1037195.64,6478648.66125,46428592.83,67587084.32,298606996.105,462433416.59125,171129811.35,475578108.12,199640862.853563,252178403.275,1026778868.1,0,0,1037195.64,475578108.12,0,0
Fundo,2022-03-31,36864992000142,45,0,1,2377033.18,4493988.917,41618963.08,71765389.38,250697173.29,618527797.322,173529753.138,931083053.69,206962281.324203,209078210.21,7808838891.21,0,0,2377033.18,480417787.94,4,0
Fundo,2022-04-30,36864992000142,48,0,1,5698629.93,6989738.58675,42689676.69,74285768.105,246953996.405,654426511.4755,173032336.358958,936185888.66,205636793.954005,204264319.715,8305552145.23,0,0,5698629.93,482694198.37,4,0
Fundo,2022-05-31,36864992000142,46,0,1,384988.27,6972483.9525,41331691.1375,75079124.17,261767484.825,771823281.15625,178742373.877609,937756940.65,218652042.608193,220435793.6875,8222149198.37,0,0,384988.27,487237093.37,4,0
Fundo,2022-06-30,36864992000142,40,0,1,45655.68,6704734.665,40507673.7925,75526150.995,255929021.285,1101707446.91225,210532444.9975,1606568024,326958512.499111,215421347.4925,8421297799.9,0,0,45655.68,489340229.9,4,1
Fundo,2022-07-31,36864992000142,42,0,1,1890541.66,4635827.3855,40055341.0525,69487020.03,194257095.1375,1083853527.12525,200503607.961667,1606100053.4,327298055.993281,154201754.085,8421151534.39,0,0,1890541.66,361673953.29,6,1
Fundo,2022-08-31,36864992000142,40,0,1,1896991.21,4494889.50325,39625343,65420650.805,209817467.1875,1215794021.99275,213903861.5485,1604188258.72,355930683.573538,170192124.1875,8556154461.94,0,0,1896991.21,439604212.2,5,1
Fundo,2022-09-30,36864992000142,38,0,1,33799.79,1482664.18825,39735080.66,75659775.49,245020899.075,1311621595.82325,226670648.430526,1598756470.85,369934938.314493,205285818.415,8613484640.36,0,0,33799.79,486471319.05,4,2
Fundo,2022-10-31,36864992000142,38,0,1,19936.13,37929.6925,40390578.905,70634993.44,252814903.635,1382648546.317,236232399.754474,1598670485.51,378252951.39811,212424324.73,8976831190.67,0,0,19936.13,486584704.85,4,2
Fundo,2022-11-30,36864992000142,38,0,1,39899.45,1754248.96775,42417351.5875,68450191.75,257789756.0625,1315807878.61425,237888618.72,1602299989.9,377706066.788582,215372404.475,9039767511.36,0,0,39899.45,503149936.33,4,3
Fundo,2022-12-31,36864992000142,42,0,1,40469,88376.3127500006,30831481.2625,53415859.545,202046524.9225,1523272043.73225,218338236.467619,1605370092.63,382091953.572604,171215043.66,9170205931.64,0,0,40469,423004035.21,7,2
Fundo,2023-01-31,36864992000142,44,0,1,0,219097.2445,20159044.84,54890376.805,134052872.4375,1525539503.42225,204836568.125909,1602376047.65,377462746.388389,113893827.5975,9012808997.54,0,1,0,245152587.33,8,3
Fundo,2023-02-28,36864992000142,43,0,1,0,97317.4774999997,27816888.95,58108003.66,157360603.045,1495161742.9305,211467056.985581,1614323430.82,379566804.947302,129543714.095,9093083450.38,0,1,0,250212066.59,8,3
Fundo,2023-03-31,36864992000142,43,0,1,0,95877.0919999997,31072626.215,62684603.97,159955239.44,1517783412.2655,215072557.429302,1619276349.58,381678184.516609,128882613.225,9248119969.46,0,1,0,250462642.38,8,2
Fundo,2023-04-30,36864992000142,44,0,1,0,1550310.2855,30861540.57,60300774.48,141409601.8575,1500337927.00575,210774780.966364,1623523438.23,378602149.188296,110548061.2875,9274090362.52,0,1,0,250342645.97,8,3
Fundo,2023-05-31,36864992000142,44,0,1,0,1537476.07,32577297.265,57166061.74,143785770.9025,1512324341.1765,203912137.083182,1627813553.43,373539973.969684,111208473.6375,8972134031.66,0,1,0,219195790.57,8,3
Fundo,2023-06-30,36864992000142,46,0,1,0,116242.9,23268098.32,56858574.32,124962465.2675,1507998466.18125,197411688.705652,1630672917.09,369625802.967153,101694366.9475,9080937680.46,0,1,0,220649041,8,3
Fundo,2023-07-31,36864992000142,46,0,1,14519.12,302777.34625,29434624.4225,53485882.24,127520742.645,1536399381.8025,199723559.50087,1633046606.45,372771983.520778,98086118.2225,9187283737.04,0,0,14519.12,222147679.36,8,2
Fundo,2023-08-31,36864992000142,46,0,1,0.01,299521.9225,29886990.29,48548661.96,126014894.8925,1565620227.975,201837184.270652,1636428256.83,377093432.791082,96127904.6025,9284510476.45,0,0,0.01,260590408.45,8,2
Fundo,2023-09-30,36864992000142,46,0,1,0.01,723546.58,30299084.475,49681737.285,128376767.9625,1575135268.515,205938509.816087,1709453545.15,384865442.875228,98077683.4875,9473171451.54,0,0,0.01,262820362.5,8,2
Fundo,2023-10-31,36864992000142,47,0,1,0.01,740159.391,30634038.66,53439913.24,177898295.805,1609381021.4375,235019829.908936,1789860844.66,426069844.626533,147264257.145,11045932005.72,0,0,0.01,380209111.58,8,3
Fundo,2023-11-30,36864992000142,47,0,1,0,200754.634500001,33257218.81,55526375.8,171519847.63,1666119972.2005,238074206.231915,1804691076.08,431040535.803944,138262628.82,11189487692.9,0,2,0,373481182.17,8,3
Fundo,2023-12-31,36864992000142,49,0,1,-15099.26,263101.892,31157323.72,57041099.48,207634731.99,1731310245.054,247907921.423265,1810084370.26,442896855.646707,176477408.27,12147488149.74,1,1,-15099.26,458180386.49,7,4
Fundo,2024-01-31,36864992000142,51,0,1,-53530.97,325042.27,31018847.475,77797239.43,219136598.605,1700409015.2225,247100646.125882,1856390559.2,435704463.817666,188117751.13,12602132952.42,1,1,-53530.97,453823563.36,7,5
Fundo,2024-02-29,36864992000142,51,0,1,-86931.58,320506.5025,29967864.92,80000631.74,211321348.14,1705933901.1575,249957968.777255,1900384581.27,444717049.263172,181353483.22,12747856407.64,1,1,-86931.58,397733256.04,8,6
Fundo,2024-03-31,36864992000142,52,0,1,-124618.08,347564.175750001,30935316.2975,70796193.38,231375477.51,1758389294.908,253454403.293077,1933362011.68,450235905.146546,200440161.2125,13179628971.24,1,1,-124618.08,525142329.1,7,5
Fundo,2024-04-30,36864992000142,51,0,1,-162626.6,4082485.7225,39517287.455,89101331.41,225081315.925,1696106951.385,262366484.373333,1984109558.54,450949789.324811,185564028.47,13380690703.04,1,0,-162626.6,410036047.35,8,5
Fundo,2024-05-31,36864992000142,52,0,1,0,363659.725000001,28272053.0025,97835895.72,251408972.0575,1593258852.00425,261178267.253846,2034039323.79,442611490.111279,223136919.055,13581269897.2,0,2,0,567495653.14,6,6
Fundo,2024-06-30,36864992000142,53,0,1,0,391372.881,28152937.68,103451296.59,245561081.62,1599983939.559,262764714.109245,2079324662.39,444472779.339603,217408143.94,13926529847.79,0,2,0,567446910.11,6,4
Fundo,2024-07-31,36864992000142,53,0,1,0,0,28126255.66,86189580.65,243113597.9,1697805360.204,260628195.248113,2024002951.61,449886850.203415,214987342.24,13813294348.15,0,4,0,482523056.65,7,8
Fundo,2024-08-31,36864992000142,51,0,1,0,265489.0675,33337204.865,107403881.31,244280841.87,1701417479.1075,271704738.054118,2062220039.72,458991443.028426,210943637.005,13856941640.76,0,2,0,487064417.24,7,4
Fundo,2024-09-30,36864992000142,52,0,1,0,0,38316651.295,98585428.405,233069447.89,1549804254.36875,256513436.230962,2011627015.79,426217457.741155,194752796.595,13338698684.01,0,3,0,439499773.02,7,4
Fundo,2024-10-31,36864992000142,37,0,1,0,0,34053324.37,80072094.45,168807324.12,1663704808.568,221237815.159459,1923221457.98,414015286.267091,134753999.75,8185799160.9,0,2,0,229346457,6,2
Fundo,2024-11-30,36864992000142,33,0,1,0,0,27310687.27,86109251.7,173655943.23,1733182610.97,228868366.665152,1963028349.69,440133289.246182,146345255.96,7552656099.95,0,3,0,379136107.67,4,1
Classe,2024-12-31,36864992000142,46,0,1,2203631.56,7891520.545,40056981.9875,117447405.605,268639253.355,1614814022.655,267526615.292391,1746712659.21,400699028.209992,228582271.3675,12306224303.45,0,0,2203631.56,545732565.06,6,2
Classe,2025-01-31,36864992000142,46,0,1,2209003.15,7884290.7325,39967313.305,121731327.21,299026969.0275,1407292622.61875,268723303.338043,1780430898.34,387336147.750643,259059655.7225,12361271953.55,0,0,2209003.15,554384662.39,6,2
Classe,2025-02-28,36864992000142,46,0,1,2053314.85,7862251.81,39918612.565,123778560.885,278812851.99,1412192671.10875,264462556.630435,1758320323.82,385721587.228142,238894239.425,12165277605,0,0,2053314.85,539086520.32,6,2
Classe,2025-03-31,36864992000142,46,0,1,2057436.46,7853752.59875,39853343.4675,132461064.015,284757297.69,1307334930.81125,260862657.261087,1734824777.72,374330404.503216,244903954.2225,11999682234.01,0,0,2057436.46,532050314.48,6,1
Classe,2025-04-30,36864992000142,44,0,1,2618976.16,7782288.83325,39517273.515,134209507.745,306781159.5925,1293523320.223,265730866.333636,1706764276.52,378171502.490655,267263886.0775,11692158118.68,0,0,2618976.16,523970877.6,6,1
Classe,2025-05-31,36864992000142,44,0,1,0,2996865.47125,39552460.8775,135957214.97,319121398.5375,1299970297.1215,268582892.016136,1730152541.02,382827556.107629,279568937.66,11817647248.71,0,1,0,735100742.8,4,2
Classe,2025-06-30,36864992000142,44,0,1,0,3744848.66425,39597405.3425,137751901.755,301924246.3775,1306390106.63625,269551014.932045,1714206654.51,381826482.046837,262326841.035,11860244657.01,0,1,0,526574952.24,6,1
Classe,2025-07-31,36864992000142,43,0,1,3584831.3,7878688.5345,41764747.92,144240592.46,301953363.185,1323285757.888,274121075.642791,1680216850.91,381349430.316533,260188615.265,11787206252.64,0,0,3584831.3,516529781.67,6,1
Classe,2025-08-31,36864992000142,43,0,1,3586627.94,7791539.458,42203015.755,145527823.21,346190965.67,1336514509.7675,280633097.088837,1706148434.03,384778820.621921,303987949.915,12067223174.82,0,0,3586627.94,771382730.1,4,1
Classe,2025-09-30,36864992000142,43,0,1,4367781.62,7276010.588,42687271.18,146943875.36,351472088.71,1351931025.776,283821937.637209,1732384358.81,388961068.448807,308784817.53,12204343318.4,0,0,4367781.62,784266240.13,4,1
Classe,2025-10-31,36864992000142,44,0,1,4364946.21,7820890.2425,42447563.8575,150459772.055,359171293.245,1218739465.351,284040936.743409,1776390500.05,383652307.079033,316723729.3875,12497801216.71,0,0,4364946.21,797966895.89,4,1
Classe,2025-11-30,36864992000142,44,0,1,4365154.59,7905982.83175,42078782.8025,151400342.82,368992644.5475,1240929497.9505,287458742.944546,1808229616.45,386062967.375625,326913861.745,12648184689.56,0,0,4365154.59,809470740.41,4,1
Classe,2025-12-31,36864992000142,36,0,1,4844939.83,6583517.3525,42881317.1,128748230.77,254260710.6675,709109430.85125,184207908.708333,919994798.28,200241437.834539,211379393.5675,6631484713.5,0,0,4844939.83,480546261.39,2,0
Classe,2026-01-31,36864992000142,43,0,1,-390259.09,6406355.965,42994602.93,160012728.96,316236405.01,1313409415.9855,295873162.943256,1913824210.64,405001761.886142,273241802.08,12722546006.56,1,0,-390259.09,683441078.4,5,2
Classe,2026-02-28,36864992000142,43,0,1,-469218.43,5198834.4745,43007374.075,156127764.61,320330442.17,1335457789.26,298890671.137209,1944976387.07,411247545.731427,277323068.095,12852298858.9,1,0,-469218.43,680659903.64,5,2
Classe,2026-03-31,36864992000142,43,0,1,-549035.31,5903235.8045,42965774.815,162061824.98,303318104.765,1361278890.959,299112335.96907,1982590635.3,417177102.030549,260352329.95,12861830446.67,1,0,-549035.31,686407771.59,5,2
Classe,2026-04-30,36864992000142,43,0,1,-623483.62,4975813.587,43036706.19,158038170.94,350120075.34,1386647987.302,303546636.424884,2019329266.37,424378799.067958,307083369.15,13052505366.27,1,0,-623483.62,688987457.61,5,2
Classe,2026-05-31,36864992000142,43,0,1,-708162.34,4919565.8655,43059461.99,142561555.46,355968392.215,1410343725.157,307623310.646977,2053395685.77,430688623.300914,312908930.225,13227802357.82,1,0,-708162.34,694006106.73,5,2
Classe,2026-06-30,36864992000142,43,0,1,-1436261.01,4939993.506,43176474.485,140422725.77,355150331.4,1438105888.393,308868258.029535,2093695955.21,436885548.125348,311973856.915,13281335095.27,1,0,-1436261.01,694793402.11,5,2
Classe,2026-07-31,36864992000142,43,0,1,-197178.02,4913311.344,43220332.03,145131899.12,344717187.345,1456201353.9355,306607116.64093,2132786368.7,435751287.463852,301496855.315,13184106015.56,1,0,-197178.02,703051899.42,5,2
Classe,2026-08-31,36864992000142,43,0,1,320162.42,3037402.5295,43291171.745,138357400.49,348674168.8,1478293984.4565,308119790.942326,2171588882.26,441419065.759927,305382997.055,13249151010.52,0,0,320162.42,676753315.85,5,2
Fundo,2024-12-31,03317692000194,10,0,1,0,0,1910796.025,38653289.28,165864149.545,363181684.32875,99918148.009,407894178.8,133333720.329241,163953353.52,999181480.09,0,3,0,407894178.8,0,0
Fundo,2020-11-30,13486793000142,133,0,1,0,135933.117,12368080.06,48551552.64,114172818.45,727527623.415999,130166023.109173,1978291653.01,266764517.643488,101804738.39,17312081073.52,0,2,0,247390291.34,14,2
Fundo,2020-12-31,13486793000142,137,0,1,0,40892.788,12200075.85,46592079.16,117387063.46,812752301.468,134648630.735547,1902151410.92,279109059.352564,105186987.61,18446862410.77,0,4,0,251859950.52,15,3
Fundo,2021-01-31,13486793000142,141,0,1,0,68551.055,13551543.74,50456338.25,124489045.46,796791766.33,134754141.509149,1864856114.07,271359118.671526,110937501.72,19000333952.79,0,3,0,268277160.49,15,3
Fundo,2021-02-28,13486793000142,142,0,1,0,16887.969,14244706.56,50477812.045,131857937.3675,1038151828.78775,143310346.029155,1766985114.09,283758785.269564,117613230.8075,20350069136.14,0,4,0,268177042.45,16,8
Fundo,2021-03-31,13486793000142,152,0,1,0,0,13719864.23,48788477.175,121699631.89,920961914.191498,136729687.434934,1741503152.48,272792379.83872,107979767.66,20782912490.11,0,6,0,268053531.97,16,3
Fundo,2021-04-30,13486793000142,154,0,1,0,0,15273175.6925,49678907.57,117183375.2275,903002887.753743,136642261.309481,1747620695.27,273035956.541502,101910199.535,21042908241.66,0,6,0,267937612.11,16,10
Fundo,2021-05-31,13486793000142,157,0,1,0,0,14161498.95,46678189.64,125576990.99,870795769.558997,136642340.705032,1759846085.18,273087773.873311,111415492.04,21452847490.69,0,9,0,291519751.48,15,3
Fundo,2021-06-30,13486793000142,158,0,1,0,0,12879391.805,47025168.79,131405102.4225,983656154.115998,136105079.413797,1767525847.89,269225559.758757,118525710.6175,21504602547.38,0,11,0,296629534.89,14,3
Fundo,2021-07-31,13486793000142,158,0,1,0,0,13265063.9825,46964856.515,132862800.82,1010669545.8905,136248125.153165,1776571125.05,278703267.823658,119597736.8375,21527203774.2,0,10,0,302369242.65,14,4
Fundo,2021-08-31,13486793000142,163,0,1,0,0,13754929.495,49206901.73,134868228.625,989103192.728998,137795907.350307,1785077313.63,281444904.948334,121113299.13,22460732898.1,0,10,0,314489557.66,15,4
Fundo,2021-09-30,13486793000142,164,0,1,0,0,14029942.5875,48228571.48,132845121.83,755692223.243999,131982043.985976,1793283029.55,265535376.231081,118815179.2425,21645055213.7,0,12,0,278003194.17,16,4
Fundo,2021-10-31,13486793000142,165,0,1,0,0,15840288.55,49932377.17,139519149.57,746455583.116,134099220.866303,1834291950.8,271388643.714915,123678861.02,22126371442.94,0,12,0,322810465.24,14,4
Fundo,2021-11-30,13486793000142,171,0,1,0,0,16663117.48,54358944.81,150036273.94,757405380.76,138141878.31152,1827174996.66,270498459.263517,133373156.46,23622261191.27,0,12,0,330985778.12,15,4
Fundo,2021-12-31,13486793000142,180,0,1,0,0,16245190.235,56076350.335,146910869.015,765021424.277,139262449.885556,1830252474.98,267258409.486227,130665678.78,25067240979.4,0,14,0,337438230.38,17,4
Fundo,2022-01-31,13486793000142,177,0,1,0,0,14533857.67,56929646.32,147051545.16,792069376.098,139403706.62887,1846120045.16,263489854.256549,132517687.49,24674456073.31,0,16,0,340011290.96,17,4
Fundo,2022-02-28,13486793000142,181,0,1,0,0,13141383.07,57320389.29,147714694.85,796133658.74,141484984.283149,1864575198.06,260782647.34325,134573311.78,25608782155.25,0,16,0,342368503.48,18,4
Fundo,2022-03-31,39669186000101,31,0,1,3165214.81,6952867.8175,24773205.595,55897644.19,128859954.88,557030030.16,113708739.431935,795911703.06,163705260.802579,104086749.285,3524970922.39,0,0,3165214.81,236177325.82,3,0
Fundo,2022-04-30,39669186000101,35,0,1,3210176.48,3431458.68,22260486.49,60044851.32,120711631.89,531238930.152,109366823.031143,805096341.21,157800579.889891,98451145.4,3827838806.09,0,0,3210176.48,250123894.76,3,0
Fundo,2022-05-31,39669186000101,37,0,1,3238276.03,8795408.875,23378091.39,64322482.72,122912272.63,529434097.539,113293438.958919,827451627.09,157563354.729621,99534181.24,4191857241.48,0,0,3238276.03,250170932.51,3,0
Fundo,2022-06-30,39669186000101,39,0,1,3246004.21,10194025.708,26365460.01,55835458.71,126096387.285,563936812.386499,124528256.301282,846437675.06,172210557.656069,99730927.275,4856601995.75,0,0,3246004.21,258573354.05,4,0
Fundo,2022-07-31,39669186000101,43,0,1,3211344.95,3482926.9525,24914229.695,54251981.41,127782920.8,551483807.193,117677645.846977,860659913.48,169048380.188847,102868691.105,5060138771.42,0,0,3211344.95,262585534.21,4,0
Fundo,2022-08-31,39669186000101,43,0,1,3183264.68,5321204.5605,25659504.02,54543159.4,130552470.22,559924663.07,121789063.186977,881678939.22,172331933.750036,104892966.2,5236929717.04,0,0,3183264.68,268981810.02,4,0
Fundo,2022-09-30,39669186000101,44,0,1,3196579.12,5418038.4795,26228613.395,66682007.55,131623953.255,530993546.48325,120275379.914091,901951478.18,164659219.74921,105395339.86,5292116716.22,0,0,3196579.12,243969202.83,4,0
Fundo,2022-10-31,39669186000101,46,0,1,3213935.14,6552536.5975,22508302.15,59872196.86,132604721.5175,530693855.17375,117446519.246739,913198288.76,164347610.173905,110096419.3675,5402539885.35,0,0,3213935.14,241869817.57,4,0
Fundo,2022-11-30,39669186000101,46,0,1,3196450.38,6620530.19,22879274.8375,63422489.805,136052280.93,545100377.61125,120565020.524348,939966996.93,169508251.510013,113173006.0925,5545990944.12,0,0,3196450.38,246796874.33,4,0
Fundo,2022-12-31,39669186000101,49,0,1,3124931.16,4282381.088,22482399.77,60998948.93,138692823.44,460647420.912,111929665.385306,786714142.17,142670949.648181,116210423.67,5484553603.88,0,0,3124931.16,235980570.09,4,0
Fundo,2023-01-31,39669186000101,50,0,1,3053768.05,4266632.049,21220816.3175,59772767.59,141966381.39,539572532.46375,115274723.5972,972593218.16,165035311.968693,120745565.0725,5763736179.86,0,0,3053768.05,281812324.81,3,0
Fundo,2023-02-28,39669186000101,51,0,1,2595343.23,3926997.8225,22056017.575,47208827.33,143218783.365,534491168.7375,113851302.018627,972211393.33,163945815.954597,121162765.79,5806416402.95,0,0,2595343.23,291322923.74,3,0
Fundo,2023-03-31,39669186000101,53,0,1,2979205.3,4094348.923,21529368.88,49945120.27,146644522.31,545467073.590999,117309975.403019,1010561005.16,167878525.509664,125115153.43,6217428696.36,0,0,2979205.3,296784241.64,3,0
Fundo,2023-04-30,39669186000101,54,0,1,3984855.76,4534901.34375,21024751.77,55573591.845,142607908.225,550055716.994749,115004524.938519,1028600075.95,169451341.390422,121583156.455,6210244346.68,0,0,3984855.76,301985071.46,3,0
Fundo,2023-05-31,39669186000101,53,0,1,4274364.09,5102175.175,23862155.82,65496166.24,149679299.08,561630578.735999,119747474.614528,1040514090.28,171936843.38222,125817143.26,6346616154.57,0,0,4274364.09,302957691.16,3,0
Fundo,2023-06-30,39669186000101,54,0,1,4556910.36,5000894.448,23503625.8625,56255579.27,150399833.7975,563655991.87325,118095019.224259,1054037099,172699141.760181,126896207.935,6377131038.11,0,0,4556910.36,311605390.54,3,0
Fundo,2023-07-31,39669186000101,56,0,1,4333221.71,5439935.39,22256606.9825,66703397.755,156115773.9525,563917951.07125,122781508.758571,1074632018.67,175612675.765416,133859166.97,6875764490.48,0,0,4333221.71,340426923.62,3,0
Fundo,2023-08-31,39669186000101,58,0,1,994918.35,3424116.4545,20678971.205,58868192.895,154138530.1025,558278531.950499,123629716.931379,1084571268.76,177687654.169573,133459558.8975,7170523582.02,0,0,994918.35,339308504.05,4,0
Fundo,2023-11-30,39669186000101,63,0,1,528122.35,1770640.005,19191832.26,53111135.92,158025855.475,557284742.784499,121982160.364286,1137934665,180484219.104917,138834023.215,7684876102.95,0,0,528122.35,337081083.67,4,0
Fundo,2023-12-31,39669186000101,63,0,1,569792.62,2511054.4505,18609211.22,55447391.13,167189263.695,566072804.742499,126635398.607143,1156015734.69,184944938.841687,148580052.475,7978030112.25,0,0,569792.62,367542481.05,4,0
Fundo,2024-01-31,39669186000101,62,0,1,1217981.1,2676620.13075,21271665.8475,63925227.225,169454222.71,578232917.32125,130384398.849677,1168776394.44,188253113.758904,148182556.8625,8083832728.68,0,0,1217981.1,344088098.93,4,0
Fundo,2024-02-29,39669186000101,66,0,1,0,1730276.4875,19806113.98,65799716.95,169945946.035,557942773.32375,130496666.104091,1174865084.17,186579606.883543,150139832.055,8612779962.87,0,1,0,346781001.44,4,1
Fundo,2020-11-30,00329598000167,5,0,1,2209147.75,2337800.689,3495677.14,9832705.02,33501004.6,88949866.387,28829877.108,95110851.03,39135547.7890847,30005327.46,144149385.54,0,0,2209147.75,33501004.6,1,0
Fundo,2020-12-31,00329598000167,6,0,1,3584641.83,3618621.12125,5776290.48,27970746.21,54198457.0575,66691937.04125,31475950.1833333,68010400.94,28690170.2737116,48422166.5775,188855701.1,0,0,3584641.83,68010400.94,0,0
Fundo,2021-01-31,00329598000167,7,0,1,3506907.38,3600084.344,4207332.37,8298920.05,39062435.8,55410820.287,22243209.6528571,57357103.8,22551577.2307221,34855103.43,155702467.57,0,0,3506907.38,57357103.8,0,0
Fundo,2021-02-28,00329598000167,7,0,1,2957554.23,3161856.39,5211535.915,8286863.09,28352953.87,55522539.759,19407437.3057143,57478664.25,22082473.7433029,23141417.955,135852061.14,0,0,2957554.23,57478664.25,0,0
Fundo,2021-03-31,00329598000167,8,0,1,2222691.11,2725494.43375,7471052.8525,10507250.15,20421283.4275,55193626.489,18866059.1075,57473345.91,20384240.8605523,12950230.575,150928472.86,0,0,2222691.11,12412918.64,2,0
Fundo,2021-04-30,00329598000167,7,0,1,1275175.88,1642121.828,4505234.44,8234700.6,28668611.06,84183232.0695,23864904.1057143,91196761.26,33122546.5383168,24163376.62,167054328.74,0,0,1275175.88,44439899.99,1,0
Fundo,2021-05-31,00329598000167,8,0,1,510374.75,1259471.81725,5206570.5775,9222987.41,22858222.495,78823532.578,21914107.60875,86117401.93,29320600.1598293,17651651.9175,175312860.87,0,0,510374.75,44438148.49,1,0
Fundo,2021-06-30,00329598000167,14,0,1,-326525.63,431542.4535,6823835.2825,9965576.575,15851703.81,95858416.7384999,21352275.9942857,120608531.81,31590041.8741718,9027868.5275,298931863.92,1,0,-326525.63,16867046.92,3,1
Fundo,2021-07-31,00329598000167,17,0,1,-429886.93,142132.39,8596727.98,9917180.63,45576922.51,363730392.282,63997151.5752941,450581211.85,116950373.056213,36980194.53,1087951576.78,1,0,-429886.93,85585458.48,3,1
Fundo,2021-08-31,00329598000167,17,0,1,-485205.02,110653.596,8420297.2,15047498.84,54722944.9,366641972.576,65901923.4605882,451440725.72,115783320.081379,46302647.7,1120332698.83,1,0,-485205.02,103554371.6,2,1
Fundo,2021-09-30,00329598000167,20,0,1,-540508.65,196004.671,8087084.875,14696357.32,59478161.065,359544728.7455,59694962.3295,462651368.6,109973613.653373,51391076.19,1193899246.59,1,0,-540508.65,90034523.35,2,1
Fundo,2021-10-31,00329598000167,21,0,1,1099053.05,1232915.035,8613920.11,24038439.43,147713314.72,453375734.97,98961547.5114286,468476737.21,139407406.655636,139099394.61,2078192497.74,0,0,1099053.05,248873697.2,2,0
Fundo,2021-11-30,00329598000167,20,0,1,-710.89,3365443.52325,9316252.6625,24882907.775,230883396.9225,454634103.4415,124432246.6095,469436795.99,160986716.937177,221567144.26,2488644932.19,1,0,-710.89,469436795.99,0,1
Fundo,2021-12-31,00329598000167,21,0,1,68620.92,1802833.195,8618744.58,27123671.5,231697379.9,734840083.42,159536835.689524,913615195.67,248645206.166901,223078635.32,3350273549.48,0,0,68620.92,556064971.17,1,0
Fundo,2022-01-31,00329598000167,21,0,1,448240.23,1985142.85,8524408.47,25145268.18,83986593.73,788314811.68,162179890.399048,913585252.91,271355936.808037,75462185.26,3405777698.38,0,0,448240.23,83986593.73,5,0
Fundo,2022-02-28,00329598000167,21,0,1,402475.77,1077483.33,8317840.64,23765800.4,187339761.22,833285336.005,178185861.903333,913541020.6,284000786.490677,179021920.58,3741903099.97,0,0,402475.77,438253071.73,3,0
Fundo,2022-03-31,00329598000167,20,0,1,856777.4,1674681.7145,7998401.86,25966397.22,131639645.045,901021083.5375,159480671.463,913558059.07,279658859.691675,123641243.185,3189613429.26,0,0,856777.4,202005223.7,4,0
Fundo,2022-04-30,00329598000167,25,0,1,71052.72,352413.51,3613575.83,13944967.24,90202485.41,982946391.37,148170694.056,1041457702.3,292495805.811127,86588909.58,3704267351.4,0,0,71052.72,103196103.97,5,0
Fundo,2022-05-31,00329598000167,25,0,1,494421.54,787740.51,3456400.86,14523666.19,108712337.05,1069806016.572,156093223.2192,1243696892.61,315396381.666025,105255936.19,3902330580.48,0,0,494421.54,118054730.37,5,1
Fundo,2022-06-30,00329598000167,28,0,1,549225.27,834771.546,4899135.63,21844261.035,128425132.6975,1959609182.29,251266088.674286,2788522000,603339038.878688,123525997.0675,7035450482.88,0,0,549225.27,129445870,5,2
Fundo,2022-07-31,00329598000167,29,0,1,930068.88,1006312.803,4902806.73,22092521.78,129441013.27,1998763036.616,270562635.678276,2759571200.83,606041596.621581,124538206.54,7846316434.67,0,0,930068.88,310606000.16,5,2
Fundo,2022-08-31,00329598000167,31,0,1,363225.18,463120.935,3500158.47,20617569.25,133230138.04,2005383389.61,259038264.69,2727249563.22,592801967.000299,129729979.57,8030186205.39,0,0,363225.18,323351618.84,5,2
Fundo,2022-09-30,00329598000167,33,0,1,0.01,38893.01,4197518.62,19746371.1,156591673.72,1652741389.332,248699348.291515,2697446738.22,546320077.862974,152394155.1,8207078493.62,0,0,0.01,327796703.8,6,3
Fundo,2022-10-31,00329598000167,34,0,1,0.01,18560.35675,4042700.6275,16673069.965,142788296.435,1767593848.81825,246338964.724412,2669817960.94,549585686.755193,138745595.8075,8375524800.63,0,0,0.01,338786400.53,6,2
Fundo,2022-11-30,00329598000167,34,0,1,0.01,3692.65225,3415871.375,16407577.59,145608465.15,1857371920.58825,241805559.555294,2602841223.29,551598051.591763,142192593.775,8221389024.88,0,0,0.01,346027814.43,5,4
Fundo,2022-12-31,00329598000167,37,0,1,3465.89,45344.807,6450015.06,17121164.05,151105739.76,2269662216.642,225449134.634324,2573632322.64,557003572.886081,144655724.7,8341617981.47,0,0,3465.89,306751698.82,6,3
Fundo,2023-01-31,00329598000167,37,0,1,0,41575.149,3329707.84,16438757.9,143084791.33,2396854204.982,222028767.587568,2544748266.32,567044240.450014,139755083.49,8215064400.74,0,1,0,233241339.88,6,3
Fundo,2023-02-28,00329598000167,36,0,1,772652.32,866073.0075,10002873.875,18415775.955,134418003.2125,2811971926.485,255391893.1525,3054276072.03,675528998.360611,124415129.3375,9194108153.49,0,0,772652.32,235472138.48,6,2
Fundo,2023-03-31,00329598000167,36,0,1,752125.58,816899.9575,12022356.6775,20951368.155,153477128.7725,2806887635.98375,254886532.165833,3018910782.87,670112409.288161,141454772.095,9175915157.97,0,0,752125.58,320978959.8,5,2
Fundo,2023-04-30,00329598000167,33,0,1,56375.9,595047.916,12082160.79,22570262.37,144988139.14,2582928757.528,263801337.090909,3041200142.68,668240051.414749,132905978.35,8705444124,0,0,56375.9,338246363.92,5,2
Fundo,2023-05-31,00329598000167,33,0,1,55625.9,575792.556,12063771.42,22570262.37,141763779.42,2998504551.758,282343580.474242,3162264458.43,736455948.897844,129700008,9317338155.65,0,0,55625.9,265120704.8,6,2
Fundo,2023-06-30,00329598000167,33,0,1,0.01,43848.722,12044319.36,22588761.39,140334581.83,2717020747.888,273827653.007576,2925867814.28,675206493.467822,128290262.47,9036312549.25,0,0,0.01,297846225,6,3
Fundo,2023-07-31,00329598000167,33,0,1,0.01,43248.722,12024944.51,23612591.07,141192004,2870581011.184,279001118.981818,2894540211.08,693797084.814778,129167059.49,9207036926.4,0,0,0.01,302863774.08,6,3
Fundo,2023-08-31,00329598000167,34,0,1,0.01,22187.68375,9912869.355,25766940.145,135128075.705,2970894897.0025,293909280.284412,3486134075.77,756322039.138273,125215206.35,9992915529.67,0,0,0.01,309741505.95,6,2
Fundo,2023-09-30,00329598000167,34,0,1,0.01,21568.93375,9812729.475,25229929.75,136484071.0875,3001281003.40125,301681537.677059,3791137557,794671499.809211,126671341.6125,10257172281.02,0,0,0.01,318914225.62,6,2
Fundo,2023-10-31,00329598000167,33,0,1,0,13863.328,8830139.19,26936273.79,176292548.63,3069568775.53,324159451.677576,4126076090.09,848943437.876875,167462409.44,10697261905.36,0,1,0,327422102.2,6,2
Fundo,2023-11-30,00329598000167,33,0,1,0,0,6479951.63,27430616.92,182153907.75,3135537449.18401,341687933.178788,4559027614.92,908008816.525158,175673956.12,11275701794.9,0,2,0,364523756.37,6,2
Fundo,2023-12-31,00329598000167,34,0,1,0,881468.016,9801953.6725,48041585.385,247103323.6375,3145639554.43199,364386562.417353,4988736662.79,955226745.605874,237301369.965,12389143122.19,0,1,0,588328132.59,4,2
Fundo,2024-01-31,00329598000167,32,0,1,1036923.08,1550725.977,10229565.5075,35886763.78,210135607.915,3272260209.66425,371678639.083438,5147037568.92,1005417183.64321,199906042.4075,11893716450.67,0,0,1036923.08,479570072.36,5,2
Fundo,2024-02-29,00329598000167,32,0,1,0,788405.02,10125140.9875,38710077.415,217077071.1375,3304162806.25825,379903985.205313,5364257886.7,1037230622.61386,206951930.15,12156927526.57,0,1,0,486124967.98,5,3
Fundo,2024-03-31,00329598000167,31,0,1,0,747211.1025,9526952.04,29488739.73,238375719.52,3384955290.3575,383346897.174516,5075598417.8,1016442353.65994,228848767.48,11883753812.41,0,1,0,535634349.4,4,3
Fundo,2024-04-30,00329598000167,34,0,1,0,807391.4145,10856081.9625,47647836.03,284757798.275,3304583222.37474,384818694.291471,5464403595.28,1030722044.52093,273901716.3125,13083835605.91,0,1,0,651194564.42,3,3
Fundo,2024-05-31,00329598000167,32,0,1,79362.22,755447.92375,17046671.9975,49902487.795,286737462.2525,3597424085.03549,432915275.157812,6102741526.17,1160295110.56622,269690790.255,13853288805.05,0,0,79362.22,654390876.01,3,2
Fundo,2024-06-30,00329598000167,31,0,1,50442.84,709915.635,17234632.73,53502555.61,284726386.285,4000783071.105,470252782.347742,7325043319.05,1379499270.21902,267491753.555,14577836252.78,0,0,50442.84,648663468.37,3,2
Fundo legado,2020-01-31,30822936000169,3,0,1,78822663.25,90880045.7975,199396488.725,319970314.2,29004963704.635,54821457756.0265,19362916690.84,57689957095.07,33192409639.2232,28805567215.91,58088750072.52,0,0,78822663.25,57689957095.07,0,1
Fundo legado,2020-02-29,30822936000169,3,0,1,76900510.59,89149277.9275,199388183.965,321875857.34,27607579168.97,52164712149.437,18430686282.8433,54893282480.6,31577772156.0693,27408190985.005,55292058848.53,0,0,76900510.59,54893282480.6,0,1
Fundo legado,2020-03-31,30822936000169,3,0,1,75071100.55,87384417.9675,198204274.725,321337448.9,30400130285.335,57471043838.1265,20291777223.74,60478923121.77,34803307074.9138,30201926010.61,60875331671.22,0,0,75071100.55,60478923121.77,0,1
Fundo legado,2020-04-30,30822936000169,3,0,1,73189976.5,85681973.911,198109950.61,323029924.72,23939102121.985,45193567099.5235,15983798073.49,47555174319.25,27341899230.6393,23740992171.375,47951394220.47,0,0,73189976.5,47555174319.25,0,1
Fundo legado,2020-05-31,30822936000169,3,0,1,70624623.88,83300186.2635,197380247.715,324135871.55,22837705180.18,43099917557.947,15248678328.08,45351274488.81,26069921148.7141,22640324932.465,45746034984.24,0,0,70624623.88,45351274488.81,0,1
Fundo legado,2020-06-30,30822936000169,3,0,1,68106069.24,81017895.3785,197224330.625,326342592.01,22427755981.585,42319028032.2025,14974539344.1367,44529169371.16,25595386079.3522,22230531650.96,44923618032.41,0,0,68106069.24,44529169371.16,0,1
Fundo legado,2020-07-31,30822936000169,3,0,1,65612826.54,77953368.38,189018244.94,312423663.34,21643123819.055,40840753959.1985,14450620154.8833,42973823974.77,24702127357.9906,21454105574.115,43351860464.65,0,0,65612826.54,42973823974.77,0,1
Fundo legado,2020-08-31,30822936000169,3,0,1,63102825.45,75661598.889,188690559.84,314278294.23,20211660769.59,38119304997.414,13495474788.21,40109043244.95,23048368527.5166,20022970209.75,40486424364.63,0,0,63102825.45,40109043244.95,0,1
Fundo legado,2020-09-30,30822936000169,3,0,1,60585129.43,74095413.2525,195687967.655,330790805.88,21673877723.43,40882655949.225,14469446858.7633,43016964640.98,24723244759.1609,21478189755.775,43408340576.29,0,0,60585129.43,43016964640.98,0,1
Fundo legado,2020-10-31,30822936000169,3,0,1,58089627.5,70043468.3345,177628035.845,297166444.19,13961429089.335,26259265469.9655,9326982602.05667,27625691734.48,15847597810.5783,13783801053.49,27980947806.17,0,0,58089627.5,27625691734.48,0,1
Fundo,2020-11-30,30822936000169,3,0,1,55575977.76,67841865.3015,178234853.175,300893728.59,11739689328.615,22034605368.6375,7844984878.33,23178484928.64,13279767055.3501,11561454475.44,23534954634.99,0,0,55575977.76,23178484928.64,0,1
Fundo,2020-12-31,30822936000169,3,0,1,53072050.59,64462112.787,166972672.56,280873294.53,10402803386.475,19512540469.2255,6952892941.18,20524733478.42,11754110558.7743,10235830713.915,20858678823.54,0,0,53072050.59,20524733478.42,0,1
Fundo,2021-01-31,30822936000169,3,0,1,50559677.98,62075358.8075,165716486.255,280873294.53,12077719204.36,22694880523.207,8068666028.9,23874565114.19,13688794523.6705,11912002718.105,24205998086.7,0,0,50559677.98,23874565114.19,0,1
Fundo,2021-02-28,30822936000169,3,0,1,48028197,59407966.768,161825894.68,275623592.36,12952038375.42,24360811680.174,8650701649.28,25628453158.48,14703604478.0559,12790212480.74,25952104947.84,0,0,48028197,25628453158.48,0,1
Fundo,2021-03-31,30822936000169,3,0,1,45547050.73,57232723.6295,162403779.725,279260508.72,18410914798.25,34729403658.827,12289125549.0767,36542569087.78,21004423298.651,18248511018.525,36867376647.23,0,0,45547050.73,36542569087.78,0,1
Fundo,2021-04-30,30822936000169,3,0,1,43045395.8,55127716.553,163868603.33,284691810.86,26039463472.625,49218757968.2135,17373990780.35,51794235134.39,29809050878.7406,25875594869.295,52121972341.05,0,0,43045395.8,51794235134.39,0,1
Fundo,2021-05-31,30822936000169,3,0,1,40456399.25,50835086.367,144243270.42,248030141.59,26909211785.175,50904275264.4015,17952959989.8667,53570393428.76,30845776782.1646,26764968514.755,53858879969.6,0,0,40456399.25,53570393428.76,0,1
Fundo,2021-06-30,30822936000169,3,0,1,37963641.99,48605233.551,144379557.6,250795473.21,33153445128.175,62765829817.6435,22114951299.4467,66056094783.14,38054295320.4758,33009065570.575,66344853898.34,0,0,37963641.99,66056094783.14,0,1
Fundo,2021-07-31,30822936000169,3,0,1,35488208.98,45171370.6995,132319826.175,229151443.37,36351849482.09,68862277716.938,24246395724.3867,72474547520.81,41766916879.7055,36219529655.915,72739187173.16,0,0,35488208.98,72474547520.81,0,1
Fundo,2021-08-31,30822936000169,3,0,1,33018534.26,43149413.957,134327331.23,235636128.2,32546017275.2,61625360307.5,21708351028.22,64856398422.2,37367442498.8813,32411689943.97,65125053084.66,0,0,33018534.26,64856398422.2,0,1
Fundo,2021-09-30,30822936000169,3,0,1,30542334.37,39613230.272,121251293.39,211960252.41,33645029773.685,63734792342.8325,22440200627.2467,67078099294.96,38657660640.7712,33523778480.295,67320601881.74,0,0,30542334.37,67078099294.96,0,1
Fundo,2021-10-31,30822936000169,3,0,1,28090199.89,37243334.16,119621542.59,211152885.29,39872280803.495,75567295929.8795,26590883935.6267,79533408721.7,45849662768.9854,39752659260.905,79772651806.88,0,0,28090199.89,79533408721.7,0,1
Fundo,2021-11-30,30822936000169,3,0,1,25640702.31,35228408.125,121517760.46,217394818.61,50923761174.45,96559490894.706,33957721017.07,101630127530.29,58606101601.0974,50802243413.99,101873163051.21,0,0,25640702.31,101630127530.29,0,1
Fundo,2021-12-31,30822936000169,3,0,1,23226492.31,33079333.2565,121754901.775,220283311.24,33496202637.9,63444530031.894,22338543922.7033,66772121964.56,38480733504.5578,33374447736.125,67015631768.11,0,0,23226492.31,66772121964.56,0,1
Fundo,2022-01-31,30822936000169,3,0,1,20810060.59,29809952.484,110808979.53,200807898.47,30679058375.015,58109483803.9055,20459642270.2067,61157308851.56,35245328040.4746,30568249395.485,61378926810.62,0,0,20810060.59,61157308851.56,0,1
Fundo,2022-02-28,30822936000169,3,0,1,18371800.24,27651289.7595,111166695.435,203961590.63,30512425890.185,57790043759.7845,20347741193.5367,60820890189.74,35050898036.202,30401259194.75,61043223580.61,0,0,18371800.24,60820890189.74,0,1
Fundo,2022-03-31,30822936000169,3,0,1,15984106.68,25642715.7015,112570196.895,209156287.11,35859456070.455,67944725875.4655,23911632082.53,71509755853.8,41221297514.5334,35746885873.56,71734896247.59,0,0,15984106.68,71509755853.8,0,1
Fundo,2022-04-30,30822936000169,3,0,1,13561279.82,21954087.9525,97489361.145,181417442.47,60650758100.155,115073164692.072,40438359160.0433,121120098757.84,69872486518.7853,60553268739.01,121315077480.13,0,0,13561279.82,121120098757.84,0,1
Fundo,2022-05-31,30822936000169,3,0,1,0,9176790.60750001,91767906.075,183535812.15,51036026803.645,96803268695.9905,34024017869.0967,101888517795.14,58772452594.796,50944258897.57,102072053607.29,0,1,0,101888517795.14,0,1
Fundo,2022-06-30,30822936000169,3,0,1,0,9303142.26350001,93031422.635,186062845.27,44132432730.05,83684165626.352,29421621820.0333,88078802614.83,50798693870.4205,44039401307.415,88264865460.1,0,1,0,88078802614.83,0,1
Fundo,2022-07-31,30822936000169,2,0,1,180568580.85,1768055935.85949,16055442130.945,31930315681.04,47805189231.135,62092575426.2205,31930315681.04,63680062781.23,44900922951.0046,31749747100.19,63860631362.08,0,0,180568580.85,63680062781.23,0,1
Fundo,2022-08-31,30822936000169,2,0,1,196185852.7,1370020863.68925,11934535962.5925,23672886072.485,35411236182.3775,45975751281.2808,23672886072.485,47149586292.27,33201067850.5874,23476700219.785,47345772144.97,0,0,196185852.7,47149586292.27,0,1
Fundo,2022-09-30,30822936000169,2,0,1,197509421.47,1424488910.07675,12467304307.5375,24737099193.605,37006894079.6725,48049709477.1333,24737099193.605,49276688965.74,34704220670.8254,24539589772.135,49474198387.21,0,0,197509421.47,49276688965.74,0,1
Fundo,2022-10-31,30822936000169,2,0,1,200937284.16,1418614111.14325,12377705553.9925,24554473823.825,36731242093.6575,47690333536.5068,24554473823.825,48908010363.49,34441101666.143,24353536539.665,49108947647.65,0,0,200937284.16,48908010363.49,0,1
Fundo,2022-11-30,30822936000169,2,0,1,170669679.66,1699420958.94374,15458182472.4975,30745695265.335,46033208058.1725,59791969571.7263,30745695265.335,61320720851.01,43239615853.166,30575025585.675,61491390530.67,0,0,170669679.66,61320720851.01,0,1
Fundo,2022-12-31,30822936000169,2,0,1,172663442.14,1366766966.30925,12113698683.8325,24054733925.525,35995769167.2175,46742700884.7408,24054733925.525,47936804408.91,33774347975.1533,23882070483.385,48109467851.05,0,0,172663442.14,47936804408.91,0,1
Fundo,2023-01-31,30822936000169,2,0,1,169642219.53,1249782745.6525,10971047480.755,21772452741.98,32573858003.205,42295122738.3075,21772452741.98,43375263264.43,30550987626.225,21602810522.45,43544905483.96,0,0,169642219.53,43375263264.43,0,1
Fundo,2023-02-28,30822936000169,2,0,1,171628853.27,1237981695.34225,10835157273.9925,21498685694.715,32162214115.4375,41759389694.0878,21498685694.715,42825742536.16,30161013030.6734,21327056841.445,42997371389.43,0,0,171628853.27,42825742536.16,0,1
Fundo,2023-03-31,30822936000169,2,0,1,174408910.26,1292914418.3705,11359463991.365,22544519072.47,33729574153.575,43796123726.5695,22544519072.47,44914629234.68,31636113183.1776,22370110162.21,45089038144.94,0,0,174408910.26,44914629234.68,0,1
Fundo,2023-04-30,30822936000169,2,0,1,176055815.04,1558828727.61625,14003784940.8025,27831514066.565,41659243192.3275,54104199405.5138,27831514066.565,55486972318.09,39110724132.9496,27655458251.525,55663028133.13,0,0,176055815.04,55486972318.09,0,1
Fundo,2023-05-31,30822936000169,2,0,1,178020662.32,1248049112.9695,10878305168.815,21578589675.31,32278874181.805,41909130237.6505,21578589675.31,42979158688.3,30264974940.6719,21400569012.99,43157179350.62,0,0,178020662.32,42979158688.3,0,1
Fundo,2023-06-30,30822936000169,2,0,1,142291485.92,1056563973.05,9285016357.22,18427741228.52,27570466099.82,35798918483.99,18427741228.52,36713190971.12,25859531020.0765,18285449742.6,36855482457.04,0,0,142291485.92,36713190971.12,0,1
Fundo,2023-07-31,30822936000169,2,0,1,140671430.29,1153267627.7435,10266633404.825,20392595379.36,30518557353.895,39631923130.9765,20392595379.36,40644519328.43,28640545512.9233,20251923949.07,40785190758.72,0,0,140671430.29,40644519328.43,0,1
Fundo,2023-08-31,30822936000169,2,0,1,141715797.69,987573123.416997,8600289054.96,17058862312.23,25517435569.5,33130151501.043,17058862312.23,33976008826.77,23924458037.5152,16917146514.54,34117724624.46,0,0,141715797.69,33976008826.77,0,1
Fundo,2023-09-30,30822936000169,2,0,1,142525075.75,896773980.208997,7685014120.34,15227503164.93,22769992209.52,29558232349.651,15227503164.93,30312481254.11,21333380601.8193,15084978089.18,30455006329.86,0,0,142525075.75,30312481254.11,0,1
Fundo,2023-10-31,30822936000169,2,0,1,142842002.55,1179306836.834,10507490345.39,20872138688.23,31236787031.07,40564970539.626,20872138688.23,41601435373.91,29315652511.3443,20729296685.68,41744277376.46,0,0,142842002.55,41601435373.91,0,1
Fundo,2023-11-30,30822936000169,2,0,1,142911842.38,1270377514.96775,11417568568.2575,22692225294.135,33966882020.0125,44114073073.3023,22692225294.135,45241538745.89,31889544905.674,22549313451.755,45384450588.27,0,0,142911842.38,45241538745.89,0,1
Fundo,2023-12-31,30822936000169,2,0,1,145240656.69,1085128420.0755,9544118290.545,18942995924.4,28341873558.255,36800863428.7245,18942995924.4,37740751192.11,26584040441.7658,18797755267.71,37885991848.8,0,0,145240656.69,37740751192.11,0,1
Fundo,2024-01-31,30822936000169,2,0,1,131196330.9,1136006658.00375,10179299601.9375,20227402872.975,30275506144.0125,39318799087.9463,20227402872.975,40323609415.05,28420327844.0534,20096206542.075,40454805745.95,0,0,131196330.9,40323609415.05,0,1
Fundo,2024-02-29,30822936000169,2,0,1,132202781.57,923573181.787247,8045906783.7425,15959610785.915,23873314788.0875,30995648390.0428,15959610785.915,31787018790.26,22383335056.9572,15827408004.345,31919221571.83,0,0,132202781.57,31787018790.26,0,1
Fundo,2024-03-31,30822936000169,2,0,1,123795589.42,734941306.079498,6235252756.015,12346709922.61,18458167089.205,23958478539.1405,12346709922.61,24569624255.8,17285811221.7218,12222914333.19,24693419845.22,0,0,123795589.42,24569624255.8,0,1
Fundo,2024-04-30,30822936000169,2,0,1,93828001.23,1469466672.52625,13850214714.1925,27606601427.155,41362988140.1175,53743736181.7838,27606601427.155,55119374853.08,38908937317.4412,27512773425.925,55213202854.31,0,0,93828001.23,55119374853.08,0,1
Fundo,2024-05-31,30822936000169,2,0,1,95145533.15,1222100664.25275,11364696844.1775,22634248155.205,33903799466.2325,44046395646.1573,22634248155.205,45173350777.26,31875104611.8292,22539102622.055,45268496310.41,0,0,95145533.15,45173350777.26,0,1
Fundo,2024-06-30,30822936000169,2,0,1,95718783.08,973466274.483997,8873193697.12,17650668611.16,26428143525.2,34327870947.836,17650668611.16,35205618439.24,24826448133.65,17554949828.08,35301337222.32,0,0,95718783.08,35205618439.24,0,1
Fundo,2024-07-31,30822936000169,2,0,1,94206671.14,1945239745.94374,18604537419.1775,37114868167.215,55625198915.2525,72284496588.4863,37114868167.215,74135529663.29,52355121575.7727,37020661496.075,74229736334.43,0,0,94206671.14,74135529663.29,0,1
Fundo,2024-08-31,30822936000169,2,0,1,95474203.66,2039051566.06749,19531247827.735,38967021451.81,58402795075.885,75894991337.5525,38967021451.81,77838568699.96,54972669308.7603,38871547248.15,77934042903.62,0,0,95474203.66,77838568699.96,0,1
Fundo,2024-09-30,30822936000169,2,0,1,96379980.92,1952151720.53574,18654097377.0775,37211814773.235,55769532169.3925,72471477825.9343,37211814773.235,74327249565.55,52489151256.6661,37115434792.315,74423629546.47,0,0,96379980.92,74327249565.55,0,1
Fundo,2024-10-31,30822936000169,2,0,1,87673899.16,2353339281.14099,22744327718.97,45400981538.78,68057635358.59,88448623796.419,45400981538.78,90714289178.4,64082694219.935,45313307639.62,90801963077.56,0,0,87673899.16,90714289178.4,0,1
Fundo,2024-11-30,30822936000169,2,0,1,88575100.51,2490163147.19649,24104455567.375,48120336034.24,72136216501.105,93750508921.2835,48120336034.24,96152096967.97,67927167737.1432,48031760933.73,96240672068.48,0,0,88575100.51,96152096967.97,0,1
Classe,2024-12-31,30822936000169,2,0,1,89526089.68,2382537242.50199,23019637617.9,45949749146.12,68879860674.34,89516961049.738,45949749146.12,91809972202.56,64856149419.8728,45860223056.44,91899498292.24,0,0,89526089.68,91809972202.56,0,1
Classe,2025-01-31,30822936000169,2,0,1,89690838.74,2192767708.61749,21120459537.515,42151228236.29,63181996935.065,82109688763.9625,42151228236.29,84212765633.84,59483996641.8784,42061537397.55,84302456472.58,0,0,89690838.74,84212765633.84,0,1
Classe,2025-02-28,30822936000169,2,0,1,90134004.3,2137772077.04749,20566514731.775,41042895459.25,61519276186.725,79948018841.4525,41042895459.25,81995656914.2,57915950666.2204,40952761454.95,82085790918.5,0,0,90134004.3,81995656914.2,0,1
Classe,2025-03-31,30822936000169,2,0,1,90717523.43,2020526908.77224,19388811376.8525,38686905230.275,57984999083.6975,75353283551.7778,38686905230.275,77283092937.12,54583252110.9179,38596187706.845,77373810460.55,0,0,90717523.43,77283092937.12,0,1
Classe,2025-04-30,30822936000169,2,0,1,81845693.51,1923317897.77599,18496567736.17,36911289778.83,55326011821.49,71899261659.884,36911289778.83,73740733864.15,52084699320.1211,36829444085.32,73822579557.66,0,0,81845693.51,73740733864.15,0,1
Classe,2025-05-31,30822936000169,2,0,1,82600684.53,1946029692.81824,18716890767.4125,37351180850.295,55985470933.1775,72756332007.7718,37351180850.295,74619761016.06,52705731520.8138,37268580165.765,74702361700.59,0,0,82600684.53,74619761016.06,0,1
Classe,2025-06-30,30822936000169,2,0,1,83035759.65,2031692869.95024,19569606862.6525,39056177965.655,58542749068.6575,76080663061.3598,39056177965.655,78029320171.66,55116346276.0276,38973142206.005,78112355931.31,0,0,83035759.65,78029320171.66,0,1
Classe,2025-07-31,30822936000169,2,0,1,77135984.02,2004532556.85499,19351101712.37,38625067440.72,57899033169.07,75245602324.585,38625067440.72,77172998897.42,54515007467.4936,38547931456.7,77250134881.44,0,0,77135984.02,77172998897.42,0,1
Classe,2025-08-31,30822936000169,2,0,1,77974352.38,1882681234.55949,18125043174.175,36172111995.97,54219180817.765,70461542757.3805,36172111995.97,72266249639.56,51044818977.7262,36094137643.59,72344223991.94,0,0,77974352.38,72266249639.56,0,1
Classe,2025-09-30,30822936000169,2,0,1,38434291.99,1746987946.79624,17123970840.0525,34209507388.115,51295043936.1775,66672026829.4338,34209507388.115,68380580484.24,48325195013.3824,34171073096.125,68419014776.23,0,0,38434291.99,68380580484.24,0,1
Classe,2025-10-31,30822936000169,2,0,1,13792142.63,1679388504.09249,16669755757.255,33325719371.88,49981682986.505,64972050239.6675,33325719371.88,66637646601.13,47110179276.3909,33311927229.25,66651438743.76,0,0,13792142.63,66637646601.13,0,1
Classe,2025-11-30,30822936000169,2,0,1,13673619.63,1554767657.21374,15424613995.4675,30835554371.305,46246494747.1425,60116341085.3963,30835554371.305,61657435122.98,43588721776.865,30821880751.675,61671108742.61,0,0,13673619.63,61657435122.98,0,1
Classe,2025-12-31,30822936000169,2,0,1,7618878.15,1546489431.60674,15396324412.7175,30785029947.285,46173735481.8525,60023570462.9633,30785029947.285,61562441016.42,43525832148.7025,30777411069.135,61570059894.57,0,0,7618878.15,61562441016.42,0,1
Classe,2026-01-31,30822936000169,2,0,1,7679241.03,1542316145.09399,15354048281.67,30700417322.31,46046786362.95,59858518499.526,30700417322.31,61393155403.59,43406086460.9113,30692738081.28,61400834644.62,0,0,7679241.03,61393155403.59,0,1
Classe,2026-02-28,30822936000169,2,0,1,7787573.34,1544277491.87574,15372686758.6975,30737585944.055,46102485129.4125,59930894396.2343,30737585944.055,61467384314.77,43458497624.8558,30729798370.715,61475171888.11,0,0,7787573.34,61467384314.77,0,1
Classe,2026-03-31,30822936000169,2,0,1,7944548.5,1540494627.58149,15333445339.315,30658946130.13,45984446920.945,59777397632.6785,30658946130.13,61309947711.76,43347062137.0603,30651001581.63,61317892260.26,0,0,7944548.5,61309947711.76,0,1
Classe,2026-04-30,30822936000169,3,0,1,8004787.12,10112821.9775,29085135.695,50165484.27,30555994395.35,58011240415.322,20373331192.6067,61061823306.43,35237274117.8087,30526909259.655,61119993577.82,0,0,8004787.12,61061823306.43,0,1
Classe,2026-05-31,30822936000169,3,0,1,8144979.37,10269106.671,29386252.38,50627525.39,30446300731.97,57802406617.892,20300248814.4367,60841973938.55,35110170296.0987,30416914479.59,60900746443.31,0,0,8144979.37,60841973938.55,0,1
Classe,2026-06-30,30822936000169,3,0,1,8372486.84,10508115.2655,29728771.095,51085055.35,30653028309.18,58194777237.627,20438143035.0667,61254971563.01,35348416858.4751,30623299538.085,61314429105.2,0,0,8372486.84,61254971563.01,0,1
Classe,2026-07-31,30822936000169,3,0,1,8411819.31,10575090.5165,30044531.375,51677243.44,31013950767.155,58879996938.4985,20678771117.8733,61976224290.87,35764650101.8271,30983906235.78,62036313353.62,0,0,8411819.31,61976224290.87,0,1
Classe,2026-08-31,30822936000169,3,0,1,8305562.84,10496118.9815,30211124.255,52116685.67,29433719596.645,55877162216.5225,19625248252.0433,58815322507.62,33939606950.7564,29403508472.39,58875744756.13,0,0,8305562.84,58815322507.62,0,1
Fundo legado,2020-01-31,01522368000182,1,0,1,497799915.56,497799915.56,497799915.56,497799915.56,497799915.56,497799915.56,497799915.56,497799915.56,,0,497799915.56,0,0,497799915.56,497799915.56,0,0
Fundo legado,2020-02-29,01522368000182,1,0,1,508429143.41,508429143.41,508429143.41,508429143.41,508429143.41,508429143.41,508429143.41,508429143.41,,0,508429143.41,0,0,508429143.41,508429143.41,0,0
Fundo legado,2020-03-31,01522368000182,1,0,1,517811561.47,517811561.47,517811561.47,517811561.47,517811561.47,517811561.47,517811561.47,517811561.47,,0,517811561.47,0,0,517811561.47,517811561.47,0,0
Fundo legado,2020-04-30,01522368000182,1,0,1,422442327.52,422442327.52,422442327.52,422442327.52,422442327.52,422442327.52,422442327.52,422442327.52,,0,422442327.52,0,0,422442327.52,422442327.52,0,0
Fundo legado,2020-05-31,01522368000182,1,0,1,184633340.48,184633340.48,184633340.48,184633340.48,184633340.48,184633340.48,184633340.48,184633340.48,,0,184633340.48,0,0,184633340.48,184633340.48,0,0
Fundo legado,2020-06-30,01522368000182,1,0,1,185817057.13,185817057.13,185817057.13,185817057.13,185817057.13,185817057.13,185817057.13,185817057.13,,0,185817057.13,0,0,185817057.13,185817057.13,0,0
Fundo legado,2020-07-31,01522368000182,1,0,1,187259985.64,187259985.64,187259985.64,187259985.64,187259985.64,187259985.64,187259985.64,187259985.64,,0,187259985.64,0,0,187259985.64,187259985.64,0,0
Fundo legado,2020-08-31,01522368000182,1,0,1,188990423.37,188990423.37,188990423.37,188990423.37,188990423.37,188990423.37,188990423.37,188990423.37,,0,188990423.37,0,0,188990423.37,188990423.37,0,0
Fundo legado,2020-09-30,01522368000182,1,0,1,192053611.27,192053611.27,192053611.27,192053611.27,192053611.27,192053611.27,192053611.27,192053611.27,,0,192053611.27,0,0,192053611.27,192053611.27,0,0
Fundo legado,2020-10-31,01522368000182,1,0,1,194281286.23,194281286.23,194281286.23,194281286.23,194281286.23,194281286.23,194281286.23,194281286.23,,0,194281286.23,0,0,194281286.23,194281286.23,0,0
Fundo,2020-11-30,01522368000182,1,0,1,197118425.67,197118425.67,197118425.67,197118425.67,197118425.67,197118425.67,197118425.67,197118425.67,,0,197118425.67,0,0,197118425.67,197118425.67,0,0
Fundo,2020-12-31,01522368000182,1,0,1,201455397.78,201455397.78,201455397.78,201455397.78,201455397.78,201455397.78,201455397.78,201455397.78,,0,201455397.78,0,0,201455397.78,201455397.78,0,0
Fundo,2021-01-31,01522368000182,1,0,1,157944622.25,157944622.25,157944622.25,157944622.25,157944622.25,157944622.25,157944622.25,157944622.25,,0,157944622.25,0,0,157944622.25,157944622.25,0,0
Fundo,2021-02-28,01522368000182,1,0,1,160573650.13,160573650.13,160573650.13,160573650.13,160573650.13,160573650.13,160573650.13,160573650.13,,0,160573650.13,0,0,160573650.13,160573650.13,0,0
Fundo,2021-03-31,01522368000182,1,0,1,162540853.12,162540853.12,162540853.12,162540853.12,162540853.12,162540853.12,162540853.12,162540853.12,,0,162540853.12,0,0,162540853.12,162540853.12,0,0
Fundo,2021-04-30,01522368000182,1,0,1,164868407.68,164868407.68,164868407.68,164868407.68,164868407.68,164868407.68,164868407.68,164868407.68,,0,164868407.68,0,0,164868407.68,164868407.68,0,0
Fundo,2021-05-31,01522368000182,1,0,1,167910452.2,167910452.2,167910452.2,167910452.2,167910452.2,167910452.2,167910452.2,167910452.2,,0,167910452.2,0,0,167910452.2,167910452.2,0,0
Fundo,2021-06-30,01522368000182,1,0,1,169188590.68,169188590.68,169188590.68,169188590.68,169188590.68,169188590.68,169188590.68,169188590.68,,0,169188590.68,0,0,169188590.68,169188590.68,0,0
Fundo,2021-07-31,01522368000182,1,0,1,171673806.53,171673806.53,171673806.53,171673806.53,171673806.53,171673806.53,171673806.53,171673806.53,,0,171673806.53,0,0,171673806.53,171673806.53,0,0
Fundo,2021-08-31,01522368000182,1,0,1,174631353.99,174631353.99,174631353.99,174631353.99,174631353.99,174631353.99,174631353.99,174631353.99,,0,174631353.99,0,0,174631353.99,174631353.99,0,0
Fundo,2021-09-30,01522368000182,1,0,1,176560618.79,176560618.79,176560618.79,176560618.79,176560618.79,176560618.79,176560618.79,176560618.79,,0,176560618.79,0,0,176560618.79,176560618.79,0,0
Fundo,2021-10-31,01522368000182,1,0,1,180833792.1,180833792.1,180833792.1,180833792.1,180833792.1,180833792.1,180833792.1,180833792.1,,0,180833792.1,0,0,180833792.1,180833792.1,0,0
Fundo,2021-11-30,01522368000182,1,0,1,184288752.15,184288752.15,184288752.15,184288752.15,184288752.15,184288752.15,184288752.15,184288752.15,,0,184288752.15,0,0,184288752.15,184288752.15,0,0
Fundo,2021-12-31,01522368000182,1,0,1,186703670.44,186703670.44,186703670.44,186703670.44,186703670.44,186703670.44,186703670.44,186703670.44,,0,186703670.44,0,0,186703670.44,186703670.44,0,0
Fundo,2022-01-31,01522368000182,1,0,1,190128601.78,190128601.78,190128601.78,190128601.78,190128601.78,190128601.78,190128601.78,190128601.78,,0,190128601.78,0,0,190128601.78,190128601.78,0,0
Fundo,2022-02-28,01522368000182,1,0,1,193155864.71,193155864.71,193155864.71,193155864.71,193155864.71,193155864.71,193155864.71,193155864.71,,0,193155864.71,0,0,193155864.71,193155864.71,0,0
Fundo,2022-03-31,01522368000182,1,0,1,196282637.43,196282637.43,196282637.43,196282637.43,196282637.43,196282637.43,196282637.43,196282637.43,,0,196282637.43,0,0,196282637.43,196282637.43,0,0
Fundo,2022-04-30,01522368000182,1,0,1,199456038.58,199456038.58,199456038.58,199456038.58,199456038.58,199456038.58,199456038.58,199456038.58,,0,199456038.58,0,0,199456038.58,199456038.58,0,0
Fundo,2022-05-31,01522368000182,1,0,1,203117115.2,203117115.2,203117115.2,203117115.2,203117115.2,203117115.2,203117115.2,203117115.2,,0,203117115.2,0,0,203117115.2,203117115.2,0,0
Fundo,2022-06-30,01522368000182,1,0,1,207337466.31,207337466.31,207337466.31,207337466.31,207337466.31,207337466.31,207337466.31,207337466.31,,0,207337466.31,0,0,207337466.31,207337466.31,0,0
Fundo,2022-07-31,01522368000182,1,0,1,211851229.35,211851229.35,211851229.35,211851229.35,211851229.35,211851229.35,211851229.35,211851229.35,,0,211851229.35,0,0,211851229.35,211851229.35,0,0
Fundo,2022-08-31,01522368000182,1,0,1,214467857.3,214467857.3,214467857.3,214467857.3,214467857.3,214467857.3,214467857.3,214467857.3,,0,214467857.3,0,0,214467857.3,214467857.3,0,0
Fundo,2022-09-30,01522368000182,1,0,1,217350155.59,217350155.59,217350155.59,217350155.59,217350155.59,217350155.59,217350155.59,217350155.59,,0,217350155.59,0,0,217350155.59,217350155.59,0,0
Fundo,2022-10-31,01522368000182,1,0,1,215500970.71,215500970.71,215500970.71,215500970.71,215500970.71,215500970.71,215500970.71,215500970.71,,0,215500970.71,0,0,215500970.71,215500970.71,0,0
Fundo,2022-11-30,01522368000182,1,0,1,216528442.67,216528442.67,216528442.67,216528442.67,216528442.67,216528442.67,216528442.67,216528442.67,,0,216528442.67,0,0,216528442.67,216528442.67,0,0
Fundo,2022-12-31,01522368000182,1,0,1,218190647.88,218190647.88,218190647.88,218190647.88,218190647.88,218190647.88,218190647.88,218190647.88,,0,218190647.88,0,0,218190647.88,218190647.88,0,0
Fundo,2023-01-31,01522368000182,1,0,1,223247259.78,223247259.78,223247259.78,223247259.78,223247259.78,223247259.78,223247259.78,223247259.78,,0,223247259.78,0,0,223247259.78,223247259.78,0,0
Fundo,2023-02-28,01522368000182,1,0,1,226120216.71,226120216.71,226120216.71,226120216.71,226120216.71,226120216.71,226120216.71,226120216.71,,0,226120216.71,0,0,226120216.71,226120216.71,0,0
Fundo,2023-03-31,01522368000182,1,0,1,229532335.68,229532335.68,229532335.68,229532335.68,229532335.68,229532335.68,229532335.68,229532335.68,,0,229532335.68,0,0,229532335.68,229532335.68,0,0
Fundo,2023-04-30,01522368000182,1,0,1,233328818.39,233328818.39,233328818.39,233328818.39,233328818.39,233328818.39,233328818.39,233328818.39,,0,233328818.39,0,0,233328818.39,233328818.39,0,0
Fundo,2023-05-31,01522368000182,1,0,1,237079225.93,237079225.93,237079225.93,237079225.93,237079225.93,237079225.93,237079225.93,237079225.93,,0,237079225.93,0,0,237079225.93,237079225.93,0,0
Fundo,2023-06-30,01522368000182,1,0,1,240241632.08,240241632.08,240241632.08,240241632.08,240241632.08,240241632.08,240241632.08,240241632.08,,0,240241632.08,0,0,240241632.08,240241632.08,0,0
Fundo,2023-07-31,01522368000182,1,0,1,243184274.45,243184274.45,243184274.45,243184274.45,243184274.45,243184274.45,243184274.45,243184274.45,,0,243184274.45,0,0,243184274.45,243184274.45,0,0
Fundo,2023-08-31,01522368000182,1,0,1,245687960.2,245687960.2,245687960.2,245687960.2,245687960.2,245687960.2,245687960.2,245687960.2,,0,245687960.2,0,0,245687960.2,245687960.2,0,0
Fundo,2023-09-30,01522368000182,1,0,1,247756187.54,247756187.54,247756187.54,247756187.54,247756187.54,247756187.54,247756187.54,247756187.54,,0,247756187.54,0,0,247756187.54,247756187.54,0,0
Fundo,2023-10-31,01522368000182,1,0,1,251485908.02,251485908.02,251485908.02,251485908.02,251485908.02,251485908.02,251485908.02,251485908.02,,0,251485908.02,0,0,251485908.02,251485908.02,0,0
Fundo,2023-11-30,01522368000182,1,0,1,254573516.71,254573516.71,254573516.71,254573516.71,254573516.71,254573516.71,254573516.71,254573516.71,,0,254573516.71,0,0,254573516.71,254573516.71,0,0
Fundo,2023-12-31,01522368000182,1,0,1,257440615.79,257440615.79,257440615.79,257440615.79,257440615.79,257440615.79,257440615.79,257440615.79,,0,257440615.79,0,0,257440615.79,257440615.79,0,0
Fundo,2024-01-31,01522368000182,1,0,1,260894819.34,260894819.34,260894819.34,260894819.34,260894819.34,260894819.34,260894819.34,260894819.34,,0,260894819.34,0,0,260894819.34,260894819.34,0,0
Fundo,2024-02-29,01522368000182,1,0,1,264114768.72,264114768.72,264114768.72,264114768.72,264114768.72,264114768.72,264114768.72,264114768.72,,0,264114768.72,0,0,264114768.72,264114768.72,0,0
Fundo,2024-03-31,01522368000182,1,0,1,266817524.82,266817524.82,266817524.82,266817524.82,266817524.82,266817524.82,266817524.82,266817524.82,,0,266817524.82,0,0,266817524.82,266817524.82,0,0
Fundo,2024-04-30,01522368000182,1,0,1,271894729.63,271894729.63,271894729.63,271894729.63,271894729.63,271894729.63,271894729.63,271894729.63,,0,271894729.63,0,0,271894729.63,271894729.63,0,0
Fundo,2024-05-31,01522368000182,1,0,1,275411537.64,275411537.64,275411537.64,275411537.64,275411537.64,275411537.64,275411537.64,275411537.64,,0,275411537.64,0,0,275411537.64,275411537.64,0,0
Fundo,2024-06-30,01522368000182,1,0,1,278607001.07,278607001.07,278607001.07,278607001.07,278607001.07,278607001.07,278607001.07,278607001.07,,0,278607001.07,0,0,278607001.07,278607001.07,0,0
Fundo,2024-07-31,01522368000182,1,0,1,282624787.68,282624787.68,282624787.68,282624787.68,282624787.68,282624787.68,282624787.68,282624787.68,,0,282624787.68,0,0,282624787.68,282624787.68,0,0
Fundo,2024-08-31,01522368000182,1,0,1,286354427.4,286354427.4,286354427.4,286354427.4,286354427.4,286354427.4,286354427.4,286354427.4,,0,286354427.4,0,0,286354427.4,286354427.4,0,0
Fundo,2024-09-30,01522368000182,1,0,1,289197792.01,289197792.01,289197792.01,289197792.01,289197792.01,289197792.01,289197792.01,289197792.01,,0,289197792.01,0,0,289197792.01,289197792.01,0,0
Fundo,2024-10-31,01522368000182,1,0,1,292664491.6,292664491.6,292664491.6,292664491.6,292664491.6,292664491.6,292664491.6,292664491.6,,0,292664491.6,0,0,292664491.6,292664491.6,0,0
Fundo,2024-11-30,01522368000182,1,0,1,295556655.73,295556655.73,295556655.73,295556655.73,295556655.73,295556655.73,295556655.73,295556655.73,,0,295556655.73,0,0,295556655.73,295556655.73,0,0
Classe,2024-12-31,01522368000182,1,0,1,308141579.53,308141579.53,308141579.53,308141579.53,308141579.53,308141579.53,308141579.53,308141579.53,,0,308141579.53,0,0,308141579.53,308141579.53,0,0
Classe,2025-01-31,01522368000182,1,0,1,397361920.45,397361920.45,397361920.45,397361920.45,397361920.45,397361920.45,397361920.45,397361920.45,,0,397361920.45,0,0,397361920.45,397361920.45,0,0
Classe,2025-02-28,01522368000182,1,0,1,399374821.85,399374821.85,399374821.85,399374821.85,399374821.85,399374821.85,399374821.85,399374821.85,,0,399374821.85,0,0,399374821.85,399374821.85,0,0
Classe,2025-03-31,01522368000182,1,0,1,62524777.41,62524777.41,62524777.41,62524777.41,62524777.41,62524777.41,62524777.41,62524777.41,,0,62524777.41,0,0,62524777.41,62524777.41,0,0
Classe,2025-04-30,01522368000182,1,0,1,63945091.3,63945091.3,63945091.3,63945091.3,63945091.3,63945091.3,63945091.3,63945091.3,,0,63945091.3,0,0,63945091.3,63945091.3,0,0
Classe,2025-05-31,01522368000182,1,0,1,65171678.98,65171678.98,65171678.98,65171678.98,65171678.98,65171678.98,65171678.98,65171678.98,,0,65171678.98,0,0,65171678.98,65171678.98,0,0
Classe,2025-06-30,01522368000182,1,0,1,66278359.02,66278359.02,66278359.02,66278359.02,66278359.02,66278359.02,66278359.02,66278359.02,,0,66278359.02,0,0,66278359.02,66278359.02,0,0
Classe,2025-07-31,01522368000182,1,0,1,67041763.53,67041763.53,67041763.53,67041763.53,67041763.53,67041763.53,67041763.53,67041763.53,,0,67041763.53,0,0,67041763.53,67041763.53,0,0
Classe,2025-08-31,01522368000182,1,0,1,68179671.83,68179671.83,68179671.83,68179671.83,68179671.83,68179671.83,68179671.83,68179671.83,,0,68179671.83,0,0,68179671.83,68179671.83,0,0
Classe,2025-09-30,01522368000182,1,0,1,685915.32,685915.32,685915.32,685915.32,685915.32,685915.32,685915.32,685915.32,,0,685915.32,0,0,685915.32,685915.32,0,0
Classe,2025-10-31,01522368000182,1,0,1,69574846.1,69574846.1,69574846.1,69574846.1,69574846.1,69574846.1,69574846.1,69574846.1,,0,69574846.1,0,0,69574846.1,69574846.1,0,0
Classe,2025-11-30,01522368000182,1,0,1,70683950.75,70683950.75,70683950.75,70683950.75,70683950.75,70683950.75,70683950.75,70683950.75,,0,70683950.75,0,0,70683950.75,70683950.75,0,0
Classe,2025-12-31,01522368000182,1,0,1,71863813.65,71863813.65,71863813.65,71863813.65,71863813.65,71863813.65,71863813.65,71863813.65,,0,71863813.65,0,0,71863813.65,71863813.65,0,0
Classe,2026-01-31,01522368000182,1,0,1,73000645.16,73000645.16,73000645.16,73000645.16,73000645.16,73000645.16,73000645.16,73000645.16,,0,73000645.16,0,0,73000645.16,73000645.16,0,0
Classe,2026-02-28,01522368000182,1,0,1,72691661.52,72691661.52,72691661.52,72691661.52,72691661.52,72691661.52,72691661.52,72691661.52,,0,72691661.52,0,0,72691661.52,72691661.52,0,0
Classe,2026-03-31,01522368000182,1,0,1,75253424.32,75253424.32,75253424.32,75253424.32,75253424.32,75253424.32,75253424.32,75253424.32,,0,75253424.32,0,0,75253424.32,75253424.32,0,0
Classe,2026-04-30,01522368000182,1,0,1,76758651.6,76758651.6,76758651.6,76758651.6,76758651.6,76758651.6,76758651.6,76758651.6,,0,76758651.6,0,0,76758651.6,76758651.6,0,0
Classe,2026-05-31,01522368000182,1,0,1,78056259.53,78056259.53,78056259.53,78056259.53,78056259.53,78056259.53,78056259.53,78056259.53,,0,78056259.53,0,0,78056259.53,78056259.53,0,0
Classe,2026-06-30,01522368000182,1,0,1,79700375.04,79700375.04,79700375.04,79700375.04,79700375.04,79700375.04,79700375.04,79700375.04,,0,79700375.04,0,0,79700375.04,79700375.04,0,0
Classe,2026-07-31,01522368000182,1,0,1,81303294.71,81303294.71,81303294.71,81303294.71,81303294.71,81303294.71,81303294.71,81303294.71,,0,81303294.71,0,0,81303294.71,81303294.71,0,0
Classe,2026-08-31,01522368000182,1,0,1,82712863.33,82712863.33,82712863.33,82712863.33,82712863.33,82712863.33,82712863.33,82712863.33,,0,82712863.33,0,0,82712863.33,82712863.33,0,0
Fundo legado,2020-01-31,13486793000142,64,0,1,0,50461.79925,10420784.74,37320888.525,118762351.2825,1211594772.85675,138055157.297188,1694328274.01,309300428.000669,108341566.5425,8835530067.02,0,1,0,280373249.14,6,6
Fundo legado,2020-02-29,13486793000142,65,0,1,0,0,7316706.8,37667590.1,118387528.93,1204832785.798,137407066.581692,1687500825.85,309062385.013714,111070822.13,8931459327.81,0,3,0,282553557.62,6,7
Fundo legado,2020-03-31,13486793000142,64,1,0.984615384615385,0,41461.7205,11437695.44,37853829.25,125902378.75,1275216681.54025,149135549.688438,1671556675.3,318763993.238178,114464683.31,9544675180.06,0,2,0,284925415.14,7,6
Fundo legado,2020-04-30,13486793000142,64,0,1,20760.3,66364.75875,6264812.825,36871751.385,124688541.7825,1261705119.54025,148769102.918438,1795918984.91,328881428.644242,118423728.9575,9521222586.78,0,0,20760.3,212250630.49,7,5
Fundo legado,2020-05-31,13486793000142,65,0,1,8475.48,67860.748,7300672.44,35733069.68,121371133.1,1228170697.906,145896651.584308,1801648969.56,326967561.884728,114070460.66,9483282352.98,0,0,8475.48,215693889.6,7,5
Fundo legado,2020-06-30,13486793000142,64,1,0.984615384615385,0,27127.1515,10752474.1175,41858961.785,123684814.575,1229639138.70075,148886792.635156,1837341923.88,331164132.410199,112932340.4575,9528754728.65,0,1,0,218969896.12,7,5
Fundo legado,2020-07-31,13486793000142,68,0,1,0,3690.981,4613616.6625,39611579.945,119435744.3975,1131813875.85425,143749007.192941,1958156650.16,332288499.622224,114822127.735,9774932489.12,0,2,0,221273888.89,7,8
Fundo legado,2020-08-31,13486793000142,67,0,1,11906.36,40670.7495,7925313.92,41677967.18,120458380.35,1142404576.4745,146971366.194627,1961038316.69,333783674.110269,112533066.43,9847081535.04,0,0,11906.36,224709937.25,7,7
Fundo legado,2020-09-30,13486793000142,66,2,0.970588235294118,34080.57,444629.5025,11616450.92,44366991.205,122027862.7325,1144874399.04875,149748591.059394,1969660701.13,335828985.442795,110411411.8125,9883407009.92,0,0,34080.57,228833833.14,7,4
Fundo legado,2020-10-31,13486793000142,68,0,1,26081.4,166061.83575,10390443.16,48415107.475,114307587.9225,1086311119.89725,147351540.864559,2005473209.78,335363378.35775,103917144.7625,10019904778.79,0,0,26081.4,232872528.18,7,6
Fundo,2022-03-31,13486793000142,153,0,1,0,0,8961032.3,58685677.85,152920505.66,883523200.205996,152113066.539346,1884090713.81,284153434.136753,143959473.36,23273299180.52,0,18,0,347161354.73,18,4
Fundo,2022-04-30,13486793000142,148,0,1,0,0,8943746.3025,58897637.565,177025291.06,1007259019.24225,159638175.388041,1899785662.63,294691723.893201,168081544.7575,23626449957.43,0,18,0,395447168.61,15,4
Fundo,2023-07-31,13486793000142,132,0,1,-255366.19,0,10638731.365,66175730.955,157359664.075,1986395115.3235,221686600.340985,5491683931.67,624672300.030806,146720932.71,29262631245.01,1,6,-255366.19,359637429.39,13,13
Fundo,2023-08-31,13486793000142,131,0,1,-274574.01,0,10635637.625,65282467.81,152207995.395,1836267200.47,218256367.482443,5333728259.98,613073801.785947,141572357.77,28591584140.2,1,4,-274574.01,354693272.9,12,7
Fundo,2023-09-30,13486793000142,133,0,1,-293152.69,0,9386069.65,61902934.26,144628013.24,1932871643.14,212876067.516466,5108661080.61,598718391.631314,135241943.59,28312516979.69,1,6,-293152.69,338450747.24,11,7
Fundo,2023-10-31,13486793000142,131,0,1,-311746.88,0,7638369.125,56456172.03,152995588.395,2015048887.3925,211237021.406489,4783615224.56,586145045.24743,145357219.27,27672049804.25,1,9,-311746.88,355075766.97,11,7
Fundo,2023-11-30,13486793000142,126,0,1,-330327.25,0,7217591.3375,48951740.8,151721528,2113326216.81,196800401.029206,4584050537.92,565097764.647743,144503936.6625,24796850529.68,1,8,-330327.25,355728768.14,9,6
Fundo,2024-02-29,13486793000142,127,0,1,0,0,9375252.88,47249860.57,151349554.2,2127482005.081,210569644.18874,4306400121.26,573212810.941076,141974301.32,26742344811.97,0,8,0,342146759.55,12,13
Fundo,2024-03-31,13486793000142,127,0,1,-13729.39,0,10443648.295,47172831.59,156819637.5,2047816251.2245,209437508.209449,4223439335.73,565885998.138521,146375989.205,26598563542.6,1,8,-13729.39,343834785.88,11,14
Fundo,2024-04-30,13486793000142,124,0,1,-31762.94,0,12596112.9775,49062655.745,155787909.1725,2072804880.2455,209744100.174032,4113181214.54,561133001.614875,143191796.195,26008268421.58,1,6,-31762.94,341513968.7,11,12
Fundo,2024-05-31,13486793000142,125,0,1,-52669.01,0,13098435.15,47235711.76,151924299.31,2068808929.763,206528336.72592,3954680488.13,553677991.463473,138825864.16,25816042090.74,1,6,-52669.01,358985834,11,12
Fundo,2024-06-30,13486793000142,122,0,1,-69434.16,0,9979846.0375,44410524.375,133378742.58,2109220931.52999,189084173.324672,3786084710.33,532325330.974788,123398896.5425,23068269145.61,1,7,-69434.16,308483771.82,12,5
Fundo,2024-07-31,13486793000142,121,0,1,-88081.21,0,9873008.95,44790448.81,134563994.25,2078231420.5,188682184.842066,3204409155.16,509345875.406153,124690985.3,22830544365.89,1,8,-88081.21,314952001.88,12,13
Fundo,2024-08-31,13486793000142,121,0,1,-106017.91,0,8696122.12,42354301.14,145625747.17,2069345116.75,187527528.12314,3074179817.35,501965829.541822,136929625.05,22690830902.9,1,9,-106017.91,321136223.5,11,5
Fundo,2024-09-30,13486793000142,119,0,1,-123877.63,0,8427572.08,48451352.33,154110902.325,1978453898.131,186121879.403782,3075304952.17,491874243.615428,145683330.245,22148503649.05,1,9,-123877.63,356674994.5,9,5
Fundo,2024-10-31,13486793000142,78,0,1,-141891.99,0,6696670.635,45073405.91,145313242.2425,1068834138.05675,164826454.014615,2837097586.55,407507093.862493,138616571.6075,12856463413.14,1,7,-141891.99,262353620.87,8,3
Fundo,2024-11-30,13486793000142,61,0,1,-159028.7,0,2165550.73,37680089.2,159795430.01,1507341477.48,174145599.835902,2362238503.68,412702565.82795,157629879.28,10622881589.99,1,9,-159028.7,385636734.55,4,3
Classe,2024-12-31,13486793000142,103,0,1,0,621560.2195,15661369.72,54041954.15,171862524.02,1548703678.54,173916421.227573,2368565905.96,400344324.633329,156201154.3,17913391386.44,0,1,0,375162094.78,8,4
Classe,2025-01-31,13486793000142,102,0,1,0,589438.671,13255074.8975,59299291.53,160277107.555,1567198960.52074,168390445.623529,2379365550.58,400287953.342513,147022032.6575,17175825453.6,0,2,0,330215404.83,8,5
Classe,2025-02-28,13486793000142,102,0,1,0,463955.9675,13285107.1075,59282556.7,159825457.615,1513295725.36299,169297085.253431,2391267763.69,396145752.691161,146540350.5075,17268302695.85,0,2,0,331101459.5,8,5
Classe,2025-03-31,13486793000142,101,0,1,0,185569.835,13036097.85,56960588.53,153673513.83,1401961414.165,168269831.21396,2398480424.28,386914278.293445,140637415.98,16995252952.61,0,3,0,332310348.12,8,6
Classe,2025-04-30,13486793000142,100,0,1,0,186442.37825,13821210.9,57334057.84,159451241.595,1276806724.75025,165994420.9028,2400397107.42,366049532.253759,145630030.695,16599442090.28,0,3,0,331574580.53,8,6
Classe,2025-05-31,13486793000142,103,0,1,0,0,10689188.41,54512956.93,161547436.855,1153926619.978,161916411.751068,2398812548.39,348858782.327831,150858248.445,16677390410.36,0,4,0,332310207.21,8,7
Classe,2025-06-30,13486793000142,102,0,1,0,138285.07875,11537474.26,54414289.615,162827520.175,1245173875.88775,165057856.293824,2410983895.81,350163746.47117,151290045.915,16835901341.97,0,3,0,333167089.76,8,3
Classe,2025-07-31,13486793000142,101,0,1,0,910138.425,12817815.04,59071014.08,164742783.84,1364572000.36,173507441.636931,2412180995.11,377009906.570047,151924968.8,17524251605.33,0,1,0,333076784.61,8,4
Classe,2025-08-31,13486793000142,106,0,1,5071.26,757082.425,11427370.4675,58966466.195,170689382.1525,1281016645.175,170469676.725377,2422075171.5,363254866.061076,159262011.685,18069785732.89,0,0,5071.26,334369361.91,8,4
Classe,2025-09-30,13486793000142,109,0,1,5155.03,725463.703,11805896.77,61903271.39,194029574.66,1132334032.792,173558341.338165,2437851138.51,348210318.299005,182223677.89,18917859205.86,0,0,5155.03,359909273.95,8,4
Classe,2025-10-31,13486793000142,112,0,1,5244.1,2335437.57675,11834973.9225,60342340.12,195530846.9075,1009301243.07275,171671743.269196,2455216508.83,336825724.930027,183695872.985,19227235246.15,0,0,5244.1,367691356.58,8,2
Classe,2025-11-30,13486793000142,114,0,1,481405.65,2455334.29925,12611064.16,55766563.49,190180495.845,976156739.348,169283273.284035,2485435090.54,331551629.039361,177569431.685,19298293154.38,0,0,481405.65,384014724.07,8,2
Classe,2025-12-31,13486793000142,103,0,1,385943.63,2002279.472,14652997.985,54579637.79,211277697.155,1347945901.4835,197520149.275728,3014095056.59,439977552.027026,196624699.17,20344575375.4,0,0,385943.63,492103410.21,6,3
Classe,2026-01-31,13486793000142,127,0,1,318739.53,1718628.967,14655823.13,47839106.38,179411688.33,730498266.635,173623167.469291,2909898153.37,392988483.841366,164755865.2,22050142268.6,0,0,318739.53,424353493.39,8,3
Classe,2026-02-28,13486793000142,128,0,1,229443.31,1742854.32275,14640476.1175,52017776.9,178517628.7875,787361159.05625,173142305.587813,2834233799.43,390149070.862612,163877152.67,22162215115.24,0,0,229443.31,376725001.39,9,3
Classe,2026-03-31,13486793000142,133,0,1,0,1347808.137,15077283.86,60489511.98,173732586.86,787838149.219999,170402262.853609,2741013317.6,382159174.458793,158655303,22663500959.53,0,1,0,389081287.64,9,3
Classe,2026-04-30,13486793000142,136,0,1,0,1110423.525,15091397.6125,55807637.63,170242104.1025,770016084.04875,163351881.220368,2633297295.82,364773704.136598,155150706.49,22215855845.97,0,1,0,379858616.89,10,3
Fundo legado,2020-01-31,11758741000152,22,0,1,1003016.2,2296849.51525,16872263.1725,44377596.335,64632414.2025,620767886.609998,96778943.2395455,1106904158.28,230139588.180994,47760151.03,2129136751.27,0,0,1003016.2,123381829.43,2,0
Fundo legado,2020-02-29,11758741000152,22,0,1,989679.09,2211827.535,16856811.3025,39351125.7,66116093.115,603965511.613248,94639604.2059091,1120195588.46,232394311.331988,49259281.8125,2082071292.53,0,0,989679.09,136900203.99,1,0
Fundo legado,2020-03-31,11758741000152,22,0,1,974531.1,2126422.59075,17433833.145,37513221.79,72297272.165,772320307.000998,110831111.819091,1417166309.9,295469201.829168,54863439.02,2438284460.02,0,0,974531.1,119279378.65,2,1
Fundo legado,2020-04-30,11758741000152,21,0,1,961269.95,1988749.475,21283274.63,44911049.37,68581734.17,812336838.035,117363034.790476,1424139394.1,303336522.422032,47298459.54,2464623730.6,0,0,961269.95,121344209.89,2,1
Fundo legado,2020-05-31,11758741000152,21,0,1,947722.91,1908533.63,20831128.45,44905874.59,88463817.07,864631491.855,122919535.328571,1457238306.91,311695431.755533,67632688.62,2581310241.9,0,0,947722.91,124096246.34,2,1
Fundo legado,2020-06-30,11758741000152,21,0,1,934364.04,1834397.245,20800303.22,44900551.17,82381661.32,821777095.76,119712461.86381,1492850593.77,317536527.861438,61581358.1,2513961699.14,0,0,934364.04,150703597.75,1,1
Fundo legado,2020-07-31,11758741000152,21,0,1,921340.17,1765593.92,19311998.91,44898185.37,70182598.23,846675240.275,121415142.06381,1521758202.55,324133373.956528,50870599.32,2549717983.34,0,0,921340.17,126936646.56,2,1
Fundo legado,2020-08-31,11758741000152,21,0,1,1150575.2,1823571.645,19081445.96,44894486.27,77944823.16,849442011.81,121327799.606667,1543499126.63,328682906.045576,58863377.2,2547883791.74,0,0,1150575.2,155384896.99,1,1
Fundo legado,2020-09-30,11758741000152,21,0,1,1159239.39,1771104.51,19557590.8,44890631.24,74585434.85,873640872.905,120898104.38381,1583299590.81,337455359.868561,55027844.05,2538860192.06,0,0,1159239.39,95075306.03,2,1
Fundo legado,2020-10-31,11758741000152,21,0,1,1158254.19,2027756.865,19457738.25,44887018.76,65455679.69,894456318.52,120902164.372857,1624152460.06,346590537.357102,45997941.44,2538945451.83,0,0,1158254.19,95657441.55,2,1
Fundo,2024-12-31,11758741000152,1,0,1,52356011.81,52356011.81,52356011.81,52356011.81,52356011.81,52356011.81,52356011.81,52356011.81,,0,52356011.81,0,0,52356011.81,52356011.81,0,0
Classe,2026-07-31,11758741000152,14,0,1,8808473.41,11643043.278,35347253.2925,81616894.4,169540234.315,2664390135.29675,377597326.004286,3675853119.39,960137700.592138,134192981.0225,5286362564.06,0,0,8808473.41,249314325.85,2,1
Classe,2026-08-31,11758741000152,14,0,1,8876554.59,11754862.607,35599724.64,82697577.01,172467026.81,2674566957.09625,390037536.511429,3686239660.81,962037403.372244,136867302.17,5460525511.16,0,0,8876554.59,178842838.61,3,1
Fundo legado,2020-01-31,15489568000195,10,0,1,0,85697.2845000001,597403.7725,2646753.51,74239957.115,108046284.47525,33919804.136,111658145.6,45990789.8830449,73642553.3425,339198041.36,0,1,0,111658145.6,0,2
Fundo legado,2020-02-29,15489568000195,12,0,1,0,162766.714,726627.51,1427771.665,52518547.545,107206902.447,28855962.2741667,111621399.38,43982165.0507907,51791920.035,346271547.29,0,1,0,111621399.38,0,1
Fundo legado,2020-03-31,15489568000195,12,0,1,4500.58,165289.11725,632906.0475,2202226.145,54727784.08,108455435.7635,30026496.9416667,111594265.1,45248449.3589268,54094878.0325,360317963.3,0,0,4500.58,111594265.1,0,1
Fundo legado,2020-04-30,15489568000195,12,0,1,4500.58,137716.9435,771950.9825,2701081.5,54738354.2275,110277119.99275,31402591.1366667,111566964.04,45763800.7735157,53966403.245,376831093.64,0,0,4500.58,111566964.04,0,2
Fundo legado,2020-05-31,15489568000195,11,0,1,4500.58,120294.9075,1148863.75,3210497.69,68239940.815,110262127.9175,34333538.8790909,111539926.18,46755103.5332686,67091077.065,377668927.67,0,0,4500.58,111539926.18,0,2
Fundo legado,2020-01-31,59281253000123,67,0,1,839323.03,5162775.833,28532259.25,74821912.05,308486480.205,625815571.6075,175809793.795224,1021692835.23,200874732.589617,279954220.955,11779256184.28,0,0,839323.03,673141716.35,1,0
Fundo legado,2020-02-29,59281253000123,67,0,1,830384.39,5143457.6685,29026323.14,74785732.5,311654388.195,630383385.2205,180826900.454478,1041364328.33,205204812.319472,282628065.055,12115402330.45,0,0,830384.39,682643936.05,1,0
Fundo legado,2020-03-31,59281253000123,67,0,1,777695.64,5751775.259,29650557.26,73747117.99,302654325.06,641454918.306499,175456995.384328,726597408.67,188539192.686457,273003767.8,11755618690.75,0,0,777695.64,600092191.38,2,0
Fundo legado,2020-04-30,59281253000123,67,0,1,770581.38,5734730.471,30231548.1,74689992.79,303841239.295,642752545.889499,175269332.172985,733661703.37,188467768.743946,273609691.195,11743045255.59,0,0,770581.38,600184396.92,2,0
Fundo legado,2020-05-31,59281253000123,69,0,1,763327.94,5893247.501,30394708.68,73276990.27,282222248.8,638194148.976,166031187.844493,785068473.66,185913914.698624,251827540.12,11456151961.27,0,0,763327.94,600073514.76,2,0
Fundo legado,2020-06-30,59281253000123,72,0,1,756022.95,3163753.63175,29908676.015,76139946.385,304734701.3675,636834708.216499,176854898.581667,766775136.19,190446616.968488,274826025.3525,12733552697.88,0,0,756022.95,600054702.08,2,0
Fundo legado,2020-07-31,59281253000123,75,0,1,948876.1,3192755.5195,32142443.48,78957782.91,318497399.14,623677618.436499,175880965.867867,779340193.21,187040005.062745,286354955.66,13191072440.09,0,0,948876.1,600164121.22,2,0
Fundo legado,2020-08-31,59281253000123,76,0,1,941861.93,3190730.43125,32535693.3975,73878404.045,319933778.8025,620207291.6925,171569297.859605,777138096.22,188605691.222575,287398085.405,13039266637.33,0,0,941861.93,600048400.61,2,0
Fundo legado,2020-09-30,59281253000123,80,0,1,934141.1,2908245.73375,29598863.095,73848453.975,301959040.9725,603765139.580249,166998110.659875,812131708.39,191476596.856445,272360177.8775,13359848852.79,0,0,934141.1,600096805.11,2,0
Fundo legado,2020-10-31,59281253000123,80,0,1,926840.36,2902672.65725,31523820.6325,78239853.24,282540913.5875,816792082.781499,181617382.246,959612235.34,225660743.599653,251017092.955,14529390579.68,0,0,926840.36,600096805.11,4,0
Fundo,2022-02-28,05389174000101,44,0,1,2416275.8,4904652.38925,40078359.1175,71663537.5,222679403.1875,904876722.871249,191142240.136591,1704663156.83,301622874.969394,182601044.07,8410258566.01,0,0,2416275.8,408608531.36,4,1
Fundo,2022-06-30,59281253000123,101,0,1,962690.29,2073579.22,27341023.56,85579633.26,300892918.37,877011423.235,206797982.383762,3100215002.12,361282192.010655,273551894.81,20886596220.76,0,0,962690.29,616581854.59,6,1
Fundo,2022-07-31,59281253000123,104,0,1,916071.17,2192510.08725,31728321.655,85608611.26,302189403.8325,915812683.042,213857923.683173,2930273468.58,351991128.842972,270461082.1775,22241224063.05,0,0,916071.17,617049010.03,7,1
Fundo,2022-08-31,59281253000123,109,0,1,849890.06,2089894.996,35307366.7,82380739.22,305001581.36,924314687.509,213374282.595688,3065041757.19,360571892.115796,269694214.66,23257796802.93,0,0,849890.06,674552324.96,7,1
Fundo,2022-09-30,59281253000123,108,0,1,788683.48,2034115.67825,32200283.2075,77288881.355,298043140.8875,914666181.967,210496095.033241,3083618698.98,364550942.361573,265842857.68,22733578263.59,0,0,788683.48,589487104.46,8,1
Fundo,2022-10-31,59281253000123,111,0,1,729742.82,3546591.1275,31881142.02,79695149.84,291133411.825,929836626.8575,200531479.048919,1875367048.34,285891799.018919,259252269.805,22258994174.43,0,0,729742.82,617645146.32,8,1
Fundo,2022-11-30,59281253000123,114,0,1,670407.14,3371076.484,24756015.9125,72002011.87,256626015.6675,936859445.78275,194134868.344123,1870541072.74,288080105.735686,231869999.755,22131374991.23,0,0,670407.14,579278117.3,9,1
Fundo,2022-12-31,59281253000123,118,0,1,577991.72,2490409.191,27580885.4975,80526358.14,249136717.6625,923130525.171,200935459.162627,1915403440.79,291874401.951655,221555832.165,23710384181.19,0,0,577991.72,566819213.91,10,1
Fundo,2023-01-31,59281253000123,129,0,1,513702.14,2534848.648,26990063.81,83803457.49,216985788.03,893105483.396,195457295.54031,2289035491.89,302605085.738817,189995724.22,25213991124.7,0,0,513702.14,500464424.63,14,2
Fundo,2023-02-28,59281253000123,130,0,1,459667.38,2473546.79175,25616808.1275,82310440.9,218356420.5175,899397425.8095,196103048.496385,2276018372.58,304768335.967556,192739612.39,25493396304.53,0,0,459667.38,497180784.12,14,2
Fundo,2023-03-31,59281253000123,134,0,1,70876.66,1140015.5405,21858171.8125,77191480.325,214514094.61,896544835.967,185327022.517687,1763761119.69,276393497.732875,192655922.7975,24833821017.37,0,0,70876.66,477439063.88,16,2
Fundo,2023-04-30,59281253000123,137,0,1,70107.57,1179317.496,21496719,72609420.03,213360125.61,895083642.162,183591797.21854,1823660222.63,281485942.286951,191863406.61,25152076218.94,0,0,70107.57,492131026.43,15,2
Fundo,2023-05-31,59281253000123,141,0,1,112906.5,1223157.005,20557119.38,72044229.27,201891244.66,850657967.11,190200935.77078,1740329584.08,299192742.828033,181334125.28,26818331943.68,0,0,112906.5,430902201.48,19,3
Fundo,2023-06-30,59281253000123,144,0,1,173854.28,1276597.13525,24504374.42,73835854.85,207921773.8825,1325789372.22824,276699550.647917,11732790545.03,1010369415.22396,183417399.4625,39844735293.3,0,0,173854.28,455920205.31,20,4
Fundo,2023-07-31,59281253000123,144,0,1,946537.07,2261731.0805,27903025.8025,68694777.305,269936233.11,1577734941.6985,298272580.720486,12098526900.99,1049785841.52956,242033207.3075,42951251623.75,0,0,946537.07,608760550.89,12,5
Fundo,2023-08-31,59281253000123,146,0,1,190944.31,1748178.05625,27327045.145,69562193.175,257830628.11,1640657777.0775,303168883.625959,12653845868.59,1090990083.06838,230503582.965,44262657009.39,0,0,190944.31,602429757.81,14,5
Fundo,2023-09-30,59281253000123,158,0,1,15000,189181.81075,17829735.9925,62772317.72,218340802.6225,2011981766.27725,297112991.984241,12320278662.61,1044420416.71487,200511066.63,46943852733.51,0,0,15000,518318891.89,19,7
Fundo,2023-10-31,59281253000123,159,0,1,16966.66,201696.0095,18642129.67,66794738.44,235285136.445,2041784066.0095,301260831.598365,12488422776.14,1055608074.70092,216643006.775,47900472224.14,0,0,16966.66,547857190.02,18,7
Fundo,2023-11-30,59281253000123,156,0,1,0.01,555459.14625,16416428.16,64243666.845,193229837.2075,2157053139.45875,300914741.662628,12628772426.22,1086942404.4577,176813409.0475,46942699699.37,0,0,0.01,458030731.38,20,7
Fundo,2023-12-31,59281253000123,156,0,1,0.01,1643679.405,22064344.8875,72874931.665,238970844.77,2272292349.2725,337959293.087949,13765037756.14,1198620950.01333,216906499.8825,52721649721.72,0,0,0.01,551676835.36,18,7
Fundo,2024-01-31,59281253000123,156,0,1,0.01,1859629.845,22024704.035,73120452.94,215055480.53,2405273451.31125,339109336.477564,13921632514.82,1218049342.63731,193030776.495,52901056490.5,0,0,0.01,501278054.93,19,8
Fundo,2024-02-29,59281253000123,160,0,1,0.01,1949995.59825,22176120.755,73107109.425,217378709.8925,2434015110.6095,335142644.30975,14070257172.68,1214753045.14745,195202589.1375,53622823089.56,0,0,0.01,503978226.6,19,8
Fundo,2024-03-31,59281253000123,163,0,1,770420.5,2317273.735,21796442.13,73332666.1,205877053.05,2469334163.898,341150639.261043,14217659479,1254037392.37022,184080610.92,55607554199.55,0,0,770420.5,468556292.25,22,7
Fundo,2024-04-30,59281253000123,167,0,1,527785.73,1044568.8995,16778783.11,69667912.86,201486024.575,2306234934.808,331659207.27497,14337185508.06,1246121525.69029,184707241.465,55387087614.92,0,0,527785.73,470960447.89,21,7
Fundo,2024-05-31,59281253000123,173,0,1,796725.99,2284831.77,17329652.59,70472573.31,205900399.73,2318904426.442,331441137.706879,14781397206,1259688121.82704,188570747.14,57339316823.29,0,0,796725.99,478729046,22,7
Fundo,2024-06-30,59281253000123,185,0,1,0,1081875.862,20524712.81,65537592.42,207876956.94,2278194259.946,323012553.199027,14634929783,1247399582.8422,187352244.13,59757322341.82,0,1,0,487173253,21,7
Fundo,2024-07-31,59281253000123,197,0,1,80360.67,2392452.228,22178397.97,65870380.71,201278643.55,2232540371.013,321468525.362944,14798098388.47,1231803565.50113,179100245.58,63329299496.5,0,0,80360.67,465260512.28,23,8
Fundo,2024-08-31,59281253000123,215,0,1,73175.98,1392151.8015,21945468.085,67724129.19,200904493.565,2212911245.024,300773023.409023,14253790606.34,1157033128.20042,178959025.48,64666200032.94,0,0,73175.98,448381004.94,22,8
Fundo,2024-09-30,59281253000123,223,0,1,66075.58,2411895.9065,23096084.3,68492424.21,203563748.235,2420298793.392,308070529.263094,14397145572.76,1195446762.8957,180467663.935,68699728025.67,0,0,66075.58,455557085.97,23,8
Classe,2024-10-31,59281253000123,132,0,1,1e+06,3318485.82375,28535764.4375,69801328.605,196027847.25,716949130.29025,157487097.576894,2756983834.37,285329047.179422,167492082.8125,20788296880.15,0,0,1e+06,442374963.85,11,1
Classe,2024-11-30,59281253000123,159,0,1,948714.85,4802845.539,30426958.93,75071250.18,206030930.165,792716104.067,188677293.26761,2745688818.18,363714254.230054,175603971.235,29999689629.55,0,0,948714.85,449180586.84,15,3
Classe,2024-12-31,59281253000123,247,0,1,242270.17,2527492.7255,29579700.93,70942270.84,235380375.06,2305176777.1175,291626539.952632,8246890632,843139082.445326,205800674.13,72031755368.3,0,0,242270.17,543749302.36,27,9
Classe,2025-01-31,59281253000123,276,0,1,464126.52,2849453.48625,26934254.6725,73635964,236758336.24,2028637839.38375,280089778.825,8339848994.25,805876262.424647,209824081.5675,77304778955.7,0,0,464126.52,550421417.72,30,9
Classe,2025-02-28,59281253000123,293,0,1,415026.72,3144012.563,29570112.81,73279554.19,228470932.78,1951410019.087,276725696.149283,8428383040,793576640.761402,198900819.97,81080628971.74,0,0,415026.72,522228323.88,35,9
Classe,2025-03-31,59281253000123,302,0,1,0,3967523.539,31743805.0325,73973881.67,213770212.535,1842838414.38874,275486765.579404,8674607783.6,808898821.231408,182026407.5025,83197003204.98,0,1,0,461527714.04,39,10
Classe,2025-04-30,59281253000123,311,0,1,378961.16,3656781.2,33127184.035,80196529.67,220323446.22,1820193015.235,285691058.868585,8787634438.89,820417414.65359,187196262.185,88849919308.13,0,0,378961.16,496696186.37,43,10
Classe,2025-05-31,59281253000123,326,0,1,162001.5,3239040.35375,35055542.6125,82210056.465,225383930.2075,1875142816.38875,290228920.012209,7982468633.7,755446052.437632,190328387.595,94614627923.98,0,0,162001.5,509015449.48,47,11
Classe,2025-06-30,59281253000123,340,0,1,117958.03,3415110.11875,35513341.0275,87666244.02,231487117.635,2020961676.741,318414743.967412,9837244902.21,914205991.233717,195973776.6075,108261012948.92,0,0,117958.03,522228864.31,48,13
Classe,2025-07-31,59281253000123,353,0,1,65463.05,2733782.206,35884088.68,88398337.63,238416436.55,2513263466.958,325038502.272295,9278231551.12,905404834.173016,202532347.87,114738591302.12,0,0,65463.05,538802902.2,44,14
Classe,2025-08-31,59281253000123,372,0,1,0.01,2880925.028,35510265.6525,85611795.6,231340862.955,2230016315.08075,296549441.528414,9350269580.64,786149813.930213,195830597.3025,110316392248.57,0,0,0.01,524566639.86,49,16
Classe,2025-09-30,59281253000123,378,0,1,0,3074556.499,35354948.34,86640862.065,231455672.8875,2305669668.23325,303853858.075582,9476536711.12,797542166.37933,196100724.5475,114856758352.57,0,1,0,517584715.69,53,16
Classe,2025-10-31,59281253000123,390,0,1,36628.37,3614000.7365,36675521.3925,90372123.905,251973204.1275,2154027386.84874,304330523.824026,8874770554.72,769541519.672734,215297682.735,118688904291.37,0,0,36628.37,570908448.88,53,15
Fundo,2025-11-30,59281253000123,392,0,1,10684.07,3719460.05425,35351601.4525,88442194.96,234367612.235,1567495859.32674,260960488.843367,8269231438,603872725.204326,199016010.7825,102296511626.6,0,0,10684.07,526870098.91,51,11
Fundo,2025-12-31,59281253000123,404,2,0.995073891625616,0,474632.452250001,33318650.555,86995628.64,237692092.5825,2035227105.14375,282024817.259604,9054829875.58,680934048.000111,204373442.0275,113938026172.88,0,6,0,520440325.29,53,13
Classe,2026-01-31,59281253000123,413,0,1,1755.8,3843792.305,33817148.92,90824334.15,240963878.68,2361898912.746,307251652.230896,8525456049.37,760366952.061705,207146729.76,126894932371.36,0,0,1755.8,551373753.56,56,16
Classe,2026-02-28,59281253000123,417,0,1,0,3706976.416,34417073.74,91453343.2,241393941.7,2369286544.32399,293022561.261799,7619662014.77,648830487.888921,206976867.96,122190408046.17,0,1,0,546950468,54,17
Classe,2026-03-31,59281253000123,421,0,1,0,3115321.035,34519969.28,90269141.26,237796952.61,2112965150.395,299871863.204608,7753285509.28,692343570.024275,203276983.33,126246054409.14,0,2,0,533669264.35,56,16
Classe,2026-04-30,59281253000123,430,0,1,291660.64,3615753.3345,34530744.9275,93014101.415,245683734.4375,2661958242.0105,324755123.761767,7849750605.44,786776873.53692,211152989.51,139644703217.56,0,0,291660.64,560102046.45,57,17
Classe,2026-05-31,59281253000123,435,0,1,70252.28,4098783.2685,34817215.925,94821083.52,250906069.755,2690115928.0425,340471571.360598,7919216190.97,857386293.437478,216088853.83,148105133541.86,0,0,70252.28,566624195.21,58,18
Classe,2026-06-30,59281253000123,441,0,1,0,2317458.84,34981613.99,89392687.59,247824466.18,2100498673.09,365758293.142064,17971763062.82,1168995998.48811,212842852.19,161299407275.65,0,3,0,559882486.39,59,20
Classe,2026-07-31,59281253000123,465,0,1,0,719722.288000001,33645974.48,89352201.69,244163452.32,2325093990.37999,363333883.399075,19002095253.51,1194084281.72778,210517477.84,168950255780.57,0,10,0,555320573.82,63,21
Classe,2026-08-31,59281253000123,477,0,1,0,876083.274,32531487.12,88899308.47,242805742.58,2428504572.13499,366972448.427338,20198291907.77,1249042182.14594,210274255.46,175045857899.84,0,9,0,556929742.55,61,23
Fundo,2026-02-28,62285390000140,5,0,1,0,0,0,0,65248066.96,114424952.182,37027423.5,119889050.54,54257589.851922,65248066.96,185137117.5,0,3,0,119889050.54,0,1
Fundo,2026-03-31,62285390000140,5,0,1,0,0,0,0,119768188.32,1534374023.211,362264127.526,1691552449.31,744902278.362613,119768188.32,1811320637.63,0,3,0,119768188.32,1,1
Fundo,2026-04-30,62285390000140,5,0,1,0,0,0,0,119682001.73,1575061555.718,371290479.356,1736770395.05,765083669.665971,119682001.73,1856452396.78,0,3,0,119682001.73,1,1
Fundo,2026-05-31,62285390000140,4,0,1,0,0,0,0,0,0,0,0,0,0,0,0,4,0,0,0,0
Fundo,2026-06-30,62285390000140,4,0,1,0,0,0,0,29907625.93,110658215.941,29907625.93,119630503.72,59815251.86,29907625.93,119630503.72,0,3,0,0,1,1
Fundo,2026-07-31,62285390000140,4,0,1,0,0,0,0,0,0,0,0,0,0,0,0,4,0,0,0,0
Fundo,2026-08-31,62285390000140,4,0,1,0,0,0,0,0,0,0,0,0,0,0,0,4,0,0,0,0
Classe,2025-11-30,62285390000140,170,0,1,930271.89,2824773.763,18788563.645,43203595.2,128390368.4625,1447735368.94775,181632513.747471,3285101104.01,406358806.590341,109601804.8175,30877527337.07,0,0,930271.89,291013404.64,23,5
Classe,2026-09-30,62285390000140,123,0,1,15277.04,1834798.0335,24968082.46,66030712.76,168524855.63,1589322499.475,220346929.460488,4361177370.7,537673822.207088,143556773.17,27102672323.64,0,0,15277.04,282981121.25,18,9
Fundo legado,2020-01-31,02671743000119,19,0,1,755602.2,953098.4475,9987070.935,49493807.4,114015877.23,332938218.4095,84875751.3794737,370014720.87,102853760.257808,104028806.295,1612639276.21,0,0,755602.2,192309351,2,0
Fundo legado,2020-02-29,02671743000119,19,0,1,715155.3,984989.1915,11228640.585,53525662.01,114440137.265,301495893.9985,81640131.9810526,307188564.85,92960713.9030651,103211496.68,1551162507.64,0,0,715155.3,176240501.19,2,0
Fundo legado,2020-03-31,02671743000119,20,0,1,672824.29,875156.8765,13975740.625,49303347.625,116839380.7,287164048.0225,82889682.765,301329574.45,92278019.8698724,102863640.075,1657793655.3,0,0,672824.29,216090219.09,2,0
Fundo legado,2020-04-30,02671743000119,20,0,1,628937.05,781279.30175,16061878.9325,46308020.925,117690396.3175,287444366.6515,83286434.924,315538061.18,93114084.3609511,101628517.385,1665728698.48,0,0,628937.05,256393441.12,1,0
Fundo legado,2020-05-31,02671743000119,19,0,1,587247.05,676699.796,15440161.735,37982561.66,105762425.21,241546602.2495,71076596.5826316,274260950.33,76386763.4535798,90322263.475,1350455335.07,0,0,587247.05,201562399.04,1,0
Fundo legado,2020-06-30,02671743000119,19,0,1,215514.65,363993.0095,15290059.325,52965009.27,99335646.32,245748210.049,71408141.6721053,278221766.41,76257059.7119225,84045586.995,1356754691.77,0,0,215514.65,206058307.83,1,1
Fundo legado,2020-07-31,02671743000119,19,0,1,99670.02,281286.177,14295968.19,53391458.84,96887084.615,235486906.2295,68132378.6626316,280770630.37,73256580.3015155,82591116.425,1294515194.59,0,0,99670.02,180140132.28,1,1
Fundo legado,2020-08-31,02671743000119,19,0,1,0,207545.76,15214713.405,53214268.99,93751597.96,236166941.2645,68276387.3747368,277720567.21,73035446.6313563,78536884.555,1297251360.12,0,1,0,185379176.22,1,1
Fundo legado,2020-09-30,02671743000119,20,0,1,419170.29,1407887.83925,18750247.36,55306264.095,90377980.045,242115776.66475,73690033.882,280768252.62,75738580.4138412,71627732.685,1473800677.64,0,0,419170.29,171745407.08,2,0
Fundo legado,2020-10-31,02671743000119,20,0,1,2353950.24,4247347.227,22535432.52,56053843.08,87201547.6975,245142125.2765,75441272.0295,283264314.78,76347189.8641232,64666115.1775,1508825440.59,0,0,2353950.24,155844626.83,3,0
Fundo,2020-11-30,02671743000119,51,0,1,0,0,21005109.705,48193577.95,94614239,384440415.2575,86629070.9470588,521597581.02,108380164.795876,73609129.295,4418082618.3,0,3,0,187786824.92,6,0
Fundo,2020-12-31,02671743000119,52,0,1,0,0,17008810.775,44576545.36,95072522.765,299728431.90675,76996264.8988462,614653668.58,103460386.551741,78063711.99,4003805774.74,0,3,0,194263331.56,3,0
Fundo legado,2020-01-31,12063256000127,11,0,1,0,334303.23,9719187.305,22741210.86,40138307.48,1517297792.16,203592055.256364,1999740606.99,596076128.318252,30419120.175,2239512607.82,0,1,0,69969347.67,1,2
Fundo legado,2020-02-29,12063256000127,11,0,1,0,328346.545,8497462.105,22686211.95,41182514.835,1517267858.7075,203681882.229091,1999700695.72,596047809.130835,32685052.73,2240500704.52,0,1,0,69969347.67,1,2
Fundo legado,2020-03-31,12063256000127,11,0,1,0,0,1848443.055,22646197.97,30652150.22,1512373303.0125,198018622.375455,1999659693.13,597761600.384181,28803707.165,2178204846.13,0,2,0,50514132.66,1,3
Fundo legado,2020-04-30,12063256000127,11,0,1,0,0,1857029.765,22675258.25,33446283.435,1512612012.0575,198697574.101818,1999619146.73,597542953.69624,31589253.67,2185673315.12,0,2,0,51590608.04,1,3
Fundo legado,2020-05-31,12063256000127,11,0,1,0,0,1971573.52,18712006.91,34442256.1,1513026241.78,198089232.955455,1999578600.33,597739245.251585,32470682.58,2178981562.51,0,2,0,53369166.13,1,3
Fundo legado,2020-06-30,12063256000127,12,0,1,0,0,944313.49,9795704.13,24665454.05,1459280019.03875,177817523.893333,1999537776.57,573831282.606479,23721140.56,2133810286.72,0,2,0,34964112.82,1,4
Fundo legado,2020-07-31,12063256000127,12,0,1,0,0,1060838.805,10183063.47,26433136.735,1459076031.45975,177818972.468333,1999496790.72,573815963.566697,25372297.93,2133827669.62,0,2,0,34330393.41,1,3
Fundo legado,2020-08-31,12063256000127,12,0,1,0,0,1301932.0975,10719494.03,28556085.585,1459035922.75825,178310809.6375,1999456325.36,573655002.716232,27254153.4875,2139729715.65,0,2,0,34291224.99,1,3
Fundo legado,2020-09-30,12063256000127,12,0,1,0,0,1867617.555,11368140.94,31491620.9525,1458992689.5085,179195088.4925,1999415860.01,573377334.537981,29624003.3975,2150341061.91,0,2,0,34240694.55,1,3
Fundo legado,2020-10-31,12063256000127,11,0,1,0,327879.21,4147689.83,14337012.56,33055132.52,1508251895.6325,196135926.122727,1999375221.09,598215497.735572,28907442.69,2157495187.35,0,1,0,34881919.26,1,2
Classe,2025-08-31,12063256000127,61,0,1,52221.45,1011788.475,5035871.95,21038411.21,39200891.34,153993702.36,41108224.6240984,654076227.04,87596208.0747769,34165019.39,2507601702.07,0,0,52221.45,81764493.36,7,1
Classe,2025-09-30,12063256000127,62,0,1,32396.41,1004676.87425,5156079.2125,19446701.83,39259687.0825,154893765.19025,40465624.5585484,667127141.42,88562595.1478442,34103607.87,2508868722.63,0,0,32396.41,85889261.45,5,0
Classe,2025-10-31,12063256000127,70,0,1,881017.96,982607.8205,5474047.0925,18646615.255,41947764.98,155601852.048,39202411.603,632064385.02,80327148.196614,36473717.8875,2744168812.21,0,0,881017.96,86763274.98,5,0
Classe,2025-11-30,12063256000127,72,0,1,796960.42,920957.1705,5502737.1725,20622426.02,43679291.5325,158085349.542,40474175.4726389,643804938.79,80953999.0607695,38176554.36,2914140634.03,0,0,796960.42,83853130.65,6,0
Classe,2025-12-31,12063256000127,72,0,1,781843.01,964582.36825,7051274.3475,20447086.59,43671764.3625,157361229.9955,38246485.4169444,614784774.86,76711137.1620898,36620490.015,2753746950.02,0,0,781843.01,85484438.93,4,0
Classe,2026-01-31,12063256000127,77,0,1,28456.56,697382.12,7322221.47,21093607.88,38977457.27,161656654.138,37379466.2323377,627631975.83,75897491.1479186,31655235.8,2878218899.89,0,0,28456.56,85119465.82,6,0
Classe,2026-02-28,12063256000127,83,0,1,51897.81,346105.5265,6181467.295,18081434.21,38839157.5,157573808.2565,36051626.5506024,696384674.98,80452192.8891556,32657690.205,2992285003.7,0,0,51897.81,86418740.24,6,0
Classe,2026-03-31,12063256000127,83,0,1,708061.3,794876.404,6986692.7,21658815.7,39607664.92,157560850.2685,37942109.4916867,721338423.25,82797923.3546261,32620972.22,3149195087.81,0,0,708061.3,86927918.66,6,0
Classe,2026-04-30,12063256000127,81,0,1,15635.86,775867.6,6577363.82,18352357.09,41500630.59,160775441.84,37825785.3335803,744620881.45,86289385.2402797,34923266.77,3063888612.02,0,0,15635.86,88371795.26,6,0
Classe,2026-05-31,12063256000127,81,0,1,711485.81,835072.16,7199641.34,22584605.3,42338175.99,127531903.47,39460904.4408642,748293418.03,86356280.9845757,35138534.65,3196333259.71,0,0,711485.81,93862069.35,7,0
Classe,2026-06-30,12063256000127,83,0,1,92118.62,699207.8815,6645048.685,22618103.41,43517148.105,126591922.334,40157291.423253,765710103.17,87434737.3692275,36872099.42,3333055188.13,0,0,92118.62,98140641.49,6,0
Classe,2026-07-31,12063256000127,90,0,1,42779.66,227757.939,6060609.015,21987779.03,45297022.675,197130506.3365,43507054.8724444,762461512.67,87796566.7642733,39236413.66,3915634938.52,0,0,42779.66,101903712.7,6,0
Classe,2026-08-31,12063256000127,89,0,1,991303.3,1115497.272,6837222.96,23700656.61,45371312.01,202213292.208,43155961.1419101,732455878.92,85197612.1231439,38534089.05,3840880541.63,0,0,991303.3,102430084.62,6,0
Fundo legado,2020-01-31,62318407000119,12,0,1,99465.81,1177164.85,36908846.9625,129661951.06,404595120.9175,5928060788.47275,838880112.41,7936363542.07,2245468678.14639,367686273.955,10066561348.92,0,0,99465.81,633444438.08,1,2
Fundo legado,2020-02-29,62318407000119,12,0,1,92681,895149.469,31785233.3275,134632160.725,405402794.6875,5954881446.11675,842386883.153333,7972314827.22,2255731134.61221,373617561.36,10108642597.84,0,0,92681,636193441.39,1,2
Fundo legado,2020-03-31,62318407000119,12,0,1,53927.14,591428.478,27989572.71,139819940.81,406675891.05,3186374478.652,524667772.761667,4152284919.62,1162939331.48153,378686318.34,6296013273.14,0,0,53927.14,639883316.1,1,2
Fundo legado,2020-04-30,62318407000119,12,0,1,978729.35,985571.20425,23881795.64,126900422.205,405560240.4925,3146231750.8075,517464531.076667,4095674557.95,1147949337.00133,381678444.8525,6209574372.92,0,0,978729.35,643155259.25,1,1
Fundo legado,2020-05-31,62318407000119,12,0,1,914448.4,938840.28675,19190101.525,118069879.92,404816858.045,3159368197.5655,512434470.120833,4112652680.15,1155262303.89497,385626756.52,6149213641.45,0,0,914448.4,646163652.57,1,1
Fundo legado,2020-06-30,62318407000119,11,0,1,855038.99,892026.1875,32537622.095,124729457.59,461040735.625,3144767654.1375,542695503.262727,3976819061.05,1161578028.76982,428503113.53,5969650535.89,0,0,855038.99,648613433.4,1,1
Fundo legado,2020-07-31,62318407000119,11,0,1,797035.09,848501.9875,34094348.285,123010619.39,461906645.78,3099972569.0225,538420299.696364,3916358034.75,1143404073.37156,427812297.495,5922623296.66,0,0,797035.09,650816171.84,1,1
Fundo legado,2020-08-31,62318407000119,11,0,1,735757.41,802436.24,33981417.645,130291056.3,462257564.66,3053214661.2675,535696534.820909,3853525600.11,1123769157.5748,428276147.015,5892661883.03,0,0,735757.41,652281844.74,1,1
Fundo legado,2020-09-30,62318407000119,10,0,1,1002443.48,6027205.24475,59938782.92,146474362.215,522155987.6875,3084400494.10075,583584789.122,3790203546.91,1149875545.59338,462217204.7675,5835847891.22,0,0,1002443.48,653301089.98,1,1
Fundo legado,2020-10-31,62318407000119,10,0,1,1002679.01,6003647.36,58595784.9575,153335972.265,522860404.955,3035428062.33625,578254920.077,3726549283.12,1129890736.34229,464264619.9975,5782549200.77,0,0,1002679.01,654899412.97,1,1
Fundo,2020-11-30,62318407000119,10,0,1,1002544.89,6012550.0005,57543640.29,142566803.315,493500804.0175,2985719988.414,565240733.652,3661955568.84,1111091917.70606,435957163.7275,5652407336.52,0,0,1002544.89,656464100.28,1,1
Fundo,2020-12-31,62318407000119,10,0,1,1002813.15,5989464.13125,57919731.035,140755712.295,494274068.2825,2936728298.966,558964346.349,3598158269.12,1091515181.67547,436354337.2475,5589643463.49,0,0,1002813.15,658469512.88,1,1
Fundo,2021-01-31,62318407000119,10,0,1,1002544.89,6805029.5835,55467213.945,137145642.725,494375513.4075,2946121282.78525,558979439.895,3609804689.38,1095683131.11352,438908299.4625,5589794398.95,0,0,1002544.89,660100660.07,1,1
Fundo,2021-02-28,62318407000119,10,0,1,1002276.7,6773912.64475,53843119.065,155248729.16,494197659.3475,2894776488.3765,555404537.118,3543184139.16,1073828601.04262,440354540.2825,5554045371.18,0,0,1002276.7,661372357.9,1,1
Fundo,2021-03-31,62318407000119,10,0,1,4110080.6,9188093.50625,52078377.165,180455380.405,494438775.88,2786481145.37125,546323987.351,3402837204.31,1028585121.1008,442360398.715,5463239873.51,0,0,4110080.6,663476942.36,1,1
Fundo,2021-04-30,62318407000119,10,0,1,4055209.77,9100008.99525,52041887.575,189155138.11,494414066.295,2737058866.70775,541793734.796,3338505204.27,1008114135.37531,442372178.72,5417937347.96,0,0,4055209.77,665410370.66,1,1
Fundo,2021-05-31,62318407000119,10,0,1,26352322.74,27866183.03775,44643318.145,190835021.845,494872726.52,2689202961.05325,536154095.995,3276026575.26,988727888.986002,450229408.375,5361540959.95,0,0,26352322.74,667921623.23,1,1
Fundo,2021-06-30,62318407000119,10,0,1,26226628.74,27983499.8535,38285662.5525,207588298.97,495377181.5175,2641901702.52125,532912885.791,3214239863.96,968920886.271819,457091518.965,5329128857.91,0,0,26226628.74,670514702.01,1,1
Fundo,2021-07-31,62318407000119,11,0,1,21481704.82,23329657.8625,37104527.675,180681551.63,400377644.46,2533408922.1225,479434644.978182,3153802096.36,912742149.577366,363273116.785,5273781094.76,0,0,21481704.82,672229399.41,1,1
Fundo,2021-08-31,62318407000119,12,0,1,813826.03,6255886.005,37469062.8875,152322478.995,340392861.8575,2429561620.86275,435969451.305,3094869308.08,864471132.537714,302923798.97,5231633415.66,0,0,813826.03,675568627.29,1,1
Fundo,2021-09-30,62318407000119,12,0,1,-17743.93,283687.89025,27937496.68,99165546.795,355002309.17,2359685814.2285,411824491.199167,3035300723.61,851111183.049188,327064812.49,4941893894.39,1,0,-17743.93,578519234.95,1,2
Fundo,2021-10-31,62318407000119,11,0,1,1003514.07,8138921.015,34743256.46,165805774.3,430101774.89,2450724169.955,460987214.318182,3055194295.9,887568525.162679,395358518.43,5070859357.5,0,0,1003514.07,637313792.12,1,1
Fundo,2021-11-30,62318407000119,11,0,1,1170579.23,8238690.52,34171272.495,165972042.79,440422696.21,2360945827.035,454985498.125455,2919177938.98,848816552.967538,406251423.715,5004840479.38,0,0,1170579.23,686249491.2,1,1
Fundo,2021-12-31,62318407000119,11,0,1,1092093.34,8157238.4225,57229040,216941309.35,453543050.505,2323468375.3675,472890315.639091,2867210921.38,824496455.569276,396314010.505,5201793472.03,0,0,1092093.34,692240737.33,1,1
Fundo,2022-01-31,62318407000119,11,0,1,5007056.85,11074679.205,58081466.24,222828817.2,463222940.36,2284040572.965,471435026.304545,2812704688.19,808060818.246413,405141474.12,5185785289.35,0,0,5007056.85,698048227.29,1,1
Fundo,2022-02-28,62318407000119,11,0,1,4944726.99,10997690.61,57768103.63,226658429.23,470880681.36,2288898347.045,471694366.474545,2838473116.16,813420873.522641,413112577.73,5188638031.22,0,0,4944726.99,640174039.7,1,1
Fundo,2022-03-31,62318407000119,11,0,1,4898336.3,10938877.5075,55767418.965,229105498.52,345707665.235,2204707050.1075,442696937.875455,2705784762.24,777669518.803529,289940246.27,4869666316.63,0,0,4898336.3,701473913.71,1,1
Fundo,2022-04-30,62318407000119,11,0,1,4846609.54,10864804.7275,53434073.255,231667596.86,359772468.425,2229061127.7125,448348596.78,2732863825.57,786481991.746253,306338395.17,4931834564.58,0,0,4846609.54,717653034.14,1,1
Fundo,2022-05-31,62318407000119,11,0,1,4802997.26,10784899.1925,53346215.54,234649342.71,373283833.575,2096653626.9025,428569108.792727,2598862952.09,743336326.392061,319937618.035,4714260196.72,0,0,4802997.26,590025651.34,1,1
Fundo,2022-06-30,62318407000119,11,0,1,4765119.62,10697212.015,52684931.165,237747216.17,389124947.03,2105969446.6575,445043599.318182,2545431055.19,734699015.963111,336440015.865,4895479592.5,0,0,4765119.62,787584621.06,1,1
Fundo,2022-07-31,62318407000119,11,0,1,4726012.14,10539277.3325,50625243.995,241041754.32,401774087.93,2136464382.905,451736483.536364,2576490656.31,745783398.685873,351148843.935,4969101318.9,0,0,4726012.14,816385562.69,1,1
Fundo,2022-08-31,62318407000119,11,0,1,4690866.41,10491577.4425,52238588.34,244791028.01,415707362.335,2025789568.8775,440585653.084545,2438866574.03,704860415.167526,363468773.995,4846442183.93,0,0,4690866.41,786558553.42,1,1
Fundo,2022-09-30,62318407000119,11,0,1,4652676.67,10440181.675,51461663.855,248199730.18,432177503.4,2002706190.235,448011132.238182,2381451650.61,692660545.147741,380715839.545,4928122454.62,0,0,4652676.67,866469809.11,1,1
Fundo,2022-10-31,62318407000119,11,0,1,4611529.54,10385681.3775,53314547.265,251595518.49,448886357.16,1938912188.3,438241933.253636,2322356284.87,672720399.09342,395571809.895,4820661265.79,0,0,4611529.54,788579898.59,1,1
Fundo,2022-11-30,62318407000119,11,0,1,4566436.71,10327795.8125,51905250.485,255885856.31,468609249.1,1925388654.88,451793121.630909,2260982590.85,662366829.091714,416703998.615,4969724337.94,0,0,4566436.71,918606846.97,1,1
Fundo,2022-12-31,62318407000119,11,0,1,4505916.75,12027194.595,55139030.99,233181352.25,535964821.79,2023831656.3525,494090371.046364,2290761364.78,695888893.817148,480825790.8,5434994081.51,0,0,4505916.75,1223042531.07,1,1
Fundo,2023-01-31,62318407000119,11,0,1,4465512.69,11974191.0825,54814927.135,236988639.15,550838732.27,1851172702.785,463561536.58,2142290253.03,633912911.807779,496023805.135,5099176902.38,0,0,4465512.69,977820052.05,1,1
Fundo,2023-02-28,62318407000119,11,0,1,4405953.41,11900608.255,54309584.325,240080056.77,565081223.77,1839975676.0425,475134220.827273,2073374918.73,632070733.530368,510771639.445,5226476429.1,0,0,4405953.41,1139777947.98,1,1
Fundo,2023-03-31,62318407000119,11,0,1,4358309.21,11838695.805,53790897.115,243837774.79,585860085.95,1846647650.225,492446960.7,2008932160.29,644715906.110368,532069188.835,5416916567.7,0,0,4358309.21,1359794120.03,1,2
Fundo,2023-04-30,62318407000119,11,0,1,4301706.52,11761222.595,56536182.375,246330996.45,602576703.64,1859699211.74,498657109.157273,2030487786.83,648339580.392284,546040521.265,5485228200.73,0,0,4301706.52,1347333486.47,1,2
Fundo,2023-05-31,62318407000119,11,0,1,4256274.02,11700634.2,59423314.225,246911610.41,619632954.825,1747012543.0375,490035311.97,1867408012.14,617932096.561657,560209640.6,5390388431.67,0,0,4256274.02,1385826135.73,1,2
Fundo,2023-06-30,62318407000119,11,0,1,4206842.97,11637255.5675,59753059.625,225474454.5,638821323.2,1825787836.2175,526315747.955455,1836093093.55,682085828.01707,579068263.575,5789473227.51,0,0,4206842.97,861108768.94,2,2
Fundo,2023-07-31,62318407000119,11,0,1,4156639.02,11572592.885,60025396.42,228114704.71,655273847.6,1663626856.115,491576133.600909,1720436209.11,607976108.747504,595248451.18,5407337469.61,0,0,4156639.02,1493198797.13,1,2
Fundo,2023-08-31,62318407000119,11,0,1,4109532.36,11510820.9225,60398446.355,231015612.71,672074532.535,1615077629.0725,489954830.714545,1645475874.12,601074309.308351,611676086.18,5389503137.86,0,0,4109532.36,1523882893.93,1,2
Fundo,2023-09-30,62318407000119,11,0,1,4054542.3,11441031.375,74301151.52,233526564.03,696466776.105,1624997160.435,497615004.251818,1664338854.72,603466565.173542,622165624.585,5473765046.77,0,0,4054542.3,1506972077.58,1,2
Fundo,2023-10-31,62318407000119,11,0,1,3999026.25,11370453.5625,74761242.195,236428326.57,717401634.79,1552928418.7675,491973620.544546,1575992724.47,585949952.184895,642640392.595,5411709825.99,0,0,3999026.25,1575992724.47,0,2
Fundo,2023-11-30,62318407000119,11,0,1,3939915.77,11296018.5275,75280406.23,239254376.95,734985861.065,1542702121.08,489464876.340909,1590583839.88,577708104.008457,659705454.835,5384113639.75,0,0,3939915.77,1590583839.88,0,2
Fundo,2023-12-31,62318407000119,13,0,1,3879535.19,12637683.893,114148534.77,229644754.91,425047435.68,1884627105.181,496543863.462308,2086300524.19,635655968.247437,310898900.91,6455070225.01,0,0,3879535.19,425047435.68,3,2
Fundo,2024-01-31,62318407000119,13,0,1,3822725.18,12560969.474,115233127.81,233820429.98,426944852.41,1559741149.632,456186779.631539,1703356429.32,537386656.005167,311711724.6,5930428135.21,0,0,3822725.18,426944852.41,3,1
Fundo,2024-02-29,62318407000119,13,0,1,3747893.91,12458959.794,116152977.82,235726439.22,427899748.22,1499334302.247,445824313.166923,1656431992.56,520893506.38454,311746770.4,5795716071.17,0,0,3747893.91,427899748.22,3,1
Fundo,2024-03-31,62318407000119,13,0,1,3678455.48,12370842.68,116986401.1,238556979.55,429945204.25,1673458988.829,467032809.370769,1894604173.23,572968817.743847,312958803.15,6071426521.82,0,0,3678455.48,429945204.25,3,1
Fundo,2024-04-30,62318407000119,13,0,1,3609422.99,12283059.116,117904586.86,240631404.88,432314687.57,1568962779.382,445933760.189231,1733302681.78,522973809.38851,314410100.71,5797138882.46,0,0,3609422.99,432314687.57,3,1
Fundo,2024-05-31,62318407000119,13,0,1,3545160.52,12197601.484,118782731.92,242955762.48,433746969.76,1536563837.091,435547132.334615,1678060138.23,507611300.306193,314964237.84,5662112720.35,0,0,3545160.52,849094564.64,2,1
Fundo,2024-06-30,62318407000119,13,0,1,5024415.62,13159320.95,119760929.72,246029198.85,435342571.11,1476137159.174,428801118.815385,1585048868.48,492156206.829557,315581641.39,5574414544.6,0,0,5024415.62,857783625.89,2,1
Fundo,2024-07-31,62318407000119,14,0,1,5582506.98,8292171.9055,55741556.2675,237939896.605,417376519.4575,1383708343.09025,376223668.432857,1451338074.49,451864340.997063,361634963.19,5267131358.06,0,0,5582506.98,651717065.95,2,1
Fundo,2024-08-31,62318407000119,13,0,1,5640976.01,13506659.666,48732972.62,229994323.01,438685883.04,1413515242.802,381792595.297692,1474691412.41,472217618.062994,389952910.42,4963303738.87,0,0,5640976.01,550553386.37,2,1
Fundo,2024-09-30,62318407000119,14,0,1,5945559.36,12467545.8635,56233626.2625,242821197.725,445367614.9775,1658529594.215,418103970.32,1833521465.1,530746014.419022,389133988.715,5853455584.48,0,0,5945559.36,622978397.16,2,1
Fundo,2024-10-31,62318407000119,10,0,1,31483756.36,32598374.02525,129069136.6225,288844653.64,422905994.905,1611565535.8895,475493028.294,1694902454.87,568696761.67528,293836858.2825,4754930282.94,0,0,31483756.36,442412593.91,2,1
Fundo,2024-11-30,62318407000119,10,0,1,31336331.42,32970047.024,82514252.555,202413434.265,361756228.5125,1140942522.421,316268705.258,1343588719.42,388942736.875749,279241975.9575,3162687052.58,0,0,31336331.42,442938954.98,1,0
Classe,2024-12-31,62318407000119,14,0,1,5628882.63,14473483.6225,85939782.235,196931082.495,426477389.015,2343033152.308,559398445.841429,2427114643.75,814258581.47046,340537606.78,7831578241.78,0,0,5628882.63,445234352.92,3,3
Classe,2025-01-31,62318407000119,13,0,1,3181119.15,12627950.355,80294709.76,230463912.89,446720425.43,1955746620.872,541838118.691539,1973142710.99,719812509.355452,366425715.67,7043895542.99,0,0,3181119.15,446720425.43,3,3
Classe,2025-02-28,62318407000119,13,0,1,7082991.8,15339010.043,84996041.68,233383102.89,447850028.47,1896570735.701,535275784.369231,1933297254.5,699267733.232173,362853986.79,6958585196.8,0,0,7082991.8,447850028.47,3,3
Classe,2025-03-31,62318407000119,13,0,1,9005554.35,16624948.578,91472500.2,236179858.44,449129615.09,1858487128.312,532877476.393077,1907632676.92,687152470.477675,357657114.89,6927407193.11,0,0,9005554.35,449129615.09,3,3
Classe,2025-04-30,62318407000119,13,0,1,9261801.13,16757263.384,95715970.16,239048122.12,452635279.78,1773552102.704,527433326.086923,1792311562.13,669959758.22492,356919309.62,6856633239.13,0,0,9261801.13,452635279.78,3,3
Classe,2025-05-31,62318407000119,13,0,1,11193471.09,18062547.174,99161097.34,242242673.59,456701824.8,1718558786.069,518073966.257692,1787161992.35,647716202.74461,357540727.46,6734961561.35,0,0,11193471.09,456701824.8,3,3
Classe,2025-06-30,62318407000119,13,0,1,12852712.76,19176361.55,102784067.66,228082174.76,459283300.38,2371565434.333,619589725.867692,2461333066.15,854408569.525748,356499232.72,8054666436.28,0,0,12852712.76,459283300.38,3,3
Classe,2025-07-31,62318407000119,14,0,1,13244761.18,19018394.40575,76560968.505,199317917.145,444211236.6275,2180039475.936,552093814.312857,2317242207.42,777449571.251558,367650268.1225,7729313400.38,0,0,13244761.18,462246412.41,3,3
Classe,2025-08-31,62318407000119,14,0,1,13430534.81,19988057.132,82188512.08,200807297.36,446116036.6975,2136124682.332,553817706.915,2239439226.47,770376759.878479,363927524.6175,7753447896.81,0,0,13430534.81,463616822.69,3,3
Classe,2025-09-30,62318407000119,15,0,1,13624657.27,20559421.309,93861284.895,204596806.04,431901833.575,2192859912.6365,544899105.512667,2323436834.71,767873488.615183,338040548.68,8173486582.69,0,0,13624657.27,466432927.89,3,3
Classe,2025-10-31,62318407000119,15,0,1,13826363.97,20633398.7535,90701808.4,202510425.32,434888930.99,2181420915.523,545340428.278667,2291816741.49,771903198.468348,344187122.59,8180106424.18,0,0,13826363.97,469604760.57,3,3
Classe,2025-11-30,62318407000119,15,0,1,14002449.06,20689226.101,94311506.63,202051652.06,437457246.79,2356627310.2865,567408954.932667,2548708285.04,819632046.158993,343145740.16,8511134323.99,0,0,14002449.06,471407257.31,3,3
Classe,2025-12-31,62318407000119,13,0,1,14062984.59,19519775.109,92661559.71,202395634.44,408420681.76,3245129786.335,706099447.347692,3767030805.43,1135301416.63176,315759122.05,9179292815.52,0,0,14062984.59,408420681.76,3,3
Classe,2026-01-31,62318407000119,13,0,1,14429280.18,19717407.852,97967300.53,202280908.63,412440228.65,2892004494.422,672933881.846154,3251348290.7,1028007909.32024,314472928.12,8748140464,0,0,14429280.18,412440228.65,3,3
Classe,2026-02-28,62318407000119,13,0,1,14905123.66,19987247.593,100257845.25,201937121.23,415592868.34,2541216300.273,641003075.940769,2739560898.3,931897363.817681,315335023.09,8333039987.23,0,0,14905123.66,415592868.34,3,3
Classe,2026-03-31,62318407000119,13,0,1,14915317.03,19938514.711,99998633.33,202381639.59,419880539.11,2646095469.131,552977578.363846,2876890672.22,887785465.082463,319881905.78,7188708518.73,0,0,14915317.03,539914301.08,2,2
Classe,2026-04-30,62318407000119,13,0,1,15105859.34,20018948.276,104564291.45,202133049.31,423471963.17,2857028684.681,578305440.957692,3166773829.19,955052720.102078,318907671.72,7517970732.45,0,0,15105859.34,525017966.69,2,2
Classe,2026-05-31,62318407000119,13,0,1,14994191.45,19887069.776,119005511.75,202099783.78,407823856.64,3092421596.645,608866919.049231,3492130161.23,1032063849.29865,288818344.89,7915269947.64,0,0,14994191.45,558202599.3,2,2
Classe,2026-06-30,62318407000119,15,0,1,6151901.72,11054362.178,72418164.02,156161063.86,367006342.655,3523196092.037,588579450.549333,4242510733.6,1147129563.09474,294588178.635,8828691758.24,0,0,6151901.72,636583666.49,2,2
Classe,2026-07-31,62318407000119,14,0,1,9269433.81,16303597.375,97672396.425,181307416.43,395352848.12,3368039110.4175,595938810.478571,3971419839.31,1107725527.74545,297680451.695,8343143346.7,0,0,9269433.81,489748122.74,2,2
Classe,2026-08-31,62318407000119,14,0,1,11500123.57,17748316.47875,98107434.41,182513508.06,391747765.0125,2938788775.14425,555439371.257143,3371226156.53,960901959.216814,293640330.6025,7776151197.6,0,0,11500123.57,598607778.53,2,2
Fundo,2024-12-31,62285390000140,14,0,1,-12907.21,-8712.36675,0,8559.395,53013125.2275,109776810.306,29000580.8307143,119522747,42616441.9621038,53013125.2275,406008131.63,1,6,-12907.21,119522747,0,1
Fundo,2025-01-31,62285390000140,8,0,1,-12907.21,1641767.02975,10317577.6525,53538938.975,98451773.1125,616468961.36975,132494558.36625,721878456.65,241818313.090084,88134195.46,1059956466.93,1,0,-12907.21,119538483.62,1,2
Fundo,2025-02-28,62285390000140,7,0,1,-12907.21,-10971.1285,20556799,47517492.88,79518844.185,115594784.686,52454778.27,119527575.85,44723937.433741,58962045.185,367183447.89,1,1,-12907.21,119527575.85,0,1
Fundo,2025-03-31,62285390000140,8,0,1,-12907.21,-10648.44825,4587495.5025,59610816.14,99439774.4025,129874971.10875,58708841.945,132067978.35,53701710.3137276,94852278.9,469670735.56,1,1,-12907.21,132067978.35,0,1
Fundo,2025-04-30,62285390000140,8,0,1,-12907.21,-10648.44825,830445.315,8404241.41,57123693.4875,113252658.1065,33673221.75625,119522985.95,45973560.9010439,56293248.1725,269385774.05,1,1,-12907.21,119522985.95,0,1
Fundo,2025-05-31,62285390000140,8,0,1,-12907.21,479817.8095,7338545.4775,49272407.855,84103616.575,116449324.05775,51225973.0575,119528230.39,45887487.2559345,76765071.0975,409807784.46,1,0,-12907.21,119528230.39,0,1
Fundo,2025-06-30,62285390000140,26,0,1,-12907.21,2282434.63375,15203181.6175,28988745.65,48944756.185,332027498.87875,57851286.3980769,447884121.26,95286996.2722198,33741574.5675,1504133446.35,1,0,-12907.21,99423834.58,3,1
Fundo,2025-07-31,62285390000140,5,0,1,-12907.2,287239.643,2988561.23,47956249.71,105151168.81,118130342.095,55131109.002,119572472.46,55825357.420315,102162607.58,275655545.01,1,0,-12907.2,119572472.46,0,1
Classe,2024-11-30,11758741000152,6,0,1,24280728.58,24466031.34875,27372459.1725,57598659.145,91410867.0725,126482575.735,65091477.5733333,131092156.34,44314699.234906,64038407.9,390548865.44,0,0,24280728.58,131092156.34,0,0
Fundo legado,2020-01-31,03384738000198,4,0,1,15669495.61,27078390.37975,129758443.3075,173160166.255,197159247.5325,247452167.95125,153757524.585,253040270.22,99559045.6070704,67400804.225,615030098.34,0,0,167788092.54,253040270.22,1,0
Fundo legado,2020-02-29,03384738000198,4,0,1,15681082.85,25319158.166,112061836.01,154660871.315,187617524.9325,248325772.22025,145018489.6275,255071133.03,98733700.1812609,75555688.9225,580073958.51,0,0,15681082.85,255071133.03,0,0
Fundo legado,2020-03-31,03384738000198,4,0,1,15698807.82,25407068.394,112781413.56,153150861.23,183561967.705,244048791.6445,143192520.035,250769549.86,96874619.650219,70780554.145,572770080.14,0,0,15698807.82,250769549.86,0,0
Fundo legado,2020-04-30,03384738000198,4,0,1,15708744.27,25560880.998,114230111.55,153242061.285,182061060.12,243209323.242,143049110.385,250003574.7,96503529.2119368,67830948.57,572196441.54,0,0,15708744.27,250003574.7,0,0
Fundo legado,2020-05-31,03384738000198,4,0,1,15730212.19,25367299.52425,112101085.5325,150313018.59,179314533.2925,241180189.74225,141102600.235,248054151.57,95569640.634598,67213447.76,564410400.94,0,0,15730212.19,248054151.57,0,0
Fundo legado,2020-06-30,03384738000198,4,0,1,15733539.66,25495889.5005,113357038.065,149967619.2,176936988.51,238766865.147,140326407.375,245636851.44,94573954.3468646,63579950.445,561305629.5,0,0,145898204.2,245636851.44,1,0
Fundo legado,2020-07-31,03384738000198,4,0,1,15732006.16,25608431.07925,114496255.3525,150868371.265,176170800.25,235170469.819,139798684.3375,241725988.66,93185489.9149759,61674544.8975,559194737.35,0,0,147417671.75,241725988.66,1,0
Fundo legado,2020-08-31,03384738000198,4,0,1,15724431.91,23447291.9305,92953032.115,136740676.79,178147205.33,241223931.95,134359560.655,248232457.13,96096995.7453637,85194173.215,537438242.62,0,0,15724431.91,248232457.13,0,0
Fundo legado,2020-09-30,03384738000198,4,0,1,15660766.3,23478509.22475,93838195.5475,136666813.895,179990695.6675,251687593.23775,137162077.32,259653915.19,100548064.95303,86152500.12,548648309.28,0,0,15660766.3,259653915.19,0,0
Fundo legado,2020-10-31,03384738000198,4,0,1,15637081.12,23572844.9965,94994719.885,135580256.54,176076787.6375,247258347.52075,135491250.9825,255167409.73,98466413.3689881,81082067.7525,541965003.93,0,0,15637081.12,255167409.73,0,0
Fundo legado,2020-01-31,41592532000142,4,0,1,17888749.35,18251630.29275,21517558.7775,45493270.005,83694373.3175,125368860.43175,59718662.09,129999359,52059046.1963178,62176814.54,238874648.36,0,0,17888749.35,129999359,0,0
Fundo legado,2020-02-29,41592532000142,4,0,1,18857699.32,19065889.05175,20939596.6375,45037460.08,83895315.635,125621001.9245,59797452.1925,130257189.29,52191434.4943305,62955718.9975,239189808.77,0,0,18857699.32,130257189.29,0,0
Fundo legado,2020-03-31,41592532000142,4,0,1,17179664.38,17446448.1145,19847501.725,44809730.31,83654935.815,123540027.1095,58692707.23,127971703.92,51856854.2487613,63807434.09,234770828.92,0,0,17179664.38,127971703.92,0,0
Fundo legado,2020-04-30,41592532000142,4,0,1,13628776.43,14284526.92175,20186281.3475,41438057.975,72556462.55,105098112.434,51304685.9225,108713851.31,43347461.9905591,52370181.2025,205218743.69,0,0,13628776.43,108713851.31,0,0
Fundo legado,2020-05-31,41592532000142,4,0,1,13366076.67,14064205.125,20347361.22,36940762.28,64262720.9125,99512982.45325,47669319.8525,103429678.18,40510035.5244508,43915359.6925,190677279.41,0,0,13366076.67,103429678.18,0,0
Fundo legado,2020-06-30,41592532000142,4,0,1,14255419.89,14742370.33575,19124924.3475,34185069.915,59556946.49,91781174.222,44496800.9225,95361643.97,36858023.5581715,40432022.1425,177987203.69,0,0,14255419.89,95361643.97,0,0
Fundo legado,2020-07-31,41592532000142,4,0,1,14505358.62,14998115.862,19432931.04,32730547.91,56428311.4425,88943522.60925,43130694.5725,92556323.85,35356805.8614046,36995380.4025,172522778.29,0,0,14505358.62,92556323.85,0,0
Fundo legado,2020-08-31,41592532000142,4,0,1,13455138.22,14117314.49125,20076900.9325,33476668.74,56364526.675,87941956.4605,42964758.8675,91450559.77,34891656.254185,36287625.7425,171859035.47,0,0,13455138.22,91450559.77,0,0
Fundo legado,2020-09-30,41592532000142,4,0,1,9706921.61,10483207.22375,17469777.7475,33209304.115,58065993.5,89668904.171,42326467.1325,93180338.69,37248452.6541609,40596215.7525,169305868.53,0,0,9706921.61,93180338.69,0,0
Fundo legado,2020-10-31,41592532000142,4,0,1,9706921.61,10492976.65775,17567472.0875,34443229.985,59173745.86,87456087.829,42297987.9625,90598570.27,36170711.4769202,41606273.7725,169191951.85,0,0,9706921.61,90598570.27,0,0
Fundo,2021-01-31,02671743000119,49,0,1,0,374362.784,22550261.24,47597168.77,91079263.81,309193860.99,82105831.8283674,612709338.71,106810707.408938,68529002.57,4023185759.59,0,1,0,183300629.65,4,0
Fundo,2021-02-28,02671743000119,50,0,1,144999.76,905256.50875,19258367.335,47161147.835,94450147.355,314983569.33075,81996355.9888,601177733.62,106674357.225044,75191780.02,4099817799.44,0,0,144999.76,182793675.73,4,0
Fundo,2021-03-31,02671743000119,52,0,1,105300.26,610305.93825,14253290.23,47246553.995,105324965.24,391357553.3585,89670303.5605769,892615123.99,141638445.485418,91071675.01,4662855785.15,0,0,105300.26,185660698.83,4,0
Fundo,2021-04-30,02671743000119,56,0,1,54429.32,475218.985,13473813.0325,42184312.84,115962885.91,419706611,90476193.1653571,875496998.52,140357501.817704,102489072.8775,5066666817.26,0,0,54429.32,264681176.51,3,0
Fundo,2021-05-31,02671743000119,56,0,1,0,120841.74,15355773.8075,39392097.7,124371444.34,425483788.28375,90838699.8085714,854450811.34,138467936.320472,109015670.5325,5086967189.28,0,1,0,260605672.85,3,0
Fundo,2021-06-30,02671743000119,54,0,1,0,133124.6,18208913.62,47791108.235,125462580.81,425056308.38375,96713883.8722222,878439186.76,144090273.071639,107253667.19,5222549729.1,0,1,0,250796803,4,0
Fundo,2021-07-31,02671743000119,55,0,1,0,39180.2145,17997973.63,42483280.06,115978885.06,370492806.477,95462079.4336364,861504687.02,140104663.936346,97980911.43,5250414368.85,0,2,0,257530349.38,4,0
Fundo,2021-08-31,02671743000119,62,0,1,0,0,12196121.4225,33223882.135,110610791.7025,374031305.24175,93157667.5477419,838330331.6,138794515.852216,98414670.28,5775775387.96,0,3,0,253313211.71,5,0
Fundo,2021-09-30,02671743000119,65,0,1,0,0,10387616.79,32760675.37,114134952.94,424836265.148,99577901.8790769,1096601862.48,165888088.556999,103747336.15,6472563622.14,0,4,0,257195177.95,6,0
Fundo,2021-10-31,02671743000119,67,0,1,0,0,12665948.23,37827260.95,116763618.615,512620339.614,100512204.320448,1097185164.22,167221174.65266,104097670.385,6734317689.47,0,3,0,254142859.69,5,1
Fundo,2021-11-30,02671743000119,66,0,1,0,0,12753207.9575,41893189.835,138832761.9525,518994482.97125,110074928.312727,1445699413.2,202123856.32792,126079553.995,7264945268.64,0,3,0,247195902.6,5,1
Fundo,2021-12-31,02671743000119,68,0,1,0,0,12412706.51,43264504.295,134099955.0975,511334555.666,109319425.332206,1610589725.86,216281019.075722,121687248.5875,7433720922.59,0,3,0,240302307.34,5,1
Fundo,2022-01-31,02671743000119,67,0,1,0,0,14243436.93,43674840.38,133727392.705,543210547.859499,111564805.460299,1611256435.63,220977642.047925,119483955.775,7474841965.84,0,3,0,234075163.53,5,1
Fundo,2022-02-28,02671743000119,66,0,1,0,0,13468793.91,43130815.545,136859558.5975,543451296.78625,112616107.939848,1546162944.71,215442414.227404,123390764.6875,7432663124.03,0,3,0,229240618.32,5,1
Fundo,2022-03-31,02671743000119,68,0,1,0,616975.83225,13461072.93,38671887.54,137441013.035,534821158.742001,110591658.386176,1677263606.66,225578886.971092,123979940.105,7520232770.26,0,2,0,277093648.08,4,1
Fundo,2022-04-30,02671743000119,68,0,1,0,606429.5985,14272091.6025,38765460.98,118569466.795,494652508.636501,106814061.060882,1633846737.9,219444780.832815,104297375.1925,7263356152.14,0,2,0,224939325.8,5,1
Fundo,2022-05-31,02671743000119,64,0,1,0,812819.665,20047856.9275,50531366.94,129394854.065,531853773.759249,117418051.718438,1763370059.54,240484219.716974,109346997.1375,7514755309.98,0,1,0,240568414.79,5,1
Fundo,2022-06-30,02671743000119,63,0,1,0,1003697.457,21508372.43,48864932.62,126494519.635,552904898.717498,121369444.132222,1850931138.48,253698339.818637,104986147.205,7646274980.33,0,1,0,220215392.63,6,1
Fundo,2022-07-31,02671743000119,63,0,1,0,972817.556,22075977.755,47769801.94,119100680.23,530733150.765498,120868922.243016,1823297140.24,249098929.395386,97024702.475,7614742101.31,0,1,0,222010126.21,6,1
Fundo,2022-08-31,02671743000119,65,0,1,0,1032309.254,20909266.84,46347784.28,116292674.81,528234006.462,119754612.205538,1806306748.29,245581971.988649,95383407.97,7784049793.36,0,1,0,236480173.25,6,1
Fundo,2022-09-30,02671743000119,66,0,1,0,1057430.045,16734276.0425,45613752.45,122087403.945,558218519.44875,120556887.935606,1849726048.75,252394252.091213,105353127.9025,7956754603.75,0,1,0,234037432.35,6,2
Fundo,2022-10-31,02671743000119,67,0,1,0,1490394.1845,18754706.295,45871404.03,127924207.86,551388995.769498,121616210.988507,1926709806.08,258647116.0065,109169501.565,8148286136.23,0,1,0,234573913.43,6,2
Fundo,2022-11-30,02671743000119,68,0,1,0,725704.49825,18571772.865,47394688.285,125908171.26,528137014.111501,119801514.124853,1942683156.39,256153703.3157,107336398.395,8146502960.49,0,1,0,235105999.86,6,2
Fundo,2022-12-31,02671743000119,62,0,1,0,1423826.22725,20460533.71,63821861.615,135116250.3975,620143564.638,130449714.976613,1948652194.12,266682737.482747,114655716.6875,8087882328.55,0,1,0,298740170.93,4,2
Fundo,2023-01-31,02671743000119,63,0,1,0,1324030.114,19842037.595,64786917.98,139909023.695,618631651.521999,130368507.97127,1900845486.29,259634000.923765,120066986.1,8213216002.19,0,1,0,302827236.95,3,2
Fundo,2023-02-28,02671743000119,62,0,1,1373215.91,1618219.67925,23824069.3775,68891217.335,140320444.6925,629337713.30475,131836316.271129,1872410497.54,256827153.576908,116496375.315,8173851608.81,0,0,1373215.91,306851742.45,3,1
Fundo,2023-03-31,02671743000119,66,0,1,469433.21,1429022.1475,23739506.7775,66665329.545,139628301.6825,613549322.1225,126882054.155303,1841749815.82,247173265.568626,115888794.905,8374215574.25,0,0,469433.21,311491995.42,3,1
Fundo,2023-04-30,02671743000119,69,0,1,445336.38,1245413.656,26118476.54,59112263.24,135781883.86,621282076.618,123355465.094058,1812047517.34,240093081.132989,109663407.32,8511527091.49,0,0,445336.38,278649640,4,1
Fundo,2023-05-31,02671743000119,71,0,1,906094.44,1666095.8775,23864350.62,57614957.17,142038017.29,604807355.4975,119727530.281268,1749258887.47,230375419.683746,118173666.67,8500654649.97,0,0,906094.44,312782376.99,4,1
Fundo,2023-06-30,02671743000119,69,0,1,394686.49,1644780.29,26895595.14,59524675.83,150583028.49,604213901.958,123655375.663913,1801263137.05,237579734.224346,123687433.35,8532220920.81,0,0,394686.49,326094726.8,3,1
Fundo,2023-07-31,02671743000119,70,0,1,270922.18,1136141.027,23870817.21,55106656.46,137810261.2125,397083592.097998,95727050.7904286,720355191.37,121420657.505764,113939444.0025,6700893555.33,0,0,270922.18,231455544.44,4,0
Fundo,2023-08-31,02671743000119,72,0,1,174150.81,1192986.618,23405455.9,53199288.55,128817438.615,393334964.515749,93938731.9063889,716215279.68,121480529.864411,105411982.715,6763588697.26,0,0,174150.81,235632643.25,4,0
Fundo,2023-09-30,02671743000119,76,0,1,2e+05,262752.7075,20019551.1425,51441552.84,126996947.9425,372518585.435,90099281.86,709186171.77,119558892.377943,106977396.8,6847545421.36,0,0,2e+05,239499374.14,4,0
Fundo,2023-10-31,02671743000119,77,0,1,30853.2,249248.023,20767842.48,51618149.32,125398509.07,367585855.061999,88650348.1393507,669464917.83,114207510.042656,104630666.59,6826076806.73,0,0,30853.2,264904124.32,4,0
Fundo,2023-11-30,02671743000119,78,0,1,0,163955.4215,21970342.52,52201836.815,124956852.755,370312220.071251,89361185.3991026,662137725.03,115924801.653998,102986510.235,6970172461.13,0,1,0,216277302.11,5,0
Fundo,2023-12-31,02671743000119,78,0,1,16577.65,493839.946,25564878.39,55017443.66,135578780.7525,370701492.777001,93392335.0965384,673688374.72,115481549.42958,110013902.3625,7284602137.53,0,0,16577.65,250990102.55,5,0
Fundo,2024-01-31,02671743000119,78,0,1,15862.52,492626.92925,22811948.7925,56232470.945,133501121.07,371192446.627251,94671275.125,644426932.94,115163327.526524,110689172.2775,7384359459.75,0,0,15862.52,229733723.32,5,0
Fundo,2024-02-29,02671743000119,79,0,1,15202.61,500353.0515,25342874.37,60922059.35,131312802.435,362780047.226,96621537.0243038,670120486.35,114898096.562743,105969928.065,7633101424.92,0,0,15202.61,263295889,5,0
Fundo,2024-03-31,02671743000119,79,0,1,10855.87,403861.5845,25748151.18,62218682.13,136953401.455,373346838.9155,102235864.028228,703015185.91,120737050.806427,111205250.275,8076633258.23,0,0,10855.87,300808307.6,6,0
Fundo,2024-04-30,02671743000119,79,0,1,0.01,104282.5175,25425727.985,62285693.41,130836460.69,459579310.5875,104595047.586076,685466030.72,128589399.740447,105410732.705,8263008759.3,0,0,0.01,242750910.16,8,1
Fundo,2024-05-31,02671743000119,80,0,1,0.01,1097124.0975,28797717.305,64128474.765,121987221.7525,580223318.261249,109649593.498875,681751065.36,140643910.742843,93189504.4475,8771967479.91,0,0,0.01,247694010.61,8,1
Fundo,2024-06-30,02671743000119,81,0,1,0.01,1125734.6,24335706.3,63781971.95,131121364.15,585432435.45,118425196.904444,728495352.21,153431998.781195,106785657.85,9592440949.26,0,0,0.01,277470885.22,9,0
Fundo,2024-07-31,02671743000119,79,0,1,0.01,1433836.4925,28939212.645,74817111,150593238.425,658211513.7055,129821516.253418,788874220.41,166161793.001205,121654025.78,10255899784.02,0,0,0.01,330292386.38,7,0
Fundo,2024-08-31,02671743000119,79,0,1,0.01,1487326.7745,27239987.42,71920091.26,163637981.625,687851778.0605,134550606.848608,864808521.88,174559514.946082,136397994.205,10629497941.04,0,0,0.01,356480092.89,5,0
Fundo,2024-09-30,02671743000119,84,0,1,0.01,1164140.4755,23780609.6275,58420377.32,154402417.1475,681911534.4695,127978728.560357,905517947.54,175247696.306922,130621807.52,10750213199.07,0,0,0.01,342156580.93,6,0
Fundo,2024-10-31,02671743000119,35,0,1,1002863.58,1440128.8675,14569273.275,49448175.23,127889827.885,388538702.8655,94481960.2831429,727367462.34,135995554.23627,113320554.61,3306868609.91,0,0,1002863.58,278654495.63,2,0
Classe,2024-11-30,02671743000119,79,0,1,0.01,464417.5395,12685035.39,49542692.1,121569080.365,594376810.065,113851411.844557,816375734.34,167933453.445963,108884044.975,8994261535.72,0,0,0.01,272010786.09,12,1
Classe,2024-12-31,02671743000119,100,0,1,0.01,664808.87475,13850789.3375,42895327.84,137092401.3225,641190305.633249,132556178.3659,2144596528.8,260920773.361375,123241611.985,13255617836.59,0,0,0.01,317512056.18,11,2
Classe,2025-01-31,02671743000119,101,0,1,0.01,295140.89,12907637.67,44969958.95,128801536.64,641827065.83,126826501.000297,2162379261.1,257278480.233302,115893898.97,12809476601.03,0,0,0.01,297974145.49,12,2
Classe,2025-02-28,02671743000119,100,0,1,98679.34,570343.58125,13896901.5875,51851902.48,127011128.2025,715628974.461999,130847979.9529,2127952055.74,257676638.098204,113114226.615,13084797995.29,0,0,98679.34,265354035.14,13,1
Classe,2025-03-31,02671743000119,103,0,1,85073.12,454488.1935,15231741.06,48038577.14,126674468.195,723179958.961501,128922513.748738,2127005320.78,255075756.201199,111442727.135,13279018916.12,0,0,85073.12,262845599.74,13,1
Classe,2025-04-30,02671743000119,102,0,1,59494.45,191669.242,15245941.715,49117834.125,131940047.095,702695000.197999,129963975.535686,2125969981.71,257000329.160497,116694105.38,13256325504.64,0,0,59494.45,301577683.06,12,1
Classe,2025-05-31,02671743000119,100,0,1,65553.1,114673.175,16895240.3475,48292289.88,129746120.1575,593652936.2015,126649293.1323,2135008199.53,256142943.829509,112850879.81,12664929313.23,0,0,65553.1,278269516.9,11,1
Classe,2025-06-30,02671743000119,102,0,1,87861.89,712490.85625,18594896.635,50210927.765,134682863.785,830621288.614747,189457140.980392,6488062731.11,679334916.032574,116087967.15,19324628380,0,0,87861.89,292613784.6,11,2
Classe,2025-07-31,02671743000119,101,0,1,73792.03,978011.79,14669145.68,49229854.34,127921608.74,814208091.725,182457771.733366,6464925217.45,679795609.982521,113252463.06,18428234945.07,0,0,73792.03,286530236.76,10,2
Classe,2025-08-31,02671743000119,99,0,1,244381.37,370618.6875,13557973.51,52821381.66,128134128.775,833336208.427499,183228243.58798,6448132720.87,684583308.413249,114576155.265,18139596115.21,0,0,244381.37,279664707.05,9,2
Classe,2025-09-30,02671743000119,101,0,1,288608.22,949105.07,10549047.76,50326206.03,116423074.17,807981110.865,176369397.115149,6441766193.79,676344494.143975,105874026.41,17813309108.63,0,0,288608.22,269829279.1,11,2
Classe,2025-10-31,02671743000119,81,0,1,297280.64,1000454.18,5332361.73,34276141.33,116208617.25,1104078551.95,205454333.404568,6430590838.92,758824301.152339,110876255.52,16641801005.77,0,0,297280.64,276365026.97,8,2
Classe,2025-11-30,02671743000119,77,0,1,304274.6,758274.609,3904993.93,33803260.23,108634810,584000444.415997,107031181.077273,2142224396.74,278527807.764936,104729816.07,8241400942.95,0,0,304274.6,261969357.35,5,1
Classe,2025-12-31,02671743000119,68,0,1,0,403136.53675,3364038.12,23646961.665,105313619.775,725599825.052252,109005536.617059,2141975945.51,297343424.668061,101949581.655,7412376489.96,0,1,0,180301562.53,6,1
Classe,2026-01-31,02671743000119,61,0,1,0,264554.575,2834540.62,17322270.64,97515525.85,843073874.665,113403727.818197,2141738589.62,313895529.092331,94680985.23,6917627396.91,0,1,0,179980176.74,6,1
Classe,2026-02-28,02671743000119,59,0,1,-70243.65,-35712.645,2644013.155,16885029.59,101377352.245,884269061.702998,116213719.3,2141535416.6,319643153.891854,98733339.09,6856609438.7,3,0,-70243.65,182051236.6,6,4
Classe,2026-03-31,02671743000119,56,0,1,-83092.08,-69752.11625,2311785.135,16936120.765,101386663.935,945692814.62375,119449729.3875,2141286699.15,327949656.671039,99074878.8,6689184845.7,3,1,-83092.08,236466465.21,5,4
Classe,2026-04-30,02671743000119,54,0,1,-105840.75,-90048.7835,2635319.0475,15957777.665,94532575.3725,991506259.814498,120891673.961852,2141050208.23,334619721.12787,91897256.325,6528150393.94,3,0,-105840.75,170555692.69,6,4
Classe,2026-05-31,02671743000119,54,0,1,-156397.27,-119475.49525,2163974.4175,13863615.315,89984223.73,1004553004.033,118624256.253333,2140828486.06,336336632.997855,87820249.3125,6405709837.68,3,1,-156397.27,170498684.18,6,4
Classe,2026-06-30,41592532000142,13,0,1,-219460.37,-84961.226,1887672.43,13447847.78,43504604.39,77722573.254,26344634.6730769,80226309.3,28865591.295997,41616931.96,342480250.75,1,0,-219460.37,80226309.3,0,1
Classe,2026-07-31,41592532000142,23,0,1,-244674.5,4864.91650000002,2638139.62,13509210.96,36247832.695,163446167.0405,32443423.153913,265206163.89,56168872.471199,33609693.075,746198732.54,1,0,-244674.5,80187987.8,1,1
Classe,2026-08-31,41592532000142,26,0,1,-269918.03,16704.52625,2409715.74,13072927.685,30116834.9625,125731121.6825,26095139.2065385,201654001.92,42392332.4387671,27707119.2225,678473619.37,1,0,-269918.03,62812664.06,3,1
Classe,2026-06-30,13486793000142,141,0,1,52284.72,841132.415,11051363.86,51986674.96,155822003.65,718599930.51,159933429.903617,2633629374.15,376574974.822982,144770639.79,22550613616.41,0,0,52284.72,368376658.65,12,3
Classe,2026-07-31,13486793000142,145,0,1,-25915.83,1072093.736,14777484.78,52710504.91,150962928.49,715383959.758001,156719271.143655,2502214983.15,355050718.726043,136185443.71,22724294315.83,1,0,-25915.83,337210260.54,16,4
Classe,2026-08-31,13486793000142,157,0,1,-112019.06,867469.046,11273221.45,45186567.37,136089195.78,690963402.615999,145852704.010573,2531012852.93,337746638.537906,124815974.33,22898874529.66,1,0,-112019.06,322148272.34,16,4
Fundo,2024-10-31,39669186000101,36,0,1,426776.4,4739223.60375,19234020.3425,79643965.41,195623027.7775,437614438.24125,128683228.892222,523171697.45,133866143.907731,176389007.435,4632596240.12,0,0,426776.4,425391972.64,1,0
Fundo,2024-11-30,39669186000101,25,0,1,0,309190.962,16597840.28,75383349.11,179294847.88,411788042.228,119379202.0408,513287838.74,129436513.144228,162697007.6,2984480051.02,0,1,0,344121511.22,1,0
Fundo,2025-04-30,00066670000100,5,0,1,113822253.23,131605893.938,291658660.31,406069970.08,493824763.84,900537560.401,450220703.718,945727871.13,311321294.403791,202166103.53,2251103518.59,0,0,113822253.23,493824763.84,1,1
Classe,2024-10-31,62318407000119,4,0,1,6011324.03,7767643.03175,23574514.0475,142660025.455,619653072.4075,1601810289.39475,500567561,1710938869.06,814743876.644445,596078558.36,2002270244,0,0,6011324.03,255891140.19,1,1
Classe,2024-11-30,62318407000119,5,0,1,5566213.04,8152722.25,31431305.14,258075433.84,1814710274.06,2025015969.164,831633298.94,2048383268.62,1012249909.06819,1783278968.92,4158166494.7,0,0,5566213.04,2048383268.62,0,2
Fundo legado,2020-01-31,00360305000104,5,0,1,49490504.34,49666483.618,51250297.12,115754695.19,576367551.5,1358383859.708,447627521.754,1445274560.62,599508375.936597,525117254.38,2238137608.77,0,0,49490504.34,576367551.5,1,1
Fundo legado,2020-02-29,00360305000104,5,0,1,46471525.27,46493470.045,46690973.02,116291855.21,560268003.67,1354549031.692,442504967.284,1442802479.25,598829993.596242,513577030.65,2212524836.42,0,0,46471525.27,560268003.67,1,1
Fundo legado,2020-03-31,00360305000104,5,0,1,43933804.64,44215889.025,46754648.49,116133344.85,544837932.27,1355793176.925,439511809.094,1445899315.22,599838140.805528,498083283.78,2197559045.47,0,0,43933804.64,544837932.27,1,1
Fundo legado,2020-04-30,00360305000104,5,0,1,41163418.99,41743260.723,46961836.32,123726523.74,528711688.17,1353183235.623,437070930.512,1444791185.34,598124301.621512,481749851.85,2185354652.56,0,0,41163418.99,528711688.17,1,1
Fundo legado,2020-05-31,00360305000104,5,0,1,38112846.33,39020830.877,47192691.8,123760318.82,512088284.82,1351007974.623,433075083.052,1444221273.49,597753234.24002,464895593.02,2165375415.26,0,0,38112846.33,512088284.82,1,1
Fundo legado,2020-06-30,00360305000104,5,0,1,35388979.63,36589954.206,47398725.39,124447835.34,494961513.73,1350104909.362,429463579.26,1445120842.21,597944939.329334,447562788.34,2147317896.3,0,0,35388979.63,494961513.73,1,1
Fundo legado,2020-07-31,00360305000104,5,0,1,32435280.13,33967365.603,47756134.86,126104084.37,477365134.84,1348822488.067,425862343.414,1445651082.87,597960237.721199,429608999.98,2129311717.07,0,0,32435280.13,477365134.84,1,1
Fundo legado,2020-08-31,00360305000104,5,0,1,29502447,31351541.503,47993392.03,141463767.1,459660940.99,1346280659.215,424682901.672,1444793961.24,595845133.760504,411667548.96,2123414508.36,0,0,29502447,459660940.99,1,1
Fundo legado,2020-09-30,00360305000104,5,0,1,26534933.53,28701984.631,48205444.54,142585911.48,440973352.67,1344720732.764,420687350.11,1445137108.33,596101530.080629,392767908.13,2103436750.55,0,0,26534933.53,440973352.67,1,1
Fundo legado,2020-10-31,00360305000104,5,0,1,23562794.77,25948354.72,47418394.27,145785880.53,422589018.46,1343608765.762,417060076.254,1445944293.24,596594098.618519,375170624.19,2085300381.27,0,0,23562794.77,422589018.46,1,1
Classe,2026-05-31,13486793000142,138,0,1,188290.81,1401353.55775,15382626.9275,54035167.075,156922696.1275,721880914.916998,163132497.338116,2621845896.29,382792240.614591,141540069.2,22512284632.66,0,0,188290.81,365966418.32,13,3
Fundo legado,2020-01-31,62418140000131,11,0,1,5006341.1,37502524.07,274039858.925,405762892.61,935461084.385,2433629544.4875,725047034.526364,2816447954.73,796076324.939449,661421225.46,7975517379.79,0,0,5006341.1,1285174313.76,1,2
Fundo legado,2020-02-29,62418140000131,11,0,1,5011075.9,41395380.2125,286508956.835,798077154.33,941721466.74,2477603008.8975,812680218.609091,2851339337.15,791183270.637477,655212509.905,8939482404.7,0,0,5011075.9,1356394024.14,1,2
Fundo legado,2020-03-31,62418140000131,11,0,1,75175145.88,93710221.2525,297545842.355,759045568.5,870525945.32,2280299479.5775,762976026.622727,2647166748.67,717234428.160566,572980102.965,8392736292.85,0,0,75175145.88,1179697672.3,1,1
Fundo legado,2020-04-30,62418140000131,11,0,1,76043130.86,89987445.7375,283458728.355,772381728.11,860619039.35,2156095347.665,741698838.13,2499668012.96,679338047.68657,577160310.995,8158687219.43,0,0,76043130.86,1125377351.78,1,1
Fundo legado,2020-05-31,62418140000131,11,0,1,14172259.98,29339261.6225,286800795.79,795906451.74,858556648.22,2199229073.81,735478923.243636,2575183457.93,708256221.364708,571755852.43,8090268155.68,0,0,14172259.98,1071365921.45,1,1
Fundo legado,2020-06-30,62418140000131,10,0,1,77106887.34,91307567.355,445032990.56,823718297.69,906188054.93,2273747992.553,818853342.07,2638732339.46,718202214.365267,461155064.37,8188533420.7,0,0,77106887.34,1016579686.54,1,1
Fundo legado,2020-07-31,62418140000131,10,0,1,81196406.52,96345815.98425,411327487.3075,855516112.845,954837861.6575,2368408473.79525,843686188.659,2763897507.28,755171715.9231,543510374.35,8436861886.59,0,0,81196406.52,1006168469.57,1,1
Fundo legado,2020-08-31,62418140000131,10,0,1,78867474.61,94390871.76625,418940974.485,841964065.66,933396093.3475,2323339011.9145,832057013.308,2703352114.09,737712592.940922,514455118.8625,8320570133.08,0,0,78867474.61,1014404993.31,1,1
Fundo legado,2020-09-30,62418140000131,10,0,1,80463777.16,96045957.2605,322602925.975,830837699.07,917461851.2525,2281767779.49275,805601183.55,2661986432.81,733759560.717836,594858925.2775,8056011835.5,0,0,80463777.16,972125751.4,1,1
Fundo legado,2020-10-31,62418140000131,10,0,1,92003281.86,104041757.9595,326869555.665,833753147.645,920047079.93,2256208047.98525,808390546.696,2614497332.78,720701275.668618,593177524.265,8083905466.96,0,0,92003281.86,1022100511.47,1,1
Classe,2024-10-31,62232889000190,157,0,1,-37736.23,2534313.269,21966636.46,52006087.62,114549231.72,1202233856.935,144829500.119045,2414531977.19,316183359.031157,92582595.26,22738231518.69,1,1,-37736.23,248524310.03,16,8
Classe,2024-11-30,62232889000190,176,0,1,-52796.34,1008203.265,23751152.1425,52871378.235,116479330.625,1176879023.3025,144282829.72375,2455565126.83,308331493.223357,92728178.4825,25393778031.38,1,3,-52796.34,252235712.11,19,10
Fundo,2025-11-30,62232889000190,289,0,1,0,1237249.28,24397481.4,56412718.01,124854228.42,889581646.348,142386355.468062,3185556460.8,324583527.434069,100456747.02,41149656730.27,0,1,0,270902622.53,27,2
Fundo,2025-12-31,62232889000190,177,0,1,44567.17,2688078.048,23721048.53,53764563.22,111865924.08,867235388.83,134707220.150339,3222503069.23,314282916.371786,88144875.55,23843177966.61,0,0,44567.17,225688198.39,18,1
Classe,2026-03-31,62418140000131,38,0,1,1889579.8,7682159.0705,130360487.4025,305486228.735,738748797.2625,5746892738.98674,786925325.741316,8425876243.16,1576616858.62713,608388309.86,29903162378.17,0,0,1889579.8,1321064069.51,3,3
Classe,2026-04-30,62418140000131,39,0,1,1853953.18,12339668.43,131971479.74,335129477.74,745170709.07,5738500215.90599,793963946.064359,8519703146.04,1575829186.97519,613199229.33,30964593896.51,0,0,1853953.18,1386304716.5,3,3
Classe,2026-05-31,62418140000131,40,0,1,1809907.36,12793564.84675,132737069.47,326430124.095,746930098.93,5729108802.0935,790244944.00075,8615892918.29,1573266716.78939,614193029.46,31609797760.03,0,0,1809907.36,1392033377.56,3,3
Classe,2026-06-30,62418140000131,41,0,1,0,0,135172905.51,301536912.8,708363721.37,4467343585.25,724056897.902195,8719298749.48,1485058068.83763,573190815.86,29686332813.99,0,2,0,1391099575.18,3,3
Classe,2026-07-31,62418140000131,43,0,1,0,0,87672403.435,292587974.38,637999502.49,4402583792.11799,687696202.133953,8835116779.7,1478366344.57131,550327099.055,29570936691.76,0,3,0,1409257508.45,3,3
Classe,2026-08-31,62418140000131,44,0,1,10421366.56,13146656.1275,143184137.6475,302190002.775,676838597.38,4390649417.53424,710992296.699091,8932735715.03,1471732508.22944,533654459.7325,31283661054.76,0,0,10421366.56,1421359212.23,3,3
Fundo,2020-11-30,00360305000104,4,0,1,47567202.53,55016167.87025,122056855.9325,170018722.265,506264383.805,1351671318.9275,458302517.4725,1445605422.83,660998183.607378,384207527.8725,1833210069.89,0,0,47567202.53,193150704.13,1,1
Fundo,2020-12-31,00360305000104,5,0,1,37440640.44,48404321.793,147077453.97,183256048.6,382302308.83,1336662101.272,438555706.01,1442702078.21,575001122.566273,235224854.86,2192778530.05,0,0,37440640.44,382302308.83,1,1
Fundo,2021-01-31,00360305000104,5,0,1,26194378.66,38302048.865,147271080.71,182383563.43,360701201.39,1332356672.309,431373723.098,1440318391.3,576594454.751422,213430120.68,2156868615.49,0,0,26194378.66,360701201.39,1,1
Fundo,2021-02-28,00360305000104,5,0,1,26437167.44,38656801.334,148633506.38,183610387.37,353037985.42,1330912484.797,430256850.712,1439565206.95,576168949.544878,204404479.04,2151284253.56,0,0,26437167.44,353037985.42,1,1
Fundo,2021-03-31,00360305000104,5,0,1,26641200.34,39091340.398,151142600.92,185727034.43,330237216.64,1329132881.854,426773868.286,1440121289.1,576709338.402106,179094615.72,2133869341.43,0,0,26641200.34,330237216.64,1,1
Fundo,2021-04-30,00360305000104,5,0,1,26899886.03,39194375.859,149844784.32,187523029.76,306912869.96,1325530392.827,421978137.532,1438710117.59,577082428.985397,157068085.64,2109890687.66,0,0,26899886.03,306912869.96,1,1
Fundo,2021-05-31,00360305000104,5,0,1,27127679.59,39638960.516,152240488.85,189022352.28,283728922.43,1317062202.611,416799290.934,1431877011.52,574849580.332542,131488433.58,2083996454.67,0,0,27127679.59,283728922.43,1,1
Fundo,2021-06-30,00360305000104,5,0,1,27375072.13,40113622.062,154760571.45,191341659.76,260030777.37,1307950902.843,411578910.61,1424386472.34,572454952.218869,105270205.92,2057894553.05,0,0,27375072.13,260030777.37,1,1
Fundo,2021-07-31,00360305000104,5,0,1,27650935.66,40399885.725,155140436.31,193306663.84,235205009.19,1299018011.193,405704500.172,1417219455.86,570756574.781097,80064572.88,2028522500.86,0,0,155140436.31,235205009.19,2,1
Fundo,2021-08-31,00360305000104,4,0,1,27951139.74,40552912.2075,153968864.415,200709495.85,506540216.7025,1319499410.33725,459799585.2675,1409828209.63,638578538.915172,352571352.2875,1839198341.07,0,0,27951139.74,205444219.06,1,1
Fundo,2021-09-30,00360305000104,4,0,1,28191821.42,38808548.72525,134359094.4725,184186326.22,499385076.23,1311438721.286,449557844.4825,1401666904.07,639093626.934653,365025981.7575,1798231377.93,0,0,28191821.42,198624466.95,1,1
Fundo,2021-10-31,00360305000104,3,0,1,28463756.6,37118255.5975,115008746.575,201553736.55,797629463.765,1334097618.2585,541240894.71,1393705190.98,743311218.535751,682620717.19,1623722684.13,0,0,28463756.6,1393705190.98,0,1
Fundo,2021-11-30,00360305000104,3,0,1,28690038.06,37502830.262,116817960.08,204945882.1,795639303.74,1327263383.216,539989548.513333,1386332725.38,738233777.614608,678821343.66,1619968645.54,0,0,28690038.06,1386332725.38,0,1
Fundo,2021-12-31,00360305000104,3,0,1,8418309.81,16117252.3255,85407734.965,162397160.12,771031758.2,1318802896.472,516827275.403333,1379666356.28,751196266.765062,685624023.235,1550481826.21,0,0,8418309.81,1379666356.28,0,1
Fundo,2022-01-31,00360305000104,3,0,1,8414808.66,16207324.5305,86339967.365,164265126.07,767125709.56,1309700234.701,514222075.926667,1369986293.05,745199051.824902,680785742.195,1542666227.78,0,0,8414808.66,1369986293.05,0,1
Fundo,2022-02-28,00360305000104,3,0,1,8336931.54,16215443.423,87122050.37,165907169.2,751349059.8,1278246761.34,503678350.38,1336790950.4,725785469.807105,664227009.43,1511035051.14,0,0,8336931.54,1336790950.4,0,1
Fundo,2022-03-31,00360305000104,4,0,1,8356501.3,20365701.77875,128448506.0875,181284524.055,477890198.3275,1244151074.65975,425054180.36,1329291172.03,608401385.45499,349441692.24,1700216721.44,0,0,8356501.3,194089873.76,1,1
Fundo,2022-04-30,00360305000104,4,0,1,9530645.26,21687398.03725,131098173.0325,183397497.055,475957486.5075,1234072058.16375,423658162.485,1318307010.57,602114585.811403,344859313.475,1694632649.94,0,0,9530645.26,195174311.82,1,1
Fundo,2022-05-31,00360305000104,4,0,1,9579771.98,21916603.90925,132948091.2725,184562207.69,474281863.525,1228198307.3155,422667747.1075,1311966801.07,598638208.755352,341333772.2525,1690670988.43,0,0,9579771.98,195053551.01,1,1
Fundo,2022-06-30,00360305000104,4,0,1,10160864.23,22448175.367,133033975.6,185534638.475,473158029.31,1218575195.035,420657366.435,1301399324.56,593027725.417055,340124053.71,1682629465.74,0,0,10160864.23,197077597.56,1,1
Fundo,2022-07-31,00360305000104,4,0,1,11238979.34,23425917.4265,133108360.205,186985785.095,473078696.645,1209742953.4055,419201271.755,1291594537.49,587566353.543513,339970336.44,1676805087.02,0,0,11238979.34,200240083.03,1,1
Fundo,2022-08-31,00360305000104,4,0,1,11299847.16,23440147.32525,132702848.8125,188539787.965,475299835.8925,1208054931.07225,419462896.74,1289472163.87,586127572.378451,342596987.08,1677851586.96,0,0,11299847.16,203909059.9,1,1
Fundo,2022-09-30,00360305000104,4,0,1,5337574.28,17897395.0925,130935782.405,188258899.145,473936339.6475,1203531401.11875,416613222.9075,1284597519.06,585181918.298309,343000557.2425,1666452891.63,0,0,5337574.28,203715946.51,1,0
Fundo,2022-10-31,00360305000104,4,0,1,5320344.66,17872181.4255,130838712.315,186833918.405,471103001.4125,1200408999.97925,415107795.3225,1281442999.82,583975209.966376,340264289.0975,1660431181.29,0,0,5320344.66,200989668.61,1,1
Fundo,2022-11-30,00360305000104,4,0,1,5167084.55,17745826.33775,130954502.4275,185195912.52,467665705.5475,1197091015.56175,413424295.455,1278138272.23,582776053.461568,336711203.12,1653697181.82,0,0,5167084.55,197508183.32,1,1
Fundo,2022-12-31,00360305000104,4,0,1,4702210.87,13398676.2715,91666864.885,159776553.325,468282081.6175,1195619037.83275,400172393.1775,1276434255.19,589596702.401088,376615216.7325,1600689572.71,0,0,4702210.87,198898023.76,1,0
Fundo,2023-01-31,00360305000104,4,0,1,4716891.22,13205545.4425,89603433.445,158650544.585,467964067.7975,1193081268.39575,398916956.6575,1273649846.24,588593975.100935,378360634.3525,1595667826.63,0,0,4716891.22,199402141.65,1,1
Fundo,2023-02-28,00360305000104,4,0,1,4678048.11,13183037.65125,89727943.5225,159708564.06,468047260.7725,1188158972.31625,398066640.235,1268171384.71,585642729.163369,378319317.25,1592266560.94,0,0,4678048.11,201339219.46,1,1
Fundo,2023-03-31,00360305000104,4,0,1,4698896.56,13226316.43825,89973095.3425,160870457.575,469560003.895,1188345679.8355,398662641.6625,1268210754.94,585382908.264899,379586908.5525,1594650566.65,0,0,4698896.56,203343086.88,1,1
Fundo,2023-04-30,00360305000104,4,0,1,5020011.66,13536903.08175,90188925.8775,161674268.01,469088068.27,1182746928.01,397602726.1375,1262042356.87,582069874.675185,378899142.3925,1590410904.55,0,0,5020011.66,204769972.07,1,0
Fundo,2023-05-31,00360305000104,4,0,1,5006242.49,13517932.99925,90123147.5825,161588894.77,468868644.2175,1182171664.90275,397402897.03,1261427556.09,581791578.766283,378745496.635,1589611588.12,0,0,5006242.49,204682340.26,1,1
Fundo,2023-06-30,00360305000104,4,0,1,5018177.02,13511841.8665,89954825.485,163237105.4,470628056.7575,1179164453.27075,397345776.8425,1257890719.55,579688680.057448,380673231.2725,1589383107.37,0,0,5018177.02,208207169.16,1,0
Fundo,2023-07-31,00360305000104,4,0,1,5033648.65,13525060.06975,89947762.8475,174086570.885,486102458.62,1177793276.581,401963650.5825,1254647811.91,575822462.945998,396154695.7725,1607854602.33,0,0,5033648.65,229920674.19,1,0
Fundo,2023-08-31,00360305000104,4,0,1,5076059.21,13569407.6945,90009544.055,165933692.785,473317861.61,1174700052.227,397393712.88,1252631406.74,576491147.451224,383308317.555,1589574851.52,0,0,5076059.21,213546679.9,1,0
Fundo,2023-09-30,00360305000104,4,0,1,5089734.61,13587579.91225,90068187.6325,166036547.715,472119726.4475,1169910344.52275,396151366.365,1247442635.42,573896403.048463,382051538.815,1584605465.46,0,0,5089734.61,213678756.79,1,0
Fundo,2023-10-31,00360305000104,4,0,1,5105355.07,13606496.2045,90116766.415,167133874.82,472920838.11,1167109716.51,395903729.705,1244241814.11,572075649.801406,382804071.695,1583614918.82,0,0,5105355.07,215813846.11,1,0
Fundo,2023-11-30,00360305000104,4,0,1,5114135.04,13616956.6875,90142351.515,167364428.305,472937229.8575,1166009581.54375,395715153.0675,1243017620.62,571418443.630581,382794878.3425,1582860612.27,0,0,5114135.04,216243766.27,1,0
Fundo,2023-12-31,00360305000104,4,0,1,5082657,12324616.2135,77502249.135,162097810.68,475992926.7575,1160279356.91675,391397365.2125,1236311182.49,570258644.986575,398490677.6225,1565589460.85,0,0,5082657,222553508.18,1,0
Fundo,2024-01-31,00360305000104,4,0,1,5029120.21,12293233.357,77670251.68,163216828.835,476808125.3575,1157905885.97275,391261548.2025,1233583414.93,568686745.853925,399137873.6775,1565046192.81,0,0,5029120.21,224549695.5,1,0
Fundo,2024-02-29,00360305000104,4,0,1,5033076.27,12315737.1405,77859684.975,164211180.825,476782980.83,1153121749.883,390431484.98,1228270502,565851645.288011,398923295.855,1561725939.92,0,0,5033076.27,226287140.44,1,0
Fundo,2024-03-31,00360305000104,4,0,1,5038743.8,12334449.929,77995805.09,165221959.595,477300095.7575,1150061801.39375,390073941.2525,1224813102.02,563936465.730489,399304290.6675,1560295765.01,0,0,5038743.8,228129093.67,1,0
Fundo,2024-04-30,00360305000104,4,0,1,5041087.74,12344870.4645,78078914.985,167623075.91,480090242.35,1147716401.761,390546081.425,1221897086.14,562034856.975422,402011327.365,1562184325.7,0,0,5041087.74,232821294.42,1,0
Fundo,2024-05-31,00360305000104,4,0,1,5043239.22,12359659.23,78207439.32,168632504.86,480370726.1875,1143764026.90375,389945660.6475,1217474393.65,559653009.833268,402163286.8675,1559782642.59,0,0,5043239.22,234669503.7,1,0
Fundo,2024-06-30,00360305000104,4,0,1,4926736.38,12260816.223,78267534.81,169808361.805,480874401.285,1139599193.5815,389333574.29,1212790837.17,557146390.077381,402606866.475,1557334297.16,0,0,4926736.38,236902255.99,1,0
Fundo,2024-07-31,00360305000104,4,0,1,4825379.49,12166240.12575,78233985.8475,170598182.53,481383075.74,1137186702.086,389018879.0575,1210053771.68,555679017.480341,403149089.8925,1556075516.23,0,0,4825379.49,238492843.76,1,0
Fundo,2024-08-31,00360305000104,4,0,1,4829730.15,12174061.821,78273046.86,171749448.68,481993809.945,1133366285.4855,388517408.125,1205741004.99,553343786.988392,403720763.085,1554069632.5,0,0,4829730.15,240744744.93,1,0
Fundo,2024-09-30,00360305000104,4,0,1,4837374.65,12183861.03875,78302238.5375,172815542.235,482457924.525,1129424814.2235,387944620.8275,1201310024.19,550969596.266509,404155685.9875,1551778483.31,0,0,4837374.65,242840557.97,1,0
Fundo,2024-10-31,00360305000104,4,0,1,4840858.89,12203326.55925,78465535.5825,174121177.715,483342369.7975,1126231563.68575,387686727.665,1197663696.34,548928824.451655,404876834.215,1550746910.66,0,0,4840858.89,245235260.95,1,0
Fundo,2024-11-30,00360305000104,4,0,1,4839662.67,12211024.8645,78553284.615,174295059.2,482265385.7025,1121624735.63025,386523611.1175,1192664663.4,546430370.210965,403712101.0875,1546094444.47,0,0,4839662.67,245465626.47,1,0
Classe,2024-12-31,00360305000104,3,0,1,4788418.25,16929944.1525,126203677.275,247618936.3,718539339.005,1142367701.4395,480622365.42,1189459741.71,625763121.830758,592335661.73,1441867096.26,0,0,4788418.25,1189459741.71,0,0
Classe,2025-01-31,00360305000104,3,0,1,4788912.51,17036493.336,127264720.77,249740529.03,717719366.82,1138900320.831,480075882.05,1185698204.61,623239496.646487,590454646.05,1440227646.15,0,0,4788912.51,1185698204.61,0,0
Classe,2025-02-28,00360305000104,3,0,1,4776735.61,17137543.999,128384819.5,251992903.39,717082160.785,1135662492.4405,479647019.06,1182171418.18,620833598.415989,588697341.285,1438941057.18,0,0,4776735.61,1182171418.18,0,0
Classe,2025-03-31,00360305000104,3,0,1,4755848.29,16974250.465,126939870.04,249123891.79,713523344.555,1131482852.0435,477267512.466667,1177922797.32,618964705.226141,586583474.515,1431802537.4,0,0,4755848.29,1177922797.32,0,0
Classe,2025-04-30,00360305000104,3,0,1,4732717.68,16992787.665,127333417.53,249934117.38,712457541.315,1128728622.8565,476549266.77,1174980965.25,617159671.14269,585124123.785,1429647800.31,0,0,4732717.68,1174980965.25,0,0
Classe,2025-05-31,00360305000104,3,0,1,4735980.57,17014494.1965,127521116.835,250306253.1,711074641.62,1125766191.288,475628421.27,1171843030.14,615314777.89065,583553524.785,1426885263.81,0,0,4735980.57,1171843030.14,0,0
Classe,2025-06-30,00360305000104,3,0,1,4311546.43,16728260.7785,128478689.915,252645833.4,710262786.06,1122118043.454,474945706.183333,1167879738.72,612809643.859224,581784096.145,1424837118.55,0,0,4311546.43,1167879738.72,0,0
Classe,2025-07-31,00360305000104,4,0,1,4329195.97,15983427.58,120871512.07,198228561.02,468972486.4175,1096005137.31575,391615437.4675,1165675431.86,525015065.148811,348100974.3475,1566461749.87,0,0,4329195.97,236738171.27,1,0
Classe,2025-08-31,00360305000104,4,0,1,4326704.04,16149656.14425,122556225.0825,200509445.725,469640765.7225,1092228202.91925,391687545.08,1161404584.83,522360685.774312,347084540.64,1566750180.32,0,0,4326704.04,239052826.02,1,0
Classe,2025-09-30,00360305000104,4,0,1,4340120.45,16319830.39325,124137219.8825,202777863.5,470105887.9325,1087379205.62225,391465244.315,1155965129.81,519143028.861123,345968668.05,1565860977.26,0,0,4340120.45,241486140.64,1,0
Classe,2025-10-31,00360305000104,4,0,1,3023806.54,15269045.77075,125476198.8475,201818167.575,466782099.535,1086268553.3395,390440130.8075,1155100381.54,519126567.176156,341305900.6875,1561760523.23,0,0,3023806.54,237342672.2,1,0
Classe,2025-11-30,00360305000104,2,0,1,2997004.03,10902643.554,82053399.27,161109794.51,240166189.75,311316945.466,161109794.51,319222584.99,223605252.681472,158112790.48,322219589.02,0,0,2997004.03,319222584.99,0,0
Classe,2025-12-31,00360305000104,3,0,1,2994014.37,26114088.968,234194760.35,465395506.33,806272988.57,1113062722.586,538513330.503333,1147150470.81,575572029.690652,572078228.22,1615539991.51,0,0,2994014.37,1147150470.81,0,0
Classe,2026-01-31,00360305000104,4,0,1,2911270.39,20969191.69225,183490483.4125,357098679.705,638650861.06,1092620912.449,465042664.7675,1143062029.27,490681659.673166,455160377.6475,1860170659.07,0,0,2911270.39,1143062029.27,0,0
Classe,2026-02-28,00360305000104,4,0,1,2863173.44,20438334.977,178614788.81,356307047.28,640991795.1475,1088047970.35375,463299536.6775,1137720878.71,489255963.108019,462377006.3375,1853198146.71,0,0,2863173.44,1137720878.71,0,0
Classe,2026-03-31,00360305000104,4,0,1,2812849.62,20606615.613,180750509.55,360777557.71,645006354.93,1086494971.329,464979306.77,1135549262.04,487894075.448589,464255845.38,1859917227.08,0,0,2812849.62,1135549262.04,0,0
Classe,2026-04-30,00360305000104,4,0,1,2737591.58,20707428.2015,182435957.795,364662854.275,647906909.925,1082381769.2775,465680013.445,1130656753.65,485402475.46044,465470952.13,1862720053.78,0,0,2737591.58,1130656753.65,0,0
Classe,2026-05-31,00360305000104,4,0,1,2685323.86,20748482.65675,183316911.8275,368013130.325,650971214.31,1078846680.297,466274995.8125,1126388398.74,483380199.119515,467654302.4825,1865099983.25,0,0,2685323.86,1126388398.74,0,0
Classe,2026-06-30,00360305000104,4,0,1,2653417.61,20731675.529,183435996.8,382972785.2,672312390.97,1077484319.14,472775602.57,1122503422.27,482384966.982679,488876394.17,1891102410.28,0,0,2653417.61,1122503422.27,0,0
Classe,2026-07-31,00360305000104,4,0,1,2624967.97,20893774.56925,185313033.9625,387587300.21,676489327.8325,1074803542.93825,474215061.585,1119060677.95,480696522.183201,491176293.87,1896860246.34,0,0,2624967.97,1119060677.95,0,0
Classe,2026-08-31,00360305000104,4,0,1,2591770.11,20912018.9895,185794258.905,390978291.18,679845389.16,1070671906.479,474661356.885,1114097075.07,478634375.18399,494051130.255,1898645427.54,0,0,2591770.11,1114097075.07,0,0
Classe,2026-06-30,02671743000119,44,0,1,-260481.74,-118465.99475,1453515.4,9758073.055,78516960.9375,1193267826.23275,127187891.934091,2140596574.92,372455615.714073,77063445.5375,5596267245.1,3,0,-260481.74,170441347.34,5,4
Classe,2026-07-31,02671743000119,32,0,1,-288974.42,-168471.69275,2941288.7825,15130257.365,93220524.54,1463433795.66575,162223105.405938,2140342605.89,432652970.712773,90279235.7575,5191139372.99,3,0,-288974.42,170384009.78,4,4
Fundo,2020-11-30,00806535000154,6,0,1,2103654.41,2318010.8575,5119891.21,15581235.325,55853903.1325,181727207.52875,50380106.0733333,198103609.14,76299473.9698069,50734011.9225,302280636.44,0,0,2103654.41,67092396.25,1,0
Fundo,2020-12-31,67030395000146,65,0,1,1000,380926.472,3815031.3,12592125.66,77650180.95,508305232.429999,105730687.814923,3583605129.9,454767534.176965,73835149.65,6872494707.97,0,0,1000,138015819.25,3,1
Fundo,2021-01-31,00806535000154,8,0,1,2078183.64,2680287.9295,10882467.2275,24853709.555,44465498.03,59357024.04875,28270809.71,60301544.26,21981399.8178981,33583030.8025,226166477.68,0,0,2078183.64,60301544.26,0,0
Fundo,2021-02-28,00806535000154,9,0,1,955000,1172089.288,5660745.09,22123423.78,42241552.3,58980067.21,25131642.7977778,60238687.02,22414565.4362384,36580807.21,226184785.18,0,0,955000,60238687.02,0,0
Fundo,2021-03-31,00806535000154,10,0,1,950000,1191025.03775,7804596.6225,20822720.975,39215637.0975,58802439.59725,24540270.255,60187770.58,21404233.7410645,31411040.475,245402702.55,0,0,950000,60187770.58,0,0
Fundo,2021-04-30,00806535000154,10,0,1,945000,1186162.659,14517147.85,20446287.115,39198404.545,59515025.4075,25653047.213,61143574.98,20770754.4019938,24681256.695,256530472.13,0,0,945000,61143574.98,0,0
Fundo,2021-05-31,00806535000154,11,0,1,320968.61,475726.4575,7861515.83,21130243.87,36260399.94,60140950.2025,24056326.9927273,62354767.64,21665595.0742086,28398884.11,264619596.92,0,0,320968.61,62354767.64,0,0
Fundo,2021-06-30,00806535000154,13,0,1,554710.35,668797.245,2538172.9,21897933.87,48387850.32,160394579.081,36434498.1361538,202429564.4,53995571.4448474,45849677.42,473648475.77,0,0,554710.35,62312946.67,1,0
Fundo,2021-07-31,00806535000154,15,0,1,930000,1018417.9695,2242040.655,16853172.92,41690289.66,154855509.239,32691427.854,203223260.51,51633033.7814216,39448249.005,490371417.81,0,0,930000,65029685.45,1,0
Fundo,2021-08-31,00806535000154,16,0,1,924999.99,1094325.42375,2321764.9875,18051262.33,39217523.4375,151299990.3825,32648938.3475,204147081.81,49933339.2487853,36895758.45,522383013.56,0,0,924999.99,63221504.67,1,0
Fundo,2021-09-30,00806535000154,18,0,1,919999.99,1292828.83875,3298726.985,16317051.735,34971372.5675,144787363.20025,31009833.4661111,205107160.18,47581860.7789195,31672645.5825,558177002.39,0,0,919999.99,63178226.11,1,0
Fundo,2021-10-31,00806535000154,18,0,1,914765.67,1285309.84625,6564701.515,19611689.69,37548918.715,127259880.217,30755974.56,174088473.92,40583970.7948453,30984217.2,553607542.08,0,0,914765.67,63903547.56,1,0
Fundo,2021-11-30,00806535000154,20,0,1,85011.5,290100.5875,3128088.2075,18754494.92,37643415.83,122275936.505,28794053.1965,175129539.62,39571150.5645808,34515327.6225,575881063.93,0,0,85011.5,63858796.22,1,0
Fundo,2021-12-31,00806535000154,19,0,1,53715.58,98327.2345,1698969.625,12074330.7,25052038.435,60684359.971,18789483.0510526,63805283.59,20681088.9385672,23353068.81,357000177.97,0,0,53715.58,56869897.77,1,0
Fundo,2022-01-31,00806535000154,19,0,1,32029.82,73456.7165,1358841.05,12049592.37,25600385.045,60908477.7365,18778437.0357895,63761632.1,20741725.2276238,24241543.995,356790303.68,0,0,32029.82,57421289.07,1,0
Fundo,2022-02-28,00806535000154,20,0,1,24225.39,97951.8405,2059943.7875,13685279.655,24963372.3325,60992133.35525,18911007.5905,63721571.33,20211789.2613744,22903428.545,378220151.81,0,0,24225.39,57975386.12,1,0
Fundo,2022-03-31,00806535000154,23,0,1,0.01,92265.8925,1361207.09,12067674.74,20820244.33,61339993.816,17713406.2208696,65133251.13,20654173.1797714,19459037.24,407408343.08,0,0,0.01,30652220.86,4,0
Fundo,2022-04-30,00806535000154,26,0,1,0.01,101706.2975,1452189.5175,11841444.095,21760112.7325,57659967.93875,17265443.2969231,58543303.52,19144376.0543015,20307923.215,448901525.72,0,0,0.01,33120085.53,4,0
Fundo,2022-05-31,00806535000154,29,0,1,0.01,105497.206,1315390.8,13496991.7,26134487.38,83801353.3690001,21368513.1310345,142359262.87,29041737.4544136,24819096.58,619686880.8,0,0,0.01,58705106.44,1,0
Fundo,2022-06-30,00806535000154,33,0,1,-112489.12,152171.216,1796116.67,11532218.07,24626747.89,77746518.8660002,20178358.6681818,144937021.13,28301166.1913017,22830631.22,665885836.05,1,0,-112489.12,52275668.75,3,1
Fundo,2022-07-31,00806535000154,35,0,1,-157691.61,37262.928,1573079.41,10856064.4,25282082.145,73579075.8879999,19683600.6071429,146181920.68,28198889.6127484,23709002.735,688926021.25,1,0,-157691.61,60766809.16,1,1
Fundo,2022-08-31,00806535000154,35,0,1,0,56579.536,1849112.705,9337468.98,32287379.91,100920595.843,22353179.0988571,162662524.24,32801706.9057605,30438267.205,782361268.46,0,1,0,60950175.97,2,0
Fundo,2022-09-30,00806535000154,38,0,1,-47824.7,-3586.8525,1668468.125,9850787.46,30970828.615,95700276.8204997,21962966.2131579,166655987.25,32338849.4635002,29302360.49,834592716.1,1,2,-47824.7,63308147.97,2,3
Fundo,2022-10-31,00806535000154,37,0,1,-79351.58,151364.842,1248122.18,10320253.06,31617839.93,96653599.3560001,21942721.3748649,157501871.31,31322978.3219055,30369717.75,811880690.87,1,0,-79351.58,60941584.77,2,1
Fundo,2022-11-30,00806535000154,40,0,1,-111376.61,337513.039,2544221.94,12276827.755,38670403.34,91740811.9454999,24777783.867,165939910.38,32427743.277947,36126181.4,991111354.68,1,0,-111376.61,89838270.96,1,1
Fundo,2022-12-31,00806535000154,39,0,1,-143425.76,303391.141,3347690.33,13064171.67,36720006.2,171216557.8315,27635891.8951282,202568650.71,42382986.8912353,33372315.87,1077799783.91,1,0,-143425.76,74204981.79,2,1
Fundo,2023-01-31,00806535000154,40,0,1,-175030.16,291860.212,3375078.1975,13668479.225,37315163.6875,174104543.09125,27305460.41725,202462250.05,42250495.7809982,33940085.49,1092218416.69,1,0,-175030.16,74410810.41,2,1
Fundo,2023-02-28,00806535000154,40,0,1,-206634.56,227518.4905,3411278.3175,13779144.625,39879703.6275,179507035.17175,30623306.6295,303046035.37,54764992.6263367,36468425.31,1224932265.18,1,0,-206634.56,74581811.65,2,1
Fundo,2023-03-31,00806535000154,43,0,1,-244701.25,58432.9815,4021428.865,13258683.2,38615318.575,189006949.776,30581716.9172093,312229583.73,55823570.8055877,34593889.71,1315013827.44,1,0,-244701.25,74773549.52,2,1
Fundo,2023-04-30,00806535000154,44,0,1,-276305.65,17661.8515,3338220.4575,13153498.63,37617612.085,172710207.584,30945741.7088636,312193813.05,54798098.3302908,34279391.6275,1361612635.19,1,0,-276305.65,79565661.59,2,1
Fundo,2023-05-31,00806535000154,47,0,1,-315111.37,10994.635,3425940.68,13582102.16,32407583.965,169821317.176,29935693.5321277,312154675.32,53531246.7101008,28981643.285,1406977596.01,1,0,-315111.37,75184453.1,4,2
Fundo,2023-06-30,00806535000154,48,0,1,-348569.23,-20007.8175,1629690.275,12775143.58,35346472.895,171442553.117,31711186.036875,442075649.14,68926255.0231059,33716782.62,1522136929.77,2,1,-348569.23,75392731.21,3,4
Fundo,2023-07-31,00806535000154,47,0,1,-381244.05,-24977.85,3351740.17,15213426.29,37872427.505,168478550.9165,45431061.4853192,897875164.53,132071912.624711,34520687.335,2135259889.81,2,0,-381244.05,75603856.7,4,2
Fundo,2023-08-31,00806535000154,52,0,1,-413918.87,-43767.68775,2085019.98,14900772.895,36209681.265,185082527.66075,42471421.9030769,897799975.13,126721023.417436,34124661.285,2208513938.96,2,0,-413918.87,75828775.65,4,2
Fundo,2023-09-30,00806535000154,55,0,1,-446593.69,-50977.667,2147999.225,15193025.94,32903479.335,180690387.705,32842808.0829091,430576686.41,66115172.7041781,30755480.11,1806354444.56,2,1,-446593.69,76022829.37,4,2
Fundo,2023-10-31,00806535000154,55,0,1,-479268.51,-87393.0005,2754356.265,16087308.7,38190153.84,180602273.9615,35213173.8716364,431194130.16,67120538.9218162,35435797.575,1936724562.94,3,0,-479268.51,76221957.94,5,3
Fundo,2023-11-30,00806535000154,60,0,1,-511943.33,-129770.506,3675887.9125,16144556.365,36333287.545,178351304.76175,34302124.3605,431140018.03,65103451.8363535,32657399.6325,2058127461.63,3,0,-511943.33,76404998.52,5,3
Fundo,2023-12-31,00806535000154,65,0,1,-544618.15,-146236.104,3689103.76,15951196.44,34770695.58,302942664.136,38458672.4650769,431124658.4,80158615.5477268,31081591.82,2499813710.23,3,2,-544618.15,76584127.27,6,3
Fundo,2024-01-31,00806535000154,64,0,1,-577292.97,-96263.79575,4969030.12,16893052.33,40049190.8275,352387831.9465,44866055.935,437353645.72,87020866.8320667,35080160.7075,2871427579.84,3,0,-577292.97,87460018.17,7,3
Fundo,2024-02-29,00806535000154,64,0,1,-609967.79,-75233.18825,5590412.5225,17427835.385,45026517.5475,351855756.55825,46595329.6125,441697618.77,87131179.4768661,39436105.025,2982101095.2,3,0,-609967.79,87454920.13,7,3
Fundo,2024-03-31,00806535000154,64,0,1,-642642.61,-68553.07625,5040254.68,17107729.04,40805213.5825,360390129.13475,46876669.5409375,446398863.21,87848143.5909837,35764958.9025,3000106850.62,2,0,-642642.61,87452503.61,7,2
Fundo,2024-04-30,00806535000154,71,0,1,-674534.39,-57072.8625,4966276.26,13697355.84,42400548.165,344317057.89,43984753.7661972,451493091.66,85949726.1527647,37434271.905,3122917517.4,3,1,-674534.39,87455335.59,7,4
Fundo,2024-05-31,00806535000154,71,0,1,-707209.21,-77972.8575,4860800.18,12318339.95,51123461.11,362522982.3225,45810370.7352113,457746031.12,88532071.8116931,46262660.93,3252536322.2,4,0,-707209.21,119760840.45,6,4
Fundo,2024-06-30,00806535000154,73,0,1,-739884.03,-32167.158,5156841.3,15398477.82,53961633.32,360543496.734,46192930.2090411,457746031.12,87386941.7796536,48804792.02,3372083905.26,3,0,-739884.03,119736081.11,6,3
Fundo,2024-07-31,00806535000154,76,0,1,-773090.75,50399.5525,4948706.6575,14976565.98,54451192.265,370046457.26,44885073.7168421,468159518.29,87580181.8572647,49502485.6075,3411265602.48,2,0,-773090.75,119708192.36,6,2
Fundo,2024-08-31,00806535000154,79,0,1,-808105.97,412514.8015,5050558.225,15374765.86,55422821.515,376935931.616,48573970.4006329,474086046.74,88669175.6275906,50372263.29,3837343661.65,1,0,-808105.97,119680382.29,7,1
Fundo,2024-09-30,00806535000154,80,0,1,-854499.4,200377.26975,4891488.5175,14429431.935,55509916.4525,401536784.6385,48800049.09,479568775.05,90518703.9402291,50618427.935,3904003927.2,1,0,-854499.4,119646959.48,7,1
Fundo,2024-10-31,00806535000154,39,0,1,-890583.31,120670.3815,7389639.76,23180664.75,80853096.29,429443945.486,64049425.9425641,445316396.07,103840582.515298,73463456.53,2497927611.76,1,0,-890583.31,148732793.74,3,1
Fundo,2024-11-30,00806535000154,33,0,1,-923258.13,-150658.514,2037198.26,22261394.42,78517711.31,439879068.284,68370549.8136364,485678551.38,115900613.799157,76480513.05,2256228143.85,1,0,-923258.13,145212473.56,3,1
Classe,2024-12-31,00806535000154,81,0,1,17119.31,258549.82,4639099.6,19602410.16,59387775.62,428232316.05,54586676.1906173,549244347.39,101497082.98871,54748676.02,4421520771.44,0,0,17119.31,135446298.07,7,1
Classe,2025-01-31,00806535000154,82,0,1,-4071.5,224574.405,4536818.19,20011286.43,56973294.51,423997058.638499,54591950.5473171,575348682.43,102798834.800458,52436476.32,4476539944.88,1,0,-4071.5,135435686.33,8,1
Classe,2025-02-28,00806535000154,83,0,1,-444090.67,128472.2355,4913909.38,18867249.64,57751015.645,420087412.561001,54665605.5454217,617675425.53,105551607.013872,52837106.265,4537245260.27,2,0,-444090.67,135624626.69,8,2
Classe,2025-03-31,00806535000154,90,0,1,-2047950.46,93675.613,3973554.2975,16758784.905,56335245.1275,392920614.599499,51724891.923,633366964.98,103421563.895419,52361690.83,4655240273.07,2,0,-2047950.46,133669753.73,8,2
Classe,2025-04-30,00806535000154,93,0,1,-1532615.51,77580.251,4823040.95,17469422.72,59000144.43,382299244.497,52466521.1508602,653350428.59,103127383.120862,54177103.48,4879386467.03,2,0,-1532615.51,135597121.87,7,2
Classe,2025-05-31,00806535000154,97,0,1,-96172.98,54165.456,4808712.8,16862303.83,59356819.13,330282389.436,49117636.2940206,534099229.69,88082809.84012,54548106.33,4764410720.52,2,0,-96172.98,135582026.19,7,2
Classe,2025-06-30,00806535000154,106,0,1,-138904.36,0,3428086.695,16586417.375,57740514.96,290649592.49,48256642.9127359,532876865.17,86757113.3835243,54312428.265,5115204148.75,2,2,-138904.36,135566406.05,9,2
Classe,2025-07-31,00806535000154,112,0,1,-84562.88,23598.203,3550133.53,17527981.545,57622303.34,277525231.947499,48081494.2691964,544561673.99,89414115.775981,54072169.81,5385127358.15,2,0,-84562.88,137201372.12,8,4
Classe,2025-08-31,00806535000154,115,0,1,-118067.95,6751.09,3861461.83,16809070.76,58397101.91,267950295.986999,48104580.0061739,559114895.64,89602645.5119302,54535640.08,5532026700.71,3,0,-118067.95,136201418.31,8,6
Classe,2025-09-30,00806535000154,117,0,1,-104362.19,-15459.53,4111780.2,17381056.4,58551042.46,325619690.059,46944137.1550427,566994953.21,84618241.735526,54439262.26,5492464047.14,4,2,-104362.19,139825912.7,7,6
Classe,2025-10-31,00806535000154,125,0,1,-137725.44,32683.301,4094635.8,16596370.2,57244375.83,336685390.960999,46896939.9128,606339783.49,86151625.5354076,53149740.03,5862117489.1,3,0,-137725.44,135506460.27,8,3
Fundo,2025-11-30,00806535000154,124,0,1,-180904.51,4040.51175000001,4538732.65,18698859.03,61737963.7275,263430616.865,51333114.6775,610849625.98,90163662.5136327,57199231.0775,6365306220.01,3,1,-180904.51,135493282.92,10,3
Fundo,2021-02-28,42066258000130,9,0,1,-24594696.09,-19923688.834,21221146.54,70748916.12,955736455.6,2885907140.786,628594815.656667,3328721207.74,1101786286.9088,934515309.06,5657353340.91,2,0,-24594696.09,1114650872.97,1,3
Fundo,2021-03-31,42066258000130,9,0,1,-24828867.08,-20123044.264,2082377.51,37397793.03,955266015.95,2885573850.67,611210913.875556,3328572957.11,1111147188.52791,953183638.44,5500898224.88,2,0,-24828867.08,1113577424.91,1,3
Fundo,2021-04-30,42066258000130,9,0,1,-24928390.5,-20214216.746,2066115.76,37336785.73,954847275.39,2885267733.12,611037150.661111,3328424654.02,1111038501.47501,952781159.63,5499334355.95,2,0,-24928390.5,1112640049.52,1,3
Fundo,2021-05-31,42066258000130,9,0,1,-24996827.31,-20280491.96,2049911.58,37277195.47,954377507.56,2639968473.362,576811462.063333,3022044608.26,1018112545.0404,952327595.98,5191303158.57,2,0,-24996827.31,1111663933.77,1,3
Fundo,2021-06-30,42066258000130,9,0,1,-4475369.97,-3173553.66,10527226.99,36179241.65,951716358.12,2639656462.396,579909810.158889,3021898408.26,1015596546.35866,941189131.13,5219188291.43,1,0,-4475369.97,1110688678.94,1,2
Fundo,2021-07-31,42066258000130,9,0,1,-6037043.57,-4426132.54,9149794.34,36152402.55,951338079.28,2639335371.034,579497862.628889,3021752205.66,1015625371.40431,942188284.94,5215480763.66,1,0,-6037043.57,1109668032.53,1,2
Fundo,2021-08-31,42066258000130,9,0,1,-6001479.04,-4400931.196,9083567.86,36068625.66,951004797.98,2639003135.072,579309035.225556,3021605599.76,1015504708.02038,941921230.12,5213781317.03,1,0,-6001479.04,1108593276.32,1,2
Fundo,2021-09-30,42066258000130,9,0,1,-27789814.89,-25759829.076,1985058.79,20309477.86,71519982.57,2607300391.192,451720250.268889,3021458996.46,1012701340.46419,69534923.78,4065482252.42,2,0,-27789814.89,71519982.57,2,3
Fundo,2021-10-31,42066258000130,7,0,1,-27753130.54,-23294832.349,5428461.65,20394028.47,510751821.76,2710611706.6865,578044836.88,3021312393.41,1132711695.33505,505323360.11,4046313858.16,1,0,-27753130.54,949974481.92,1,2
Fundo,2021-11-30,42066258000130,7,0,1,-27794920.87,-23529773.8375,4740185.955,20731976.39,510821679.055,2710437306.9445,577889501.744286,3021165726.67,1132698482.39677,506081493.1,4045226512.21,1,0,-27794920.87,949642928.5,1,2
Fundo,2021-12-31,42066258000130,7,0,1,-27695283.25,-23526206.125,4454091.75,20634573.38,510527204.02,2710210545.6005,577702998.345714,3021019106.75,1132649390.16902,506073112.27,4043920988.42,1,0,-27695283.25,948962032.42,1,2
Fundo,2022-01-31,42066258000130,7,0,1,-27620668.19,-23465399.1455,4420967.71,20670834.27,510495583.535,2710022549.164,577679396.342857,3020872505.83,1132542832.47256,506074615.825,4043755774.4,1,0,-27620668.19,948539461.39,1,2
Fundo,2022-02-28,42066258000130,7,0,1,-27594277.84,-23445655.2235,4409554.44,20624299.52,510381738.65,2709823910.5515,577619787.684286,3020725905.93,1132446840.50994,505972184.21,4043338513.79,1,0,-27594277.84,948045936.74,1,2
Fundo,2022-03-31,42066258000130,8,0,1,-27458581.69,-22647199.975,6563365.7375,46988892.445,326359895.9325,2657821773.2475,520350706.74375,3020579291.43,1060775495.85836,319796530.195,4162805653.95,1,0,-27458581.69,119253465.4,2,2
Fundo,2022-04-30,42066258000130,8,0,1,-27389698.71,-22593270.045,6511779.48,47256754.18,325968328.725,2657643093.33225,520305224.8475,3020432694.13,1060697261.21678,319456549.245,4162441798.78,1,0,-27389698.71,118841351.3,2,2
Fundo,2024-10-31,42066258000130,8,0,1,-30662484.71,-25304833.78375,4235801.96,26006867.225,303712642.8775,3157661686.0165,592582672.43375,3602873686.68,1270446003.92252,299476840.9175,4740661379.47,2,0,-30662484.71,52015153.35,2,3
Fundo,2024-11-30,42066258000130,2,0,1,-36055176.75,-35013719.01525,-25640599.4025,-15226022.055,-4811444.7075,4561674.90525,-15226022.055,5603132.64,29456873.0624362,20829154.695,-30452044.11,1,0,-36055176.75,5603132.64,0,1
Fundo,2025-08-31,02201501000161,2,0,1,-20248549.08,-15630064.1845,25936299.875,72121148.83,118305997.785,159872361.8445,72121148.83,164490846.74,130630479.536628,92369697.91,144242297.66,1,0,-20248549.08,164490846.74,0,1
Fundo,2025-09-30,02201501000161,2,0,1,-20327068.6,-19696644.33,-14022825.9,-7718583.2,-1414340.5,4259477.93,-7718583.2,4889902.2,17831091.0536632,12608485.4,-15437166.4,1,0,-20327068.6,4889902.2,0,1
Fundo,2025-10-31,02201501000161,1,0,1,-20370409.37,-20370409.37,-20370409.37,-20370409.37,-20370409.37,-20370409.37,-20370409.37,-20370409.37,,0,-20370409.37,1,0,-20370409.37,-20370409.37,0,1
Fundo,2026-01-31,02201501000161,1,0,1,-20583321.06,-20583321.06,-20583321.06,-20583321.06,-20583321.06,-20583321.06,-20583321.06,-20583321.06,,0,-20583321.06,1,0,-20583321.06,-20583321.06,0,1
Fundo,2026-02-28,02201501000161,1,0,1,-20579220.18,-20579220.18,-20579220.18,-20579220.18,-20579220.18,-20579220.18,-20579220.18,-20579220.18,,0,-20579220.18,1,0,-20579220.18,-20579220.18,0,1
Fundo,2026-03-31,02201501000161,1,0,1,-20610958.95,-20610958.95,-20610958.95,-20610958.95,-20610958.95,-20610958.95,-20610958.95,-20610958.95,,0,-20610958.95,1,0,-20610958.95,-20610958.95,0,1
Fundo,2026-04-30,02201501000161,1,0,1,-20779016.94,-20779016.94,-20779016.94,-20779016.94,-20779016.94,-20779016.94,-20779016.94,-20779016.94,,0,-20779016.94,1,0,-20779016.94,-20779016.94,0,1
Fundo,2026-05-31,02201501000161,1,0,1,-20889123.82,-20889123.82,-20889123.82,-20889123.82,-20889123.82,-20889123.82,-20889123.82,-20889123.82,,0,-20889123.82,1,0,-20889123.82,-20889123.82,0,1
Fundo,2026-06-30,02201501000161,1,0,1,-24467457.04,-24467457.04,-24467457.04,-24467457.04,-24467457.04,-24467457.04,-24467457.04,-24467457.04,,0,-24467457.04,1,0,-24467457.04,-24467457.04,0,1
Fundo,2026-07-31,02201501000161,1,0,1,-24448881.93,-24448881.93,-24448881.93,-24448881.93,-24448881.93,-24448881.93,-24448881.93,-24448881.93,,0,-24448881.93,1,0,-24448881.93,-24448881.93,0,1
Fundo,2026-08-31,02201501000161,1,0,1,-24512586.79,-24512586.79,-24512586.79,-24512586.79,-24512586.79,-24512586.79,-24512586.79,-24512586.79,,0,-24512586.79,1,0,-24512586.79,-24512586.79,0,1
Fundo legado,2020-01-31,03017677000120,10,0,1,1248538.67,1509123.9545,41636693.9975,48784317.37,53707967.765,108143755.91,48554201.859,117607202.81,33327487.6879949,12071273.7675,485542018.59,0,0,40996020.21,54111549.28,4,0
Fundo legado,2020-02-29,03017677000120,10,0,1,1250946.58,1511245.69825,39257673.075,46828243.05,53699565.0675,119685849.80275,49160970.691,132506170.57,37069392.2042814,14441891.9925,491609706.91,0,0,38681288.83,54102534.98,4,0
Fundo legado,2020-03-31,03017677000120,10,0,1,1235143.13,1499296.39025,39233557.915,46822140.835,53689254.1175,119670694.60875,49150364.878,132487097.01,37067524.2344574,14455696.2025,491503648.78,0,0,38652795.33,54091498.34,4,0
Fundo legado,2020-04-30,03017677000120,10,0,1,1234192.13,1497300.4655,39222729.1,46814379.64,53677985.7675,119648862.30275,49140469.614,132460294.67,37061773.5316188,14455256.6675,491404696.14,0,0,38642759.2,54080024.39,4,0
Fundo legado,2020-05-31,03017677000120,10,0,1,1232877.92,1495104.47375,39211585.2875,46805043.27,53665410.32,139590040.9355,51705807.466,158192349.83,43776090.3804598,14453825.0325,517058074.66,0,0,38632505.38,54066980.99,4,0
Fundo legado,2020-06-30,03017677000120,10,0,1,1231106.62,1493025.93175,39200023.6875,46795464.84,53652607.105,139568553.72775,51695279.133,158166148.15,43770141.2128073,14452583.4175,516952791.33,0,0,38621865.25,54053775.59,4,0
Fundo legado,2020-07-31,03017677000120,10,0,1,1228720.41,1490313.21975,39185034.7225,46785523.56,53740410.655,151099149.60275,53187173.067,173045948.54,47856321.5171743,14555375.9325,531871730.67,0,0,38610836.98,75504619.93,3,0
Fundo legado,2020-08-31,03017677000120,10,0,1,2366230.84,6062679.3805,39169037.045,46861990.745,53727750.595,150490211.272,54870806.363,172261727.44,45801289.0408239,14558713.55,548708063.63,0,0,18794891.02,75499433.36,2,0
Fundo legado,2020-09-30,03017677000120,10,0,1,2361433.42,6057933.544,39157625.8875,46852299.66,53714208.7175,150454220.56975,54857826.421,172216830.52,45790573.0932598,14556582.83,548578264.21,0,0,18790322.86,75494119.63,2,0
Fundo legado,2020-10-31,03017677000120,11,0,1,484052.41,952388.18,27417145.13,43682135.78,53267734.475,134064536.295,47983777.1709091,153589677.44,41680926.6216151,25850589.345,527821548.88,0,0,484052.41,75489112.86,1,0
Fundo,2020-11-30,03017677000120,12,0,1,2353670.89,2447262.025,31724241.685,46833740.665,59461051.2325,242898650.488,67442237.32,275298219.36,76948376.1112068,27736809.5475,809306847.84,0,0,2353670.89,75484169.92,2,0
Fundo,2020-12-31,03017677000120,12,0,1,2350121.96,3258174.96025,31812307.64,46865274.895,80888165.81,244340591.27375,71725181.3933333,275263781.25,77581252.6353561,49075858.17,860702176.72,0,0,2350121.96,97115953.97,2,0
Fundo,2021-01-31,03017677000120,12,0,1,2350005.89,3256948.82525,31807634.1625,46861114.7,80883148.4225,244295698.797,71708186.5441667,275254607.8,77565164.6943966,49075514.26,860498238.53,0,0,2350005.89,97100144.24,2,0
Fundo,2021-02-28,03017677000120,12,0,1,2349308.62,3256943.00975,31803201.2925,46852311.325,97253729.8225,257928263.911,81294218.4641667,275246223.79,87476384.6245963,65450528.53,975530621.57,0,0,2349308.62,162588784.18,2,0
Fundo,2021-03-31,03017677000120,13,0,1,2344154.5,3331255.678,36136171.57,50028522.13,160874962.59,256333753.053,87408261.8315385,275233978.2,86603852.7425599,124738791.02,1136307403.81,0,0,2344154.5,275233978.2,0,0
Fundo,2021-04-30,03017677000120,13,0,1,1994611.22,2098355.153,36125490.24,50015546.4,160675950.68,270776589.162,88012711.2823077,295870731.93,91919970.2907321,124550460.44,1144165246.67,0,0,1994611.22,295870731.93,0,0
Fundo,2021-05-31,03017677000120,13,0,1,1990083.88,2094205.384,36113930.97,50001277.68,160469505.46,270796574.563,88133226.2046154,295913975.2,91773157.3690923,124355574.49,1145731940.66,0,0,1990083.88,295913975.2,0,0
Fundo,2021-06-30,03017677000120,13,0,1,2334200.24,2350346.858,36102575.44,49987351.97,160261654.13,282829632.183,91697365.3638462,295966015.05,96352906.2229167,124159078.69,1192065749.73,0,0,2334200.24,295966015.05,0,0
Fundo,2021-07-31,03017677000120,13,0,1,2331483.56,2347612.274,36090746.88,49973177.12,160044243.12,262634039.221,89556420.5246154,267132237.4,91354045.7824952,123953496.24,1164233466.82,0,0,2331483.56,267132237.4,0,0
Fundo,2021-08-31,03017677000120,13,0,1,2327603.91,2344105.323,36078850.49,49958827,159826819.75,262596107.403,89534653.2515385,267095273.13,91338371.6945052,123747969.26,1163950492.27,0,0,2327603.91,267095273.13,0,0
Fundo,2021-09-30,03017677000120,13,0,1,2323500.56,2340488.789,36067255.9,50169355.53,159619544.97,262562219.674,89530249.7753846,267063397.81,91315638.0266681,123552289.07,1163893247.08,0,0,2323500.56,267063397.81,0,0
Fundo,2021-10-31,03017677000120,13,0,1,2320219.59,2337665.403,36056343.61,49398300.34,159422589.05,262510217.53,89452005.4807692,267021870.58,91325110.4992915,123366245.44,1162876071.25,0,0,2320219.59,267021870.58,0,0
Fundo,2021-11-30,03017677000120,13,0,1,2317503.08,2335312.013,36045402.11,51520191.21,159225562.56,262445150.772,90037174.0761538,266968174.5,91649396.0778248,123180160.45,1170483262.99,0,0,2317503.08,266968174.5,0,0
Fundo,2021-12-31,03017677000120,14,0,1,629203.11,889495.12575,6055457.9175,43901930.725,138156798.2725,262335475.859,80683708.1164286,267351451.33,93056773.2016009,132101340.355,1129571913.63,0,0,629203.11,267351451.33,0,0
Fundo,2022-01-31,03017677000120,14,0,1,615169.71,878937.62025,6076155.495,43965090.115,138005671.8875,251173585.0345,79423040.6421429,251795588.8,90401735.4259322,131929516.3925,1111922568.99,0,0,615169.71,251795588.8,0,0
Fundo,2022-02-28,03017677000120,14,0,1,584300.11,858799.27,4344170.5375,42226889.665,137869080.12,272929600.79475,79985950.8664286,283121097.23,96534701.5288438,133524909.5825,1119803312.13,0,0,584300.11,283121097.23,0,0
Fundo,2022-03-31,03017677000120,13,0,1,581289.87,836508.135,2318740.51,40767867.77,75610791.65,227455319.059,66748625.7023077,251724525.19,79908714.9595219,73292051.14,867732134.13,0,0,581289.87,170827171.42,1,0
Fundo,2022-04-30,03017677000120,13,0,1,843823.88,1020948.746,2320660.88,40758046.72,112825101.4,227948882.535,69219834.1430769,252443626.32,81207567.9201072,110504440.52,899857843.86,0,0,843823.88,252443626.32,0,0
Fundo,2022-05-31,03017677000120,13,0,1,840933.68,1019897.447,2323040.93,40745575.61,112558872.82,234459638.802,69896692.1615385,261765783.33,82950264.3301809,110235831.89,908656998.1,0,0,840933.68,261765783.33,0,0
Fundo,2022-06-30,03017677000120,13,0,1,838140.25,1018381.489,2674990.27,40731765.64,112541789.18,234443025.964,69977867.7776923,261753457.45,82994995.1452278,109866798.91,909712281.11,0,0,838140.25,261753457.45,0,0
Fundo,2022-07-31,03017677000120,14,0,1,834973.15,1030439.395,4620973.905,40604758.82,103279925.5225,232002055.43725,67832108.9407143,261523653.67,80065567.2809937,98658951.6175,949649525.17,0,0,834973.15,170687966.8,1,0
Fundo,2022-08-31,03017677000120,14,0,1,1433853.84,1576133.6595,4616371.795,40722645.095,103260853.265,275950112.632,76636670.2028571,282916748.36,95957616.075211,98644481.47,1072913382.84,0,0,1433853.84,170654064.04,2,0
Fundo,2022-09-30,03017677000120,14,0,1,1431641.69,1572307.02,4612257.04,40873084.53,103243683.3675,275893058.5515,76639584.4464286,282880024.83,95929145.2789054,98631426.3275,1072954182.25,0,0,1431641.69,170626395.33,2,0
Fundo,2022-10-31,03017677000120,14,0,1,1429454.15,1569697.18475,11503098.505,41021648.725,103213051.0575,275835003.65,77501470.5485714,282843311.71,95245100.7451974,91709952.5525,1085020587.68,0,0,1429454.15,170658571.55,2,0
Fundo,2022-11-30,03017677000120,14,0,1,1427240.88,1567096.635,11247144.9225,41327710.135,136270741.7375,275747602.621,80585121.7521429,282805644.17,97216299.8066274,125023596.815,1128191704.53,0,0,1427240.88,282805644.17,0,0
Fundo,2022-12-31,03017677000120,14,0,1,1424958.96,1563347.08975,2911590.3675,41490407.085,136011208.9525,275654998.69975,80088810.2142857,282690321.4,100676245.935077,133099618.585,1121243343,0,0,1424958.96,282690321.4,0,0
Fundo,2023-01-31,03017677000120,14,0,1,1409336.9,1552254.7335,2911293.2575,42483778.615,135988290.7675,275506185.281,80215707.7492857,282489522.33,100596897.13163,133076997.51,1123019908.49,0,0,1409336.9,282489522.33,0,0
Fundo,2023-02-28,03017677000120,13,0,1,1391098.04,1527514.082,2243490.85,29608574,194837043.04,284573015.538,88145833.8592308,285480873.84,112172111.017304,192593552.19,1145895840.17,0,0,1391098.04,285480873.84,0,0
Fundo,2023-03-31,03017677000120,13,0,1,1393226.86,1527506.341,2212288.7,30242531.69,122667209.85,262753086.966,74111184.6907692,285394389.03,94584084.7228857,120454921.15,963445400.98,0,0,1393226.86,285394389.03,0,0
Fundo,2023-04-30,03017677000120,12,0,1,1394779.08,1516351.81975,2274504.7175,21251715.59,99577285.75,264574522.625,70104488.0008333,285314216.71,97561555.6642375,97302781.0325,841253856.01,0,0,1394779.08,209897147.31,1,0
Fundo,2023-05-31,03017677000120,12,0,1,1396862.92,1516538.07175,2717263.745,21549576.935,99569369.0725,264536386.4655,70194525.7208333,285274418.5,97488660.82177,96852105.3275,842334308.65,0,0,1396862.92,209863392.92,1,0
Fundo,2023-06-30,03017677000120,12,0,1,1398996.51,1468554.71025,1945793.4475,8341721.82,99563368.145,264509249.36075,66750539.795,285236481.95,99221909.7039073,97617574.6975,801006477.54,0,0,1398996.51,209864727.08,1,0
Fundo,2023-07-31,03017677000120,12,0,1,1683803.65,1722169.483,3509791.0075,9982437.34,99567119.56,294643542.4445,70856820.2525,326815342.44,107471712.537869,96057328.5525,850281843.03,0,0,1683803.65,209826978.82,1,0
Fundo,2023-08-31,03017677000120,12,0,1,1691443.67,1725879.214,2171032.1475,10026261.21,99580023.0325,294595105.00375,69480776.085,326762593.2,108125178.370193,97408990.885,833769313.02,0,0,1691443.67,209789908.85,1,0
Fundo,2023-09-30,03017677000120,12,0,1,1693278.5,1757781.6915,2167539.385,10107655.62,99354898.045,294553924.72375,69225649.945,326718017.55,108154410.506329,97187358.66,830707799.34,0,0,1693278.5,209757680,1,0
Fundo,2023-10-31,03017677000120,12,0,1,1618960.69,1639840.692,2157413.6325,10189241.035,99347893.9,294510270.327,69220586.3058333,326671147.79,108140525.068644,97190480.2675,830647035.67,0,0,1618960.69,209722502.47,1,0
Fundo,2023-11-30,03017677000120,11,0,1,1696181.71,1987085.0175,8757433.37,18425804.64,308651856.36,508720260.4525,153792951.685455,541445300.61,199759152.638711,299894422.99,1691722468.54,0,0,1696181.71,541445300.61,0,0
Fundo,2023-12-31,03017677000120,11,0,1,1696806.16,1986473.095,8752407.26,18424921.82,308612671.235,736011207.53,190457314.126364,794462988.06,272754633.556366,299860263.975,2095030455.39,0,0,1696806.16,560655865.94,1,0
Fundo,2024-01-31,03017677000120,11,0,1,1702615.5,1990665.44,8751255.22,18493263.58,308615723.07,755803644.7625,197706083.984545,794355513.95,284306274.760869,299864467.85,2174766923.83,0,0,1702615.5,640148037.2,1,0
Fundo,2024-02-29,03017677000120,11,0,1,1705305.43,1980133.18,8747893.685,18755857.12,308611633.645,759284115.93,198742747.697273,795695539.82,286127822.895477,299863739.96,2186170224.67,0,0,1705305.43,650049844.26,1,0
Fundo,2024-03-31,03017677000120,11,0,1,1667786.22,1950593.7825,8744860.485,19104965.73,308613857.72,632994597.06,176619479.298182,664947490.06,241874021.077009,299868997.235,1942814272.28,0,0,1667786.22,664947490.06,0,0
Fundo,2024-04-30,03017677000120,10,0,1,1669652.42,1922865.48275,9779287.875,41600563.59,324520162.9175,638300550.5245,193469721.012,667763540.83,248796353.965978,314740875.0425,1934697210.12,0,0,1669652.42,667763540.83,0,0
Fundo,2024-05-31,03017677000120,9,0,1,1671304.17,1895173.33,6889941.03,64003766.49,340503235.3,713410808.812,222804594.834444,757575350.24,276631380.290265,333613294.27,2005241353.51,0,0,1671304.17,757575350.24,0,0
Fundo,2024-06-30,03017677000120,9,0,1,1121139.26,1454084.548,6884994.47,63993180.71,340525516.42,715304761.462,223000661.952222,759955167.6,277256059.213556,333640521.95,2007005957.57,0,0,1121139.26,759955167.6,0,0
Fundo,2024-07-31,03017677000120,9,0,1,1061740.78,1405587.046,6879346.81,63982665.18,340554788.88,717508386.606,223294783.116667,762722123.32,277926783.179746,333675442.07,2009653048.05,0,0,1061740.78,762722123.32,0,0
Fundo,2024-08-31,03017677000120,9,0,1,1034010.47,1382438.794,6874375.57,63972290.33,340559994.99,719730966.886,223589558.523333,765514330.42,278601898.251806,333685619.42,2012306026.71,0,0,1034010.47,765514330.42,0,0
Fundo,2024-09-30,03017677000120,10,0,1,1030462.44,1422200.1165,9769543.5925,46778705.815,324563400.2525,716093933.488,204454635.733,768219682.48,270357991.194223,314793856.66,2044546357.33,0,0,1030462.44,768219682.48,0,0
Fundo,2024-10-31,03017677000120,10,0,1,1006777.06,1402481.56975,9769777.28,102009069.395,324581781.27,718407995.91225,215794145.197,771220033.62,265309040.222605,314812003.99,2157941451.97,0,0,1006777.06,771220033.62,0,0
Fundo,2024-11-30,03017677000120,9,0,1,1003272.53,1354802.5,6783850.8,63942267.59,340651166.63,726329559.838,224472501.386667,773811351.06,280611968.00193,333867315.83,2020252512.48,0,0,1003272.53,773811351.06,0,0
Classe,2024-12-31,03017677000120,12,0,1,998507.51,1481967.487,15589076.21,170139105.74,389581810.1225,897783715.065,277089392.273333,943636656.54,325588474.329017,373992733.9125,3325072707.28,0,0,998507.51,943636656.54,0,0
Classe,2025-01-31,03017677000120,12,0,1,997753.6,1481093.66875,15606225.5325,170123621.7,389594238.4025,909534710.83775,275502754.520833,958627331.94,328495649.574637,373988012.87,3306033054.25,0,0,997753.6,780108709.75,1,0
Classe,2025-02-28,03017677000120,13,0,1,994176.36,2737389.552,23954947.85,241236959.02,340763526.41,936237209.465,282296586.543077,962159171.18,327494562.894433,316808578.56,3669855625.06,0,0,994176.36,536184050.41,2,0
Classe,2025-03-31,03017677000120,14,0,1,1043366.74,2914584.7055,25302629.765,250229151.28,328912061.785,958021722.64175,283162158.157143,997385916.54,320729966.888225,303609432.02,3964270214.2,0,0,1043366.74,536126110.77,2,0
Classe,2025-04-30,03017677000120,15,0,1,1040333.69,3054992.1225,26710059.875,241242291.28,433258078.235,962961585.6645,295838775.188667,1009298735.45,318357058.740055,406548018.36,4437581627.83,0,0,1040333.69,1009298735.45,0,0
Classe,2025-05-31,03017677000120,15,0,1,1036983.45,3051135.6635,26705589.295,241241948.75,438535146.085,971584102.463,308710258.925333,1022191771.12,332228974.014589,411829556.79,4630653883.88,0,0,1036983.45,1022191771.12,0,0
Classe,2025-06-30,03017677000120,15,0,1,1033741.31,3047089.997,26808640.445,241241304.36,438567182.3,1108740272.7615,339863459.184667,1148649611.01,387310934.556613,411758541.855,5097951887.77,0,0,1033741.31,1034622930.3,1,0
Classe,2025-07-31,03017677000120,16,0,1,1029670.67,3186542.225,24798410.43,228121668.415,390025887.77,1146852535.3975,325406339.98375,1205384331.16,392416987.276084,365227477.34,5206501439.74,0,0,1029670.67,878996869.9,2,0
Classe,2025-08-31,03017677000120,16,0,1,1025910.47,3182326.46,24798524.365,232214029.15,390127709.1725,1161229883.61,327628361.14125,1220239474.47,396244794.840701,365329184.8075,5242053778.26,0,0,1025910.47,879722493.57,2,0
Classe,2025-09-30,03017677000120,17,0,1,1022171.88,3321782.416,24109568.32,231180943.21,341767229.29,1192628519.32,315811577.302353,1269537196.04,397963592.06089,317657660.97,5368796814.14,0,0,1022171.88,535694522.87,3,0
Classe,2025-10-31,03017677000120,17,0,1,1031683.51,3325251.914,24112077.85,236936353.46,349931771.49,1239259019.09,326918211.949412,1337311158.27,407750032.538086,325819693.64,5557609603.14,0,0,1031683.51,545200473.19,3,0
Fundo,2025-11-30,03017677000120,15,0,1,1014707.56,3025718.5865,26794747.82,63806094.97,278649561.205,765689663.0095,198067814.445333,884246168.01,248080417.681988,251854813.385,2971017216.68,0,0,1014707.56,545513296.58,1,0
Classe,2025-12-31,03017677000120,7,0,1,18792701.54,18968921.1275,41881529.36,241068010.89,686756626.75,1410173588.7855,454076964.607143,1461401727.6,587904717.101524,644875097.39,3178538752.25,0,0,18792701.54,1461401727.6,0,1
Classe,2026-01-31,03017677000120,19,0,1,1017936.37,3599140.123,34062756.04,168812628.18,316223168.365,1338559073.24,316873985.713684,1505480957.96,422318667.230449,282160412.325,6020605728.56,0,0,1017936.37,565041172.79,3,0
Classe,2026-02-28,03017677000120,19,0,1,1014312.45,3595267.4835,39870025.605,167601701.73,317211997.755,1376861628.9205,322489927.767368,1564188146.29,432269724.63862,277341972.15,6127308627.58,0,0,1014312.45,566961703.52,3,1
Classe,2026-03-31,03017677000120,20,0,1,1010324.41,3734502.69075,45061007.6275,165094251.69,305911273.5475,1323475866.82225,311349663.7345,1668368996.58,419910451.177773,260850265.92,6226993274.69,0,0,1010324.41,569377050.02,3,1
Classe,2026-04-30,03017677000120,19,0,1,1006524.13,3586924.0165,39865003.62,162477223.99,330604472.98,1270088438.2895,312837117.538421,1529000844.05,413513509.302756,290739469.36,5943905233.23,0,0,1006524.13,571474738.18,3,1
Classe,2026-05-31,03017677000120,19,0,1,1002421.99,3582513.883,39858606.975,162464960.39,330813351.125,1275900468.9895,314410385.599474,1509875490.34,413871267.348189,290954744.15,5973797326.39,0,0,1002421.99,572112753.1,3,0
Classe,2026-06-30,03017677000120,19,0,1,1014532.58,3586851.7445,42827947.97,162450095.19,342273850.05,1263629820.3565,315280293.312632,1477350540.58,409937129.245554,299445902.08,5990325572.94,0,0,1014532.58,571141964.17,3,0
Classe,2026-07-31,03017677000120,19,0,1,0,3026322.351,42325036.64,162434246.37,349705341.785,1281337823.9265,317718617.716842,1498334898.84,415438782.275887,307380305.145,6036653736.62,0,1,0,573375706.72,3,0
Fundo legado,2020-01-31,24361690000172,32,0,1,980519.81,1496348.39425,8781320.075,24150838.6,55489760.075,143517795.043,37103251.915625,148489869.14,38014179.3465201,46708440,1187304061.3,0,0,980519.81,97949485.05,2,0
Fundo legado,2020-02-29,24361690000172,32,0,1,967866.96,1714529.271,8802089.01,26846406.79,55570429.9425,127038709.83525,37283765.9834375,150282193.86,36206009.6207057,46768340.9325,1193080511.47,0,0,967866.96,120290601.57,1,0
Fundo legado,2020-03-31,24361690000172,32,0,1,2038832.76,2055267.8595,9839007.2025,30221894.655,57296930.0375,131774685.2355,39416381.0534375,154134905.86,37710814.0632675,47457922.835,1261324193.71,0,0,2038832.76,125283008.28,1,0
Fundo legado,2020-04-30,24361690000172,33,0,1,6e+05,1215262.12,7509718.08,29984954.3,57353719.66,131151223.122,38237613.160303,155292731.37,37852532.5574952,49844001.58,1261841234.29,0,0,6e+05,125115846.06,1,0
Fundo legado,2020-05-31,24361690000172,33,0,1,551385.65,980622.842,7704270.62,29313258.57,58644041.09,131386876.634,38200729.4887879,155653653.17,37933691.8554146,50939770.47,1260624073.13,0,0,551385.65,125320182.5,1,0
Fundo legado,2020-06-30,24361690000172,34,0,1,633379.39,669328.57525,8940726.2025,26097053.68,59383596.43,129746028.9255,37669699.8332353,151092311.13,37373245.2453852,50442870.2275,1280769794.33,0,0,633379.39,125218029.67,1,0
Fundo legado,2020-07-31,24361690000172,35,0,1,588288.33,1471668.272,7259248.215,23592539.25,60407806.6,128222558.599,37113210.6365714,150011922.58,37742183.5590011,53148558.385,1298962372.28,0,0,588288.33,124377376.72,1,0
Fundo legado,2020-09-30,24361690000172,36,0,1,25943.75,1614159.785,10222302.19,26856271.445,60466184.1475,144542350.42,40384998.5505556,150664756.01,41270976.0373469,50243881.9575,1453859947.82,0,0,25943.75,125650236.9,2,1
Fundo legado,2020-10-31,24361690000172,36,0,1,-9491.03,1625720.3975,9855461.04,27219975.92,63540511.7675,149654120.2175,42721518.4116667,167083662.12,43899501.461509,53685050.7275,1537974662.82,1,0,-9491.03,129305178.52,2,1
Fundo,2020-11-30,33886862000112,32,0,1,78193.22,464986.11775,6669734.0925,15498186.64,48636137.2325,155943955.00125,36253470.965625,156130694.39,42717230.5041215,41966403.14,1160111070.9,0,0,78193.22,78188196.03,3,0
Fundo,2020-12-31,33886862000112,33,0,1,40700.49,390399.09,9627856.32,20710522.32,50846000.36,156230709.982,38054850.3587879,156418835.35,42264229.4028918,41218144.04,1255810061.84,0,0,40700.49,78226216.26,3,0
Fundo,2021-01-31,33886862000112,34,0,1,5388.45,361501.44075,7214394.11,20388325.195,56222620.4525,155076504.272,37863564.3979412,155258259.89,41864832.7739659,49008226.3425,1287361189.53,0,0,5388.45,127628902.37,2,0
Fundo,2021-02-28,33886862000112,34,0,1,66622.31,331173.4925,7249652.7025,22671042.02,56696177.9275,155205928.28,38493712.6794118,155378219.3,41529756.8059272,49446525.225,1308786231.1,0,0,66622.31,124953190.26,2,0
Fundo,2021-03-31,33886862000112,34,0,1,28004.01,159526.962,7605703.02,24981818.89,57873431.67,154200308.69025,39265515.1932353,154375921.68,41071886.332648,50267728.65,1335027516.57,0,0,28004.01,120266378.15,2,0
Fundo,2021-04-30,33886862000112,35,0,1,10,256227.268,8520497.19,25078556.9,60865812.355,154735574.6175,39378929.6128571,154911769.97,41028616.7214386,52345315.165,1378262536.45,0,0,10,119346423.06,2,0
Fundo,2021-05-31,33886862000112,36,0,1,10,30683.20375,10258528.2875,23492770.955,57678056.99,154042627.05375,40235969.05,154340184.55,42110559.94684,47419528.7025,1448494885.8,0,0,10,86819694.28,3,0
Fundo,2021-06-30,33886862000112,38,0,1,0,46259.25,9548956.1525,21053925.38,61958668.6975,156508412.13,39867512.5060526,156689184.14,42192675.7943354,52409712.545,1514965475.23,0,1,0,131283852.63,2,0
Fundo,2021-07-31,33886862000112,38,0,1,0,462.5925,10619745.2925,23207515.81,67637062.3775,156376194.1745,40942311.8178947,156551790.68,42798669.5904425,57017317.085,1555807849.08,0,1,0,132453625.09,2,0
Fundo,2021-08-31,33886862000112,39,0,1,0,190959.8325,11352489.1,22748190.85,64264477.62,159747702.8555,41592467.225641,159922015.99,43707959.7977243,52911988.52,1622106221.8,0,1,0,100993482.38,3,0
Fundo,2021-09-30,33886862000112,40,0,1,0,195985.09125,12025304.41,21462337.28,60740889.8325,159391439.642,42516623.58125,159470321.51,44805282.0557435,48715585.4225,1700664943.25,0,1,0,113221685.97,3,0
Fundo,2021-10-31,33886862000112,42,0,1,1592159.02,2927705.12175,12780167.9925,22428837.365,56111875.915,160490286.01925,43231773.0721429,160953316.56,45187236.0641135,43331707.9225,1815734469.03,0,0,1592159.02,114408583.98,4,0
Fundo,2021-11-30,33886862000112,43,0,1,2808214.39,3310618.478,11930069.48,20143405.84,53370285.225,151330127.78,40221616.0274419,163046182.82,42630391.9345781,41440215.745,1729529489.18,0,0,2808214.39,94998045.15,4,0
Fundo,2021-12-31,33886862000112,43,0,1,3718242.07,3826874.6305,13462754.015,22054648.49,54204393.035,164355067.97,41973468.7595349,172077659.11,44496485.2325146,40741639.02,1804859156.66,0,0,3718242.07,97377725.95,4,0
Fundo,2022-01-31,33886862000112,44,0,1,3744724.79,3920522.67775,13294869.235,22817543.385,53741157.705,176973953.0525,43171289.2688636,180865471.57,45695421.7558015,40446288.47,1899536727.83,0,0,3744724.79,98760276.04,4,0
Fundo,2022-02-28,33886862000112,44,0,1,3771355.89,3984739.53125,15274100.47,23914010.91,54688357.3725,175338376.40025,44696480.0365909,182834247.64,46370786.1493205,39414256.9025,1966645121.61,0,0,3771355.89,103292283.93,4,0
Fundo,2022-03-31,33886862000112,45,0,1,3793103.4,4122046.122,13896854.96,24333758.57,54604305.69,178936901.699,45101544.8173333,210644016.89,49003703.4521048,40707450.73,2029569516.78,0,0,3793103.4,104960913.83,4,0
Fundo,2022-04-30,33886862000112,46,0,1,0,1546896.99625,14585202.785,26270602.455,54659019.375,188569330.90375,45807660.0863043,218489100.59,51112154.7475371,40073816.59,2107152363.97,0,1,0,110613554.66,4,0
Fundo,2022-05-31,33886862000112,45,0,1,1215244.73,4266273.134,15469061.49,28621220.76,54896630.75,205977804.094,49134042.9917778,237023802.36,54911601.8862178,39427569.26,2211031934.63,0,0,1215244.73,91179960.71,5,0
Fundo,2022-06-30,33886862000112,45,0,1,1171425.02,2271038.203,15721618.62,29851511.58,56112943.57,213667765.99,49815390.6515556,253840334.52,57072723.9337384,40391324.95,2241692579.32,0,0,1171425.02,116244306.3,4,0
Fundo,2022-07-31,33886862000112,45,0,1,1222841.69,2939220.885,15900411.02,30559364.85,57236310.51,227941203.723,51923061.862,275383877.81,60635692.5667633,41335899.49,2336537783.79,0,0,1222841.69,91323214.51,5,0
Fundo,2022-08-31,33886862000112,50,0,1,96260.87,1744851.77375,10408322.9925,27916701.755,56114234.2825,234037077.119,49501513.6676,299688449.18,63374622.1002781,45705911.29,2475075683.38,0,0,96260.87,93609298.48,5,0
Fundo,2022-09-30,33886862000112,52,0,1,517500,1032321.95775,10640092.805,28678276.465,55491356.8,232891417.252,49434319.3717308,324690626.65,64152718.1329586,44851263.995,2570584607.33,0,0,517500,96482613.48,5,0
Fundo,2022-10-31,33886862000112,54,0,1,203915.09,1344121.76475,9397409.4075,27661823.13,55480203.95,234766284.657,49337663.027963,349872441.21,66189249.504006,46082794.5425,2664233803.51,0,0,203915.09,98359638.5,5,0
Fundo,2022-11-30,33886862000112,53,0,1,207830.45,1402893.631,12266446.09,28045508.92,58543231.79,238318709.644,50462580.8216981,340481975.03,66483036.7959646,46276785.7,2674516783.55,0,0,207830.45,100194769.62,5,0
Fundo,2022-12-31,33886862000112,56,0,1,0,523392.2925,10546276.6175,28404349.015,56107258.9875,241923437.70875,49755872.6201786,340333591.58,66151712.0420696,45560982.37,2786328866.73,0,1,0,102343315.88,5,1
Fundo,2023-01-31,33886862000112,56,0,1,201147.32,696044.2325,12863894.6025,30967830.705,60638116.185,241591387.04125,53429518.5283929,336885396.83,67201389.8462432,47774221.5825,2992053037.59,0,0,201147.32,104522699.14,6,0
Fundo,2023-02-28,33886862000112,55,0,1,475515.92,1496357.317,13947552.9,32602370.56,62562191.44,243584231.374,57119757.2361818,355194128.38,70300261.9261803,48614638.54,3141586647.99,0,0,475515.92,110438976.86,6,0
Fundo,2023-03-31,33886862000112,58,0,1,1271107.19,1444965.1085,10239169.72,32759640.32,62686816.455,244163307.10225,56107006.2125862,375840817.01,71899364.8640832,52447646.735,3254206360.33,0,0,1271107.19,113511866.91,6,0
Fundo,2023-04-30,33886862000112,60,0,1,831886.23,1536632.441,9906545.975,31132421.425,63001277.395,244426801.32225,54221160.4423333,384196653.46,71853124.623745,53094731.42,3253269626.54,0,0,831886.23,103120701.01,6,0
Fundo,2023-05-31,33886862000112,62,0,1,838542.28,2240065.8135,11570028.0925,30174702.7,57967640.4575,239591050.5105,53453455.7333871,399820761.4,71917423.1237409,46397612.365,3314114255.47,0,0,838542.28,104633009.43,6,0
Fundo,2023-06-30,33886862000112,64,0,1,844540.77,2000200.992,12007073.485,30073376.175,65795846.7575,268647010.542,54802149.0896875,404741583.08,74443108.4782654,53788773.2725,3507337541.74,0,0,844540.77,106138530.61,6,0
Fundo,2023-07-31,33886862000112,65,0,1,850704.98,1992883.98,13390194.31,31009904.26,69658014.25,271910677.004,57624163.8104615,421496697.02,76336061.2978287,56267819.94,3745570647.68,0,0,850704.98,138209922.48,6,0
Fundo,2023-08-31,33886862000112,68,0,1,857794.07,2557487.4775,12308384.7725,29636124.365,71410709.4875,274603268.7255,57553903.3392647,493460080.03,81856575.973736,59102324.715,3913665427.07,0,0,857794.07,142290084.11,6,0
Fundo,2023-09-30,33886862000112,70,0,1,50000,779030.413,11111980.53,30246519.68,66594100.3975,277230455.61025,54733498.6861429,520362746.8,82997296.9556866,55482119.8675,3831344908.03,0,0,50000,109717971.03,6,0
Fundo,2023-10-31,33886862000112,69,0,1,46705.47,874835.262,13242005.84,31370723.01,68509495.23,282157779.742,58143754.4244928,567443291.06,87879662.7574203,55267489.39,4011919055.29,0,0,46705.47,113260384.44,6,0
Fundo,2023-11-30,33886862000112,71,0,1,866532.45,2220876.765,14513253.595,31922812.11,70306090.59,285521757.595,60621890.637324,605477334.7,91466869.823738,55792836.995,4304154235.25,0,0,866532.45,114978358.19,7,0
Fundo,2023-12-31,33886862000112,76,0,1,802099.99,2807936.3075,15186071.8875,33756850.03,75529506.77,283894387.79625,65168346.2481579,635601231.43,92012889.0400259,60343434.8825,4952794314.86,0,0,802099.99,144923801.03,7,0
Fundo,2024-01-31,33886862000112,77,0,1,806842.25,2881940.132,16030260.36,34921889.26,81820662.27,286740069.542,67287325.8166234,669871260.54,94946423.9923214,65790401.91,5181124087.88,0,0,806842.25,171119053.47,6,0
Fundo,2024-02-29,33886862000112,80,0,1,49859.66,792893.19625,15804674.015,34266649.365,77292537.5025,285788799.686,66650911.0955,702566404.86,97283247.4711453,61487863.4875,5332072887.64,0,0,49859.66,147551462.42,7,0
Fundo,2024-03-31,33886862000112,81,0,1,0,42836.43,16321096.7,34946180.62,76903610.31,288445353.43,68050156.217037,733236460.01,100777643.801553,60582513.61,5512062653.58,0,1,0,149741459.35,9,2
Fundo,2024-04-30,33886862000112,72,0,1,0,635794.309,16797869.0275,39130581.92,84755573.37,306872409.307,74317011.6377778,765209874.3,109138246.779063,67957704.3425,5350824837.92,0,1,0,178576651.29,7,1
Fundo,2024-05-31,33886862000112,75,0,1,395717.54,1034608.721,17075227.99,40220785.05,83838142.135,305699961.205499,73634741.1213333,790012075.95,110610352.563157,66762914.145,5522605584.1,0,0,395717.54,164893737.24,8,0
Fundo,2024-06-30,33886862000112,71,0,1,0,1006522.2775,17426644.845,40141925.4,81471790.505,332831165.35,76223515.3909859,817913091.19,119304135.077537,64045145.66,5411869592.76,0,1,0,132335120.95,9,0
Fundo,2024-07-31,33886862000112,71,0,1,0,661302.1775,15459805.52,36145914.19,74372363.195,337648004.605,74059366.4098592,848478006.71,122648053.641448,58912557.675,5258215015.1,0,1,0,136038711.95,8,1
Fundo,2024-08-31,33886862000112,70,0,1,0,362852.365,11051152.3375,35954603.83,76022678.445,268672985.1335,70774448.8831429,883587180.58,119633584.874487,64971526.1075,4954211421.82,0,1,0,139691052.92,7,0
Fundo,2024-09-30,33886862000112,70,0,1,0,615208.68125,12395184.435,35209369.655,78793725.22,271160285.52075,71897977.2127143,912321107.33,122540132.969901,66398540.785,5032858404.89,0,1,0,143274529.03,7,0
Classe,2024-10-31,33886862000112,49,0,1,0,151601.956,9417358.18,29704403.35,73830795.76,267254400.224,71297265.2010204,858979320.71,131791678.650751,64413437.58,3493565994.85,0,1,0,127694412.09,5,2
Classe,2024-11-30,33886862000112,57,0,1,0,80.1760000000001,10168429.69,35136150.87,87203367.37,266321182.488,71349974.9492982,881007931.51,126085325.246234,77034937.68,4066948572.11,0,2,0,190380458.38,4,3
Classe,2024-12-31,33886862000112,64,0,1,0,481329.8385,12096441.3875,36319134.865,87009568.235,270779459.7955,69835604.81875,946111432.41,127030498.118474,74913126.8475,4469478708.4,0,1,0,176444785.43,4,2
Classe,2025-01-31,33886862000112,72,0,1,0,7795.099,10662326.525,32798052.775,76087436.9075,295189370.3545,68011797.2876389,943327650.15,123615334.217482,65425110.3825,4896849404.71,0,1,0,131463005.9,6,2
Classe,2025-02-28,33886862000112,71,0,1,0,7562.5825,11915050.205,31291887.97,79150285.015,300273075.5075,68930710.0892958,916057860.77,122259815.382957,67235234.81,4894080416.34,0,1,0,170947030.51,5,3
Classe,2025-03-31,33886862000112,73,0,1,0,5411.072,13059505.32,29774039.93,76528088.6,303091338.016,67459874.6947945,870482834.58,116691968.650245,63468583.28,4924570852.72,0,1,0,169308271.92,5,3
Classe,2025-04-30,33886862000112,71,0,1,0,5011.03,9996773.82,27531877.29,81041542.455,304510259.2575,65315237.7087324,749360862.67,106919945.43338,71044768.635,4637381877.32,0,1,0,159793385.06,5,3
Classe,2025-05-31,33886862000112,69,0,1,0,4464.987,10135275.52,31614827.48,88993475.97,303451136.951,69300473.0386956,745054663.17,108148211.109305,78858200.45,4781732639.67,0,1,0,166738716.85,5,3
Classe,2025-06-30,33886862000112,66,0,1,0,125.275,10393917.0975,29952618.945,90090095.84,320455102.10875,69293737.0424242,726312023.28,109663991.283178,79696178.7425,4573386644.8,0,2,0,162341498.3,5,0
Classe,2025-07-31,33886862000112,62,0,1,0,105.231,9357331.96,28778858.595,96401649.5575,325929864.41125,71339808.5964516,706061743.61,111771414.729088,87044317.5975,4423068132.98,0,2,0,161289183.19,5,3
Classe,2025-08-31,33886862000112,60,0,1,0,95.209,9464767.88,27153129.045,99384263.9075,330628296.105,72270829.0006667,715682513.63,115387183.814395,89919496.0275,4336249740.04,0,2,0,232782896.19,4,3
Classe,2025-09-30,33886862000112,57,0,1,0,80.1760000000001,9207569.7,27971818.94,97988576.42,341144166.534,70934994.0461403,691984590.11,115538232.295579,88781006.72,4043294660.63,0,2,0,161499463.77,5,3
Classe,2025-10-31,33886862000112,56,0,1,0,75.165,8688795.2225,31462532.78,99212504.3225,346890211.63875,70978697.3616072,481740612.42,99027353.1093807,90523709.1,3974807052.25,0,2,0,171928456.59,5,2
Classe,2025-11-30,24361690000172,137,0,1,0,0,8595643.83,27923037.89,72906034.55,428992528.566,75780165.7343796,984240293.16,141701442.227797,64310390.72,10381882705.61,0,5,0,165988370.75,11,0
Classe,2025-12-31,24361690000172,152,0,1,0,0,7945650.26,28764400.19,82180079.1025,476048105.75025,78229255.1002632,1005228744.51,143946646.928952,74234428.8425,11890846775.24,0,12,0,169031832.09,12,0
Classe,2026-01-31,24361690000172,153,0,1,0,0,8694928.1,29701732.44,76383381.35,495843963.031999,77771885.0092157,980358262.47,144569720.270967,67688453.25,11899098406.41,0,8,0,172545081.36,12,0
Classe,2026-02-28,24361690000172,150,0,1,0,0,9349697.255,29570427.5,84225194.135,509343701.336251,82921970.282,954591110.94,147038161.214422,74875496.88,12438295542.3,0,7,0,174803818.3,13,0
Classe,2026-03-31,24361690000172,154,0,1,-14.4,0,8447607.705,29517999.595,83175624.505,511674725.155249,83143797.695,942855668.73,149525375.58163,74728016.8,12804144845.03,1,7,-14.4,178298396.31,14,1
Classe,2026-04-30,24361690000172,157,0,1,0,0,9591527.83,30446289.66,87052540.99,515640554.238,83900363.5871975,941897407.62,148553217.265673,77461013.16,13172357083.19,0,8,0,181935559.89,14,0
Classe,2026-05-31,24361690000172,160,0,1,0,0,10474510.4225,30302454.3,85022350.3875,468113182.862,82468979.5956875,885214660.23,136967862.729605,74547839.965,13195036735.31,0,9,0,188505504.52,17,0
Classe,2026-06-30,24361690000172,165,0,1,0,0,9098491.2,30768430.63,81049799.82,436741748.469,82390159.8172121,868936209.65,134662671.546311,71951308.62,13594376369.84,0,8,0,180579758.4,19,0
Classe,2026-07-31,24361690000172,169,0,1,0,0,9954943.97,31055963.28,83339517.3,438264214.11,81150187.1513018,848559587.95,131693722.859733,73384573.33,13714381628.57,0,8,0,182129991.27,20,0
Classe,2026-08-31,24361690000172,171,0,1,0,0,9988347.885,34460100.9,98421935.1,450775362.5875,83937483.6514035,869557970.58,134491688.234489,88433587.215,14353309704.39,0,7,0,203278751.81,16,0
Classe,2024-10-31,03317692000194,15,0,1,1116623.81,1797314.303,11860878.47,19098930.67,238833518.61,2413149433.0075,383205467.614,3252582461.97,844152628.251671,226972640.14,5748082014.21,0,0,1116623.81,265858003.78,3,1
Classe,2024-11-30,03317692000194,22,0,1,1041344.55,1229122.644,11791667.395,16985568.32,122455440.3825,2130990567.04949,279804974.335455,3472304621.91,758931266.897116,110663772.9875,6155709435.38,0,0,1041344.55,271825187.7,3,1
Fundo legado,2020-01-31,50657675000186,1,0,1,175350641.81,175350641.81,175350641.81,175350641.81,175350641.81,175350641.81,175350641.81,175350641.81,,0,175350641.81,0,0,175350641.81,175350641.81,0,0
Fundo legado,2020-02-29,50657675000186,1,0,1,175291001.2,175291001.2,175291001.2,175291001.2,175291001.2,175291001.2,175291001.2,175291001.2,,0,175291001.2,0,0,175291001.2,175291001.2,0,0
Fundo legado,2020-03-31,50657675000186,1,0,1,175245823.14,175245823.14,175245823.14,175245823.14,175245823.14,175245823.14,175245823.14,175245823.14,,0,175245823.14,0,0,175245823.14,175245823.14,0,0
Fundo legado,2020-04-30,50657675000186,1,0,1,175198850.39,175198850.39,175198850.39,175198850.39,175198850.39,175198850.39,175198850.39,175198850.39,,0,175198850.39,0,0,175198850.39,175198850.39,0,0
Fundo legado,2020-05-31,50657675000186,1,0,1,175135831.52,175135831.52,175135831.52,175135831.52,175135831.52,175135831.52,175135831.52,175135831.52,,0,175135831.52,0,0,175135831.52,175135831.52,0,0
Fundo legado,2020-06-30,50657675000186,1,0,1,175112237.4,175112237.4,175112237.4,175112237.4,175112237.4,175112237.4,175112237.4,175112237.4,,0,175112237.4,0,0,175112237.4,175112237.4,0,0
Fundo legado,2020-07-31,50657675000186,1,0,1,175198850.3,175198850.3,175198850.3,175198850.3,175198850.3,175198850.3,175198850.3,175198850.3,,0,175198850.3,0,0,175198850.3,175198850.3,0,0
Fundo legado,2020-08-31,50657675000186,1,0,1,175148860.7,175148860.7,175148860.7,175148860.7,175148860.7,175148860.7,175148860.7,175148860.7,,0,175148860.7,0,0,175148860.7,175148860.7,0,0
Fundo legado,2020-09-30,50657675000186,1,0,1,77564.13,77564.13,77564.13,77564.13,77564.13,77564.13,77564.13,77564.13,,0,77564.13,0,0,77564.13,77564.13,0,1
Fundo legado,2020-10-31,50657675000186,1,0,1,41905.29,41905.29,41905.29,41905.29,41905.29,41905.29,41905.29,41905.29,,0,41905.29,0,0,41905.29,41905.29,0,1
Fundo,2020-11-30,50657675000186,4,0,1,5967.6,779175.492,7738046.52,12281900.01,28402108.6725,66617138.66625,23858255.1825,70863253.11,31906946.199673,20664062.1525,95433020.73,0,0,5967.6,14248393.86,1,0
Fundo,2020-12-31,50657675000186,3,0,1,-29405.85,531850.550500001,5583158.155,11195722.16,13075707.065,14767693.4795,8707336.09333333,14955691.97,7796302.84694789,7492548.91,26122008.28,1,0,-29405.85,14955691.97,0,1
Fundo,2021-02-28,50657675000186,3,0,1,62879.55,685668.047500001,6290764.525,12518649.5,14288699.12,15881743.778,9546759.26333333,16058748.74,8401848.39603726,7997934.595,28640277.79,0,0,62879.55,16058748.74,0,0
Fundo,2021-03-31,50657675000186,3,0,1,20940.17,693994.298500001,6751481.455,13482022.74,15249785.03,16840771.091,10173503.41,17017547.32,8968326.97723469,8498303.575,30520510.23,0,0,20940.17,17017547.32,0,0
Fundo,2021-04-30,50657675000186,3,0,1,-14272.53,687252.910000001,7000981.87,14016236.27,15812130.565,17428435.4305,10536662.8666667,17608024.86,9312191.71985246,8811148.695,31609988.6,1,0,-14272.53,17608024.86,0,1
Fundo,2021-05-31,50657675000186,3,0,1,1083.21,743585.336000001,7426104.47,14851125.73,16590209.915,18155385.6815,11060501.0133333,18329294.1,9734344.11832825,9164105.445,33181503.04,0,0,1083.21,18329294.1,0,0
Fundo,2021-06-30,50657675000186,3,0,1,-33916.79,755712.196500001,7862373.075,15758662.94,17525317.795,19115307.1645,11672239.6,19291972.65,10290609.4303034,9662944.72,35016718.8,1,0,-33916.79,19291972.65,0,1
Fundo legado,2020-01-31,27652684000162,8,0,1,652021.61,725677.83075,2149338.3225,11671591.39,238614154.8825,2018622167.38425,377284843.065,2341471503.51,811877651.570684,236464816.56,3018278744.52,0,0,652021.61,496618154.22,1,1
Fundo legado,2020-02-29,27652684000162,8,0,1,655510.12,728555.8515,2152480.77,11635075.915,257862162.64,2154156756.92425,405047550.23375,2490720485.14,864994607.776747,255709681.87,3240380401.87,0,0,655510.12,567499181.05,1,1
Fundo legado,2020-03-31,27652684000162,8,0,1,523432.34,607464.9495,2143614.6975,11548237.97,282670615.2875,2303719959.566,437014628.3325,2652533475.12,923333699.591792,280527000.59,3496117026.66,0,0,523432.34,659313386.24,1,1
Fundo legado,2020-04-30,27652684000162,8,0,1,562504.78,635933.9855,2150724.095,10201161.625,281977293.5975,2417689726.775,458281357.285,2774077897.9,969286266.756972,279826569.5025,3666250858.28,0,0,562504.78,130111703.83,2,2
Fundo legado,2020-05-31,27652684000162,8,0,1,498204.44,575884.36575,2144965.5825,10186189.83,274213228.54,2545267328.995,477669113.66875,2923610581.8,1022258151.25242,272068262.9575,3821352909.35,0,0,498204.44,111734592.32,2,1
Fundo legado,2020-06-30,27652684000162,8,0,1,517396.8,582788.5425,2108174.505,10170079.94,273250064.2325,2478395017.10675,468931526.03375,2836702650.32,994353734.802688,271141889.7275,3751452208.27,0,0,517396.8,101256598.8,2,1
Fundo legado,2020-07-31,27652684000162,8,0,1,675444.34,691929.80725,2084057.335,10174860.135,281388418.8275,2617146050.32625,492894252.4625,2998999610.22,1050768755.08739,279304361.4925,3943154019.7,0,0,675444.34,102858135.78,2,1
Fundo legado,2020-08-31,27652684000162,8,0,1,770876.05,921654.00075,2287555.56,10317732.085,289667387.7775,2735451389.94925,513987551.47125,3136296191.28,1098662184.79078,287379832.2175,4111900411.77,0,0,770876.05,104305027.24,2,1
Fundo legado,2020-09-30,27652684000162,8,0,1,561691.46,857952.52125,2410663.605,10303416.39,285257463.605,3162242919.59375,576712458.22625,3658278927.15,1276847540.00745,282846800,4613699665.81,0,0,561691.46,105747466.34,2,1
Fundo legado,2020-10-31,27652684000162,8,0,1,588387.46,875475.4535,2394185.9225,10286778.36,227569526.8725,2981951607.4065,526406154.45375,3489655197.65,1214144900.33822,225175340.95,4211249235.63,0,0,588387.46,107262094.22,2,1
Fundo,2020-11-30,27652684000162,4,0,1,617282.64,738794.4915,1832401.155,2333824.545,6278663.02,16669490.413,5777239.63,17824026.79,8072237.02201517,4446261.865,23108958.52,0,0,617282.64,2430208.43,1,0
Fundo,2020-12-31,27652684000162,4,0,1,604492.05,713125.5825,1690827.375,2234846.01,6260566.61,16638863.708,5716547.975,17792007.83,8088273.89594846,4569739.235,22866191.9,0,0,604492.05,2416752.87,1,0
Fundo,2021-01-31,27652684000162,4,0,1,611106.92,734371.76525,1843755.3725,2310633.255,6213759.3375,16601013.08475,5746881.455,17755152.39,8045632.87755818,4370003.965,22987525.82,0,0,611106.92,2366628.32,1,0
Fundo,2021-02-28,27652684000162,4,0,1,516421.77,644594.472,1798148.79,2238146.435,6117862.045,16558654.8685,5677864.4,17718742.96,8068186.31565872,4319713.255,22711457.6,0,0,516421.77,2250901.74,1,0
Fundo,2021-03-31,27652684000162,4,0,1,488077.9,618626.077,1793559.67,2329835.955,5815932.9,14955382.275,5279656.615,15970876.65,7180639.36426051,4022373.23,21118626.46,0,0,488077.9,2430951.65,1,0
Fundo,2021-04-30,27652684000162,4,0,1,446151.81,564601.79475,1630651.6575,9872113.95,17860452.69,18243068.961,9618990.3975,18285581.88,9704261.81949076,16229801.0325,38475961.59,0,0,446151.81,18285581.88,0,0
Fundo,2021-05-31,27652684000162,4,0,1,416390.47,533080.57525,1583291.5225,2400640.435,6096101.0125,14917213.45525,5278752.1,15897337.06,7149148.73212143,4512809.49,21115008.4,0,0,416390.47,2829022.33,1,0
Fundo,2021-06-30,27652684000162,4,0,1,384236.54,500191.2665,1543783.805,1962944.45,5462402.0075,14822796.20975,5043241.3625,15862840.01,7251405.1591183,3918618.2025,20172965.45,0,0,384236.54,1995589.34,1,0
Fundo,2021-07-31,27652684000162,4,0,1,354815.81,464933.34575,1455991.1675,1874960.29,5392870.555,14751069.4615,4973901.4325,15790869.34,7246953.57936812,3936879.3875,19895605.73,0,0,354815.81,1926870.96,1,0
Fundo,2021-08-31,27652684000162,4,0,1,312674.77,424620.64825,1432133.5525,1860844.95,5375937.3225,14716678.85925,4947225.925,15754539.03,7241886.25268946,3943803.77,19788903.7,0,0,312674.77,1916403.42,1,0
Fundo,2021-09-30,27652684000162,4,0,1,255974.52,321262.71825,908856.5025,1495696.655,5328143.0325,14678873.62425,4741302.88,15717843.69,7347180.28467208,4419286.53,18965211.52,0,0,255974.52,1864909.48,1,0
Fundo,2021-10-31,27652684000162,4,0,1,58230.09,72480.42,200733.39,690734.355,4943958.32,15232913.39,4453957.355,16376130.62,7961908.07335053,4743224.93,17815829.42,0,0,58230.09,1133234.22,1,0
Fundo,2021-11-30,27652684000162,4,0,1,0,17113.836,171138.36,691044.445,4800385.4825,14645884.37825,4280479.3975,15739828.7,7655842.11697155,4629247.1225,17121917.59,0,1,0,1153904.41,1,0
Fundo,2021-12-31,27652684000162,4,0,1,0,16188.85875,161888.5875,639186.76,4719982.225,14595124.6435,4242684.0525,15692362.69,7646879.97192007,4558093.6375,16970736.21,0,1,0,1062522.07,1,0
Fundo,2022-01-31,27652684000162,4,0,1,0,14373.282,143732.82,638082.955,4726275.6725,14559010.18325,4231925.5375,15651536.24,7627728.52332948,4582542.8525,16927702.15,0,1,0,1084522.15,1,0
Fundo,2022-02-28,27652684000162,4,0,1,0.01,7757.36425,77573.5525,259154.875,587613.61,1053998.812,406032.2875,1105819.39,498734.982776332,510040.0575,1624129.15,0,0,0.01,1105819.39,0,0
Fundo,2022-03-31,27652684000162,5,0,1,0,0,0,0.01,257459.28,986588.997,265012.54,1067603.41,462305.118432483,257459.28,1325062.7,0,2,0,257459.28,1,0
Fundo,2022-04-30,27652684000162,5,0,1,0,0,0,0,194724.04,844052.935,222184.926,916200.59,397023.382863699,194724.04,1110924.63,0,3,0,194724.04,1,0
Fundo,2022-05-31,27652684000162,5,0,1,0,0,0,0,122288.16,211031.733,68636.058,220892.13,100241.190240372,122288.16,343180.29,0,3,0,220892.13,0,0
Fundo,2022-06-30,27652684000162,5,0,1,0,0,0,51993.9,216576.81,1864198.575,463167.674,2047267.66,889984.870764106,216576.81,2315838.37,0,2,0,216576.81,1,0
Fundo,2022-07-31,27652684000162,5,0,1,0,0,0,1114.84,224046.62,613961.378,176489.34,657285.24,285691.959046509,224046.62,882446.7,0,2,0,224046.62,1,0
Fundo,2022-08-31,27652684000162,5,0,1,0,0,0,0,237761.56,503365.906,154127.812,532877.5,235431.559726148,237761.56,770639.06,0,3,0,532877.5,0,0
Fundo,2022-09-30,27652684000162,5,0,1,0,0,0,0,242995.22,507006.386,155867.236,536340.96,237294.819805012,242995.22,779336.18,0,3,0,536340.96,0,3
Fundo,2022-10-31,27652684000162,5,0,1,0,0,0,0,262963.09,2673502.93,640860.756,2941340.69,1291038.54497528,262963.09,3204303.78,0,3,0,262963.09,1,3
Fundo,2022-11-30,27652684000162,5,0,1,0,0.001,0.01,0.01,245817.75,1654074.732,411273.1,1810547.73,789427.266267318,245817.74,2056365.5,0,1,0,245817.75,1,3
Fundo,2022-12-31,27652684000162,4,0,1,0,10635.7215,106357.215,200336.48,892067.7825,2601719.77725,798088.5175,2791681.11,1333269.47638627,785710.5675,3192354.07,0,1,0,258863.34,1,1
Fundo,2023-01-31,27652684000162,4,0,1,0,16684.8585,166848.585,246883.06,733766.575,1982422.7095,653732.1,2121162.28,985386.857912397,566917.99,2614928.4,0,1,0,271301.34,1,1
Fundo,2023-02-28,27652684000162,4,0,1,0,16273.35525,162733.5525,231830.675,592573.5275,1526477.19575,523476.405,1630244.27,745993.368378348,429839.975,2093905.62,0,1,0,246683.28,1,1
Fundo,2023-03-31,27652684000162,4,0,1,0,10899.14475,108991.4475,221768.91,680927.2625,1714247.96825,568149.8,1829061.38,849380.152667179,571935.815,2272599.2,0,1,0,298215.89,1,0
Fundo,2023-04-30,27652684000162,4,0,1,0,13636.79175,136367.9175,275392.155,783632.4725,1903247.01425,644608.235,2027648.63,934250.426585029,647264.555,2578432.94,0,1,0,368960.42,1,1
Fundo,2023-05-31,27652684000162,4,0,1,0,6484.70625,64847.0625,254850.81,721179.72,1525620.015,531175.9725,1615002.27,745262.286106109,656332.6575,2124703.89,0,1,0,1615002.27,0,1
Fundo,2023-06-30,27652684000162,4,0,1,0,14627.034,146270.34,339439.63,742667.9925,1441470.79425,549498.7025,1519115.55,676280.323774381,596397.6525,2197994.81,0,1,0,1519115.55,0,1
Fundo,2023-07-31,27652684000162,4,0,1,0,27395.4705,273954.705,459765.61,747169.3225,1268029.13725,561358.4175,1325902.45,559210.984920834,473214.6175,2245433.67,0,1,0,1325902.45,0,1
Fundo,2023-08-31,27652684000162,4,0,1,0,31878.243,318782.43,526188.155,799732.14,1265209.629,592326.415,1316929.35,549275.013646697,480949.71,2369305.66,0,1,0,1316929.35,0,0
Fundo,2023-09-30,27652684000162,4,0,1,107233.25,152091.71825,555817.9325,3762821.03,7510150.75,9372758.845,4303147.6525,9579715.3,4644999.98891562,6954332.8175,17212590.61,0,0,107233.25,9579715.3,0,0
Fundo,2023-10-31,27652684000162,4,0,1,107861.77,163603.23025,665276.3725,1129974.335,1415238.7325,1432441.24925,950540.77,1434352.64,622933.208824315,749962.36,3802163.08,0,0,107861.77,1434352.64,0,0
Fundo,2023-11-30,27652684000162,4,0,1,107735.08,174473.22475,775116.5275,1078273.65,1180091.89,1237120.21,876934.7675,1243456.69,522846.397313293,404975.3625,3507739.07,0,0,997577.01,1243456.69,1,0
Fundo,2023-12-31,27652684000162,4,0,1,108261.3,185878.06275,884428.9275,1144809.485,1147920.4875,1151843.55375,887539.93,1152279.45,519532.784500261,263491.56,3550159.72,0,0,1143151.47,1152279.45,1,0
Fundo,2024-01-31,27652684000162,4,0,1,111300.79,189864.36475,896936.5375,1203104.26,1271451.1825,1336407.19525,965283.46,1343624.53,574302.152639251,374514.645,3861133.84,0,0,1158815.12,1343624.53,1,0
Fundo,2024-02-29,27652684000162,4,0,1,113771.09,200161.259,977672.78,1286882.625,1367778.975,1528844.0595,1058569.13,1546740.18,641901.059828863,390106.195,4234276.52,0,0,1265640.01,1546740.18,1,0
Fundo,2024-03-31,27652684000162,4,0,1,116429.13,206293.26825,1015070.5125,1378142.195,7367836.6975,23368495.55575,7004765.015,25146346.54,12109114.8995026,6352766.185,28019060.06,0,0,116429.13,1441666.75,1,0
Fundo,2024-04-30,27652684000162,4,0,1,119284.63,189758.6065,824024.395,1211544.545,4513839.4475,13017997.06775,4126319.2975,13962903.47,6579085.96624309,3689815.0525,16505277.19,0,0,119284.63,1364151.44,1,0
Fundo,2024-05-31,27652684000162,4,0,1,121220.11,198895.5535,897974.545,1300928.03,4547878.435,12925749.1105,4144924.95,13856623.63,6499369.74408109,3649903.89,16579699.8,0,0,121220.11,1444963.37,1,0
Fundo,2024-06-30,27652684000162,4,0,1,150599.79,228935.20575,933953.9475,1268864.815,4462621.695,12886524.6705,4127710.8275,13822513.89,6484944.36960794,3528667.7475,16510843.31,0,0,150599.79,1342657.63,1,0
Fundo,2024-07-31,27652684000162,4,0,1,153370.45,243277.06225,1052436.5725,1390510.14,4563479.715,13026858.4455,4225406.1475,13967233.86,6520759.14403072,3511043.1425,16901624.59,0,0,153370.45,1428895,1,0
Fundo,2024-08-31,27652684000162,4,0,1,155991.52,230617.87075,902255.0275,1287266.565,4606557.7375,13200749.90875,4221546.2,14155660.15,6645110.50170424,3704302.71,16886184.8,0,0,155991.52,1423523.6,1,0
Fundo,2024-09-30,27652684000162,4,0,1,158495.29,226525.44175,838796.8075,1245073.76,4441760.3175,12588137.61675,4035483.365,13493290.65,6327673.98610988,3602963.51,16141933.46,0,0,158495.29,1424583.54,1,0
Fundo,2024-10-31,27652684000162,4,0,1,158342.69,230412.89525,879044.7425,1272656.875,3565983.435,9343844.2365,3172371.3025,9985828.77,4574292.31841114,2686938.6925,12689485.21,0,0,158342.69,1426034.99,1,0
Fundo,2024-11-30,27652684000162,4,0,1,160714.44,226608.207,819652.11,1217340.945,3379484.0525,8736554.49125,2981795.2175,9331784.54,4265007.13125858,2559831.9425,11927180.87,0,0,160714.44,1395383.89,1,0
Classe,2024-12-31,27652684000162,5,0,1,163562.47,236379.231,891730.08,1425183.28,8348853.69,9971364.258,4196194.546,10151643.21,4678997.14307259,7457123.61,20980972.73,0,0,163562.47,10151643.21,0,0
Classe,2025-01-31,27652684000162,9,0,1,166004.37,341019.158,1362809.01,5235690.92,15064665.43,52056924.824,14893527.5211111,54333665.7,19923059.800392,13701856.42,134041747.69,0,0,166004.37,15064665.43,2,0
Classe,2025-02-28,27652684000162,15,0,1,169343.52,285077.061,1726111.07,6286680.42,36157711.965,124064021.707,29348566.214,142050670.87,42979321.3490793,34431600.895,440228493.21,0,0,169343.52,80836005.1,2,0
Classe,2025-03-31,27652684000162,23,0,1,3531.82,7082.345,323334.865,5062858.82,29347349.375,129337687.7475,25426760.0730435,166314505.73,41892708.6961563,29024014.51,584815481.68,0,0,3531.82,38993594.34,4,1
Classe,2025-04-30,27652684000162,27,0,1,5130.07,5130.07,1375086.34,15546932.03,71352083.62,353594516.283,57869077.8777778,367899074.85,98147590.0967021,69976997.28,1562465102.7,0,0,5130.07,168488363.95,2,5
Classe,2025-05-31,27652684000162,30,0,1,-8337.02,-6045.95475,1015310.7975,11544208.775,55945555.9675,390846864.28775,56010797.088,395340731.7,104020635.105156,54930245.17,1680323912.64,4,1,-8337.02,110467303.98,4,6
Classe,2025-06-30,27652684000162,37,0,1,-17918.02,-15077.539,4135430.96,36192722,99112066.98,727948328.243002,141985778.481892,2252389516.7,378688777.841588,94976636.02,5253473803.83,4,1,-17918.02,195729339.69,5,5
Classe,2025-07-31,27652684000162,41,0,1,-18404.63,-18398.22,4906296.82,46255664.22,106044447.36,543698264,143729141.190244,2458321001.81,391389823.763987,101138150.54,5892894788.8,4,1,-18404.63,185773187.34,6,6
Classe,2025-08-31,27652684000162,46,0,1,0,0,5238139.58,33127185.085,109516562.66,524655983.6425,134351474.706304,2464849343.48,371180488.1056,104278423.08,6180167836.49,0,5,0,265211763.15,5,6
Classe,2025-09-30,27652684000162,48,0,1,0,0,9226303.4075,53413981.49,144015810.2,552088484.011249,147786196.01,2445797640.9,362435183.904193,134789506.7925,7093737408.48,0,5,0,302867457.04,4,6
Classe,2025-10-31,27652684000162,47,0,1,0,0,9945331.45,36396764.73,143970446.3,583821357.9775,146181344.519574,2459179807.37,369126250.56411,134025114.85,6870523192.42,0,5,0,306290376.83,4,6
Classe,2025-11-30,27652684000162,5,0,1,534786.57,662917.743,1816098.3,1923289.27,85685496.23,229476170.828,67082516.564,245452912.45,106179211.245539,83869397.93,335412582.82,0,0,534786.57,85685496.23,1,0
Classe,2025-12-31,27652684000162,19,0,1,255803.5,336063.475,6568963.49,13440019.96,50267348.22,210584635.7705,42554844.3473684,273834422.27,66054861.0533523,43698384.73,808542042.6,0,0,255803.5,84533599.04,2,0
Classe,2026-01-31,27652684000162,61,0,1,261054.27,807279.815,18276105.57,61247570.07,140793048.57,567202668.805,143825617.518361,2478162428.81,331001972.447627,122516943,8773362668.62,0,0,261054.27,313921728.57,6,1
Classe,2026-02-28,27652684000162,65,0,1,158531.39,257299.402,24006390.82,61582253.54,168254317.26,530712536.058,147032302.668769,2467356139.41,320948309.919062,144247926.44,9557099673.47,0,0,158531.39,374099136.65,5,1
Classe,2026-03-31,27652684000162,69,0,1,158531.39,749002.472,28063458.36,74870462.11,201295468.84,1651210828.936,263364099.081739,5880601069.63,768096098.751828,173232010.48,18172122836.64,0,0,158531.39,440349378.83,5,2
Classe,2026-04-30,27652684000162,72,0,1,158531.39,739469.06275,28627497.0825,72731247,201647757.855,1590371113.76099,264994657.075,6276554722.25,796817337.891471,173020260.7725,19079615309.4,0,0,158531.39,410851618.82,6,2
Classe,2026-05-31,27652684000162,81,0,1,0,269274.77,28995618.66,86932067.82,212852401.6,2498944583.33,379502738.189506,6702700848.65,983551745.439313,183856782.94,30739721793.35,0,1,0,395012039.64,11,5
Classe,2026-06-30,27652684000162,86,0,1,0,332855.635,29779885.8075,93198273.155,213541149.61,2523342114.69375,367256395.569767,6234652185.61,937847110.519,183761263.8025,31584050019,0,1,0,397047434.06,11,5
Classe,2026-07-31,27652684000162,94,0,1,0,860805.33675,22840035.405,86241145.27,213074097.3225,2518328129.5095,350526025.200958,6710123199.26,932993290.81541,190234061.9175,32949446368.89,0,1,0,400326850.28,11,5
Classe,2026-08-31,27652684000162,94,0,1,0,784926.53825,21727109.5975,90556980.81,229417475.0875,2575484430.7625,364198337.512447,7174237038.23,978331089.397605,207690365.49,34234643726.17,0,1,0,416157301.51,10,5
Classe,2024-12-31,02201501000161,35,0,1,-4992860,-4450991.0435,6435336.155,40633097.03,274462703.765,1871268527.221,243505624.764,2620296610.16,534653617.340739,268027367.61,8522696866.74,7,1,-4992860,573387408.24,3,10
Classe,2025-01-31,02201501000161,35,0,1,-4994963.5,-4455755.358,6422325.305,39948822.22,282585991.36,1878936044.5245,245790274.736,2648534211.86,538789075.646286,276163666.055,8602659615.76,8,0,-4994963.5,575523942.01,3,10
Classe,2025-02-28,02201501000161,37,0,1,-4997021.41,-4428928.018,6229935.69,27113480.37,280844149.32,1860050828.011,237201286.803514,2676889831.09,532615157.057445,274614213.63,8776447611.73,8,0,-4997021.41,577589199.82,3,10
Classe,2025-03-31,02201501000161,38,0,1,-4999271.99,-4415252.0575,6342464.495,26324527.955,239848660.3225,1855259744.109,235572625.716842,2700721553.51,532333398.850509,233506195.8275,8951759777.24,8,0,-4999271.99,579580779.29,3,10
Classe,2025-04-30,02201501000161,39,0,1,-4991664.65,-4398399.53,5038035.55,27724114.38,196452182.685,1852438345.0325,233763761.631282,2733438779.56,534189201.515287,191414147.135,9116786703.62,8,0,-4991664.65,465613933.16,5,10
Classe,2025-05-31,02201501000161,39,0,1,-4993757.02,-4400491.444,6401843.185,28194215.47,187688259.05,1898878303.7245,238763047.167949,2767337332.29,543269251.495216,181286415.865,9311758839.55,8,0,-4993757.02,402580190.71,6,10
Classe,2025-06-30,02201501000161,42,0,1,-4994942.33,-4330358.28575,4721465.715,28869766.985,297238992.48,1852188776.6025,245336429.934286,2786835484.02,531054315.006907,292517526.765,10304130057.24,8,1,-4994942.33,586239100.81,3,10
Classe,2025-07-31,02201501000161,45,0,1,-4996643.89,-4210986.619,6190464.5,36156722.63,299453036.37,1828930744.826,249693108.964889,2824963522.9,525331844.31108,293262571.87,11236189903.42,7,1,-4996643.89,632625856.01,3,10
Classe,2024-10-31,02201501000161,16,0,1,-8457443.75,-7297881.5375,-639463.595,28587274.275,131031836.17,1188847375.59875,168886656.320625,1736019412.46,427986125.900785,131671299.765,2702186501.13,8,0,-8457443.75,276893980.83,1,9
Classe,2024-11-30,02201501000161,18,0,1,-8480199.81,-7161127.00825,-606562.585,20565119.225,94914555.8475,1146697948.00275,158012442.46,1777206944.49,415047794.658652,95521118.4325,2844223964.28,8,0,-8480199.81,231729557.03,3,9
Fundo,2020-11-30,01638542000157,1,0,1,531914166.05,531914166.05,531914166.05,531914166.05,531914166.05,531914166.05,531914166.05,531914166.05,,0,531914166.05,0,0,531914166.05,531914166.05,0,0
Fundo,2020-12-31,01638542000157,1,0,1,511972430.68,511972430.68,511972430.68,511972430.68,511972430.68,511972430.68,511972430.68,511972430.68,,0,511972430.68,0,0,511972430.68,511972430.68,0,0
Fundo,2021-01-31,01638542000157,1,0,1,511879732.59,511879732.59,511879732.59,511879732.59,511879732.59,511879732.59,511879732.59,511879732.59,,0,511879732.59,0,0,511879732.59,511879732.59,0,0
Fundo,2021-02-28,01638542000157,1,0,1,541802468.33,541802468.33,541802468.33,541802468.33,541802468.33,541802468.33,541802468.33,541802468.33,,0,541802468.33,0,0,541802468.33,541802468.33,0,0
Fundo,2021-03-31,01638542000157,1,0,1,581308550.97,581308550.97,581308550.97,581308550.97,581308550.97,581308550.97,581308550.97,581308550.97,,0,581308550.97,0,0,581308550.97,581308550.97,0,0
Fundo,2021-04-30,01638542000157,1,0,1,581319835.16,581319835.16,581319835.16,581319835.16,581319835.16,581319835.16,581319835.16,581319835.16,,0,581319835.16,0,0,581319835.16,581319835.16,0,0
Fundo,2021-05-31,01638542000157,1,0,1,566609245.26,566609245.26,566609245.26,566609245.26,566609245.26,566609245.26,566609245.26,566609245.26,,0,566609245.26,0,0,566609245.26,566609245.26,0,0
Fundo,2021-06-30,01638542000157,1,0,1,581852559.57,581852559.57,581852559.57,581852559.57,581852559.57,581852559.57,581852559.57,581852559.57,,0,581852559.57,0,0,581852559.57,581852559.57,0,0
Fundo,2021-07-31,01638542000157,1,0,1,582113936.42,582113936.42,582113936.42,582113936.42,582113936.42,582113936.42,582113936.42,582113936.42,,0,582113936.42,0,0,582113936.42,582113936.42,0,0
Fundo,2021-08-31,01638542000157,1,0,1,567446492.57,567446492.57,567446492.57,567446492.57,567446492.57,567446492.57,567446492.57,567446492.57,,0,567446492.57,0,0,567446492.57,567446492.57,0,0
Fundo,2021-09-30,01638542000157,1,0,1,557453560.17,557453560.17,557453560.17,557453560.17,557453560.17,557453560.17,557453560.17,557453560.17,,0,557453560.17,0,0,557453560.17,557453560.17,0,0
Fundo,2021-01-31,26199830000183,1,0,1,33350547.08,33350547.08,33350547.08,33350547.08,33350547.08,33350547.08,33350547.08,33350547.08,,0,33350547.08,0,0,33350547.08,33350547.08,0,0
Fundo,2021-02-28,26199830000183,1,0,1,33348729.76,33348729.76,33348729.76,33348729.76,33348729.76,33348729.76,33348729.76,33348729.76,,0,33348729.76,0,0,33348729.76,33348729.76,0,0
Fundo,2021-03-31,26199830000183,1,0,1,44608873.76,44608873.76,44608873.76,44608873.76,44608873.76,44608873.76,44608873.76,44608873.76,,0,44608873.76,0,0,44608873.76,44608873.76,0,0
Fundo,2021-04-30,59281253000123,43,0,1,851538.56,8627101.889,26383725.105,99601549.99,332231571.685,1022074694.2585,236066095.763256,1143529085.45,300039989.338904,305847846.58,10150842117.82,0,0,851538.56,606841185.25,4,0
Fundo,2021-05-31,59281253000123,52,0,1,842797,3147659.71375,23947455.82,96347672.495,303269373.5275,1022490526.234,214305547.6225,1139874766.42,291033992.554711,279321917.7075,11143888476.37,0,0,842797,616710091.67,4,0
Fundo,2021-06-30,59281253000123,53,0,1,834093.43,3291386.108,28979707.19,93360427.3,311790590.74,975862187.42,208995077.954528,1107022313.63,276792800.760042,282810883.55,11076739131.59,0,0,834093.43,548411103.88,4,0
Fundo,2021-07-31,59281253000123,54,0,1,89424.75,1061909.57875,28306128.1125,94795747.415,340389877.11,982928542.042,249116039.298889,3113614919.16,465632656.444328,312083748.9975,13452266122.14,0,0,89424.75,539379683.42,4,1
Fundo,2021-08-31,59281253000123,56,0,1,81890.05,834266.86125,26811767.55,97067699.765,307618601.455,977687103.05875,245066837.633929,3183742720.39,464940119.653159,280806833.905,13723742907.5,0,0,81890.05,543290836.29,4,1
Fundo,2021-09-30,59281253000123,58,0,1,807782.8,1135492.89425,28679074.655,101795403.91,291417228.2675,982907007.08525,262364706.233621,4083535019.93,561317308.231161,262738153.6125,15217152961.55,0,0,807782.8,549212997.49,4,1
Fundo,2021-10-31,59281253000123,64,0,1,759649.92,4882029.30175,30859956.52,96024232.065,288657809.3825,967778226.14075,243934493.961094,4118846012.91,540280786.471755,257797852.8625,15611807613.51,0,0,759649.92,555887488.65,4,1
Fundo,2021-11-30,59281253000123,65,0,1,0,1200500.432,31918427.7,94516077.36,286717368.4,923834398.35,248947195.986462,4217539718.51,549537470.08269,254798940.7,16181567739.12,0,1,0,575212899.46,5,1
Fundo,2021-12-31,59281253000123,72,0,1,0,492468.30175,26020493.4775,92600625.01,289584093.1775,939148630.96025,243150944.783333,4500673905.29,557474292.438799,263563599.7,17506868024.4,0,2,0,671832540.37,4,1
Fundo,2022-01-31,59281253000123,76,0,1,602724.78,1454996.62125,34464045.1475,96893594.545,292780650.325,911437003.4875,252043214.010526,5223392539.31,617323478.68101,258316605.1775,19155284264.8,0,0,602724.78,625746671.19,4,1
Fundo,2022-02-28,59281253000123,80,0,1,570713.11,3943939.135,38056773.22,97238068.61,299843698.385,893502445.9995,250903698.35525,5364200750.26,618286913.024756,261786925.165,20072295868.42,0,0,570713.11,640630666.45,4,1
Fundo,2022-03-31,59281253000123,85,0,1,1008373.41,4141106.835,30721737.49,99979212.87,300885055.85,888064114.358999,253891913.359765,5728028910.48,638999094.371841,270163318.36,21580812635.58,0,0,1008373.41,690596980.43,4,1
Fundo,2022-04-30,59281253000123,87,0,1,1010719.82,4416315.7285,29361632.175,95670378.37,299239450.015,892245300.47,225476344.882069,3874471254.03,451256118.447035,269877817.84,19616442004.74,0,0,1010719.82,694888957.72,4,1
Fundo,2022-05-31,59281253000123,92,0,1,1005811.23,4179200.06275,31152780.87,94133193.165,298615368.59,863933271.056,220215924.925978,3904429249.69,442722182.494753,267462587.72,20259865093.19,0,0,1005811.23,696893525.13,4,1
Fundo legado,2020-01-31,37678915000160,7,0,1,1369130.86,1423915.879,4454240.76,56907393.6,323691194.75,541019995.1075,181538184.592857,556199896.67,233093905.949611,319236953.99,1270767292.15,0,0,1369130.86,556199896.67,0,0
Fundo legado,2020-02-29,37678915000160,7,0,1,1386154.12,1616251.8505,5033293.33,59915107.63,319579004.61,554422647.743,183085999.29,571076137.4,237649324.641138,314545711.28,1281601995.03,0,0,1386154.12,571076137.4,0,0
Fundo legado,2020-03-31,37678915000160,7,0,1,1076160.61,1343988.3205,4989791.095,63066558.1,318207622.86,512294994.0705,176080341.087143,522024840.99,223846894.413545,313217831.765,1232562387.61,0,0,1076160.61,522024840.99,0,0
Fundo legado,2020-04-30,37678915000160,7,0,1,699067.46,1023804.287,4802574.3,63644241.56,313977735.265,513677660.1085,174985424.992857,522994046.8,224950221.640034,309175160.965,1224897974.95,0,0,699067.46,522994046.8,0,0
Fundo legado,2020-05-31,37678915000160,7,0,1,431231.23,793859.7085,4214326.885,64233117.42,316860647.735,512338014.4365,175302927.918571,520306197.54,225744029.624621,312646320.85,1227120495.43,0,0,431231.23,520306197.54,0,1
Fundo legado,2020-06-30,37678915000160,8,0,1,394915.59,584138.57675,3263720.015,35181475.54,241134528.7325,482703528.155,149617654.55625,485116646.87,210335277.013104,237870808.7175,1196941236.45,0,0,394915.59,485116646.87,0,1
Fundo legado,2020-07-31,37678915000160,8,0,1,213222.28,827541.9615,3842324.535,35190093.69,241058000.01,484062669.12975,150290737.405,485954911.62,211162012.519689,237215675.475,1202325899.24,0,0,213222.28,485954911.62,0,1
Fundo legado,2020-08-31,37678915000160,8,0,1,58074.82,724783.0335,3944353.6875,36187105.41,233936833.9675,485120383.1575,149694406.97375,486597138.63,211800820.970224,229992480.28,1197555255.79,0,0,58074.82,486597138.63,0,1
Fundo legado,2020-09-30,37678915000160,8,0,1,50060.16,716219.84475,3878269.6875,40071122.595,229377963.1825,478955680.53925,148135492.20875,482197740.04,207110216.34047,225499693.495,1185083937.67,0,0,50060.16,482197740.04,0,1
Fundo legado,2020-10-31,37678915000160,8,0,1,117036.44,770159.40875,3850174.3925,42809751.87,232746909.9575,483124787.588,150155863.9225,486730487.14,208289264.669383,228896735.565,1201246911.38,0,0,117036.44,486730487.14,0,1
Fundo,2024-08-31,37678915000160,23,0,1,1498980.75,2079470.847,9988068.005,19182048.07,186541906.6,1247126915.2325,188860757.490435,1853009635.78,408040591.833065,176553838.595,4343797422.28,0,0,1498980.75,280528121.84,3,1
Fundo,2024-09-30,37678915000160,25,0,1,1517601.49,2392151.554,11451084.27,33147046.45,263359363.66,1303832580.354,215567181.5744,1859194081.65,421298147.847035,251908279.39,5389179539.36,0,0,1517601.49,506757274.75,3,1
Fundo,2024-10-31,37678915000160,6,0,1,1532901.88,1875811.29375,72812425.67,396024410.855,711262966.4825,1026177426.61,439458884.5,1061754001.11,427522631.65269,638450540.8125,2636753307,0,0,1532901.88,1061754001.11,0,0
Fundo,2024-11-30,37678915000160,7,0,1,1530675.05,1907614.793,4482876.9,276210007.41,645155446.38,1100765906.388,390616206.067143,1157296113.45,450305545.154757,640672569.48,2734313442.47,0,0,1530675.05,1157296113.45,0,0
Classe,2024-12-31,37678915000160,25,0,1,2113160.68,2895340.444,8233323.18,32207238.56,285363930.07,1514805390.662,240209707.0552,2027903112.95,469245153.260303,277130606.89,6005242676.38,0,0,2113160.68,526875899.26,3,1
Classe,2025-01-31,37678915000160,27,0,1,1946902.79,2011894.1125,8690516.57,31005478.9,216149726.725,1479499630.0235,226338040.64,2016761748.41,455073928.254383,207459210.155,6111127097.28,0,0,1946902.79,341362406.54,4,1
Classe,2025-02-28,37678915000160,27,0,1,1934302.04,2908629.927,10853507.435,31087064.99,222393566.03,1492882620.8195,231999076.543333,2036616551.93,459621147.484965,211540058.595,6263975066.67,0,0,1934302.04,539234613.72,3,1
Classe,2025-03-31,37678915000160,28,0,1,1586850.37,2443201.02025,9881806.235,28806974.095,183935493.7725,1485742040.85025,227432648.216071,2055674425.78,457619421.871679,174053687.5375,6368114150.05,0,0,1586850.37,401868886.43,4,1
Classe,2025-04-30,37678915000160,29,0,1,1056647.85,1813979.523,9293791.79,19416369.95,90243365.8,1475854337.012,202898283.336897,2076029404.63,453923327.468953,80949574.01,5884050216.77,0,0,1056647.85,143438005.3,6,1
Classe,2025-05-31,37678915000160,29,0,1,1109661.21,1837044.461,9625127,20039940.18,93348460.25,1495069413.417,208179639.597241,2097585736.77,459117378.24461,83723333.25,6037209548.32,0,0,1109661.21,145380044.95,6,1
Classe,2025-06-30,37678915000160,33,0,1,1622630.44,3051766.52,9990295.34,23095758.04,129476230.75,1436975790.982,194170249.084545,2118412596.31,439084591.389503,119485935.41,6407618219.79,0,0,1622630.44,166953530.86,6,1
Classe,2025-07-31,37678915000160,43,0,1,1515315.77,2240840.194,10121712.22,24239917.02,72665207.12,1274437651.8915,156150933.964651,2052210290.35,385641737.197797,62543494.9,6714490160.48,0,0,1515315.77,159647206.45,7,1
Classe,2025-08-31,37678915000160,46,0,1,3066738.77,4111246.185,11260048.1725,27698189.54,76846197.7425,1266371890.87375,152720695.220217,2043324726.33,374958429.383145,65586149.57,7025151980.13,0,0,3066738.77,173501538.61,6,1
Classe,2025-09-30,37678915000160,56,0,1,1040860.59,2441602.0775,9102548.105,27682819.705,72478924.0225,1172563662.58125,135056214.390357,2065580643.74,346178729.664361,63376375.9175,7563148005.86,0,0,1040860.59,166553790.48,8,1
Classe,2025-10-31,37678915000160,67,0,1,350601.4,834619.1975,7914448.925,23472707.2,67446412.48,1070103922.784,120798609.296567,2088914464.07,321123502.857962,59531963.555,8093506822.87,0,0,350601.4,120411846.15,11,1
Classe,2025-11-30,37678915000160,73,0,1,0,899662.292,8820503.13,29171368.79,75471514.62,1036606190.768,120153901.311644,2041932110.96,305893282.827035,66651011.49,8771234795.75,0,1,0,168536947.37,11,1
Classe,2025-12-31,37678915000160,80,0,1,0,396528.70725,9394476.345,25849440.37,80537342.2625,1000824731.79375,118167154.161125,2063221804.56,296840977.788829,71142865.9175,9453372332.89,0,2,0,170957038.86,11,1
Classe,2026-01-31,37678915000160,83,0,1,0,2490.53600000001,9770166.34,25581571.41,72075623.855,983719949.500001,116014230.670361,2083296778.27,295026134.59748,62305457.515,9629181145.64,0,3,0,159558510.53,13,1
Classe,2026-02-28,37678915000160,82,0,1,0,394408.20075,10779107.7975,27508052.92,89546593.31,990711449.992498,120613175.819756,2100317846.65,298842296.354436,78767485.5125,9890280417.22,0,2,0,194425398.75,11,1
Classe,2026-03-31,37678915000160,85,0,1,0,688235.102,11151369.5,24110909.17,69904508.57,964296507.175997,116241640.108588,2121287303.69,297649758.33664,58753139.07,9880539409.23,0,2,0,157067437.7,13,1
Classe,2026-04-30,37678915000160,87,0,1,0,698711.6115,10722859.74,23329424.1,66978664.38,972907221.807498,115766785.180345,2140376637.14,297095060.35429,56255804.64,10071710310.69,0,2,0,148174828.06,14,1
Classe,2026-05-31,37678915000160,87,0,1,0,71214.7515,9419733.06,26602208.41,66916689.69,985545028.268498,116278823.964368,2159139999.28,297379522.805358,57496956.63,10116257684.9,0,3,0,151934700.89,13,1
Classe,2026-06-30,37678915000160,87,0,1,0,67978.7355,9719421.855,27063863.04,72877133.34,1001502628.3555,117388168.127586,2178946912.58,300845834.583031,63157711.485,10212770627.1,0,3,0,159146352.18,12,1
Classe,2026-07-31,37678915000160,80,0,1,0,0,9676622.5925,25618463.385,66358898.3175,1087929441.02375,119527374.347625,2200740197.09,315731252.738036,56682275.725,9562189947.81,0,3,0,146147492.1,11,1
Classe,2026-08-31,37678915000160,77,0,1,0,0,7763075.5,25699617.89,56067376.74,1121910931.674,110736656.302468,2220692700.39,318215431.064248,48304301.24,8526722535.29,0,3,0,127569361.82,10,1
Fundo,2023-12-31,12063256000127,24,0,1,417680.72,484927.42425,5800686.31,20934020.705,67607877.3225,166486481.0785,43781247.87625,187646642.09,51838139.3567609,61807191.0125,1050749949.03,0,0,417680.72,150846362.07,1,0
Fundo,2024-01-31,12063256000127,24,0,1,395730.61,467185.06075,5302963.68,19702224.8,69817984.58,146134037.50475,42254277.9208333,156058405.87,47709672.6121008,64515020.9,1014102670.1,0,0,395730.61,156058405.87,0,0
Fundo,2024-02-29,12063256000127,23,0,1,386350.07,451241.2315,5421308.365,20047810.54,62591768.27,142080599.006,40375763.4730435,147309819.64,46646189.5420184,57170459.905,928642559.88,0,0,386350.07,147309819.64,0,0
Fundo,2024-03-31,12063256000127,23,0,1,361152.66,430812.613,3772589.15,21026641.2,63866973.795,153361951.462,38984429.5995652,169178966.17,46505150.4837732,60094384.645,896641880.79,0,0,361152.66,140420757.61,1,0
Fundo,2024-04-30,12063256000127,29,0,1,13015.91,704756.848,4520127.22,21334775.5,55643246.21,170779998.277,36989261.4031035,171450742.96,46302931.7818776,51123118.99,1072688580.69,0,0,13015.91,84083490.73,2,0
Fundo,2024-05-31,12063256000127,29,0,1,13885.54,312351.561,3128094.84,15480906.36,55722685.97,174355560.519,35776000.8606897,174887260.8,47375065.81579,52594591.13,1037504024.96,0,0,13885.54,85675036.75,2,1
Fundo,2024-06-30,12063256000127,31,0,1,12477.62,539136.56,5344295.05,11160978.75,55261971.485,165750125.8125,34893763.5390323,177050004.75,44537224.6801745,49917676.435,1081706669.71,0,0,12477.62,80262390.08,2,0
Fundo,2024-07-31,12063256000127,30,0,1,723711.61,953564.05125,5134061.7825,11322181.06,36503573.665,160138483.19725,32478813.521,184066374.2,44959988.5493796,31369511.8825,974364405.63,0,0,723711.61,81138245.9,2,0
Fundo,2024-08-31,12063256000127,29,0,1,1015297,1026387.94,4101320.05,10717768.78,27572116.69,144272793.227,31825953.5903448,291369282.34,56483154.1372951,23470796.64,922952654.12,0,0,1015297,38886392.37,6,0
Fundo,2024-09-30,12063256000127,35,0,1,293380.97,913653.4165,3844343,10860658.24,27335201.61,121915048.1295,29686929.308,309058441.71,55099216.2870889,23490858.61,1039042525.78,0,0,293380.97,44110485.58,6,0
Classe,2024-10-31,12063256000127,36,0,1,894627.79,983830.4,4899377.6775,11254833.975,27366038.8125,112952270.5325,29387221.7325,286778631.16,51145814.3964013,22466661.135,1057939982.37,0,0,894627.79,51289265.62,6,0
Classe,2024-11-30,12063256000127,37,0,1,955248.95,989788.439,4517959.73,12513332.06,27374518.82,108034961.957,29110811.3791892,285554853.89,50352275.0714887,22856559.09,1077100021.03,0,0,955248.95,51539664.22,6,0
Classe,2024-12-31,12063256000127,37,0,1,970552.35,1027573.533,3710007.83,12747396.29,31890576.62,106281320.117,28738310.4278378,274983493.82,48519493.5609703,28180568.79,1063317485.83,0,0,970552.35,51854520.91,5,0
Classe,2025-01-31,12063256000127,38,0,1,943151.05,964798.825,3737388.41,12480785.1,29484172.8025,100184222.972749,28820238.6615789,259311894.32,46427056.4509919,25746784.3925,1095169069.14,0,0,943151.05,67808222.32,5,0
Classe,2025-02-28,12063256000127,40,0,1,836294.07,982249.04475,4678873.85,12362062.535,30808409.38,96883110.2429996,30774245.21975,349367861.97,57854502.0200371,26129535.53,1230969808.79,0,0,836294.07,68453274.4,5,0
Classe,2025-03-31,12063256000127,41,0,1,716677.43,1030530.62,5312315.93,15751340.43,40060755.19,155978241.24,35909001.6636585,360877591.11,61872300.0660235,34748439.26,1472269068.21,0,0,716677.43,89269391.07,2,0
Classe,2025-04-30,12063256000127,43,0,1,591151.32,1033251.762,5861317.345,16133014.03,41531085.03,152781342.9425,38050078.787907,441170430.46,71239942.5390393,35669767.685,1636153387.88,0,0,591151.32,93263591.05,2,0
Classe,2025-05-31,12063256000127,45,0,1,107707.83,486745.512,7176810.75,14274952.24,41612936.48,149781656.8,38395793.0802222,453621617.74,71331635.6875108,34436125.73,1727810688.61,0,0,107707.83,90263200.64,3,0
Classe,2025-06-30,12063256000127,47,0,1,1054036.99,1192240.29,5337710.885,17679704.25,38449000.325,148419037.397,38294162.7893617,482491084.56,74106598.1549913,33111289.44,1799825651.1,0,0,1054036.99,87086730.6,4,0
Classe,2025-07-31,12063256000127,56,0,1,71893.51,699841.67625,5341901.9625,15382850.775,40088736.2975,141503238.63375,40303465.5164286,616425024.81,85779855.984167,34746834.335,2256994068.92,0,0,71893.51,81795965.92,6,0
Fundo legado,2020-01-31,33775974000104,2,0,1,25479634.25,28750628.55575,58189577.3075,90899520.365,123609463.4225,153048412.17425,90899520.365,156319406.48,92517690.1927363,65419886.115,181799040.73,0,0,25479634.25,156319406.48,0,0
Fundo legado,2020-02-29,33775974000104,2,0,1,25472873.38,28757368.8005,58317827.585,91162781.79,124007735.995,153568194.7795,91162781.79,156852690.2,92899559.3844684,65689908.41,182325563.58,0,0,25472873.38,156852690.2,0,0
Fundo legado,2020-03-31,33775974000104,2,0,1,25460479.32,28760902.95825,58464715.7025,91468952.085,124473188.4675,154177001.21175,91468952.085,157477424.85,93350077.4157981,66008472.765,182937904.17,0,0,25460479.32,157477424.85,0,0
Fundo legado,2020-04-30,33775974000104,2,0,1,25459447.35,28773185.4115,58596827.965,91734208.58,124871589.195,154695231.7485,91734208.58,158008969.81,93726666.1745046,66274761.23,183468417.16,0,0,25459447.35,158008969.81,0,0
Fundo legado,2020-05-31,33775974000104,2,0,1,25450642.42,28779110.86975,58735326.9175,92020011.415,125304695.9125,155260911.96025,92020011.415,158589380.41,94143304.471348,66569368.995,184040022.83,0,0,25450642.42,158589380.41,0,0
Fundo legado,2020-06-30,33775974000104,2,0,1,25441636.98,28783062.642,58855893.6,92270150.22,125684406.84,155757237.798,92270150.22,159098663.46,94509789.7772379,66828513.24,184540300.44,0,0,25441636.98,159098663.46,0,0
Fundo legado,2020-07-31,33775974000104,2,0,1,25424417.48,28640987.91625,57590121.8425,89755826.205,121921530.5675,150870664.49375,89755826.205,154087234.93,90978350.7054619,64331408.725,179511652.41,0,0,25424417.48,154087234.93,0,0
Fundo legado,2020-08-31,33775974000104,2,0,1,25415202.42,28635896.854,57622146.76,89829091.1,122036035.44,151022285.346,89829091.1,154242979.78,91094994.9764468,64413888.68,179658182.2,0,0,25415202.42,154242979.78,0,0
Fundo legado,2020-09-30,33775974000104,2,0,1,25405893.39,28561980.6295,56966765.785,88527638.18,120088510.575,148493295.7305,88527638.18,151649382.97,89267627.5626712,63121744.79,177055276.36,0,0,25405893.39,151649382.97,0,0
Fundo legado,2020-10-31,33775974000104,2,0,1,25396612.81,28569358.363,57124068.34,88851523.87,120578979.4,149133689.377,88851523.87,152306434.93,89738795.8202305,63454911.06,177703047.74,0,0,25396612.81,152306434.93,0,0
Fundo,2020-11-30,30723886000162,4,0,1,1101843.46,2810242.02475,18185829.1075,40054275.15,80952899.455,147709967.8465,59084453.4125,155127419.89,67906093.0604796,62767070.3475,236337813.65,0,0,1101843.46,155127419.89,0,0
Fundo,2020-12-31,30723886000162,4,0,1,1066592.25,2755980.38775,17960473.6275,60179490.03,112802450.1125,156097591.28825,70583433.71,160908162.53,72766647.2654131,94841976.485,282333734.84,0,0,1066592.25,160908162.53,0,0
Fundo,2021-01-31,30723886000162,2,0,1,1068051.32,5045776.02249999,40845298.345,80622545.37,120399792.395,156199314.7175,80622545.37,160177039.42,112507044.43324,79554494.05,161245090.74,0,0,1068051.32,160177039.42,0,0
Fundo,2021-02-28,30723886000162,2,0,1,758823.94,4765861.50299999,40829199.57,80899575.2,120969950.83,157033288.897,80899575.2,161040326.46,113336137.330661,80140751.26,161799150.4,0,0,758823.94,161040326.46,0,0
Fundo,2021-03-31,30723886000162,2,0,1,741304.24,4762441.93774999,40952681.2175,81164058.195,121375435.1725,157565674.45225,81164058.195,161586812.15,113734949.366555,80422753.955,162328116.39,0,0,741304.24,161586812.15,0,0
Fundo,2021-04-30,30723886000162,2,0,1,722405.2,4765905.40124999,41157407.2125,81592409.225,122027411.2375,158418913.04875,81592409.225,162462413.25,114367456.481322,80870004.025,163184818.45,0,0,722405.2,162462413.25,0,0
Fundo,2021-05-31,30723886000162,2,0,1,703325.71,4759456.56499999,41264634.26,81825942.81,122387251.36,158892429.055,81825942.81,162948559.91,114724705.31802,81122617.1,163651885.62,0,0,703325.71,162948559.91,0,0
Fundo,2021-06-30,30723886000162,2,0,1,691520.5,4768784.91924999,41464164.6925,82236808.885,123009453.0775,159704832.85075,82236808.885,163782097.27,115322452.781692,81545288.385,164473617.77,0,0,691520.5,163782097.27,0,0
Fundo,2021-07-31,30723886000162,2,0,1,684084.96,4780623.24949999,41649467.855,82614850.75,123580233.645,160449078.2505,82614850.75,164545616.54,115867600.155832,81930765.79,165229701.5,0,0,684084.96,164545616.54,0,0
Fundo,2021-08-31,30723886000162,2,0,1,674541.83,8056884.81449997,74497971.675,148321401.52,222144831.365,288585918.2255,148321401.52,295968261.21,208804191.415395,147646859.69,296642803.04,0,0,674541.83,295968261.21,0,0
Fundo,2021-09-30,30723886000162,2,0,1,665190.68,8113224.21449997,75145526.025,149625861.37,224106196.715,291138498.5255,149625861.37,298586532.06,210662200.74999,148960670.69,299251722.74,0,0,665190.68,298586532.06,0,0
Fundo,2022-01-31,05389174000101,30,0,1,10227645.13,10350752.0585,28556548.825,61527516.45,274123832.715,1138030348.424,218679045.669,1695737223.2,354192009.874149,245567283.89,6560371370.07,0,0,10227645.13,608458956.85,2,1
Fundo,2024-05-31,33775974000104,1,0,1,3946.05,3946.05,3946.05,3946.05,3946.05,3946.05,3946.05,3946.05,,0,3946.05,0,0,3946.05,3946.05,0,1
Fundo,2024-06-30,33775974000104,1,0,1,94966.16,94966.16,94966.16,94966.16,94966.16,94966.16,94966.16,94966.16,,0,94966.16,0,0,94966.16,94966.16,0,0
Fundo,2024-07-31,33775974000104,1,0,1,66573.56,66573.56,66573.56,66573.56,66573.56,66573.56,66573.56,66573.56,,0,66573.56,0,0,66573.56,66573.56,0,0
Fundo,2024-08-31,33775974000104,1,0,1,38096.37,38096.37,38096.37,38096.37,38096.37,38096.37,38096.37,38096.37,,0,38096.37,0,0,38096.37,38096.37,0,0
Fundo,2024-09-30,33775974000104,1,0,1,9538.62,9538.62,9538.62,9538.62,9538.62,9538.62,9538.62,9538.62,,0,9538.62,0,0,9538.62,9538.62,0,0
Fundo,2024-10-31,33775974000104,1,0,1,58852.87,58852.87,58852.87,58852.87,58852.87,58852.87,58852.87,58852.87,,0,58852.87,0,0,58852.87,58852.87,0,0
Fundo,2024-11-30,33775974000104,1,0,1,19082.59,19082.59,19082.59,19082.59,19082.59,19082.59,19082.59,19082.59,,0,19082.59,0,0,19082.59,19082.59,0,0
Fundo,2024-12-31,33775974000104,1,0,1,2076.68,2076.68,2076.68,2076.68,2076.68,2076.68,2076.68,2076.68,,0,2076.68,0,0,2076.68,2076.68,0,0
Fundo,2025-01-31,33775974000104,1,0,1,63873.99,63873.99,63873.99,63873.99,63873.99,63873.99,63873.99,63873.99,,0,63873.99,0,0,63873.99,63873.99,0,0
Fundo,2025-02-28,33775974000104,1,0,1,38345.05,38345.05,38345.05,38345.05,38345.05,38345.05,38345.05,38345.05,,0,38345.05,0,0,38345.05,38345.05,0,0
Fundo,2025-03-31,33775974000104,1,0,1,12845.04,12845.04,12845.04,12845.04,12845.04,12845.04,12845.04,12845.04,,0,12845.04,0,0,12845.04,12845.04,0,0
Fundo,2025-04-30,33775974000104,1,0,1,131499.63,131499.63,131499.63,131499.63,131499.63,131499.63,131499.63,131499.63,,0,131499.63,0,0,131499.63,131499.63,0,0
Classe,2025-05-31,33775974000104,1,0,1,29526.93,29526.93,29526.93,29526.93,29526.93,29526.93,29526.93,29526.93,,0,29526.93,0,0,29526.93,29526.93,0,0
Classe,2025-06-30,33775974000104,1,0,1,29526.93,29526.93,29526.93,29526.93,29526.93,29526.93,29526.93,29526.93,,0,29526.93,0,0,29526.93,29526.93,0,0
Classe,2025-07-31,33775974000104,1,0,1,160500.75,160500.75,160500.75,160500.75,160500.75,160500.75,160500.75,160500.75,,0,160500.75,0,0,160500.75,160500.75,0,0
Classe,2025-08-31,33775974000104,1,0,1,136214.05,136214.05,136214.05,136214.05,136214.05,136214.05,136214.05,136214.05,,0,136214.05,0,0,136214.05,136214.05,0,0
Classe,2025-09-30,33775974000104,1,0,1,235271.12,235271.12,235271.12,235271.12,235271.12,235271.12,235271.12,235271.12,,0,235271.12,0,0,235271.12,235271.12,0,0
Classe,2025-10-31,33775974000104,1,0,1,161555.62,161555.62,161555.62,161555.62,161555.62,161555.62,161555.62,161555.62,,0,161555.62,0,0,161555.62,161555.62,0,0
Classe,2025-11-30,33775974000104,1,0,1,55560.16,55560.16,55560.16,55560.16,55560.16,55560.16,55560.16,55560.16,,0,55560.16,0,0,55560.16,55560.16,0,0
Classe,2025-12-31,33775974000104,2,0,1,261428.85,880043.673999998,6447577.09,12633725.33,18819873.57,24387406.986,12633725.33,25006021.81,17497069.4797169,12372296.48,25267450.66,0,0,261428.85,25006021.81,0,0
Classe,2026-01-31,33775974000104,2,0,1,170906.63,798847.867749998,6450319.0075,12729731.385,19009143.7625,24660614.90225,12729731.385,25288556.14,17760860.295988,12558824.755,25459462.77,0,0,170906.63,25288556.14,0,0
Classe,2026-02-28,33775974000104,3,0,1,146646.95,1403039.2865,12710570.315,25274493.68,26625234.095,27840900.4685,17799038.38,27975974.51,15346976.6425563,13914663.78,53397115.14,0,0,146646.95,27975974.51,0,0
Classe,2026-03-31,33775974000104,3,0,1,145088.72,1400874.375,12702945.27,25260801.82,26748104.25,28086676.437,17880432.4066667,28235406.68,15431101.0715835,14045158.98,53641297.22,0,0,145088.72,28235406.68,0,0
Classe,2026-04-30,33775974000104,3,0,1,70119.52,1328933.538,12658259.7,25246399.88,26701015.5,28010169.558,17824050.1733333,28155631.12,15444010.0632729,14042755.8,53472150.52,0,0,70119.52,28155631.12,0,0
Classe,2026-05-31,33775974000104,4,0,1,45842.8,1874944.22725,18336857.0725,24832660.105,31078559.1175,46865731.10875,24582756.085,48619861.33,19835032.3609645,12741702.045,98331024.34,0,0,45842.8,48619861.33,0,0
Classe,2026-06-30,33775974000104,4,0,1,23782364.17,23887979.99425,24838522.4125,27563286.235,34596292.385,47179089.0875,31871528.5625,48577177.61,11443989.8383811,9757769.9725,127486114.25,0,0,23782364.17,48577177.61,0,0
Classe,2026-07-31,33775974000104,4,0,1,17273615.33,17866207.82825,23199540.3125,29279350.03,37321400.02,47952781.24,31241590.3025,49134045.82,13621538.4149903,14121859.7075,124966361.21,0,0,17273615.33,49134045.82,0,0
Classe,2026-08-31,33775974000104,4,0,1,15311617.86,16050155.799,22696997.25,29360881.865,37446288.5475,47931239.58075,30782403.9325,49096234.14,14307319.7378544,14749291.2975,123129615.73,0,0,15311617.86,49096234.14,0,0
Fundo legado,2020-01-31,30723886000162,1,0,1,1039320.62,1039320.62,1039320.62,1039320.62,1039320.62,1039320.62,1039320.62,1039320.62,,0,1039320.62,0,0,1039320.62,1039320.62,0,0
Fundo legado,2020-02-29,30723886000162,1,0,1,1039203.92,1039203.92,1039203.92,1039203.92,1039203.92,1039203.92,1039203.92,1039203.92,,0,1039203.92,0,0,1039203.92,1039203.92,0,0
Fundo legado,2020-03-31,30723886000162,1,0,1,1041707.43,1041707.43,1041707.43,1041707.43,1041707.43,1041707.43,1041707.43,1041707.43,,0,1041707.43,0,0,1041707.43,1041707.43,0,0
Fundo legado,2020-04-30,30723886000162,1,0,1,1040745.22,1040745.22,1040745.22,1040745.22,1040745.22,1040745.22,1040745.22,1040745.22,,0,1040745.22,0,0,1040745.22,1040745.22,0,0
Fundo legado,2020-05-31,30723886000162,1,0,1,1046686.75,1046686.75,1046686.75,1046686.75,1046686.75,1046686.75,1046686.75,1046686.75,,0,1046686.75,0,0,1046686.75,1046686.75,0,0
Fundo legado,2020-06-30,30723886000162,1,0,1,1049434.5,1049434.5,1049434.5,1049434.5,1049434.5,1049434.5,1049434.5,1049434.5,,0,1049434.5,0,0,1049434.5,1049434.5,0,0
Fundo legado,2020-07-31,30723886000162,1,0,1,1051367.35,1051367.35,1051367.35,1051367.35,1051367.35,1051367.35,1051367.35,1051367.35,,0,1051367.35,0,0,1051367.35,1051367.35,0,0
Fundo legado,2020-08-31,30723886000162,1,0,1,1060339.9,1060339.9,1060339.9,1060339.9,1060339.9,1060339.9,1060339.9,1060339.9,,0,1060339.9,0,0,1060339.9,1060339.9,0,0
Fundo legado,2020-09-30,30723886000162,1,0,1,1069048.76,1069048.76,1069048.76,1069048.76,1069048.76,1069048.76,1069048.76,1069048.76,,0,1069048.76,0,0,1069048.76,1069048.76,0,0
Fundo legado,2020-10-31,30723886000162,1,0,1,1080173.09,1080173.09,1080173.09,1080173.09,1080173.09,1080173.09,1080173.09,1080173.09,,0,1080173.09,0,0,1080173.09,1080173.09,0,0
Fundo,2021-10-31,30723886000162,1,0,1,656373.31,656373.31,656373.31,656373.31,656373.31,656373.31,656373.31,656373.31,,0,656373.31,0,0,656373.31,656373.31,0,0
Fundo,2021-11-30,30723886000162,1,0,1,647403.38,647403.38,647403.38,647403.38,647403.38,647403.38,647403.38,647403.38,,0,647403.38,0,0,647403.38,647403.38,0,0
Fundo,2021-12-31,30723886000162,1,0,1,56091.34,56091.34,56091.34,56091.34,56091.34,56091.34,56091.34,56091.34,,0,56091.34,0,0,56091.34,56091.34,0,0
Fundo,2022-01-31,30723886000162,1,0,1,47618.81,47618.81,47618.81,47618.81,47618.81,47618.81,47618.81,47618.81,,0,47618.81,0,0,47618.81,47618.81,0,0
Fundo,2022-02-28,30723886000162,1,0,1,38990.2,38990.2,38990.2,38990.2,38990.2,38990.2,38990.2,38990.2,,0,38990.2,0,0,38990.2,38990.2,0,0
Fundo,2022-03-31,30723886000162,1,0,1,265012.67,265012.67,265012.67,265012.67,265012.67,265012.67,265012.67,265012.67,,0,265012.67,0,0,265012.67,265012.67,0,0
Fundo,2022-04-30,30723886000162,1,0,1,261772.65,261772.65,261772.65,261772.65,261772.65,261772.65,261772.65,261772.65,,0,261772.65,0,0,261772.65,261772.65,0,0
Fundo,2024-11-30,02671743000119,19,0,1,1821716.31,1977906.9675,25391373.665,78386070.82,157087980.065,515389082.2855,121404295.712105,702576576.61,161283124.412275,131696606.4,2306681618.53,0,0,1821716.31,286604367,1,0
Classe,2024-10-31,11758741000152,2,0,1,25595708.17,28133921.7535,50977844.005,76359979.84,101742115.675,124586037.9265,76359979.84,127124251.51,71791521.4797063,50764271.67,152719959.68,0,0,25595708.17,127124251.51,0,0
Fundo,2021-01-31,67030395000146,65,0,1,7136.36,371995.588,3775421.96,8544989.77,79989194.76,170362681.632,95898225.8504615,3781403092.56,466970636.976782,76213772.8,6233384680.28,0,0,7136.36,135664355.04,2,1
Fundo,2021-02-28,67030395000146,62,0,1,3624,261888.92475,3659391.265,9068068.695,75250700.08,180688492.18925,98559175.0227419,3803876227.99,480915637.828988,71591308.815,6110668851.41,0,0,3624,142954370.86,2,1
Fundo,2021-03-31,67030395000146,67,0,1,197085.14,280638.0735,3899108.28,8465604.37,79811627.85,177686131.258,99116655.7428358,4023337192.77,489587777.020306,75912519.57,6640815934.77,0,0,197085.14,153617299.45,2,1
Fundo,2021-04-30,67030395000146,66,0,1,374089.49,397540.24125,4206924.7025,8851291.42,49546330.945,199571653.21125,95600678.6366667,3744530268.76,459360509.942035,45339406.2425,6309644790.02,0,0,374089.49,113709907.22,9,1
Fundo,2021-05-31,67030395000146,67,0,1,69419.93,385444.455,4330204.28,10297090.1,76502585.035,193754630.5515,95064314.4462686,3648525512.87,444223826.781569,72172380.755,6369309067.9,0,0,69419.93,159798165.75,3,1
Fundo,2021-06-30,67030395000146,68,0,1,371618.84,486210.57725,4916672.93,11560269.875,74333620.0275,205547980.117,92107252.8195588,3450796012.42,417273636.745996,69416947.0975,6263293191.73,0,0,371618.84,159255752.55,3,1
Fundo,2021-07-31,67030395000146,65,0,1,355358.28,508234.726,4427282.45,13684005.74,80343225.32,184470520.818,44166725.5078462,206932720.61,58225320.8758465,75915942.87,2870837158.01,0,0,355358.28,170209031.25,2,0
Fundo,2021-08-31,67030395000146,67,0,1,43913.78,354379.3625,5479656.23,13822388.44,89279381.435,175901769.843,44913811.5635821,228940156.83,58637769.8785942,83799725.205,3009225374.76,0,0,43913.78,205855217.25,1,0
Fundo,2021-09-30,67030395000146,67,0,1,36165.73,343909.5475,5385770.465,13974414.73,93471217.445,188512370.876,45487048.2456717,230838917.19,60181006.6097868,88085446.98,3047632232.46,0,0,36165.73,166016035.63,2,0
Fundo,2021-10-31,67030395000146,66,0,1,36165.73,323331.12625,5120378.8075,14888152.575,100456658.0225,190432454.66625,46268297.8886364,230187143.53,60357436.2863896,95336279.215,3053707660.65,0,0,36165.73,230187143.53,0,0
Fundo,2021-11-30,67030395000146,64,0,1,43803.71,322287.32975,4846730.77,15148582.63,88522973.58,203313091.28875,47446152.4876563,271568332.14,63276771.764932,83676242.81,3036553759.21,0,0,43803.71,171609243.4,2,0
Fundo,2021-12-31,67030395000146,69,0,1,36165.73,349567.459,4901253.34,16384551.58,83502150.02,202819640.292,48481133.682029,271770102.8,63505045.5253121,78600896.68,3345198224.06,0,0,36165.73,186899517.48,2,0
Fundo,2022-01-31,67030395000146,69,0,1,243814.67,395958.378,5473067.91,19692924.92,83497216.35,214853538.718,49351692.6217391,271761979.05,64387760.3337684,78024148.44,3405266790.9,0,0,243814.67,179239560,3,0
Fundo,2022-02-28,67030395000146,70,0,1,342066.27,561092.8905,5875062.4925,20773214.23,81968514.86,241689118.64,50580769.1584286,273749165.5,65581753.4049425,76093452.3675,3540653841.09,0,0,342066.27,183411718.02,3,0
Fundo,2022-03-31,67030395000146,69,0,1,328742.23,598531.412,7116316.95,18757956.7,81904239.26,251642692.15,50789932.3518841,277112756.29,66743776.6012255,74787922.31,3504505332.28,0,0,328742.23,187109381.61,3,0
Fundo,2022-04-30,67030395000146,72,0,1,275642.21,590971.35325,5237417.0125,18319203.8,81974388.41,255527738.0355,50415218.0155556,279883539.55,67206879.8472966,76736971.3975,3629895697.12,0,0,275642.21,190374828.16,3,0
Fundo,2022-05-31,67030395000146,73,0,1,416420.46,548607.872,5414502.81,20193485.24,85057038.03,279935308.158,55252197.2061644,289401243.66,74262664.8472828,79642535.22,4033410396.05,0,0,416420.46,203316396.06,4,0
Fundo,2022-06-30,67030395000146,73,0,1,74348.81,424592.652,5084098.1,21149543.52,84176348.16,282820411.288,54875421.4754795,302508906.77,75365091.5821709,79092250.06,4005905767.71,0,0,74348.81,198470376.7,4,0
Fundo,2022-07-31,67030395000146,73,0,1,62278.05,421661.796,5760541.62,23077281.26,77747538.6,283648127.592,55596979.700411,308150330.42,75965325.5893841,71986996.98,4058579518.13,0,0,62278.05,163002012.42,6,0
Fundo,2022-08-31,67030395000146,72,0,1,38909.22,332997.43075,5997638.9875,23442681.515,92183732.24,286005209.75475,56788135.3211111,309279577.72,77142527.9171983,86186093.2525,4088745743.12,0,0,38909.22,207809638.67,4,0
Fundo,2022-09-30,67030395000146,74,0,1,29891.08,338195.87375,5723138.885,22798709.28,87410035.77,284880544.6815,56535643.7072973,324881187.34,77839938.4838589,81686896.885,4183637634.34,0,0,29891.08,196561982.09,5,0
Fundo,2022-10-31,67030395000146,78,0,1,20943.46,371808.5795,4734672.315,21502249.935,61030500.2825,282125782.7615,54687160.9319231,335600727,77538440.364133,56295827.9675,4265598552.69,0,0,20943.46,142655465.14,11,0
Fundo,2025-12-31,00806535000154,127,0,1,-181504.08,105178.766,5869728.055,19228249.16,60474732.17,366137997.706,55841239.9594488,604383101.83,101233293.961191,54605004.115,7091837474.85,1,0,-181504.08,135479695.25,11,1
Classe,2026-01-31,00806535000154,162,0,1,-218444.91,278447.98625,7337128.8375,21478211.495,70041372.4375,348171516.943,58263817.262284,686084966.71,99358720.4225432,62704243.6,9438738396.49,1,0,-218444.91,153758205.16,14,1
Fundo,2025-03-31,27652684000162,1,0,1,17260411.85,17260411.85,17260411.85,17260411.85,17260411.85,17260411.85,17260411.85,17260411.85,,0,17260411.85,0,0,17260411.85,17260411.85,0,0
Fundo,2025-11-30,27652684000162,45,0,1,241666.41,3266735.593,12707336.02,51712288.51,158599693.06,603313523.45,155930230.641111,2466824674.84,376479724.463264,145892357.04,7016860378.85,0,0,241666.41,308841364.36,4,1
Fundo,2025-06-30,59281253000123,17,0,1,6466307.87,13475328.618,35017401.76,88350824.32,169900556.98,2185953639.744,310053518.817059,3012237138.6,729673570.831572,134883155.22,5270909819.89,0,0,6466307.87,234749740.39,2,2
Fundo,2025-08-31,59281253000123,14,0,1,2863495.67,3192935.079,14595600.96,43663403.875,97052850.985,1740778307.438,278230283.335714,2062907877.33,585291929.668185,82457250.025,3895223966.7,0,0,2863495.67,98636102.79,3,2
Fundo legado,2020-08-31,24361690000172,33,0,1,7310.14,1304035.1,9865304.37,29268687.89,58999838.57,113704174.304,36519572.1215152,150229947.24,34723999.2644978,49134534.2,1205145880.01,0,0,7310.14,104572731.07,1,1
Fundo,2022-01-31,24361690000172,22,0,1,1930696,2419166.82025,9684427.6675,22983528.6,30310643.0775,91560005.7984999,27865511.0622727,109910279.17,27528477.0690511,20626215.41,613041243.37,0,0,1930696,31029412.55,4,0
Fundo,2022-02-28,24361690000172,22,0,1,1933529.44,2443066.2685,10046933.6475,23333962.8,30660699.34,92769536.7197499,28446192.2513636,110979982.3,27927990.2637184,20613765.6925,625816229.53,0,0,1933529.44,33230075.03,4,0
Fundo,2022-03-31,24361690000172,21,0,1,2105853.8,2494469.13,12387044.13,24112970.35,31763378.57,95157550.445,29903400.4833333,112486503.67,28774737.1472098,19376334.44,627971410.15,0,0,2105853.8,33449642.92,4,0
Fundo,2022-04-30,24361690000172,22,0,1,2375229.19,2557345.033,12449774.78,25978907.545,34108030.8525,97987254.0884999,31291897.0695455,119968756.95,29596980.6457308,21658256.0725,688421735.53,0,0,2375229.19,35357910.21,4,0
Fundo,2022-05-31,24361690000172,23,0,1,2670438.99,2739734.469,13025812.495,28517433.07,35047120.535,101857297.193,32406166.8704348,128001144.23,30303253.0026426,22021308.04,745341838.02,0,0,2670438.99,37272820.2,4,0
Fundo,2022-06-30,24361690000172,23,0,1,2772246.66,2904332.7515,13067112.515,26379691.48,34432046.68,105183338.6665,32442807.6395652,133254434.45,31078999.9112202,21364934.165,746184575.71,0,0,2772246.66,35171373.71,4,0
Fundo,2022-07-31,24361690000172,22,0,1,2545217.37,2859621.9465,12621125.0925,26544589.225,34366520.615,110732832.11775,33332133.0272727,140626351.59,33273746.1473044,21745395.5225,733306926.6,0,0,2545217.37,35981862.88,4,0
Fundo,2022-08-31,24361690000172,23,0,1,2291722.6,2765277.4345,12033620.45,26935794.32,36096580.585,111690727.4565,33656981.5382609,145032965.82,33090929.8471286,24062960.135,774110575.38,0,0,2291722.6,68535770.74,3,0
Fundo,2022-09-30,24361690000172,25,0,1,501556.64,1533905.06,11713839.35,24418029.12,34693643.78,110308383.208,31894891.6532,146880384.13,33130696.1700267,22979804.43,797372291.33,0,0,501556.64,61169553.51,3,0
Fundo,2022-10-31,24361690000172,25,0,1,488032.21,789386.758,11247020.37,24711718.24,38669238.05,112473719.646,33776871.3032,148614716.58,34322743.1405305,27422217.68,844421782.58,0,0,488032.21,67005813.01,3,0
Fundo,2022-11-30,24361690000172,25,0,1,971837.49,1281568.44,10318201.97,24431658.04,40623423.98,119362305.904,34189052.39,164167625.14,36488146.9332302,30305222.01,854726309.75,0,0,971837.49,67864801.26,3,0
Fundo,2022-12-31,24361690000172,26,0,1,957098.25,2119130.3125,10862573.1125,24012927.975,42870916.195,129315802.57875,34592368.3730769,183728071.46,39605629.3731814,32008343.0825,899401577.7,0,0,957098.25,87199250.5,2,0
Fundo,2023-01-31,24361690000172,26,0,1,1443988.76,2291900.05375,9309231.97,20537394.84,42299318.335,133103570.2325,34071686.9953846,187089675.47,41409088.0113108,32990086.365,885863861.88,0,0,1443988.76,89272092.63,2,0
Fundo,2023-02-28,24361690000172,26,0,1,2819250.62,3277748.10125,6018399.0775,19612680.295,41049142.7825,135601618.62625,33358394.5169231,189453310.77,41884269.918189,35030743.705,867318257.44,0,0,2819250.62,90957102.81,2,0
Fundo,2023-03-31,24361690000172,27,0,1,23474.55,138216.0925,8532859.8,17815647.13,40373259.79,135993286.203,33439262.6874074,196288726.33,42728810.2790264,31840399.99,902860092.56,0,0,23474.55,75741522.4,3,0
Fundo,2023-04-30,24361690000172,29,0,1,8435.99,125959.578,9918067.83,21291051.9,34837607.74,131685693.919,32877833.5606897,198780813.22,41596060.7754997,24919539.91,953457173.26,0,0,8435.99,55315027.66,4,1
Fundo,2023-05-31,24361690000172,28,0,1,152179.76,517577.96225,11605314.2975,23060810.54,37568882.415,131153806.377,35733274.18,202015650.6,41456295.7134595,25963568.1175,1000531677.04,0,0,152179.76,76010403.51,3,0
Fundo,2023-06-30,24361690000172,30,0,1,127547.03,1113551.69175,11592237.47,23482937.65,41078624.7525,128319987.98175,34895575.7736667,205288947.12,40679706.8831459,29486387.2825,1046867273.21,0,0,127547.03,71615983.23,3,0
Fundo,2023-07-31,24361690000172,32,0,1,102532.59,144970.43525,11202292.5075,23803865.495,45067611.7075,124997009.4735,34858781.3553125,208539243.08,40651912.6806885,33865319.2,1115481003.37,0,0,102532.59,80455071.3,2,0
Fundo,2023-08-31,24361690000172,32,0,1,77072.84,127524.97575,11432661.45,23446555.43,43676290.745,127556511.82625,33721300.9328125,212358932.47,40449485.4005241,32243629.295,1079081629.85,0,0,77072.84,67074538.76,2,0
Fundo,2023-09-30,24361690000172,50,0,1,10000,11125,999966.34,10544449.09,24512718.945,97615008.7522499,21061145.1478,215538401.76,35730905.2988789,23512752.605,1053057257.39,0,0,10000,53146191.78,4,0
Fundo,2023-10-31,24361690000172,48,0,1,6473.01,10555.521,2708402.43,12421815.925,26143731.5625,102785900.09675,23527332.805625,219385119.82,37110857.6489446,23435329.1325,1129311974.67,0,0,6473.01,53876951,3,0
Fundo,2023-11-30,24361690000172,48,0,1,6504.04,88822.63125,2764482.22,11679775.305,27695305.28,119508799.071,24628156.36625,222577023.71,38980280.2429944,24930823.06,1182151505.58,0,0,6504.04,55608056.17,3,0
Fundo,2023-12-31,24361690000172,47,0,1,5703.82,496293.7695,3513253.53,11241861.07,29143786.28,157947993.579,26849229.1178723,226459057.03,42436830.2523815,25630532.75,1261913768.54,0,0,5703.82,56133168.52,3,0
Fundo,2024-01-31,24361690000172,47,0,1,1151.2,572960.229,4331130.245,14533701.41,30675159.82,221083419.102,35455965.436383,352750692.95,63840109.8626452,26344029.575,1666430375.51,0,0,1151.2,65440887.97,4,0
Fundo,2024-02-29,24361690000172,49,0,1,877.77,713829.85,6855386.46,20011593.25,47096825.07,225642104.866,37706106.877551,358031794.3,64231955.6943867,40241438.61,1847599237,0,0,877.77,106771706.79,3,1
Fundo,2024-03-31,24361690000172,48,0,1,737384.3,1442817.106,8593369.775,20754665.145,43200029.855,227167085.0155,38511306.4179167,360591715.26,64342292.3874953,34606660.08,1848542708.06,0,0,737384.3,65679155.05,4,0
Fundo,2024-04-30,24361690000172,50,0,1,88712.09,895608.15475,6981589.4025,21307106.22,39159722.825,231833139.6275,38288249.0904,354354425.51,63909346.0179521,32178133.4225,1914412454.52,0,0,88712.09,66465481.64,4,0
Fundo,2024-05-31,24361690000172,50,0,1,334429.14,925041.8675,8259035.055,21206275.52,35206150.24,245357795.6605,39333413.7564,354401556.43,66675562.1675749,26947115.185,1966670687.82,0,0,334429.14,66701456.88,4,0
Fundo,2024-06-30,24361690000172,46,0,1,227072.13,350284.845,6273602.24,19434137.66,44639726.375,253839359.5425,43858057.6576087,409664275.63,76776897.9615236,38366124.135,2017470652.25,0,0,227072.13,90880430.23,4,0
Fundo,2024-07-31,24361690000172,50,0,1,192944.09,953559.61925,6357077.275,18873037.6,48181654.3775,251467852.47525,43654015.8628,452584418.69,78180969.5860388,41824577.1025,2182700793.14,0,0,192944.09,91859620.47,4,0
Fundo,2024-08-31,24361690000172,54,0,1,96140.04,970763.6465,6359127.1325,21325283.765,47534783.2425,256377086.7495,43741927.367963,488440783.61,79692266.9776612,41175656.11,2362064077.87,0,0,96140.04,105783393.78,4,0
Fundo,2024-09-30,24361690000172,56,0,1,76442.85,1030172.0675,7132934.2425,20957987.655,52056203.5175,273756396.49125,46330343.2617857,487129578.63,80201227.2317288,44923269.275,2594499222.66,0,0,76442.85,106905974.13,4,0
Fundo,2024-10-31,24361690000172,19,0,1,936313.93,1053575.2045,8216988.715,23639090.45,66181476.5,297656803.8075,58067091.1021053,323370697.98,89822730.8978234,57964487.785,1103274730.94,0,0,936313.93,125391576.91,2,0
Fundo,2024-11-30,24361690000172,24,0,1,295979.54,459642.9975,12346422.68,22597706.165,37759507.45,189181127.296,39922126.2054167,270114746.48,57288505.8180632,25413084.77,958131028.93,0,0,295979.54,74000376.82,2,0
Classe,2024-12-31,24361690000172,79,0,1,584586.35,842527.7865,11734980.095,25894886.11,54124798.97,386993733.242,57959881.0234177,828546723.54,116288538.511333,42389818.875,4578830600.85,0,0,584586.35,108136377.58,7,0
Classe,2025-01-31,24361690000172,84,0,1,554586.34,856616.5415,11669524.7525,26179853.71,57830482.805,335930285.32125,57749190.7335714,843175119.36,113976591.654885,46160958.0525,4850932021.62,0,0,554586.34,106759679.01,7,0
Classe,2025-02-28,24361690000172,89,0,1,336188.77,734497.904,9832594.87,25543750.28,58363914.17,339804169.952,59120228.1410112,852603152.31,115510790.616578,48531319.3,5261700304.55,0,0,336188.77,109131406.76,8,0
Classe,2025-03-31,24361690000172,92,0,1,84150.98,425916.4235,9316641.4325,27633600.93,61891420.2825,370647617.1895,65006864.7565217,864533791.46,122732728.283638,52574778.85,5980631557.6,0,0,84150.98,114441040.91,9,0
Classe,2025-04-30,24361690000172,97,0,1,103870.4,276196.4,8993121.26,25843117.27,66489698.12,409591018.438,66633568.0450515,870952625.35,125133676.44947,57496576.86,6463456100.37,0,0,103870.4,145116950.89,9,0
Classe,2025-05-31,24361690000172,104,0,1,0,101724.1665,7691484.7725,25225734.805,62934281.24,417430544.205,64950317.9773077,887176710.16,125819436.477556,55242796.4675,6754833069.64,0,1,0,122123681.92,10,2
Classe,2025-06-30,24361690000172,106,0,1,0,35122.2025,8125607.685,25744859.525,67919341.28,462084594.46125,69117935.7663208,900784250.8,130058931.270199,59793733.595,7326501191.23,0,2,0,152602763.03,9,0
Classe,2025-07-31,24361690000172,110,0,1,0,12247.536,8625097.8775,25811859.82,69961219.23,470689773.51325,72892663.6259091,922726939.98,137114961.637664,61336121.3525,8018192998.85,0,2,0,155783655.81,10,4
Classe,2025-08-31,24361690000172,113,0,1,-4676.49,94500.81,8969351.92,26072114.42,78010380.72,465284853.192,76236908.9879646,934645681.81,140930632.311759,69041028.8,8614770715.64,1,1,-4676.49,163132277.01,10,3
Classe,2025-09-30,24361690000172,116,0,1,0,82965.3225,8836913.3725,26477593.505,81465497.12,458448031.48875,77556291.1016379,958632546.26,147659171.310782,72628583.7475,8996529767.79,0,1,0,165135247.91,10,1
Classe,2025-10-31,24361690000172,131,0,1,0,0,8156424.015,26806106.32,71159010.2,430736147.7125,73295211.8226718,970536821.05,141315603.698283,63002586.185,9601672748.77,0,5,0,164019721.68,10,5
Fundo,2021-01-31,59281253000123,35,0,1,905565.06,6273529.0985,35095157.185,115852695.73,367550060.84,943427564.2465,256532549.354,950870433.28,290122846.560496,332454903.655,8978639227.39,0,0,905565.06,807273903.61,3,0
Fundo,2021-02-28,59281253000123,35,0,1,896842.4,9079544.149,34980146.23,116276362.4,370844275.12,955573910.5285,264168327.309429,1063371628.09,296408958.239779,335864128.89,9245891455.83,0,0,896842.4,810066903.58,3,0
Fundo,2021-03-31,59281253000123,38,0,1,860149.39,9976765.167,34047105.5775,106783029.635,341721300.615,1089610748.0545,259775623.40079,1133626106.84,312789383.918926,307674195.0375,9871473689.23,0,0,860149.39,597632229.32,4,0
Fundo,2024-12-31,62318407000119,1,0,1,38389167.69,38389167.69,38389167.69,38389167.69,38389167.69,38389167.69,38389167.69,38389167.69,,0,38389167.69,0,0,38389167.69,38389167.69,0,0
Fundo,2025-01-31,62318407000119,1,0,1,38317127.48,38317127.48,38317127.48,38317127.48,38317127.48,38317127.48,38317127.48,38317127.48,,0,38317127.48,0,0,38317127.48,38317127.48,0,0
Fundo,2025-02-28,62318407000119,1,0,1,38145551.72,38145551.72,38145551.72,38145551.72,38145551.72,38145551.72,38145551.72,38145551.72,,0,38145551.72,0,0,38145551.72,38145551.72,0,0
Fundo,2025-03-31,62318407000119,1,0,1,38095185.51,38095185.51,38095185.51,38095185.51,38095185.51,38095185.51,38095185.51,38095185.51,,0,38095185.51,0,0,38095185.51,38095185.51,0,0
Fundo,2025-04-30,62318407000119,1,0,1,38047493.41,38047493.41,38047493.41,38047493.41,38047493.41,38047493.41,38047493.41,38047493.41,,0,38047493.41,0,0,38047493.41,38047493.41,0,0
Fundo,2025-05-31,62318407000119,1,0,1,36933727.6,36933727.6,36933727.6,36933727.6,36933727.6,36933727.6,36933727.6,36933727.6,,0,36933727.6,0,0,36933727.6,36933727.6,0,0
Fundo,2025-06-30,62318407000119,1,0,1,36520645.29,36520645.29,36520645.29,36520645.29,36520645.29,36520645.29,36520645.29,36520645.29,,0,36520645.29,0,0,36520645.29,36520645.29,0,0
Fundo,2025-07-31,62318407000119,1,0,1,36477632.63,36477632.63,36477632.63,36477632.63,36477632.63,36477632.63,36477632.63,36477632.63,,0,36477632.63,0,0,36477632.63,36477632.63,0,0
Fundo,2025-08-31,62318407000119,2,0,1,36404685.26,44064079.91575,112998631.8175,189592578.375,266186524.9325,335121076.83425,189592578.375,342780471.49,216640396.034593,153187893.115,379185156.75,0,0,36404685.26,342780471.49,0,0
Fundo,2025-09-30,62318407000119,1,0,1,36311342.06,36311342.06,36311342.06,36311342.06,36311342.06,36311342.06,36311342.06,36311342.06,,0,36311342.06,0,0,36311342.06,36311342.06,0,0
Fundo,2025-10-31,62318407000119,1,0,1,36418500.9,36418500.9,36418500.9,36418500.9,36418500.9,36418500.9,36418500.9,36418500.9,,0,36418500.9,0,0,36418500.9,36418500.9,0,0
Fundo,2025-11-30,62318407000119,1,0,1,35745776.36,35745776.36,35745776.36,35745776.36,35745776.36,35745776.36,35745776.36,35745776.36,,0,35745776.36,0,0,35745776.36,35745776.36,0,0
Fundo,2024-10-31,33886862000112,23,0,1,830380.34,2482531.6705,15338818.41,27384295.22,57896016.215,220473633.4235,52097886.8604348,309861331.95,69088034.3359544,42557197.805,1198251397.79,0,0,830380.34,114354078.88,3,0
Fundo,2024-11-30,33886862000112,15,0,1,832959.54,1921985.464,17512196.815,31716858.41,39267373.38,228848743.202,46980510.7853333,304956594.42,74381456.4874512,21755176.565,704707661.78,0,0,832959.54,44997641.62,2,0
Classe,2025-12-31,00806535000154,16,0,1,4842516.1,6471680.68,15117586.4775,43938036.3,75003504.3925,313748845.43,80393558.393125,349955528.09,99772396.7441786,59885917.915,1286296934.29,0,0,4842516.1,77172808.51,3,0
Fundo,2020-11-30,03751794000113,40,0,1,-415168.96,-248472.10825,1888416.995,12870570.49,38043303.945,2092096282.95774,270563668.192,5709792137.89,985054491.968546,36154886.95,10822546727.68,2,5,-415168.96,60757171.46,6,5
Fundo,2020-12-31,03751794000113,43,0,1,-433147.55,-233498.6,1029886.35,12233268.24,45915593.01,1999260865.0095,256725542.57814,5709761230.56,950800392.689426,44885706.66,11039198330.86,2,6,-433147.55,101947250.86,6,5
Fundo,2021-01-31,12063256000127,17,0,1,1317320.78,1612445.836,8886343.65,25375857.05,52801212.53,1289797386.558,157425553.522353,1999253397.05,477588957.939245,43914868.88,2676234409.88,0,0,1317320.78,91636141.64,2,1
Fundo,2021-02-28,12063256000127,17,0,1,1317043.49,1892824.41,9496278.86,25367294.67,52785280.12,1295252032.842,158984559.624706,1999213405.29,477485642.049745,43289001.26,2702737513.62,0,0,1317043.49,85983506.47,2,1
Fundo,2021-03-31,12063256000127,17,0,1,1316689.17,1431625.57,9971597.4,25359872.88,52766978.2,1307568950.42,161977415.326471,1999172026.88,477648769.297261,42795380.8,2753616060.55,0,0,1316689.17,100039743.06,2,1
Fundo,2021-04-30,12063256000127,17,0,1,1316385.97,1426784.082,10120105.25,25350301.24,51121243.4,1324987578.1,164063311.191765,1999109114.82,478493256.507654,41001138.15,2789076290.26,0,0,1316385.97,98963049.79,2,1
Fundo,2021-05-31,12063256000127,19,0,1,1268925.35,1412875.1795,13536184.275,26766492.9,62414471.535,1259999616.236,154545849.745789,1999068385.01,453535494.9084,48878287.26,2936371145.17,0,0,1268925.35,98175490.32,2,1
Fundo,2021-06-30,12063256000127,20,0,1,1221464.84,2252220.9105,10480711.67,24199165.43,56180990.9425,1221805474.1705,145461537.8055,1999023156.76,443273871.43747,45700279.2725,2909230756.11,0,0,1221464.84,97263069.46,2,1
Fundo,2021-07-31,12063256000127,21,0,1,1221464.84,1930596.82,10737200.14,26702975.55,54831490.04,1195911164.785,142229278.331905,1999208112.98,433450425.314581,44094289.9,2986814844.97,0,0,1221464.84,96539267.51,2,1
Fundo,2021-08-31,12063256000127,23,0,1,472145,884270.912,7006998.665,22556259.58,58055046.405,1126667224.494,131778382.017391,1999177387.37,415750368.109631,51048047.74,3030902786.4,0,0,472145,95966904.38,2,1
Fundo,2021-09-30,12063256000127,22,0,1,448145,854137.916,9503916.26,22869540.715,62198610.5525,1184489653.65975,139942492.660909,1999146922.02,425600733.705029,52694694.2925,3078734838.54,0,0,448145,95281699.2,2,1
Fundo,2021-10-31,12063256000127,22,0,1,0,231683.0985,6076661.325,22176408.48,50854388.7325,285085346.175499,52217166.2672727,493116297.86,103217737.326705,44777727.4075,1148777657.88,0,1,0,96866866.08,1,0
Fundo,2021-11-30,12063256000127,22,0,1,0,218926.45425,5826834.7125,22569568.655,61265692.25,293501324.863499,55211366.4677273,503636054.28,105668623.983122,55438857.5375,1214650062.29,0,1,0,103379426.82,1,0
Fundo,2021-12-31,12063256000127,22,0,1,0,0,4885497.7475,22477268.515,64411898.295,335532100.341999,59611925.5604546,574019455.63,121102602.883805,59526400.5475,1311462362.33,0,3,0,119757826.51,1,0
Fundo,2022-01-31,12063256000127,22,0,1,0,0,3388011.1175,22605028.17,63018566.39,328358162.418749,58053931.87,559561686.57,118396580.948812,59630555.2725,1277186501.14,0,3,0,119174021.52,1,0
Fundo,2022-02-28,12063256000127,22,0,1,0,0,3343995.175,22773546.47,63976752.2875,320933642.623999,56359416.3245455,544184355.26,114960500.77084,60632757.1125,1239907159.14,0,3,0,118944902.62,1,0
Fundo,2022-03-31,12063256000127,21,0,1,0,0,2539201.18,23326692.38,65061612.61,374267508.8,58119936.2295238,666958823.09,142462909.960688,62522411.43,1220518660.82,0,3,0,81576194.51,1,0
Fundo,2022-04-30,12063256000127,20,0,1,0,0,4205236.685,23652498.1,66112323.3625,398898162.650999,63240772.025,671671636.64,146839537.161152,61907086.6775,1264815440.5,0,2,0,97411691.4,1,0
Fundo,2022-05-31,12063256000127,21,0,1,0,0,5125664.47,23883916.49,66573201.25,464482285.485,69947047.8761905,781117140.29,167147349.762369,61447536.78,1468888005.4,0,2,0,147847430.68,1,0
Fundo,2022-06-30,12063256000127,21,0,1,0,0,5126478.58,24260413.1,52625918.68,475059791.255,70150896.8085714,789880020.97,169397163.06384,47499440.1,1473168832.98,0,2,0,90456673.47,2,0
Fundo,2022-07-31,12063256000127,18,0,1,1924339.88,1961005.531,8918973.11,28366299.87,53154358.33,144223637.74075,39764362.7322222,181516306.46,44044179.1722013,44235385.22,715758529.18,0,0,1924339.88,93768850.65,1,0
Fundo,2022-08-31,12063256000127,19,0,1,1455065.1,1606439.5875,7400347.085,31464309.11,55589927.21,152440176.8065,40568883.8784211,197053632.22,46536606.3192688,48189580.125,770808793.69,0,0,1455065.1,97912620.19,1,0
Fundo,2022-09-30,12063256000127,19,0,1,1430459.06,1562385.9965,7454102.12,32271347.91,62343044.575,160018302.084,45533017.2015789,206714873.13,50533586.6863286,54888942.455,865127326.83,0,0,1430459.06,102944715.25,1,0
Fundo,2022-10-31,12063256000127,18,0,1,1693950.66,2717587.5975,10126212.07,40667375.06,80282477.475,170166112.16875,53206319.2522222,187014753.03,53590714.8123022,70156265.405,957713746.54,0,0,1693950.66,147370892.18,1,0
Fundo,2022-11-30,12063256000127,17,0,1,1668029.3,2801641.556,7109080.09,33297608.01,62199365.35,169969279.636,51804956.87,173893353.26,55581415.9648921,55090285.26,880684266.79,0,0,1668029.3,118460488.54,2,0
Fundo,2022-12-31,12063256000127,16,0,1,1732600.1,2816021.42375,8563253.4925,38039380.565,71573428.2925,183864776.96375,58208591.91375,194215015.46,63057371.6977923,63010174.8,931337470.62,0,0,1732600.1,156859560.52,2,0
Fundo,2023-01-31,12063256000127,16,0,1,1708239.47,2842385.96,8701294.1975,38337511.455,62329909.635,173981080.75375,50794074.344375,178391144.86,54781192.1513143,53628615.4375,812705189.51,0,0,1708239.47,97408970.75,2,0
Fundo,2023-02-28,12063256000127,16,0,1,1683414.9,2859716.30625,8668511.8225,39474959.94,63055846.5625,167464856.17125,50077710.589375,178687646.85,52466417.3263297,54387334.74,801243369.43,0,0,1683414.9,97992153.88,2,0
Fundo,2023-03-31,12063256000127,17,0,1,1758857.21,2034799.606,5875517.87,34994995.71,63756335.45,173066567.324,48378762.4123529,201146579.76,54248543.8274892,57880817.58,822438961.01,0,0,1758857.21,130946548.67,1,0
Fundo,2023-04-30,12063256000127,17,0,1,1732814.77,3202354.374,9490482.02,35373452.97,62847668.58,165477911.694,47998096.3552941,199865915.61,52046463.031072,53357186.56,815967638.04,0,0,1732814.77,113895905.82,1,0
Fundo,2023-05-31,12063256000127,16,0,1,333415.66,2243815.1725,12708109.005,39135380.86,64970499.42,169067670.55375,51189545.59,201270752.02,52863591.2381237,52262390.415,819032729.44,0,0,333415.66,115395868.11,1,0
Fundo,2023-06-30,12063256000127,18,0,1,2335831.31,3630336.76575,13611636.705,45162143.41,65116795.6275,153031660.71625,49699515.4527778,188247165.71,47150759.5251305,51505158.9225,894591278.15,0,0,2335831.31,105387153.96,1,0
Fundo,2023-07-31,12063256000127,19,0,1,960248.5,1594203.154,12970258.12,36680300.79,64144297.83,167212195.6385,48431610.0689474,217146607.58,52214945.969909,51174039.71,920200591.31,0,0,960248.5,106181247.71,1,0
Fundo,2023-08-31,12063256000127,20,0,1,1e+06,1676197.38875,12304914.4175,29749500.24,63176169.135,172035752.27925,47887953.8695,217652554.44,52997296.0409714,50871254.7175,957759077.39,0,0,1e+06,121617181.47,1,0
Fundo,2023-09-30,12063256000127,23,0,1,370649.44,441792.248,5902377.72,22434969.55,58643493.805,175514152.135,43642301.3656522,233872150.79,54491727.6208013,52741116.085,1003772931.41,0,0,370649.44,127766698.69,1,0
Fundo,2023-10-31,12063256000127,24,0,1,407349.82,435814.4475,4907230.47,17663999.365,56967498.1,155436870.42825,38991168.8208333,183925791.27,47938785.4776844,52060267.63,935788051.7,0,0,407349.82,134379841.98,1,0
Fundo,2023-11-30,12063256000127,23,0,1,400693.02,420331.3255,5595531.39,19218384.56,60108736.16,155828475.165,40859935.066087,183103659.97,47962398.7101218,54513204.77,939778506.52,0,0,400693.02,133512414.87,1,0
Fundo legado,2020-01-31,44782130000107,8,0,1,1043313.18,1585947.412,4149646.9675,5160427.155,15752507.1975,104552840.205,22027087.23625,122613367.06,41108273.3399869,11602860.23,176216697.89,0,0,1043313.18,19410356.46,1,0
Fundo legado,2020-02-29,44782130000107,8,0,1,3183442.51,3348930.29575,4709770.2475,6233728.77,16112266.0425,97664766.297,21742726.75375,113997696.54,37768058.6379431,11402495.795,173941814.03,0,0,3183442.51,20666666.58,1,0
Fundo legado,2020-03-31,44782130000107,9,0,1,988033.58,1584844.824,4115286.29,5070298.42,14491389.08,96539760.5440001,19783327.1444444,115312018.62,36379307.8010552,10376102.79,178049944.3,0,0,988033.58,21450728.24,1,0
Fundo legado,2020-04-30,44782130000107,9,0,1,1440732.49,1972456.816,5130774.75,5184129.48,14082227.09,97356064.2240001,20078643.89,116587973.49,36661604.4689244,8951452.34,180707795.01,0,0,1440732.49,20428427.16,1,0
Fundo legado,2020-05-31,44782130000107,10,0,1,672684.93,968990.72175,4456356.8375,5245515.255,12177725.465,95173944.26625,18143491.2,117094848.75,35221497.6856068,7721368.6275,181434912,0,0,672684.93,19668606.6,1,0
Fundo legado,2020-06-30,44782130000107,12,0,1,736826.71,808219.0915,2114592.7025,5241334.165,12322942.7975,88642299.83375,15385621.4066667,115519113.41,31990873.0954623,10208350.095,184627456.88,0,0,736826.71,17785245.86,1,0
Fundo legado,2020-07-31,44782130000107,12,0,1,742498.51,779747.93375,2762615.1875,5224127.26,12668258.595,89359230.743,15825470.44,115925073.31,32074064.2320983,9905643.4075,189905645.28,0,0,742498.51,19322009.43,1,0
Fundo legado,2020-08-31,44782130000107,13,0,1,823952.41,837520.192,3317581.05,5226000.37,11334224.58,88683295.7949999,15180609.8323077,118409561.38,31558209.15305,8016643.53,197347927.82,0,0,823952.41,19322009.43,1,0
Fundo legado,2020-09-30,44782130000107,14,0,1,760166.21,769462.68875,2884841.0425,4968123.73,10166540.9375,78434146.1097499,13588191.165,107026006.67,27499838.1692597,7281699.895,190234676.31,0,0,760166.21,19051051.1,1,0
Fundo legado,2020-10-31,44782130000107,15,0,1,751205.2,752682.5815,4355621.515,4769743.25,9468793.495,77835846.704,13701962.114,109517068.99,27048987.830967,5113171.98,205529431.71,0,0,751205.2,12128923.95,3,0
Fundo,2022-11-30,67030395000146,76,0,1,7128.54,546415.62375,5074903.2375,20252783.8,62107861.82,284217873.29375,54518535.9705263,340759475.3,78758237.5314027,57032958.5825,4143408733.76,0,0,7128.54,142502545.12,11,1
Fundo,2022-12-31,67030395000146,76,0,1,366344.07,955748.77875,7203618.785,22922643.775,51794334.415,284782891.145,57438562.7486842,350129537.81,81569516.8210899,44590715.63,4365330768.9,0,0,366344.07,97328905.9,15,0
Fundo,2023-01-31,67030395000146,77,0,1,361614.09,636562.522,6909914.65,24046912.03,54397683.72,284179939.956,57104190.3544156,360434691.57,81486247.6169076,47487769.07,4397022657.29,0,0,361614.09,97315449.37,15,0
Fundo,2023-02-28,67030395000146,77,0,1,346883.92,637234.48,8386311.49,23369284.28,54765116.83,283023021.61,57825647.9753247,368607543.38,81944607.8378765,46378805.34,4452574894.1,0,0,346883.92,97302766.06,15,0
Fundo,2023-03-31,67030395000146,81,0,1,417053.35,956857.09,7913481.24,22194490.94,54768455.75,277848586.57,59030990.6674074,375412212.47,84075053.2488822,46854974.51,4781510244.06,0,0,417053.35,97289445.03,16,0
Fundo,2023-04-30,67030395000146,83,0,1,463569.66,828611.399,6836377.8,22077413.08,58063043.995,277650523.977,60683202.4092771,398733950.61,89349611.2442447,51226666.195,5036705799.97,0,0,463569.66,97276133.72,16,0
Fundo,2023-05-31,67030395000146,84,0,1,438827.92,901285.787,7717484.3025,23120617.475,64148108.0775,353665451.69975,63733598.6221429,398733950.61,94058255.7308871,56430623.775,5353622284.26,0,0,438827.92,141103550.28,14,0
Fundo,2023-06-30,67030395000146,86,0,1,304369.7,491136.82625,6764033.61,21334598.03,54363534.605,277356661.90125,55906767.8123256,403138519.66,84514702.3432817,47599500.995,4807982031.86,0,0,304369.7,113830826.07,12,0
Fundo,2023-07-31,67030395000146,86,0,1,304369.7,469018.94375,6645714.185,20496496.805,54580821.9675,277341188.94125,57694472.6022093,409628774.87,86853835.2414925,47935107.7825,4961724643.79,0,0,304369.7,114179892.75,13,0
Fundo,2023-08-31,67030395000146,92,0,1,95747.77,441697.037,4139710.5775,18153687.985,48988722.4975,323467327.597,54930084.2648913,416356269.41,87642904.5172954,44849011.92,5053567752.37,0,0,95747.77,113889818.07,14,0
Fundo,2023-09-30,67030395000146,91,0,1,80114.42,456081.8375,5080066.335,21636082.93,59812064.985,325160011.48,56764697.0548352,422285269.97,87551333.3352078,54731998.65,5165587431.99,0,0,80114.42,124531861.88,12,0
Fundo,2023-10-31,67030395000146,89,0,1,61719.15,485151.098,5203211.06,22202442.72,60734840.3,328560345.736,58529135.0588764,429204439.54,88468254.3919594,55531629.24,5209093020.24,0,0,61719.15,140932802.68,11,0
Fundo,2023-11-30,67030395000146,90,0,1,43446.87,446946.243,7293546.735,23784313.915,60049160.795,340221798.57125,60805963.6612222,435514394.77,92631086.7838826,52755614.06,5472536729.51,0,0,43446.87,126355004.47,13,0
Fundo,2023-12-31,67030395000146,94,0,1,33313.64,433113.47125,9130849.2475,25486012.185,76789612.9125,397238131.51925,78031234.623617,661425220.74,122767567.266813,67658763.665,7334936054.62,0,0,33313.64,152918994.97,15,0
Fundo,2024-01-31,67030395000146,95,0,1,107947.73,294698.0265,8820629.11,26358402.09,76737839.34,401867617.325,76391220.7566316,661417670.75,122267551.111044,67917210.23,7257165971.88,0,0,107947.73,164311653.35,14,0
Fundo,2024-02-29,67030395000146,91,0,1,172006.49,402036.84,7830893.82,30475858.31,80698059.93,410975162.7525,83121379.6487912,661408202.96,126978714.765456,72867166.11,7564045548.04,0,0,172006.49,189965484.17,15,0
Fundo,2024-03-31,67030395000146,86,0,1,26800,245117.34,6663251.5525,33880647.585,94520151.405,414099627.44875,88661721.1381395,661399520.16,128073509.218648,87856899.8525,7624908017.88,0,0,26800,221138333.6,12,0
Fundo,2024-04-30,67030395000146,84,0,1,77891.25,366755.16075,6548285.755,34413364.185,91283552.3875,385051885.215,83058457.2202381,661390293.04,122909780.041367,84735266.6325,6976910406.5,0,0,77891.25,216759339.96,11,0
Fundo,2024-05-31,67030395000146,85,0,1,76979.87,357100.54,6539955.55,35041747.09,93593944.03,388779095.385,83070344.8974118,661420310.9,122893863.528902,87053988.48,7060979316.28,0,0,76979.87,220837539.28,10,0
Fundo,2024-06-30,67030395000146,86,0,1,196634.51,421932.49125,5882308.08,35410387.575,92863987.7075,393073364.13125,83918454.4877907,661412415.58,124964553.999907,86981679.6275,7216987085.95,0,0,196634.51,216336858.86,12,0
Fundo,2024-07-31,67030395000146,88,0,1,191229.03,481055.60275,6486199.565,39300781.615,99308371.38,397848828.85175,88965489.07125,661400558.52,126647248.481827,92822171.815,7828963038.27,0,0,191229.03,216101065.93,12,0
Fundo,2024-08-31,67030395000146,86,0,1,182100.92,418834.45625,6205368.555,43994279.16,104109183.9475,645718314.05625,104115990.228488,830165731.84,170993668.091017,97903815.3925,8953975159.65,0,0,182100.92,215875612.66,11,0
Fundo,2024-09-30,67030395000146,85,0,1,172838.42,318523.105,6441563.33,42826421,106076664.15,670516378.391,106523418.849412,831870402.81,177180759.799453,99635100.82,9054490602.2,0,0,172838.42,215660412.93,11,0
Fundo,2024-10-31,67030395000146,42,0,1,163625.7,302404.345,7563768.015,40372176.11,96534691.7675,826960331.05475,106882525.155,833959936.24,195180095.97027,88970923.7525,4489066056.51,0,0,163625.7,215424741.07,5,0
Classe,2024-11-30,67030395000146,75,0,1,154216.26,631572.241,5757446.645,35585574.23,122286213.47,741047111.256499,117918376.1284,835694821.25,191969749.849206,116528766.825,8843878209.63,0,0,154216.26,269146424.11,10,0
Classe,2024-12-31,67030395000146,82,0,1,141707.07,292412.12775,10198752.3075,44296805.445,134608326.9625,728709075.26025,120677346.959268,836566034.19,184113904.37058,124409574.655,9895542450.66,0,0,141707.07,317432470.85,9,0
Classe,2025-01-31,67030395000146,81,0,1,130962.7,254706.88,10641062.86,46501127.66,146906497.39,735244198.63,126731041.408642,839660973.67,195188271.873494,136265434.53,10265214354.1,0,0,130962.7,321465440.8,8,0
Classe,2025-02-28,67030395000146,80,0,1,118325.65,242826.39425,10745324.4325,50226071.28,143485640.4225,823209899.80175,130740064.809875,841523564.61,200893431.984498,132740315.99,10459205184.79,0,0,118325.65,330501040.36,8,0
Classe,2025-03-31,67030395000146,80,0,1,162362.72,229529.2015,10995517.7525,50958509.26,164248110.41,843138268.9155,133348464.411,861648139.04,203933792.717971,153252592.6575,10667877152.88,0,0,162362.72,373285073.49,7,0
Classe,2025-04-30,67030395000146,80,0,1,152670.88,209356.43525,9694497.9875,42408519.24,155059007.0425,845004829.0685,132345155.82875,923842233.61,208621457.920465,145364509.055,10587612466.3,0,0,152670.88,346996488.61,8,0
Classe,2025-05-31,67030395000146,79,0,1,176989.94,239828.0855,10821272.045,51626645.29,161412136.995,846987251.4495,135559025.948987,991163064.78,213283713.444011,150590864.95,10709163049.97,0,0,176989.94,379631594.64,7,0
Classe,2025-06-30,67030395000146,79,0,1,-191936.17,172023.619,11961994.77,51014531.82,189514084.835,848874319.8745,142742512.666582,1033336991.35,217432145.426569,177552090.065,11276658500.66,1,0,-191936.17,418071088.45,6,1
Classe,2025-07-31,67030395000146,80,0,1,-191936.17,75516.68875,12167476.735,54221510.29,195089836.3325,859464260.658247,167849914.96025,1740569796.54,291157739.371997,182922359.5975,13427993196.82,2,0,-191936.17,418071088.45,7,3
Classe,2025-08-31,67030395000146,81,0,1,77663.52,157191.28,11006249.19,47771772.83,194614800.05,853099414.17,166889891.878272,1740569796.54,292970299.273178,183608550.86,13518081242.14,0,0,77663.52,418071088.45,7,2
Classe,2025-09-30,67030395000146,81,0,1,-181321.81,136758.69,12206750.46,53463997.37,193247335.36,1201642240.4,180749098.894198,1740569796.54,317084771.019808,181040584.9,14640677010.43,1,0,-181321.81,418071088.45,8,2
Classe,2025-10-31,67030395000146,81,0,1,-62646.19,132597.36,12449477.56,53106491.92,210162966.19,1364131034.27,221966033.798642,3200561295.86,472822846.616889,197713488.63,17979248737.69,1,0,-62646.19,418071088.45,9,3
Classe,2025-11-30,44782130000107,48,0,1,1179851.12,2229536.41925,6614921.325,14928725.73,34263754.9975,190392803.96775,35090560.5,314075098.56,56447375.7377597,27648833.6725,1684346904,0,0,1179851.12,71147283.52,4,0
Classe,2025-12-31,44782130000107,55,0,1,0,875566.148,5190244.06,15824321.16,33690551.575,184394117.994,33011197.5038182,328352240.88,54853032.1922227,28500307.515,1815615862.71,0,1,0,72472844.22,4,0
Classe,2026-01-31,44782130000107,58,0,1,416140.36,602865.037,5604512.965,16570718.335,33617619.4875,182570463.6305,34320241.4360345,323876503.5,53674320.2096223,28013106.5225,1990574003.29,0,0,416140.36,74196649.91,5,0
Classe,2026-02-28,44782130000107,59,0,1,43873,414158.319,7955764.305,18009106.25,37089845.75,202400994.6885,37682180.1355932,334639186.84,58579200.6159219,29134081.445,2223248628,0,0,43873,76080319.21,6,0
Classe,2026-03-31,44782130000107,66,0,1,-291223.35,271078.52,4525407.045,16732979.74,34439612.0375,201180103.77125,35543807.2756061,338066393.94,56887295.9756661,29914204.9925,2345891280.19,2,0,-291223.35,78887996.62,7,2
Classe,2026-04-30,44782130000107,67,0,1,-265164.42,217126.5245,4368758.86,15896087.08,33969173.695,201482160.938,35432865.8649254,340013973.08,56913551.1653861,29600414.835,2374002012.95,2,0,-265164.42,74360160.33,8,2
Classe,2026-05-31,44782130000107,68,0,1,131667.71,670838.368,5765621.76,16456264.545,34512270.475,201901604.08025,35770244.1675,343324549.2,57672457.8456411,28746648.715,2432376603.39,0,0,131667.71,75924450.69,8,0
Classe,2026-06-30,44782130000107,70,0,1,58919.56,563766.12725,5847945.32,16043925.83,37348363.7525,201254294.71625,35515225.7755714,349488078.88,57822213.1319347,31500418.4325,2486065804.29,0,0,58919.56,72640523.69,8,0
Classe,2026-07-31,44782130000107,70,0,1,678950.48,964035.5875,6058955.1075,15753525.72,35065070.805,207484508.7205,35900993.4048571,354994599.14,59435173.9645582,29006115.6975,2513069538.34,0,0,678950.48,75285614.2,8,0
Classe,2026-08-31,44782130000107,71,0,1,641184.2,1016499.51,6268095.635,15820990.84,36266883.815,274263396.29,40429497.6383099,377600100.5,69848208.7041695,29998788.18,2870494332.32,0,0,641184.2,76978119.46,9,0
Fundo,2020-11-30,59281253000123,23,0,1,919712.8,13175446.455,56500545.06,115336724.27,361205712.39,707242045.919,236461594.730435,797197411.43,233011378.386589,304705167.33,5438616678.8,0,0,919712.8,797197411.43,0,0
Fundo,2020-12-31,59281253000123,30,0,1,912668.09,14753725.31225,55751171.2825,127502154.035,358571803.5975,948517440.83725,274342925.274333,985655036.58,286954582.162343,302820632.315,8230287758.23,0,0,912668.09,803725632.37,2,0
Fundo,2024-10-31,59281253000123,99,0,1,58862.89,600543.364,22294272.58,69985005.31,286530165.725,3423250941.547,520403692.714748,14560018141,1772850841.51356,264235893.145,51519965578.76,0,0,58862.89,670453511.95,9,7
Fundo,2024-11-30,59281253000123,81,0,1,520162.04,2320279.6,22823469.79,74709050.12,345721694.83,3830673632.64,562432976.653704,11528528056,1682608977.74424,322898225.04,45557071108.95,0,0,520162.04,816770185.62,8,6
Classe,2024-10-31,36864992000142,14,0,1,1596381.38,5513867.40375,109045463.18,239098653.375,316701726.7975,1339221308.39625,352440658.619286,1342907964.6,433114624.055307,207656263.6175,4934169220.67,0,0,1596381.38,394025566.52,2,2
Classe,2024-11-30,36864992000142,18,0,1,1603416.63,3937105.7315,60291490.7775,208483335.565,297663374.355,1156215260.24925,290003503.432222,1356583386.96,349937964.259755,237371883.5775,5220063061.78,0,0,1603416.63,608206050.91,2,1
Fundo,2025-12-31,36864992000142,8,0,1,26117566.16,27793312.925,161118685.5725,703479738.705,1240418721.02,1773635334.68225,757704223.50375,1876308626.51,670889412.517398,1079300035.4475,6061633788.03,0,0,26117566.16,1876308626.51,0,1
Classe,2024-11-30,13486793000142,57,0,1,632900.11,2122460.024,16847252.36,41557236.93,149447999.69,700201375.786,132844076.107544,2206039818.68,312170455.898079,132600747.33,7572112338.13,0,0,632900.11,338059252.57,3,1
Classe,2024-10-31,13486793000142,40,0,1,621880.76,636980.28275,17258504.9325,42726977.58,154756224.86,845445506.132498,153457546.4575,2431376795.38,395152391.22598,137497719.9275,6138301858.3,0,0,621880.76,332970781.8,2,1
Fundo,2025-07-31,59281253000123,14,0,1,0,5280871.362,27968578.09,119544572.44,220940120.205,792921141.310499,185708424.437143,995777548.59,257875877.131124,192971542.115,2599917942.12,0,1,0,371603987.73,1,1
Classe,2024-11-30,37678915000160,21,0,1,2050776.32,2710712.4,9046353.87,24696976.43,72398383.64,1547718493.935,200434397.264762,1938140874.42,472363802.169872,63352029.77,4209122342.56,0,0,2050776.32,134114321.6,4,2
Fundo,2024-12-31,37678915000160,5,0,1,1529107.67,1545774.888,1695779.85,3777601.87,31024959.44,1058568714.167,242153538.26,1172740242.47,520362860.913689,29329179.59,1210767691.3,0,0,1529107.67,31024959.44,1,1
Fundo,2025-01-31,37678915000160,3,0,1,1535782.37,1641854.2395,2596501.065,3657219.76,596930931.48,1130877272.028,398465881.776667,1190204643.2,685666701.013886,594334430.415,1195397645.33,0,0,1535782.37,1190204643.2,0,1
Fundo,2025-02-28,37678915000160,3,0,1,1555399.77,1657364.0745,2575042.815,3594685.86,601848748.81,1140277405.465,401750965.796667,1200102811.76,691393731.629623,599273705.995,1205252897.39,0,0,1555399.77,1200102811.76,0,1
Fundo,2025-03-31,37678915000160,4,0,1,1574704.4,1720382.9225,3031489.625,8715292.35,313267662.9525,1121523902.92425,307583860.2275,1211330151.81,602521879.949938,310236173.3275,1230335440.91,0,0,1574704.4,13913500,1,1
Fundo,2025-04-30,37678915000160,4,0,1,1576589.78,1730708.23325,3117774.3125,7319173.905,312914246.7125,1128064230.47225,308712847.12,1218636450.89,606629248.558403,309796472.4,1234851388.48,0,0,1576589.78,11006845.32,1,1
Fundo,2025-05-31,37678915000160,3,0,1,3860961.33,11861592.2825,83867270.855,163873580.38,700360856.18,1183199404.4,468194224.563333,1236848131.98,670464489.442948,616493585.325,1404582673.69,0,0,3860961.33,1236848131.98,0,1
Fundo,2025-06-30,37678915000160,3,0,1,4327118.86,5340530.081,14461231.07,24595343.28,645605966.465,1204515527.3315,431846350.596667,1266616589.65,723003260.184319,631144735.395,1295539051.79,0,0,4327118.86,1266616589.65,0,1
Fundo,2025-07-31,37678915000160,2,0,1,5156801.75,37378235.2342499,327371136.5925,649585471.435,971799806.2775,1261792707.63575,649585471.435,1294014141.12,911359764.650578,644428669.685,1299170942.87,0,0,5156801.75,1294014141.12,0,1
Fundo,2025-08-31,37678915000160,5,0,1,2973527.03,3303868.002,6276936.75,88082016.2,100478775.63,1194221091.756,302711854.276,1315748015.77,568094000.834048,94201838.88,1513559271.38,0,0,2973527.03,100478775.63,1,1
Fundo,2025-09-30,59281253000123,12,0,1,1978453.47,2430934.54025,50930161.4925,152505783.015,370763786.595,620208093.31675,238435214.250833,621598921.5,235472797.967436,319833625.1025,2861222571.01,0,0,1978453.47,621598921.5,0,1
Fundo,2025-10-31,62285390000140,5,0,1,0,8304481.68900001,83044816.89,119549958.25,265786841.15,2078239474.862,549600943.424,2279623100.83,971880493.660794,182742024.26,2748004717.12,0,1,0,265786841.15,1,1
Fundo legado,2020-01-31,13673855000125,8,0,1,947464.13,1290466.57125,6840200.0025,57210474.825,253024331.2375,324833894.01775,123393599.58,333249667.76,139703156.782684,246184131.235,987148796.64,0,0,947464.13,333249667.76,0,0
Fundo legado,2020-02-29,13673855000125,8,0,1,1072678.3,1363665.241,2890252.4425,60713861.14,256058175.55,327736028.617,124608445.695,336578316.89,141453628.208936,253167923.1075,996867565.56,0,0,1072678.3,336578316.89,0,0
Fundo legado,2020-03-31,13673855000125,8,0,1,1089955.88,1419873.314,3552141.1025,61227208.915,242317862.615,346559498.47175,125700405.285,358389700.42,144767006.558288,238765721.5125,1005603242.28,0,0,1089955.88,358389700.42,0,0
Fundo legado,2020-04-30,13673855000125,9,0,1,1022788.8,1396249.41,3718543.35,90281819.55,233718578.44,351217838.632,138826292.053333,366629965.73,141902095.277332,230000035.09,1249436628.48,0,0,1022788.8,366629965.73,0,0
Fundo legado,2020-05-31,13673855000125,9,0,1,914080.22,1287495.804,3720736.66,90967300.05,299533190.53,345036899.862,148027346.392222,356365558.29,149484148.570664,295812453.87,1332246117.53,0,0,914080.22,356365558.29,0,0
Fundo legado,2020-06-30,13673855000125,9,0,1,463807.93,838962.22,3595296.23,91667556.77,250226629.23,373818989.248,133790690.662222,391419363.38,147021192.099518,246631333,1204116215.96,0,0,463807.93,391419363.38,0,1
Fundo legado,2020-07-31,13673855000125,9,0,1,572553.43,815382.368,4017079.14,92480573.4,256637939.04,387726037.96,138186208.785556,407909493.72,151767802.273488,252620859.9,1243675879.07,0,0,572553.43,407909493.72,0,0
Fundo legado,2020-08-31,13673855000125,10,0,1,557297.8,876933.82825,4274671.9425,63989042.37,235303937.8475,396115535.20925,128791507.214,421027845.05,153001139.706947,231029265.905,1287915072.14,0,0,557297.8,421027845.05,0,0
Fundo legado,2020-09-30,13673855000125,12,0,1,490723.17,853764.5795,14468739.6325,31418688.085,160001379.49,389408777.38,111551595.3675,418253548.39,142747750.293775,145532639.8575,1338619144.41,0,0,490723.17,313363471.99,1,0
Fundo,2020-11-30,13673855000125,4,0,1,6150248.58,7081993.21275,15467694.9075,21672657.85,27095257.655,33368578.8785,20890294.7125,34065614.57,11708851.7505207,11627562.7475,83561178.85,0,0,6150248.58,34065614.57,0,0
Fundo,2020-12-31,13673855000125,4,0,1,6059576.47,7323666.3865,18700475.635,26861077.83,31719306.025,34179705.4735,23558703.83,34453083.19,12621086.0448837,13018830.39,94234815.32,0,0,6059576.47,34453083.19,0,0
Fundo,2021-01-31,13673855000125,4,0,1,7668796.15,8587252.1305,16853355.955,25416706.135,33851463.0975,41770365.23475,25288112.9175,42650243.25,14971720.4261567,16998107.1425,101152451.67,0,0,7668796.15,42650243.25,0,0
Fundo,2021-02-28,13673855000125,4,0,1,6521220.09,7231296.19125,13621981.1025,23508438.59,33968655.8875,41908492.28575,24082198.4,42790696.33,16043078.804069,20346674.785,96328793.6,0,0,6521220.09,42790696.33,0,0
Fundo,2021-03-31,13673855000125,4,0,1,1079570.07,1976797.7535,10051846.905,22093232.975,37698070.875,55394439.9675,25656684.805,57360703.2,24484031.7464866,27646223.97,102626739.22,0,0,1079570.07,57360703.2,0,0
Fundo,2021-04-30,13673855000125,4,0,1,3308347.48,4265666.39575,12881536.6375,23661134.045,39854556.35,63087753.815,29074958.9425,65669220.2,26937266.197576,26973019.7125,116299835.77,0,0,3308347.48,65669220.2,0,0
Fundo,2021-05-31,13673855000125,4,0,1,2830840.28,3779600.89775,12318446.4575,23412991.66,40233572.72,64232715.095,29139027.5175,66899286.47,27745068.0567306,27915126.2625,116556110.07,0,0,2830840.28,66899286.47,0,0
Fundo,2021-06-30,13673855000125,4,0,1,3865774.75,4964113.16875,14849158.9375,23448947.27,39272811.1,68662860.712,30673022.7675,71928421.78,29290452.1307112,24423652.1625,122692091.07,0,0,3865774.75,71928421.78,0,0
Fundo,2021-07-31,13673855000125,4,0,1,4041248.18,4725099.15275,10879757.9075,15903849.47,32615556.39,70326776.61,27591464.8275,74516912.19,31858418.8240055,21735798.4825,110365859.31,0,0,4041248.18,18648437.79,1,0
Fundo,2021-08-31,13673855000125,4,0,1,4009446.48,4701137.7705,10926359.385,16296574.37,44187776.2475,111219662.47175,38817561.2625,118667649.83,53606014.8019538,33261416.8625,155270245.05,0,0,4009446.48,19361151.72,1,0
Fundo,2021-09-30,13673855000125,6,0,1,5285004.88,5326950.02625,5852451.1125,7952740.495,18036977.5625,117441095.435,29828266.62,131228369.28,50021124.6094157,12184526.45,178969599.72,0,0,5285004.88,20930178.52,1,0
Fundo,2021-10-31,13673855000125,6,0,1,5327002.17,5356234.80125,5753240.575,9215815.03,16249588.435,119251167.90875,30120000.0966667,133768139.69,51004594.4459339,10496347.86,180720000.58,0,0,5327002.17,17632365.44,1,0
Fundo,2021-11-30,13673855000125,6,0,1,5319203.45,5449272.8725,6557899.38,10218333.6,15804558.4725,130648277.3025,32615795.2433333,146934512.74,56179042.5827049,9246659.0925,195694771.46,0,0,5319203.45,16644629.24,1,0
Fundo,2021-12-31,13673855000125,6,0,1,5289949.28,5419994.65125,6550020.84,10218608.17,15953909.0225,121121475.94,30822602.0316667,136015612.2,51728917.7898919,9403888.1825,184935612.19,0,0,5289949.28,16862522.12,1,0
Fundo,2022-01-31,13673855000125,7,0,1,5278184.36,5440084.1,6974264.335,13244861.48,41913156.675,128037649.685,36469673.4157143,138989826.05,49967722.5484956,34938892.34,255287713.91,0,0,5278184.36,65975316.95,1,0
Fundo,2022-02-28,13673855000125,8,0,1,1020000.01,1755403.74375,6104672.775,10405369.475,30241668.11,129185155.0265,32597843.63125,142391778.53,49105171.0464913,24136995.335,260782749.05,0,0,1020000.01,18013771.31,2,0
Fundo,2022-03-31,13673855000125,8,0,1,1020000.02,1752156.3715,7087817.86,16404092.425,38108277.1575,135287330.89725,36553616.51125,149571421.09,50320354.5378982,31020459.2975,292428932.09,0,0,1020000.02,67948048.56,1,0
Fundo,2022-04-30,13673855000125,8,0,1,4784622.53,4856149.622,7146406.1975,16521390.025,37695524.8275,136962002.66925,37316503.58125,151343200.39,50642232.3948281,30549118.63,298532028.65,0,0,4784622.53,69164927.7,1,0
Fundo,2022-05-31,13673855000125,8,0,1,4487578.28,4606433.90675,7113832.46,16738427.965,33402572.4275,146521244.429,38139912.26125,162627584.35,54654505.6382473,26288739.9675,305119298.09,0,0,4487578.28,70591356.23,1,0
Fundo,2022-06-30,13673855000125,8,0,1,4487307.14,4604955.8775,7183068.735,12539003.42,32427008.395,177126875.60275,41628548.875,199527595.32,67483344.6366755,25243939.66,333028391,0,0,4487307.14,19394850.31,2,0
Fundo,2022-07-31,13673855000125,8,0,1,4487036.04,4602517.35,7502175.165,16237058.935,33116106.56,184784166.08225,43947127.93125,208559309.42,70073173.882482,25613931.395,351577023.45,0,0,4487036.04,19921026.25,2,0
Fundo,2022-08-31,13673855000125,9,0,1,-209787.95,729496.862,5105664.3,15990391.83,47530080.49,191886433.308,44039832.8633333,221449530.26,70744992.0292148,42424416.19,396358495.77,1,0,-209787.95,73634045.5,1,1
Fundo,2022-09-30,13673855000125,10,0,1,-252159.74,479578.894750001,4636700.9025,12100567.335,41384540.4025,190505411.78525,39910222.809,226900175.57,69092590.9354395,36747839.5,399102228.09,1,0,-252159.74,65145669.86,1,1
Fundo,2022-10-31,13673855000125,12,0,1,-292036.04,931379.56825,7215067.92,14655424.39,34374887.5525,169147179.09775,35654519.8408333,208637933.53,57819404.8690827,27159819.6325,427854238.09,1,0,-292036.04,65035190.14,1,1
Fundo,2022-11-30,13673855000125,13,0,1,-341210.41,-224976.187,4056112.03,15460679.54,30143235.72,154218899.058,32396320.5092308,192198600.81,51743916.6269509,26087123.69,421152166.62,1,0,-341210.41,65599594.97,1,1
Fundo,2022-12-31,13673855000125,14,0,1,-423181.23,-270488.651,5269076.015,16404971.845,36303851.1575,150873958.7635,32014471.0028571,191475720.1,49858496.4333418,31034775.1425,448202594.04,1,0,-423181.23,66547223.68,1,1
Fundo,2023-01-31,13673855000125,14,0,1,-459852.91,-295079.8665,5185563.8375,15723519.02,42412566.105,127380496.999,30408798.0207143,157365168.69,41855557.4878444,37227002.2675,425723172.29,1,0,-459852.91,65104640.41,1,1
Fundo,2023-02-28,13673855000125,13,0,1,-496538.85,-333299.997,8802724.39,15748776.04,47321223.61,115472771.583,30669498.0838462,137357710.14,37921712.6972683,38518499.22,398703475.09,1,0,-496538.85,64407914.95,1,1
Fundo,2023-03-31,13673855000125,12,0,1,-489172.52,-341346.55325,4052477.3675,17620564.775,33533389.235,87463767.565,25656163.7091667,95986256.76,29716829.165195,29480911.8675,307873964.51,1,0,-489172.52,64995386.96,1,1
Fundo,2023-04-30,13673855000125,12,0,1,3561.93,16022.224,3391286.04,15263697.075,38376001.525,108413782.08825,29766496.2291667,122265491.05,37643648.0166674,34984715.485,357197954.75,0,0,3561.93,71895640.28,1,1
Fundo,2023-05-31,13673855000125,11,0,1,49562.77,835506.28,7693790.18,18160364.6,40285052.1,182820377.255,39580811.39,222229405.52,63998073.2426999,32591261.92,435388925.29,0,0,49562.77,64593292.46,1,0
Fundo,2023-06-30,13673855000125,11,0,1,49061.5,829121.455,7940026.35,18379172.35,35526537.015,181588574.62,38483837.3372727,222108061.6,63449904.0272576,27586510.665,423322210.71,0,0,49061.5,60030113.68,1,0
Fundo,2023-07-31,13673855000125,13,0,1,0,6328.935,3547922.48,18696953.54,48557654.09,1302376123.353,169577505.718462,1765401434.61,483085232.800427,45009731.61,2204507574.34,0,1,0,61086929.14,2,2
Fundo,2023-08-31,13673855000125,11,0,1,3444759.19,3468944.67,13977591.365,22965587.96,56249916.25,1347470772.4925,196925479.904545,1722670239.73,509802803.092658,42272324.885,2166180278.95,0,0,3444759.19,62088166.51,2,1
Fundo,2023-09-30,13673855000125,12,0,1,992388.72,994481.822,3464604.5425,21007970.335,59175196.13,1291946253.451,178215323.3875,1697869993.2,482451382.452081,55710591.5875,2138583880.65,0,0,992388.72,62691882.62,2,1
Fundo,2023-10-31,13673855000125,12,0,1,636296.87,737656.5845,3428167.0575,21170387.3,56280859.07,1263284348.74575,174476110.846667,1658371437.48,471252128.366445,52852692.0125,2093713330.16,0,0,636296.87,58033847.9,2,1
Fundo,2023-11-30,13673855000125,12,0,1,608014.14,719228.08075,3410990.3,21321353.88,57371481.7775,1259251708.08875,174519599.435,1652614541.07,469475856.090016,53960491.4775,2094235193.22,0,0,608014.14,62921527.19,2,1
Fundo,2023-12-31,13673855000125,13,0,1,442455.72,483094.929,2936326.61,18826929.45,36327371.07,1221211601.798,157835533.745385,1649396718.53,452021359.864263,33391044.46,2051861938.69,0,0,442455.72,52475413.7,2,1
Fundo,2024-01-31,13673855000125,16,0,1,420192.82,471622.2925,2370523.795,12343152.43,27923675.135,1085488678.3475,125828485.70625,1603575801.02,397731548.470314,25553151.34,2013255771.3,0,0,420192.82,49005271.62,2,1
Fundo,2024-02-29,13673855000125,16,0,1,0,149050.8225,1223522.7425,11663269.655,28302277.815,1066915974.00375,123766902.02375,1573921900.5,390459668.448275,27078755.0725,1980270432.38,0,1,0,49446449.65,2,2
Fundo,2024-03-31,13673855000125,15,0,1,374706.04,386597.626,1916509.4,13393274.14,30991232.58,1094953801.021,130711040.226,1564567932.84,400507980.94423,29074723.18,1960665603.39,0,0,374706.04,38106852.35,2,1
Fundo,2024-04-30,13673855000125,15,0,1,401062.92,630703.303,2956858.005,12794038.06,22438407.98,1072632045.471,127533642.191333,1530277888.58,391987195.543951,19481549.975,1913004632.87,0,0,401062.92,43204971.36,2,1
Fundo,2024-05-31,13673855000125,15,0,1,394107.16,629488.1765,1844838.62,12689088.01,22594571.425,1050655551.5325,124596499.950667,1496519430.92,383581780.833183,20749732.805,1868947499.26,0,0,394107.16,42767819.28,2,1
Fundo,2024-06-30,13673855000125,15,0,1,387796.39,759341.6165,2925509.405,13453226.7,22771742.73,1085354582.7205,128584878.873333,1549949513.86,397100269.278003,19846233.325,1928773183.1,0,0,387796.39,43850272.18,2,1
Fundo,2024-07-31,13673855000125,16,0,1,381907.46,686873.24,2329066.435,10899503.92,20890764.75,1040782869.83,119607534.241875,1531795048.1,380426240.724952,18561698.315,1913720547.87,0,0,381907.46,44077948.11,2,1
Fundo,2024-08-31,13673855000125,15,0,1,403293.36,695503.0015,2308521.84,13985537.96,23236904.03,1052001733.6325,125309244.45,1498748672.82,383972140.621474,20928382.19,1879638666.75,0,0,403293.36,44255442.36,2,1
Fundo,2024-09-30,13673855000125,15,0,1,395414.77,693076.547,2258677.95,14223846.75,23377793.675,1056070443.9665,125607049.85,1505058545.14,385605702.763834,21119115.725,1884105747.75,0,0,395414.77,41676306.7,2,1
Fundo,2024-10-31,13673855000125,10,0,1,0,373312.52325,3370354.5275,16578925.81,35451115.1525,1194981316.58775,180396901.922,1477421117.76,460597224.537289,32080760.625,1803969019.22,0,1,0,41104316.29,2,0
Fundo,2024-11-30,13673855000125,7,0,1,1527288.25,1570436.6665,9956594.995,18577250.91,130713324.825,1294949374.2775,255104442.421429,1484286718.15,547584036.835371,120756729.83,1785731096.95,0,0,1527288.25,222037759,1,0
Classe,2024-12-31,13673855000125,14,0,1,1392486.45,1498185.64425,6019687.7975,17506426.43,28636866.39,1039547794.9225,129655038.623571,1456553556.92,384379426.806196,22617178.5925,1815170540.73,0,0,1392486.45,40289315.41,2,1
Classe,2025-01-31,13673855000125,15,0,1,1321551.66,1468602.914,5321622.215,16767679.25,27271142.77,993819659.7335,119729955.307333,1435599357.18,366490717.147536,21949520.555,1795949329.61,0,0,1321551.66,40558369.87,2,1
Classe,2025-02-28,13673855000125,15,0,1,1243205.4,1507471.3005,5728066.815,16885944.54,27435814.465,982112969.666001,118630660.363333,1417631802.66,361848895.627912,21707747.65,1779459905.45,0,0,1243205.4,40699694.23,2,1
Classe,2025-03-31,13673855000125,16,0,1,1162595.42,1492069.14875,7501098.0825,16649118.22,22474734.265,976855862.2875,114739890.5075,1459038664.47,360809320.180485,14973636.1825,1835838248.12,0,0,1162595.42,41071808.42,2,1
Classe,2025-04-30,13673855000125,17,0,1,1086397.37,1496376.374,5787440.02,12465814.6,20137807.72,930687749.774002,105237065.340588,1435712606.03,345162019.727862,14350367.7,1789030110.79,0,0,1086397.37,30277660.68,2,1
Classe,2025-05-31,13673855000125,17,0,1,1007487.93,1470628.99,5863625.14,10900908.69,20431255.24,925173757.762002,104696021.500588,1426568216.13,342960796.806246,14567630.1,1779832365.51,0,0,1007487.93,30389182.15,2,1
Classe,2025-06-30,13673855000125,17,0,1,0,370226.848,4319471.11,9388101.17,20093813.9,957097883.700002,107244342.078824,1479793107.42,355988450.058852,15774342.79,1823153815.34,0,1,0,33453079,2,1
Classe,2025-07-31,13673855000125,20,0,1,843728.69,1536205.844,6961223.94,15918644.495,37157438.1175,942506964.288749,123033004.423,1449397713.48,327054535.587133,30196214.1775,2460660088.46,0,0,843728.69,44630409.43,4,1
Classe,2025-08-31,13673855000125,20,0,1,754139.7,1519268.26075,5957869.1775,17296912.12,36971890.7025,933171231.980499,123375048.2195,1419635405.82,322007005.197984,31014021.525,2467500964.39,0,0,754139.7,45193601.91,4,1
Classe,2025-09-30,13673855000125,21,0,1,53617.2,364881.77,5067008.1,20227212.16,45723831.3,924337671.305,121605866.342857,1444256500.99,319206670.740485,40656823.2,2553723193.2,0,0,53617.2,79674670.68,4,0
Classe,2025-10-31,13673855000125,22,0,1,0,25875.68025,5996427.445,16115488.955,43271560.2725,898503058.485748,116408694.481364,1434238752.18,311021376.60227,37275132.8275,2560991278.59,0,1,0,79967657.87,4,2
Fundo,2025-11-30,13673855000125,21,0,1,0,22948.445,5496930.2,16737509.84,33380588.87,948704958.4,114158795.388095,1423313745.27,317913721.374357,27883658.67,2397334703.15,0,1,0,47292058.55,4,0
Classe,2025-12-31,13673855000125,16,0,1,0,155939.76,8948287.365,17516154.07,31973186.15,409350432.97125,70781384.518125,487562856.27,134164683.243744,23024898.785,1132502152.29,0,1,0,37198722.47,3,0
Classe,2026-01-31,13673855000125,22,0,1,0,0,8481599.85,19376462.175,36636217.5775,784189482.101249,106432212.892727,1097253109.35,249507010.078451,28154617.7275,2341508683.64,0,3,0,38216642.6,5,0
Classe,2026-02-28,13673855000125,21,0,1,0,0,10409969.24,18133728.92,39049806.86,796792213.285,110857964.631429,1068373273.18,250927484.95785,28639837.62,2328017257.26,0,2,0,79856749.68,4,0
Classe,2026-03-31,13673855000125,20,0,1,2743511.16,4040287.64125,11523401.8,20601367.52,49557865.055,834714641.140999,119264370.0915,1114570583.44,264883260.863942,38034463.255,2385287401.83,0,0,2743511.16,79266979.37,4,0
Classe,2026-04-30,13673855000125,21,0,1,1986482.96,2404983.515,11126722.15,21358322.86,32769923.95,815209876.275,113980341.549524,1096363072.6,256683146.601969,21643201.8,2393587172.54,0,0,1986482.96,32769923.95,5,0
Classe,2026-05-31,13673855000125,21,0,1,2008849.57,2473727.955,11225178.1,22062692.66,32799376.3,819514781.485,114155835.69619,1092847460.34,257177207.998036,21574198.2,2397272549.62,0,0,2008849.57,32799376.3,5,0
Classe,2026-06-30,13673855000125,21,0,1,2033924.71,2533005.185,11330611.66,25446821.56,36287788.01,796635276.085,112378178.535238,1069185006.76,249917306.39882,24957176.35,2359941749.24,0,0,2033924.71,36287788.01,5,0
Classe,2026-07-31,13673855000125,21,0,1,2065873.1,2610299.29,11454324.77,25892514.98,36041337.96,764400415.18,109710058.370476,1068036020.85,244906508.000814,24587013.19,2303911225.78,0,0,2065873.1,36041337.96,5,0
Classe,2026-08-31,13673855000125,25,0,1,0.01,1039533.724,4973633.43,18127672.23,34413503.6,700957102.545999,91596093.6916,1044416902.93,223872210.384355,29439870.17,2289902342.29,0,0,0.01,77433911.45,4,0
Fundo,2024-12-31,00066670000100,1,0,1,944401084.77,944401084.77,944401084.77,944401084.77,944401084.77,944401084.77,944401084.77,944401084.77,,0,944401084.77,0,0,944401084.77,944401084.77,0,1
Fundo,2025-01-31,00066670000100,1,0,1,944342778.73,944342778.73,944342778.73,944342778.73,944342778.73,944342778.73,944342778.73,944342778.73,,0,944342778.73,0,0,944342778.73,944342778.73,0,1
Fundo,2025-02-28,00066670000100,3,0,1,90361301.97,90521496.552,91963247.79,93565193.61,518868133.555,901640779.5055,376032523.026667,944171073.5,492025025.411173,426904885.765,1128097569.08,0,0,90361301.97,944171073.5,0,1
Fundo,2025-03-31,00066670000100,2,0,1,263903324.67,280937220.49375,434242282.9075,604581241.145,774920199.3825,928225261.79625,604581241.145,945259157.62,481791329.879954,340677916.475,1209162482.29,0,0,263903324.67,945259157.62,0,1
Fundo,2025-05-31,00066670000100,1,0,1,945539092.54,945539092.54,945539092.54,945539092.54,945539092.54,945539092.54,945539092.54,945539092.54,,0,945539092.54,0,0,945539092.54,945539092.54,0,1
Fundo,2025-06-30,00066670000100,1,0,1,945796457.08,945796457.08,945796457.08,945796457.08,945796457.08,945796457.08,945796457.08,945796457.08,,0,945796457.08,0,0,945796457.08,945796457.08,0,0
Fundo,2025-07-31,00066670000100,1,0,1,946393305.89,946393305.89,946393305.89,946393305.89,946393305.89,946393305.89,946393305.89,946393305.89,,0,946393305.89,0,0,946393305.89,946393305.89,0,1
Fundo,2025-08-31,00066670000100,1,0,1,946531776.81,946531776.81,946531776.81,946531776.81,946531776.81,946531776.81,946531776.81,946531776.81,,0,946531776.81,0,0,946531776.81,946531776.81,0,1
Fundo,2025-09-30,00066670000100,1,0,1,946567342.12,946567342.12,946567342.12,946567342.12,946567342.12,946567342.12,946567342.12,946567342.12,,0,946567342.12,0,0,946567342.12,946567342.12,0,1
Fundo,2025-10-31,00066670000100,1,0,1,946472680.94,946472680.94,946472680.94,946472680.94,946472680.94,946472680.94,946472680.94,946472680.94,,0,946472680.94,0,0,946472680.94,946472680.94,0,1
Fundo,2026-01-31,00066670000100,1,0,1,21909155.85,21909155.85,21909155.85,21909155.85,21909155.85,21909155.85,21909155.85,21909155.85,,0,21909155.85,0,0,21909155.85,21909155.85,0,0
Fundo,2026-02-28,00066670000100,1,0,1,22044308.29,22044308.29,22044308.29,22044308.29,22044308.29,22044308.29,22044308.29,22044308.29,,0,22044308.29,0,0,22044308.29,22044308.29,0,0
Fundo,2026-03-31,00066670000100,1,0,1,22268978.67,22268978.67,22268978.67,22268978.67,22268978.67,22268978.67,22268978.67,22268978.67,,0,22268978.67,0,0,22268978.67,22268978.67,0,0
Fundo,2026-04-30,00066670000100,1,0,1,2489108.5,2489108.5,2489108.5,2489108.5,2489108.5,2489108.5,2489108.5,2489108.5,,0,2489108.5,0,0,2489108.5,2489108.5,0,0
Fundo,2026-05-31,00066670000100,1,0,1,2492691.53,2492691.53,2492691.53,2492691.53,2492691.53,2492691.53,2492691.53,2492691.53,,0,2492691.53,0,0,2492691.53,2492691.53,0,0
Fundo,2026-06-30,00066670000100,1,0,1,2479930.87,2479930.87,2479930.87,2479930.87,2479930.87,2479930.87,2479930.87,2479930.87,,0,2479930.87,0,0,2479930.87,2479930.87,0,0
Fundo,2026-07-31,00066670000100,1,0,1,2468911.61,2468911.61,2468911.61,2468911.61,2468911.61,2468911.61,2468911.61,2468911.61,,0,2468911.61,0,0,2468911.61,2468911.61,0,0
Fundo,2026-08-31,00066670000100,1,0,1,2455991.25,2455991.25,2455991.25,2455991.25,2455991.25,2455991.25,2455991.25,2455991.25,,0,2455991.25,0,0,2455991.25,2455991.25,0,0
Fundo,2024-09-30,03384738000198,1,0,1,40314064.71,40314064.71,40314064.71,40314064.71,40314064.71,40314064.71,40314064.71,40314064.71,,0,40314064.71,0,0,40314064.71,40314064.71,0,0
Fundo,2024-10-31,03384738000198,1,0,1,40603866.79,40603866.79,40603866.79,40603866.79,40603866.79,40603866.79,40603866.79,40603866.79,,0,40603866.79,0,0,40603866.79,40603866.79,0,0
Classe,2026-06-30,58006471000197,15,0,1,1244582.44,1291081.2735,2935947.295,19867811.11,64478491.25,107206115.251,38756550.2006667,107747363.28,38769381.181106,61542543.955,581348253.01,0,0,1244582.44,107747363.28,0,0
Classe,2026-07-31,58006471000197,17,0,1,1238143.37,1379019.47,2953056.65,14464815.87,57350809.21,104857364.998,33593648.2347059,108088938.97,37769621.492143,54397752.56,571092019.99,0,0,1238143.37,108088938.97,0,0
Classe,2026-08-31,58006471000197,24,0,1,1230147.63,1402199.25075,3478872.8475,16314367.7,55117323.215,108045443.21375,33369442.3220833,115117975.27,36336336.9373319,51638450.3675,800866615.73,0,0,1230147.63,115117975.27,0,0
Fundo,2025-11-30,00360305000104,2,0,1,239123183.83,261888057.7565,466771923.095,694420662.36,922069401.625,1126953266.9635,694420662.36,1149718140.89,643887869.051399,455297478.53,1388841324.72,0,0,239123183.83,1149718140.89,0,0
Fundo,2025-12-31,00360305000104,2,0,1,241098108.92,263749417.96725,467611199.3925,694124289.865,920637380.3375,1124499161.76275,694124289.865,1147150470.81,640675769.202507,453026180.945,1388248579.73,0,0,241098108.92,1147150470.81,0,0
Classe,2024-10-31,67030395000146,42,0,1,1027173.34,1364650.52075,6295050.7925,47597368.09,152381492.3575,655096116.9685,113842708.495714,724659407.54,168166817.292618,146086441.565,4781393756.82,0,0,1027173.34,360177918.31,3,0
Classe,2025-11-30,00806535000154,9,0,1,433173.25,754742.5,9221178.23,33045277.53,215440384.99,436107091.782,128142930.29,457149225.28,172407278.723017,206219206.76,1153286372.61,0,0,433173.25,457149225.28,0,0
Fundo legado,2020-01-31,62264924000152,8,0,1,8230092.87,9100901.58325,15023566.9675,43647680.745,74818853.4375,76766412.54225,43898059.34625,77176607.63,29461286.5451363,59795286.47,351184474.77,0,0,8230092.87,77176607.63,0,0
Fundo legado,2020-02-29,62264924000152,9,0,1,757283.3,2251815.502,15764493.19,39584793.1,73603631.8,76906200.386,39587263.7333333,77727237,30402824.2358208,57839138.61,356285373.6,0,0,757283.3,77727237,0,0
Fundo legado,2020-03-31,62264924000152,9,0,1,666665.57,2179303.002,17408891.51,40263074.65,75106136.75,77748565.844,40401297.43,78405991.42,30833588.607375,57697245.24,363611676.87,0,0,666665.57,78405991.42,0,0
Fundo legado,2020-04-30,62264924000152,9,0,1,633161.71,2152890.358,16382440.38,40669596.26,76441917.35,78513264.34,40636723.49,79028458.46,31439182.7883188,60059476.97,365730511.41,0,0,633161.71,79028458.46,0,0
Fundo legado,2020-05-31,62264924000152,9,0,1,600143.35,2127668.788,16586839.55,40204735.28,77060814.17,79113032.754,41396018.3855556,79623242.51,31117869.8473111,60473974.62,372564165.47,0,0,600143.35,79623242.51,0,0
Fundo legado,2020-06-30,62264924000152,9,0,1,8237920.49,8943923.424,16600296,41372310.32,76763675.91,79515587.26,42735927.4444444,80200537.89,29459284.3059233,60163379.91,384623347,0,0,8237920.49,80200537.89,0,0
Fundo legado,2020-07-31,62264924000152,9,0,1,8243727.43,9978264.234,25204462.6,41531690.47,76697717.88,80037246.006,44829939.18,80869421.54,27669168.9143262,51493255.28,403469452.62,0,0,8243727.43,80869421.54,0,0
Fundo legado,2020-08-31,62264924000152,9,0,1,8244284.12,10039376.992,25551291.13,40514733.38,76607101.63,80479615.948,44530331.8655556,81444873.99,27627066.2099334,51055810.5,400772986.79,0,0,8244284.12,81444873.99,0,0
Fundo legado,2020-09-30,62264924000152,9,0,1,8332052.65,10109591.816,29128497.95,39098301.57,76247407.27,80869628.25,45161486.1877778,82022173.07,26934586.3758009,47118909.32,406453375.69,0,0,8332052.65,82022173.07,0,0
Fundo legado,2020-10-31,62264924000152,9,0,1,8256426.59,9748767.67,29489896.52,41263208.71,77593587.91,81606089.106,45789306.9788889,82606472.15,27521165.592737,48103691.39,412103762.81,0,0,8256426.59,82606472.15,0,0
Classe,2025-11-30,33886862000112,45,0,1,0,20.044,11924293.48,31551911.18,99058007.26,307237637.349,63063665.3184445,372704625.9,77597212.8092181,87133713.78,2837864939.33,0,2,0,155995412.4,2,0
Fundo,2025-12-31,62264924000152,15,0,1,1531071.5,2231845.6755,8792537.8,31551911.18,106688793.42,248537222.5905,71043835.486,317511331.28,82397426.6887132,97896255.62,1065657532.29,0,0,1531071.5,120442449.31,1,0
Classe,2026-01-31,62264924000152,35,0,1,1201349.37,1304491.3365,11313526.02,28727071.32,97493323.065,773177948.876498,134396894.328571,2206839184.08,374921323.905839,86179797.045,4703891301.5,0,0,1201349.37,193037295.37,3,1
Classe,2026-02-28,62264924000152,35,0,1,425158.34,1037754.6745,7331357.765,27432118.6,90669543.175,775703104.870498,128391598.01,2225268139.58,378671711.166391,83338185.41,4493705930.35,0,0,425158.34,165337078.9,3,1
Classe,2026-03-31,62264924000152,39,0,1,225192.32,393602.8385,5884394.425,24822606.5,92375719.845,1002412290.657,138393045.088205,2208917437.7,380472999.574849,86491325.42,5397328758.44,0,0,225192.32,167903354.83,4,1
Classe,2026-04-30,62264924000152,41,0,1,48769.44,71653.01,5217292.36,24344175.07,107262070.69,1150347871.19,161088247.287805,2219425080.27,405110707.840974,102044778.33,6604618138.8,0,0,48769.44,169461413.68,5,1
Classe,2026-05-31,62264924000152,40,0,1,63533.47,1006167.98425,5060602.2,25968171.22,107634360.17,1189986276.51925,167533255.9535,2229959712.55,414214209.04347,102573757.97,6701330238.14,0,0,63533.47,172468476.45,5,1
Classe,2026-06-30,62264924000152,42,0,1,653885.92,1010823.2345,6072142.905,21500739.945,105090371.4975,989072439.440251,116572294.892857,1177031022.4,246941785.310884,99018228.5925,4896036385.5,0,0,653885.92,179247105.67,5,0
Classe,2026-07-31,62264924000152,44,0,1,570587.36,625560.856,6842858.4925,33630621.095,110651856.13,1007863833.595,122949005.269545,1192044530.73,245994727.744527,103808997.6375,5409756231.86,0,0,570587.36,180616106.13,5,0
Classe,2026-08-31,62264924000152,44,0,1,426385.07,559309.04775,6219884.6375,34155731.88,113237463.8125,1011839225.9285,122166044.666818,1205549783.08,246092442.726717,107017579.175,5375305965.34,0,0,426385.07,191320812.08,5,0
Fundo,2025-03-31,59281253000123,7,0,1,19491419.15,22387267.64,42912797.945,100750000,315418862.155,476077822.9665,187642966.332857,476596024.98,201516270.793728,272506064.21,1313500764.33,0,0,19491419.15,476596024.98,0,0
Fundo,2025-12-31,13486793000142,24,0,1,-384707.4,1458057.3955,15567810.9175,47232838.4,148889927.805,466893271.55625,108810567.077083,671317543.56,151170811.57747,133322116.8875,2611453609.85,1,0,-384707.4,315797070.51,1,1
Fundo legado,2020-01-31,67030395000146,18,0,1,35367.69,798950.23425,6195038.3925,23995971.095,51988436.1175,1228305036.9565,146108012.686667,2005558044.09,466133683.628754,45793397.725,2629944228.36,0,0,35367.69,101861507.94,2,2
Fundo legado,2020-02-29,67030395000146,21,0,1,35367.69,930761.235,3234103.05,19556194.34,50887897.95,1474108515.88,162893733.884762,2772932404.85,599536540.623193,47653794.9,3420768411.58,0,0,35367.69,103966041.61,2,2
Fundo legado,2020-03-31,67030395000146,22,0,1,481850.44,1276247.05525,3332078.105,20255792.565,51448262.26,1624888662.45299,179919226.338636,3231921265.86,683037954.418315,48116184.155,3958222979.45,0,0,481850.44,105855824.15,2,2
Fundo legado,2020-04-30,67030395000146,23,0,1,466966.16,1227634.772,3124271.43,19494329.15,57315872.37,1638264409.0985,182914038.939565,3436722185.67,710592269.434956,54191600.94,4207022895.61,0,0,466966.16,107038677.95,2,2
Fundo legado,2020-05-31,67030395000146,24,0,1,451745.4,651991.795,3157561.8025,17608725.955,54758202.6125,1546200729.916,174898686.8475,3415051970.12,691437418.916967,51600640.81,4197568484.34,0,0,451745.4,108334310.92,2,2
Fundo legado,2020-06-30,67030395000146,24,0,1,436153.47,1656852.87675,3505034.7175,23926728.24,64033572.08,1587185637.03,182199683.550417,3518839351.1,712010627.684338,60528537.3625,4372792405.21,0,0,436153.47,109823293.24,2,2
Fundo legado,2020-07-31,67030395000146,28,0,1,419631.2,473880.14,3094034.9325,10765878.4,56345940.885,1206232071.7015,151815637.528929,3388546107.91,635737980.018782,53251905.9525,4250837850.81,0,0,419631.2,111469562.95,2,1
Fundo legado,2020-08-31,67030395000146,28,0,1,404028.7,501825.4675,3382680.34,17890822.95,75112019.6325,1332251230.9185,170157478.363214,3613244682.96,677136050.805781,71729339.2925,4764409394.17,0,0,404028.7,151801162.29,2,1
Fundo legado,2020-09-30,67030395000146,29,0,1,388384.32,491296.115,3371427.2,14889631.88,76575707.64,1292999813.666,172877180.072069,3774797093.32,695377655.65165,73204280.44,5013438222.09,0,0,388384.32,147543880.76,3,1
Fundo legado,2020-10-31,67030395000146,30,0,1,371799.4,473844.81025,3380156.3675,14208632.915,75578327.6875,1233937446.47924,171563622.965,3900638424.88,706781869.546199,72198171.32,5146908688.95,0,0,371799.4,141463694.26,3,2
Classe,2025-11-30,67030395000146,66,0,1,-42301.89,148292.62375,12586505.57,47600116.14,190693994.1225,1038692400.91375,206135978.985758,3224691196.24,457243406.477827,178107488.5525,13604974613.06,1,0,-42301.89,400931251.15,8,2
Classe,2025-12-31,67030395000146,57,0,1,173271.25,232370.414,10185182.7,47975986.19,212463279.28,1693775606.174,247443675.246316,3204530726.36,536668414.476193,202278096.58,14104289489.04,0,0,173271.25,408263112.06,7,2
Classe,2026-01-31,67030395000146,54,0,1,173271.25,327476.77875,5794055.5325,47870577.795,185951539.6275,1753632540.30425,243953724.57,3204530726.36,548941290.148283,180157484.095,13173501126.78,0,0,173271.25,408459915.29,6,2
Classe,2026-02-28,67030395000146,49,0,1,173271.25,211608.142,4934734.86,26574139.66,168594535.62,1846241276.692,239406638.958367,3000154763.62,554896020.233543,163659800.76,11730925308.96,0,0,173271.25,408459915.29,6,2
Classe,2026-03-31,67030395000146,48,0,1,-558642.99,65084.17725,3345248.6725,28989094.49,193574594.38,1863946925.13925,249346932.241458,2996737581.48,559348170.480804,190229345.7075,11968652747.59,1,0,-558642.99,408459915.29,6,3
Classe,2026-04-30,67030395000146,45,0,1,-602873.74,-64593.112,3657153.86,25671874.05,211643460.75,1905018449.842,264305140.881778,2996737581.48,574621041.487578,207986306.89,11893731339.68,2,0,-602873.74,444085386.44,6,4
Classe,2026-05-31,67030395000146,41,0,1,-651006.78,-93121.88,6052352.86,23281764.35,211411515.16,1971146549.17,275949464.043902,2965753577.05,596152102.323099,205359162.3,11313928025.8,3,0,-651006.78,449650201.86,6,5
Classe,2026-06-30,67030395000146,40,0,1,-694042.53,-122769.89625,5441120.43,28274012.37,218684752.125,1992064719.7365,283887354.74475,2943415740.48,602146794.871852,213243631.695,11355494189.79,3,0,-694042.53,455577017.38,6,5
Classe,2026-07-31,67030395000146,38,0,1,-694042.53,-165940.92875,4115924.7975,25867300.755,178521454.1775,2037197138.63525,251038747.823158,2941119717.96,598744787.592956,174405529.38,9539472417.28,3,0,-694042.53,379755626.34,5,5
Classe,2026-08-31,67030395000146,37,0,1,-694042.53,-193713.945,5273575.7,27420486.83,209659218.52,2058464494.426,258331361.398919,2940889060.03,605814456.758857,204385642.82,9558260371.76,3,0,-694042.53,468008030.01,4,5
Fundo,2024-05-31,46955383000152,10,0,1,1358298.09,2479637.08125,8514374.4475,57780686.55,144924702.0625,297537376.445,96364720.377,318439941.56,110269876.062926,136410327.615,963647203.77,0,0,1358298.09,318439941.56,0,0
Fundo,2024-06-30,46955383000152,15,0,1,1282933.86,3642235.6895,9749139.425,53982367.78,139104635.935,320639176.5045,86421964.3913333,353622130.96,105956838.080997,129355496.51,1296329465.87,0,0,1282933.86,259385118.23,1,0
Fundo,2024-07-31,46955383000152,17,0,1,1077464.84,3659812.492,10139727.23,23519323.26,150674106.69,318568889.206,94662603.8858823,345876363.61,112453195.43015,140534379.46,1609264266.06,0,0,1077464.84,345876363.61,0,0
Fundo,2024-08-31,46955383000152,21,0,1,495967.28,731256.18,9546130,50950346.81,152488419.39,311834212.615,91691299.6742857,337363956.74,103344216.005392,142942289.39,1925517293.16,0,0,495967.28,337363956.74,0,0
Fundo,2024-09-30,46955383000152,22,0,1,873673.15,934745.4235,11217502.3425,49919503.7,151682759.29,349436829.62475,98186479.2990909,411627261.36,113428352.137111,140465256.9475,2160102544.58,0,0,873673.15,293169296.15,1,0
Classe,2024-10-31,46955383000152,20,0,1,1492594.2,1599427.16725,14522199.285,51610650.795,158313776.8425,351491305.93475,100768868.837,402228395.4,113821914.151609,143791577.5575,2015377376.74,0,0,1492594.2,295413470.21,1,0
Classe,2024-11-30,46955383000152,23,0,1,1014139.21,1184485.375,14743877.64,48895960.41,162935504.505,342690995.2265,92748836.8408696,392265887.28,108828147.736031,148191626.865,2133223247.34,0,0,1014139.21,302129719.91,1,0
Classe,2024-12-31,46955383000152,25,0,1,733304.47,885726.028,20389688.19,52440058.08,185077961.27,664126365.071999,135845339.5896,1086241998.18,226034690.082713,164688273.08,3396133489.74,0,0,733304.47,382715943,1,0
Classe,2025-01-31,46955383000152,24,0,1,764422.43,887731.571,24397658.6075,62312731.42,189255757.31,764482500.098751,152408845.962083,1242630103.36,260108347.882423,164858098.7025,3657812303.09,0,0,764422.43,411069054.21,1,0
Classe,2025-02-28,46955383000152,26,0,1,768816.52,865904.96375,29417224.26,75714696.485,208762389.795,805674115.595,167121895.396154,1508504163.47,297301977.682604,179345165.535,4345169280.3,0,0,768816.52,383976086.87,1,1
Classe,2025-03-31,46955383000152,26,0,1,773084.31,839601.44125,31389200.1025,76964725.015,204625227.765,842845350.325,177216425.404231,1566825010.2,310377913.876947,173236027.6625,4607627060.51,0,0,773084.31,408457554.4,1,1
Classe,2025-04-30,46955383000152,25,0,1,778055.02,876598.576,37824873.49,85530543.08,201273697.66,918369241.169998,189882045.6676,1637503802.19,328349747.589986,163448824.17,4747051141.69,0,0,778055.02,438946200.49,1,1
Classe,2025-05-31,46955383000152,24,0,1,851681.27,1596627.8905,35750216.4575,137023439.38,203518256.79,996572263.047501,205499996.09375,1735092391.39,351759706.517133,167768040.3325,4931999906.25,0,0,851681.27,450709559.49,1,1
Classe,2025-06-30,46955383000152,24,0,1,748308.57,1574627.937,35865569.4,132466675.05,248901678.1575,1042192650.70125,217155252.358333,1811348596.28,367214514.40034,213036108.7575,5211726056.6,0,0,748308.57,473686082.23,1,1
Classe,2025-07-31,46955383000152,25,0,1,683123.73,1611974.328,38745794.71,139064436.18,240799535.17,1310129504.738,249733166.378,2132342469.83,432531991.616111,202053740.46,6243329159.45,0,0,683123.73,488858208.59,2,1
Classe,2025-08-31,46955383000152,26,0,1,585994.94,1433307.34,41337381.465,130729895.205,237463873.295,1408773878.60875,259695869.784615,2320103815.79,467744636.687746,196126491.83,6752092614.4,0,0,585994.94,493061567.06,3,1
Classe,2025-09-30,46955383000152,24,0,1,554876.15,1822948.9385,50482900.41,148941544.025,270526187.295,1738975390.05925,319341077.4875,2643076110.03,558505654.022586,220043286.885,7664185859.7,0,0,554876.15,504879174.49,3,1
Classe,2025-10-31,46955383000152,24,0,1,400250.6,1898026.41825,50388078.51,146340046.31,289150314.7275,1968706056.075,357948784.733333,2918846665.63,634753081.458633,238762236.2175,8590770833.6,0,0,400250.6,524548897.85,3,1
Fundo,2020-12-31,00806535000154,6,0,1,10700895.74,12129961.745,23560350.39,34418950.06,51413531.2625,58744661.70625,35975655.7483333,59295929.8,19095712.3160659,27853180.8725,215853934.49,0,0,10700895.74,59295929.8,0,0
Fundo,2021-11-30,16695922000109,12,0,1,206536.2,281927.15575,1032899.805,4981865.055,10205844.185,15544569.24875,6131285.47166667,15851388.44,5772349.55529985,9172944.38,73575425.66,0,0,206536.2,15851388.44,0,0
Fundo,2021-12-31,16695922000109,15,0,1,104070.97,104829.0805,648937.805,1075609.88,8495598.2,15565075.213,4939447.78333333,15842676.74,5725435.13226241,7846660.395,74091716.75,0,0,104070.97,15842676.74,0,0
Fundo,2022-01-31,16695922000109,16,0,1,104070.97,196393.57375,963085.5775,5160317.665,10340404.46,15480418.3025,6133216.35,15842676.74,5606247.35656797,9377318.8825,98131461.6,0,0,104070.97,15842676.74,0,0
Classe,2026-09-30,16695922000109,84,0,1,-34709.35,0,0,6761773.435,34672087.975,424382705.7705,60951803.0732143,1370029806.94,183724822.573235,34672087.975,5119951458.15,1,22,-34709.35,67466230.73,10,3
Fundo,2021-05-31,37678915000160,4,0,1,2867540.07,4563425.976,19826399.13,26518051.075,59307285.4975,145033731.34075,52615633.5525,154558891.99,68875796.8114874,39480886.3675,210462534.21,0,0,2867540.07,27556750,1,0
Fundo,2021-06-30,37678915000160,5,0,1,3118277.76,3129376.52,3229265.36,25783091.45,40548616.61,155933939.426,48286756.406,168754530.85,69190222.1885422,37319351.25,241433782.03,0,0,3118277.76,40548616.61,1,0
Fundo,2021-07-31,37678915000160,9,0,1,271697.27,355375.09,3761045.05,6493374.22,33178879.19,150786496.204,33477006.4922222,175692864.56,56188565.0521841,29417834.14,301293058.43,0,0,271697.27,51161022.78,1,0
Fundo,2021-08-31,37678915000160,10,0,1,335621.29,916131.15175,4107548.785,6387035.745,32297404.045,142306526.72575,32025923.519,162678943.09,51005484.5385791,28189855.26,320259235.19,0,0,335621.29,72134870.36,1,0
Fundo,2021-09-30,37678915000160,9,0,1,3411231.86,3510014.16,6035929.86,6510566.59,48866530.61,153818544.768,38727614.3944444,173923715.16,56295057.0604768,42830600.75,348548529.55,0,0,3411231.86,73397863.2,1,0
Fundo,2021-10-31,37678915000160,15,0,1,287616.17,290085.252,1648191.66,6455895.69,28358587.62,160561101.56,28371000.6893333,201603395.02,53541899.1900917,26710395.96,425565010.34,0,0,287616.17,51703994.31,2,0
Fundo,2021-11-30,37678915000160,18,0,1,0,0,90196.84,3872568.665,22065753.315,151626735.98775,25353486.1033333,197682725.85,49940759.2609037,21975556.475,456362749.86,0,5,0,51954408.62,3,0
Fundo,2021-12-31,37678915000160,18,0,1,0,0,312172.0425,5778536.31,29069772.2925,170257818.92775,29570927.3944444,222922983.11,55546850.6769805,28757600.25,532276693.1,0,4,0,63056936.39,2,0
Fundo,2022-01-31,37678915000160,18,0,1,0,0,1421437.45,6611848.11,31166547.48,166737091.00225,31189977.8383333,213241233.53,53589908.3075237,29745110.03,561419601.09,0,3,0,67015824.12,2,0
Fundo,2022-02-28,37678915000160,17,0,1,-88245.77,-52947.462,3878154.53,13287438.21,32552176.87,168418153.764,34018835.3629412,209769217.32,53799289.4652899,28674022.34,578320201.17,1,2,-88245.77,67894958.93,2,1
Fundo,2022-03-31,37678915000160,17,0,1,0,0,476941.17,16448272.85,32258298.83,168051515.834,32995575.8988235,205508885.69,53472253.7188992,31781357.66,560924790.28,0,3,0,69033539.71,2,0
Fundo,2022-04-30,37678915000160,15,0,1,0,288830.92,3949270.695,18523219.25,55166870.125,312395363.542,60139197.178,372199610.66,102537345.42774,51217599.43,902087957.67,0,1,0,115769500.17,2,0
Fundo,2022-05-31,37678915000160,15,0,1,1004480.85,1029327.0105,5191258.165,20929326.47,54569928.315,804875502.325,114432031.808,1126496288.35,286592361.262777,49378670.15,1716480477.12,0,0,1004480.85,70693349.45,3,1
Fundo,2022-06-30,37678915000160,17,0,1,1108301.06,1246502.108,4820339.85,19923083,38921182.83,770165853.204002,104477981.502941,1137893182.9,273217542.707964,34100842.98,1776125685.55,0,0,1108301.06,62366108.48,3,0
Fundo,2022-07-31,37678915000160,17,0,1,1428935.85,1528158.278,5098290.64,19970518.71,39284908.11,809969281.732001,109694525.491176,1194863522.88,286860942.116103,34186617.47,1864806933.35,0,0,1428935.85,63706888.89,3,0
Fundo,2022-08-31,37678915000160,16,0,1,1731656.96,1763800.6475,5644645.575,15894731.725,40053489.565,899357229.31375,111998324.09375,1299172527.94,321488609.703102,34408843.99,1791973185.5,0,0,1731656.96,54155804.05,2,1
Fundo,2022-09-30,37678915000160,15,0,1,1787701.06,1796501.2535,5841145.61,18762910.91,40824256.45,934921611.849001,119778324.219333,1312411349.88,334977237.670149,34983110.84,1796674863.29,0,0,1787701.06,56184703.96,2,1
Fundo,2022-10-31,37678915000160,15,0,1,1807563.78,1825050.9,4532043.64,18694371.41,42957385.055,972841739.1375,123610743.662,1370331416.04,349750517.032935,38425341.415,1854161154.93,0,0,1807563.78,51125359.53,2,1
Fundo,2022-11-30,37678915000160,16,0,1,326859.53,571095.1325,2352268.5075,9441986.365,48196549.3,981711365.79875,119278023.1675,1429044000.23,354015043.940636,45844280.7925,1908448370.68,0,0,326859.53,51133289.6,2,1
Fundo,2022-12-31,37678915000160,19,0,1,44675.21,448597.991,2875271.27,8007679.74,42780447.365,888737681.663001,102682806.073158,1422084740.12,324015472.25722,39905176.095,1950973315.39,0,0,44675.21,61924764.58,2,1
Fundo,2023-01-31,37678915000160,20,0,1,42808.99,470403.6955,3161695.095,7622089.535,42789992.63,859430117.486248,98146665.3455,1422084740.12,316092727.337516,39628297.535,1962933306.91,0,0,42808.99,63069392.85,2,1
Fundo,2023-02-28,37678915000160,20,0,1,40691.2,349209.61375,3186051.9075,7632492.555,43065909.245,1047067815.76775,116451819.215,1778559746.14,394900411.109986,39879857.3375,2329036384.3,0,0,40691.2,75284784,2,1
Fundo,2023-03-31,37678915000160,22,0,1,0,20390.21775,1100233.225,6456951.485,40205059.905,975017122.198997,108181735.927273,1798837165.07,381127331.864144,39104826.68,2379998190.4,0,1,0,77533649.88,2,1
Fundo,2023-04-30,37678915000160,22,0,1,36760.7,138040.5185,2749455.965,8696021.78,46298373.56,1079145121.4735,126981030.374545,1814879719.04,389049409.415482,43548917.595,2793582668.24,0,0,36760.7,68997253.05,3,1
Fundo,2023-05-31,37678915000160,21,0,1,214360.54,350227.105,2978723.78,11744890.26,48242783.65,1084010594.525,130773842.102381,1749336771.85,383855121.828239,45264059.87,2746250684.15,0,0,214360.54,75741979.13,3,1
Fundo,2023-06-30,37678915000160,21,0,1,116714.52,299871.675,2787347.14,12190833.34,44055395.37,1095643455.24,131700180.659524,1767576315.09,387907280.783799,41268048.23,2765703793.85,0,0,116714.52,90146326.15,3,1
Fundo,2023-07-31,37678915000160,20,0,1,0,11742.665,2701847.47,13013055.605,46354148.575,1129890375.517,138302261.9535,1764211699.61,396317314.341642,43652301.105,2766045239.07,0,1,0,96139758.11,3,2
Fundo,2023-08-31,37678915000160,20,0,1,-38929.4,208319.5855,2221324.9825,13644503.52,46822841.775,1143079437.95375,140658878.5845,1784365543.06,400564092.366365,44601516.7925,2813177571.69,1,0,-38929.4,109887425.98,3,2
Fundo,2023-09-30,37678915000160,20,0,1,0,229449.871,5035944.3125,14161885.88,46788773.9,1180903942.1115,145692090.2735,1852094097.11,414975772.765698,41752829.5875,2913841805.47,0,1,0,51387558.92,4,1
Fundo,2023-10-31,37678915000160,18,0,1,989966.3,1116052.393,6202117.0575,26718204.28,46575760.18,1264713382.4795,164828143.996111,1871326787.24,440352017.700611,40373643.1225,2966906591.93,0,0,989966.3,46867993.34,4,1
Fundo,2023-11-30,37678915000160,17,0,1,997816.87,3027419.354,7998120.52,36609027.65,141656160.45,1313428484.206,184139720.265882,1889967259.11,454437072.247398,133658039.93,3130375244.52,0,0,997816.87,234652414.35,2,1
Fundo,2023-12-31,37678915000160,20,0,1,175903.92,543222.617,7334977.3625,31234528.67,127104799.945,1217318749.36225,165782765.655,1908678760.5,424973815.634404,119769822.5825,3315655313.1,0,0,175903.92,207954396.47,2,1
Fundo,2024-01-31,37678915000160,19,0,1,165827.34,504961.0965,9034673.595,28744356.89,146125638.385,1213807333.843,169795181.089474,1832048908.21,418384608.848927,137090964.79,3226108440.7,0,0,165827.34,213367523.61,2,1
Fundo,2024-02-29,37678915000160,20,0,1,69411.82,468561.996,9404628.475,24398349.975,133353604.84,1190517055.71125,163187166.2635,1849300301.24,412618665.47359,123948976.365,3263743325.27,0,0,69411.82,216637634.7,2,1
Fundo,2024-03-31,37678915000160,22,0,1,0,6851.502,6843281.805,20222981.535,105120546.99,1132207469.353,154124033.586818,1867645939.21,400017944.842522,98277265.185,3390728738.91,0,1,0,220188714.89,3,2
Fundo,2024-04-30,37678915000160,20,0,1,-38784.36,417914.75925,8966933.5925,17733025.345,81368469.1575,1215885989.37025,163587885.405,1888106901.85,423379396.069602,72401535.565,3271757708.1,1,0,-38784.36,122733912.66,4,2
Fundo,2024-05-31,37678915000160,20,0,1,0,283478.689,9182920.0775,17969445.195,82263871.63,1228832863.21,165464247.2735,1907602760.95,427789627.665708,73080951.5525,3309284945.47,0,1,0,124254831.13,4,2
Fundo,2024-06-30,37678915000160,19,0,1,1461032.14,1482252.925,8480909.335,16896705.64,97315000.26,1278175493.5735,174762304.754737,1926327856.09,442523222.421473,88834090.925,3320483790.34,0,0,1461032.14,125726307.65,4,1
Fundo,2024-07-31,37678915000160,20,0,1,1454308.39,1474777.8595,7785678.17,16819416.28,151541482.96,1197107061.14725,173641026.887,1833008269.16,411548202.204057,143755804.79,3472820537.74,0,0,1454308.39,280414267.08,2,1
Classe,2024-10-31,02671743000119,58,0,1,0.01,341022.53525,18295011.77,50065065.175,173991468.9925,639720323.67125,135129259.354138,858318544.7,190658271.367684,155696457.2225,7837497042.54,0,0,0.01,354402751.45,5,1
Fundo,2024-07-31,00329598000167,29,0,1,0,18100.019,17191356.72,53432909.69,284742115.65,4318179460.734,506452935.786207,7583083868.8,1469267249.8971,267550758.93,14687135137.8,0,1,0,611280307.92,3,3
Fundo,2024-08-31,00329598000167,30,0,1,0,404.347,18580254.845,51178460.055,284730563.4275,4284831400.41524,494864830.302333,7819078899.82,1487229217.26404,266150308.5825,14845944909.07,0,1,0,491577517.38,3,2
Fundo,2024-09-30,00329598000167,27,0,1,-32393.21,-11337.6235,18938560.34,72272424.51,291285353.16,4691313288.21999,556261030.949259,7890138990.37,1575441227.29251,272346792.82,15019047835.63,1,2,-32393.21,596473306.9,3,3
Fundo,2024-10-31,00329598000167,13,0,1,0,0,2837633.76,48072183.83,192820206.4,2248782047.085,338537347.37,2996402317.32,818590980.571742,189982572.64,4400985515.81,0,3,0,192820206.4,3,1
Fundo,2024-11-30,00329598000167,12,0,1,0,0,2116801.7925,33827569.26,273246635.17,2348769667.19275,371562778.7625,3019594202.23,858039755.832845,271129833.3775,4458753345.15,0,3,0,580232256.64,1,1
Classe,2024-12-31,00329598000167,25,0,1,0,0,4841975.61,51707937.07,237732932.65,4258271650.458,489538184.6072,6074087081.94,1314196624.84169,232890957.04,12238454615.18,0,4,0,567558705.21,3,6
Classe,2025-01-31,00329598000167,26,0,1,0,0,7251708.985,67539916.75,228246276.8125,4161316371.8,467527010.561154,5965808639.75,1272684885.19997,220994567.8275,12155702274.59,0,4,0,485881427.8,3,6
Classe,2025-02-28,00329598000167,26,0,1,0,0,10250203.15,66349942.715,233710682.355,4222789898.34875,472220389.176539,6044074120.33,1290506405.26847,223460479.205,12277730118.59,0,2,0,490025132.36,3,4
Classe,2025-03-31,00329598000167,25,0,1,350504.38,515691.01,19997673.54,82514421.13,213254299.97,4337192315.76,489326650.2292,6102434736.78,1327185308.31557,193256626.43,12233166255.73,0,0,350504.38,493998664.24,3,2
Classe,2025-04-30,00329598000167,27,0,1,680730.82,953775.5595,20387398.485,51006174.98,198241736.84,4235516406.56249,457675572.662222,6170028659.97,1295869624.02364,177854338.355,12357240461.88,0,0,680730.82,439330588.55,4,2
Classe,2025-05-31,00329598000167,27,0,1,0,449336.9985,18204352.015,38350881.66,162417619.61,4315902343.22999,457313011.103333,6332105057.21,1328783093.54547,144213267.595,12347451299.79,0,1,0,251385966.57,5,3
Classe,2025-06-30,00329598000167,24,0,1,0,403410.1215,17009556.875,44717817.735,320353286.02,4543278430.766,541574910.15125,6271883952.35,1395467348.91158,303343729.145,12997797843.63,0,1,0,649903346.19,3,2
Classe,2025-07-31,00329598000167,23,0,1,0,381438.552,21436443.455,51417927.57,488625720.74,4500023207.027,587192435.012174,5958267001.76,1364841272.36326,467189277.285,13505426005.28,0,1,0,899564171.67,2,3
Classe,2025-08-31,00329598000167,23,0,1,0,55971.9545,13948318.12,47743773.67,495377329.11,4534415194.345,589431796.045652,5987642630.06,1373654430.5665,481429010.99,13556931309.05,0,1,0,877871461.23,2,3
Classe,2025-09-30,00329598000167,23,0,1,0,23561.274,11756444.325,49822645.83,503219825.315,4035978764.708,541820446.056087,4830051355.36,1178119460.85595,491463380.99,12461870259.29,0,1,0,879686452.47,2,3
Classe,2025-10-31,00329598000167,22,0,1,-15946.62,-7574.6445,10126300.3475,55043600.255,521751929.1275,4059842716.83575,567165538.200455,4756478175.29,1193383982.45232,511625628.78,12477641840.41,1,1,-15946.62,922172634.93,2,4
Classe,2025-11-30,00329598000167,26,0,1,-74596.02,-27973.5075,5266737.5375,51496575.25,447412878.08,3956979538.2075,488645217.770385,4775749097.02,1118164721.16922,442146140.5425,12704775662.03,1,1,-74596.02,924888094.61,2,3
Classe,2025-12-31,00329598000167,27,0,1,-2478064.17,-954039.9085,3057542.255,37961354.25,352493272.33,2905803006.845,380554585.92963,3508070519.9,823585208.288854,349435730.075,10274973820.1,3,1,-2478064.17,775276742.84,3,5
Classe,2026-01-31,00329598000167,27,0,1,-192131.84,-161782.651,6583365.33,48502380.26,389515782.16,2933155217.5785,386159818.46,3548987283.2,824987471.0174,382932416.83,10426315098.42,2,0,-192131.84,932172366.11,2,4
Classe,2026-02-28,00329598000167,27,0,1,-250988.29,-207774.6585,6643543.735,46162278.21,368310095.1,2933452480.129,385549748.688889,3584253652.54,828600676.565786,361666551.365,10409843214.6,2,0,-250988.29,774057098.69,3,4
Fundo,2020-11-30,24361690000172,10,0,1,1879301.48,1958769.941,5827028.65,8207432.145,20520293.8575,64993295.66825,18100771.725,74051189.93,22102036.9678512,14693265.2075,181007717.25,0,0,1879301.48,33793882.1,1,0
Fundo,2021-03-31,24361690000172,13,0,1,199968.69,261470.58,3749234.12,7979331.53,20692996.83,64904499.768,15490620.0861538,78949663.38,21250480.0509215,16943762.71,201378061.12,0,0,199968.69,32132451.34,1,0
Fundo,2021-04-30,24361690000172,13,0,1,350455.53,412342.248,5912077.34,7961641.8,21382152.21,64732812.198,15784113.02,79224686.94,21114004.2391719,15470074.87,205193469.26,0,0,350455.53,30918437.8,1,0
Fundo,2021-05-31,24361690000172,14,0,1,647591.01,894311.95525,5821487.3425,8087484.95,19020309.0575,64061938.6992499,15488063.97,80500320.24,20553205.294102,13198821.715,216832895.58,0,0,647591.01,29920684.73,1,0
Fundo,2021-06-30,24361690000172,14,0,1,857352.03,1106205.69025,4069110.5475,8752559.67,19606467.32,65874604.9427499,16040240.62,83643717.06,21478331.0662171,15537356.7725,224563368.68,0,0,857352.03,28969525.93,1,0
Fundo,2021-07-31,24361690000172,16,0,1,955696.49,1301402.54,3557196.615,8211907.16,16856972.7975,63368652.92125,15112037.628125,84643408.72,20487988.1963952,13299776.1825,241792602.05,0,0,955696.49,27910726.59,1,0
Fundo,2021-08-31,24361690000172,16,0,1,1072726.53,1672871.50125,4675822.6275,10835569.255,23241005.8025,64385039.3775,16633700.03875,86442253.17,20694262.9018019,18565183.175,266139200.62,0,0,1072726.53,27623016.39,1,0
Fundo,2021-09-30,24361690000172,16,0,1,1199971.87,1776274.48375,4812231.3925,10906757.58,22887913.9025,64697588.47125,17017527.84125,86776174.35,20710465.114993,18075682.51,272280445.46,0,0,1199971.87,27899945.34,1,0
Fundo,2021-10-31,24361690000172,20,0,1,1230674.3,1984731.01925,5515005.7825,11299675.21,25335697.115,78311338.17175,19662517.112,95996718.04,22534804.9185856,19820691.3325,393250342.24,0,0,1230674.3,28171973.2,2,0
Fundo,2021-11-30,24361690000172,20,0,1,1767866.34,2262316.944,8379381.6975,19226967.655,28462627.0175,80781845.9349999,22777346.193,99490333.21,22954868.2570896,20083245.32,455546923.86,0,0,1767866.34,33227430.09,2,0
Fundo,2021-12-31,24361690000172,20,0,1,1852866.3,2317778.2595,8523735.8325,19164799.885,29223820.7975,86081101.6417499,24751946.5135,109455757.72,25810222.9258567,20700084.965,495038930.27,0,0,1852866.3,60245955.45,1,0
Classe,2026-09-30,24361690000172,82,0,1,0,0,6374585.6675,23027512,68072131.8175,219858071.6385,50544461.725,329829677.78,65842786.5843869,61697546.15,4144645861.45,0,6,0,156891674.88,7,0
Fundo,2026-01-31,62232889000190,123,0,1,96722.84,1086936.931,23370349.49,51196047.53,97672987.015,1246947423.4755,141341807.692846,3291050287.76,369820398.644882,74302637.525,17385042346.22,0,0,96722.84,198195859.61,13,4
Fundo legado,2020-01-31,22610500000188,20,0,1,154843.96,4401194.468,49120812.5925,89491583.26,109232202.5825,313903712.361,101460135.857,373445963.49,87001922.969607,60111389.99,2029202717.14,0,0,154843.96,199282355.57,2,1
Fundo legado,2020-02-29,22610500000188,21,0,1,140812.81,5010873.14,51720109.86,90873579.59,119797461.37,310147678.475,104170427.640952,371373457.28,87812214.150654,68077351.51,2187578980.46,0,0,140812.81,163441607.6,3,1
Fundo legado,2020-03-31,22610500000188,22,0,1,236162.51,5229914.0105,52177857.885,83399127.235,117978477.1275,313757796.566,98268161.5813636,376613480.24,88701417.2795428,65800619.2425,2161899554.79,0,0,236162.51,126170554.06,3,1
Fundo legado,2020-04-30,22610500000188,24,0,1,221714.29,5038073.40975,31854221.725,65729980.665,112898255.0675,312963914.994,90938318.3333333,377096081.19,88575958.6995794,81044033.3425,2182519640,0,0,221714.29,231711752.22,2,1
Fundo legado,2020-05-31,22610500000188,24,0,1,207877.5,413222.9375,30896767.81,56413399.875,114223388.5375,315972803.6575,88673075.5770833,372365423.98,90638572.7485245,83326620.7275,2128153813.85,0,0,207877.5,232977585.9,2,1
Fundo legado,2020-06-30,22610500000188,26,0,1,192785.65,215860.75625,22270469.8025,55733953.41,108570040.275,317335390.88,83713858.5123077,373160567.03,89783153.3988316,86299570.4725,2176560321.32,0,0,192785.65,219138158.21,2,2
Fundo legado,2020-07-31,22610500000188,29,0,1,0,40688.48,10437899.84,43616382.39,99495035.64,317947896.834,73983641.9737931,374891671.89,90581055.9925358,89057135.8,2145525617.24,0,1,0,220118478.56,2,3
Fundo legado,2020-08-31,22610500000188,31,0,1,-33.26,-8.315,12360124.54,46691865.72,95662678.93,295853556.2725,69316602.1080645,297322615.78,79830132.935714,83302554.39,2148814665.35,1,1,-33.26,140369108.11,3,3
Fundo legado,2020-09-30,22610500000188,31,0,1,-33.26,-8.315,12705182.715,46885003.37,95198744.135,273681266.1325,69322758.9225807,295714194.49,77201241.7088582,82493561.42,2149005526.6,1,2,-33.26,142091348.73,3,5
Fundo legado,2020-10-31,22610500000188,30,0,1,-33.26,-9.1465,19140992.7725,49245099.35,96678699.1875,260265708.44025,71843884.9603333,280795639.08,71830798.4628368,77537706.415,2155316548.81,1,1,-33.26,194482067.44,2,3
Classe,2026-05-31,22610500000188,178,0,1,272116.66,1350413.14575,18160026.6425,49442903.355,109968641.6625,525854759.811749,95927721.8779213,1002391541.77,140488728.878261,91808615.02,17075134494.27,0,0,272116.66,233432926.49,19,0
Classe,2026-06-30,22610500000188,185,0,1,269406.81,1503283.22,18454651.94,51058341.08,115184008.15,525853343.214,96294016.329946,1021572769.62,139424626.460396,96729356.21,17814393021.04,0,0,269406.81,257410652.33,15,0
Classe,2026-07-31,22610500000188,191,0,1,0,1029465.9225,16161614.35,43302451.95,111586327.555,545001170.09,94403824.9308901,1033564745.09,138541732.792844,95424713.205,18031130561.8,0,1,0,223420386.57,16,0
Classe,2026-08-31,22610500000188,193,0,1,0,557058.634,17361563.65,44554193.28,113173675.42,530995384.516,92731547.8420725,790811150.71,129286596.569082,95812111.77,17897188733.52,0,2,0,247362554.17,16,0
Fundo,2025-12-31,03017677000120,12,0,1,1018131.01,2595952.453,28129657.575,112006095.785,300261025.65,796620521.906,223509571.759167,885299891.19,272188028.215804,272131368.075,2682114861.11,0,0,1018131.01,562829457.43,1,0
Fundo,2025-01-31,59281253000123,16,0,1,16530952.94,20318707.59125,57001462.655,90235730.22,261974014.1975,679388018.89875,192445759.27875,701601317.43,212045842.466864,204972551.5425,3079132148.46,0,0,16530952.94,319340377.7,2,0
Classe,2024-10-31,45854066000187,5,0,1,1083769.95,2305278.252,13298852.97,15021468.76,32760646.55,105222154.364,35087634.248,113273433.01,45144486.8560042,19461793.58,175438171.24,0,0,1083769.95,32760646.55,1,0
Fundo legado,2020-01-31,34829992000186,7,0,1,70000,709839.838,5575292.5,16604565.73,29907360.405,67837270.236,22877437.2314286,72502189.08,25778133.1763706,24332067.905,160142060.62,0,0,70000,41402730.12,1,1
Fundo legado,2020-02-29,34829992000186,7,0,1,26509.59,669325.2225,5563396.265,16674515.47,29849938.765,67811894.234,22857147.1542857,72472334.96,25778356.3666756,24286542.5,160000030.08,0,0,26509.59,41402730.12,1,1
Fundo legado,2020-03-31,34829992000186,7,0,1,483.24,643633.332,5551576.365,16630939.88,19609729.975,64756615.504,19912484.2657143,72433354.06,24450493.2100753,14058153.61,139387389.86,0,0,483.24,21255097.02,1,1
Fundo legado,2020-04-30,34829992000186,8,0,1,8831.01,753494.87575,6078742.66,17768607.24,34125526.035,1118592087.96075,185097198.60125,1340509353.2,467405344.069939,28046783.375,1480777588.81,0,0,8831.01,72410694.69,1,2
Fundo legado,2020-05-31,34829992000186,8,0,1,9274.17,749654.84775,6303213.8175,18965042.325,47153557.4625,1118565452.8005,187597336.9625,1340483556.4,466428944.854131,40850343.645,1500778695.7,0,0,9274.17,72380107.26,1,2
Fundo legado,2020-06-30,34829992000186,8,0,1,4367706.01,6500144.43175,20238543.2575,32604590.955,47574377.54,1118539612.34375,194965422.52875,1340457719.76,463284955.736638,27335834.2825,1559723380.23,0,0,4367706.01,72354248.81,1,1
Fundo legado,2020-07-31,34829992000186,8,0,1,4344948.4,4863106.8625,14599660.93,29170428.02,49636153.815,1118509420.49775,192731066.33375,1340427136.81,464260378.703605,35036492.885,1541848530.67,0,0,4344948.4,72325900.74,1,1
Fundo legado,2020-08-31,34829992000186,8,0,1,4394884.44,5056101.3075,14789821.7925,29175925.38,51102918.18,1118477666.9115,193080561.6575,1340395175.21,464108492.562195,36313096.3875,1544644493.26,0,0,4394884.44,72295127.79,1,1
Fundo legado,2020-09-30,34829992000186,8,0,1,4378025.78,5094107.643,14838041.88,29200388.18,52209585.155,1118446990.90925,193295726.0275,1340363213.6,464013696.578328,37371543.275,1546365808.22,0,0,4378025.78,72270512.51,1,1
Fundo legado,2020-10-31,34829992000186,8,0,1,4354699.13,5098130.78225,14888480.57,28796078,45718687.9,1118479061.563,192152578.3725,1340333705.63,464430380.323142,30830207.33,1537220626.98,0,0,4354699.13,72592882.39,1,1
Fundo,2020-11-30,34829992000186,17,0,1,1328273.07,2547677.39,12068236.23,26275102,72626220.88,900052430.106002,122536287.904118,1362302249.23,323950851.297708,60557984.65,2083116894.37,0,0,1328273.07,129614971.55,2,1
Classe,2024-10-31,24361690000172,45,0,1,1521905.31,2006417.342,11335888.83,22959736.51,53126794.47,106363186.257,44142667.194,487641299.27,73998364.1474884,41790905.64,1986420023.73,0,0,1521905.31,106538028.43,1,0
Classe,2024-11-30,24361690000172,51,0,1,586848.22,1037599.835,8477469.125,23347427.1,59809181.11,288215482.8975,48258717.7007843,486926879.8,82248260.5037438,51331711.985,2461194602.74,0,0,586848.22,134112466.65,2,0
Fundo legado,2020-01-31,45854066000187,6,0,1,6147194.96,6284272.0375,8813695.55,34756369.035,108939336.5725,150161695.7275,60503706.8916667,153529178.18,64868831.4058469,100125641.0225,363022241.35,0,0,6147194.96,153529178.18,0,0
Fundo legado,2020-02-29,45854066000187,6,0,1,1501747.45,2089566.5125,6521199.02,10526335.235,118471334.975,168515070.90375,58810493.42,170669387.43,80248694.7305606,111950135.955,352862960.52,0,0,1501747.45,170669387.43,0,0
Fundo legado,2020-03-31,45854066000187,6,0,1,1457755.51,2062054.2325,6623605.8625,11126500.655,118999334.835,176963760.7175,60677501.2316667,180274663.41,82913099.2248121,112375728.9725,364065007.39,0,0,1457755.51,180274663.41,0,0
Fundo legado,2020-04-30,45854066000187,6,0,1,1414274.57,1713226.36375,4835973.4475,11657231.105,116292592.9325,178542075.45875,60181982.3016667,182629889.26,82965989.7033952,111456619.485,361091893.81,0,0,1414274.57,182629889.26,0,0
Fundo legado,2020-05-31,45854066000187,6,0,1,1374373.81,1674112.41875,4842055.4275,11744223.945,107478790.3325,178556818.98,58520391.8266667,184327884.21,81038518.8030677,102636734.905,351122350.96,0,0,1374373.81,184327884.21,0,0
Fundo legado,2020-06-30,45854066000187,6,0,1,1333796.09,1638040.87875,4822520.0275,12595457.25,104958807.335,183081366.89125,59094296.5133333,190062936.84,81925911.9483782,100136287.3075,354565779.08,0,0,1333796.09,190062936.84,0,0
Fundo legado,2020-07-31,45854066000187,6,0,1,3955877.86,4680333.13375,11625843.25,25249810.47,110341035.2675,213464834.0975,70795106.445,224525842.16,89844673.8157323,98715192.0175,424770638.67,0,0,3955877.86,224525842.16,0,0
Fundo legado,2020-08-31,45854066000187,6,0,1,10011598.03,10192127.38125,12894875.9,25210433.7,109739120.305,253634359.48,79614004.7983333,270546524.22,104964737.763464,96844244.405,477684028.79,0,0,10011598.03,135249206.3,1,0
Fundo legado,2020-09-30,45854066000187,6,0,1,10253469.44,10419248.9125,12998547.3875,25208468.41,122028411.645,257636707.01125,82779714.375,272777580.22,107635769.48439,109029864.2575,496678286.25,0,0,10253469.44,272777580.22,0,0
Fundo legado,2020-10-31,45854066000187,6,0,1,10323842.21,10487700.71125,13026326.2525,25158722.66,125529902.0025,261056752.27625,84104587.5366667,276017081.79,109379078.876649,112503575.75,504627525.22,0,0,10323842.21,276017081.79,0,0
Classe,2025-06-30,45854066000187,12,0,1,967883.66,1280401.92375,4918885.5625,15813880.52,29444761.9775,63845767.11475,21604155.3575,67970546.54,21327213.9980453,24525876.415,259249864.29,0,0,967883.66,52971348.63,1,0
Classe,2025-07-31,45854066000187,14,0,1,979739.7,1296824.10075,8554708.855,13668311.02,26690825.845,62672084.53725,20374747.8921429,69238561.1,19567826.6103394,18136116.99,285246470.49,0,0,979739.7,49034017.83,1,0
Classe,2025-08-31,45854066000187,15,0,1,988813.24,1179416.716,8687739.99,14879594.56,31627433.835,63990011.24,21896054.2833333,68801567.64,19781743.7343957,22939693.845,328440814.25,0,0,988813.24,55054263.64,1,0
Classe,2025-09-30,45854066000187,13,0,1,1473667.03,3345356.338,10867081.85,15691011.41,36797784.73,65529649.725,25608194.6576923,69819352.65,21952920.0129376,25930702.88,332906530.55,0,0,1473667.03,69819352.65,0,0
Classe,2025-10-31,45854066000187,18,0,1,1030920.19,1210514.13575,7779453.0175,14471974.39,34680035.4175,64682048.196,22567782.5516667,70975253.75,21230924.2646972,26900582.4,406220085.93,0,0,1030920.19,70975253.75,0,0
Classe,2025-11-30,45854066000187,19,0,1,334545.63,639984.5745,4642709.54,12751929.21,35631352.855,64591318.8165,21770329.5305263,72034166.37,21851970.5424361,30988643.315,413636261.08,0,0,334545.63,72034166.37,0,0
Classe,2025-12-31,45854066000187,20,0,1,1012749.93,1200532.573,6800843.2925,12027775.135,31602697.525,78730864.409,22702519.0085,99811926.98,25183930.3460447,24801854.2325,454050380.17,0,0,1012749.93,55430742.62,1,0
Classe,2026-01-31,45854066000187,20,0,1,1010262.96,1021889.55875,6324459.1325,9346252.575,29088591.9475,93855620.7215,23274052.0065,99275842.14,27840177.6341048,22764132.815,465481040.13,0,0,1010262.96,54349811.42,2,0
Classe,2026-02-28,45854066000187,20,0,1,520729.66,565639.81275,5906349.6475,9765357.17,26585527.1725,95795719.611,22679712.035,102559021,28458649.8988959,20679177.525,453594240.7,0,0,520729.66,53671127.83,2,0
Classe,2026-03-31,45854066000187,23,0,1,568138.58,812691.845,8018809.33,11425269.93,35085625.335,129387570.5365,28009713.1769565,160830640.31,37486947.4916164,27066816.005,644223403.07,0,0,568138.58,52711161.3,2,0
Classe,2026-04-30,45854066000187,23,0,1,143059.82,620594.9,8036731.575,15647778.61,39291004.49,115099690.2175,27169577.0286957,118847867.59,32274530.9860478,31254272.915,624900271.66,0,0,143059.82,52225779.93,2,0
Classe,2026-05-31,45854066000187,23,0,1,678072.21,733319.4185,7155700.12,16059529.67,41877888.27,144808391.179,32107082.7756522,169003934.54,42474997.0634262,34722188.15,738462903.84,0,0,678072.21,89464104.64,2,0
Classe,2026-06-30,45854066000187,22,0,1,-1874706.02,-175664.3225,7457082.71,15625194.36,39865260.21,144053100.76175,32278133.4772727,161729639.36,42660525.0154879,32408177.5,710118936.5,1,0,-1874706.02,53833304.03,3,1
Classe,2026-07-31,45854066000187,21,0,1,-2191349.02,-428553.04,6815290.91,14762430.76,35124617.4,147158504.055,29460225.9414286,165554650.2,42809797.9285562,28309326.49,618664744.77,1,0,-2191349.02,55966293.31,2,1
Classe,2026-08-31,45854066000187,20,0,1,502562.63,908672.544,7806479.61,15657444.975,37437043.6675,144797619.9015,30974020.7955,154733747.64,42005361.4886693,29630564.0575,619480415.91,0,0,502562.63,57260419.47,2,0
Fundo,2020-11-30,22610500000188,41,0,1,-33.26,0,10375086.06,51698784.52,102378585.61,311931580.6,77873883.677561,429031176.78,95284106.384014,92003499.55,3192829230.78,1,5,-33.26,191767414.5,4,1
Fundo,2020-12-31,22610500000188,40,0,1,0,0,11709784.9575,54655694.67,113410752.4125,254073146.71125,77671249.093,366660816.24,83217406.3341213,101700967.455,3106849963.72,0,4,0,251186283.39,1,0
Fundo,2021-01-31,22610500000188,39,0,1,0,0,11694779.09,56832900,105060476.29,257025584.1025,76759429.7423077,369310829.02,83232545.1284613,93365697.2,2993617759.95,0,4,0,208060405.58,2,0
Fundo,2021-02-28,22610500000188,42,0,1,0,0,13059282.43,57597702.96,108840947.87,256936904.755,76075963.6883333,325214071.29,78086548.6633019,95781665.44,3195190474.91,0,4,0,215474509.3,2,4
Fundo,2021-03-31,22610500000188,44,0,1,0,0,16377507.955,49620335.53,102956389.16,247082868.59525,74668157.8370455,301384681.52,75447997.966311,86578881.205,3285398944.83,0,4,0,230935619.85,2,0
Fundo,2021-04-30,22610500000188,47,0,1,0,0,11941965.035,41343538.71,102497579.305,251110750.3105,76699208.6934043,380652301.4,84156894.3557455,90555614.27,3604862808.59,0,4,0,236840010.21,3,4
Fundo,2021-05-31,22610500000188,49,0,1,0,0,9942210.11,38847358.98,99816025.32,291786123.338,75424900.8032653,413595726.01,89222246.6745276,89873815.21,3695820139.36,0,4,0,192924126.69,4,0
Fundo,2021-06-30,22610500000188,50,0,1,0,0,12795556.81,44543840.66,106711636.805,429289265.89325,83140034.7818,510670671.97,110775153.600213,93916079.995,4157001739.09,0,5,0,246304079.75,4,0
Fundo,2021-07-31,22610500000188,52,0,1,0,0,11163838.915,42069620.39,109659966.6825,477266885.17675,83595636.8175,562827827.59,119630562.292444,98496127.7675,4346973114.51,0,5,0,254688038.89,3,0
Fundo,2021-08-31,22610500000188,52,0,1,0,0,10973122.5725,45339850.35,113115071.1675,476171747.4785,89108450.4853846,635999581.03,124927283.857267,102141948.595,4633639425.24,0,4,0,252069266.48,3,0
Fundo,2021-09-30,22610500000188,53,0,1,0,0,11730745.67,39658956.32,123177625.34,470616471.358,87300702.2313207,653060555.24,125988132.943229,111446879.67,4626937218.26,0,4,0,253566371.01,3,0
Fundo,2021-10-31,22610500000188,50,0,1,0,0,14327246.365,37974397.82,115511113.3975,481226122.15975,85631500.6058,671659521.9,129051787.488882,101183867.0325,4281575030.29,0,3,0,228679622.84,3,0
Fundo,2021-11-30,22610500000188,53,0,1,0,0,13093439.77,36221910.25,105968248.25,478716286.544,83351082.0801887,680417191.57,127748890.285324,92874808.48,4417607350.25,0,3,0,235398370.62,3,0
Fundo,2021-12-31,22610500000188,56,0,1,0,0,10151842.4775,34274406.72,102238867.0125,495929323.3375,82665234.5598214,700063047.14,130919969.647128,92087024.535,4629253135.35,0,3,0,239490486.39,3,0
Fundo,2022-01-31,22610500000188,57,0,1,0,0,5066006.43,34421657.19,105791224.53,501195833.33,83460754.8889474,722135124.97,133504700.442091,100725218.1,4757263028.67,0,3,0,241369431.04,3,0
Fundo,2022-02-28,22610500000188,52,0,1,0,0,9358635.0625,41525668.8,111768050.1075,527625124.70825,90100764.6775,687832755.33,137514920.089669,102409415.045,4685239763.23,0,3,0,241316129.09,3,0
Fundo,2022-03-31,22610500000188,54,0,1,0,0,4707383.155,38060272.25,116183895.7075,588695304.1565,89718412.3737037,699660914.86,144415137.877389,111476512.5525,4844794268.18,0,3,0,243492832.3,3,0
Fundo,2022-04-30,22610500000188,56,0,1,0,0,4936941.435,36043765.865,114258396.4875,601614003.27875,89316377.1883929,712880062.26,146673690.571402,109321455.0525,5001717122.55,0,5,0,252598503.8,3,0
Fundo,2022-05-31,22610500000188,54,0,1,0,0,10102659.1325,38559601.02,111597622.195,658272693.444749,94199997.9133333,762564508.5,156929352.510026,101494963.0625,5086799887.32,0,3,0,246050541.24,4,0
Fundo,2022-06-30,22610500000188,48,0,1,0,0,9379553.1975,41820071.56,115170580.45,468998866.386499,86867813.2441667,748666520.94,134897270.626919,105791027.2525,4169655035.72,0,3,0,251345024.94,3,0
Fundo,2022-07-31,22610500000188,50,0,1,0,0,16834364.3975,45273212.705,124788557.54,452816038.13475,88609200.4032,763060612.63,133453953.922012,107954193.1425,4430460020.16,0,6,0,268807358.25,2,0
Fundo,2022-08-31,22610500000188,50,0,1,0,0,18737031.1,46711704.785,115753763.0175,457953631.92175,89707405.5214,775449396.5,135305326.540588,97016731.9175,4485370276.07,0,6,0,252450543.61,3,0
Fundo,2022-09-30,22610500000188,45,0,1,517802.21,3770272.347,24972354.42,47625733.27,141948675.18,511459664.079,110302801.939778,814215213.87,156323863.869,116976320.76,4963626087.29,0,0,517802.21,315966340.65,3,0
Fundo,2022-10-31,22610500000188,46,0,1,0,886696.9625,25210569.815,52383198.68,148704312.1075,509362404.8125,112399992.867174,814215213.87,159320565.625078,123493742.2925,5170399671.89,0,1,0,252293846.11,4,1
Fundo,2022-11-30,22610500000188,46,0,1,402971.28,3989005.755,25379156.27,53280101.25,156286048.565,510287646.05875,120382998.36087,822078237.3,163597783.658932,130906892.295,5537617924.6,0,0,402971.28,252214613.99,5,0
Fundo,2022-12-31,22610500000188,47,0,1,2100295.96,4016500.1625,22485355.3,54052727.17,149748527.92,582217522.3635,123928285.422553,801520706.04,173170623.792448,127263172.62,5824629414.86,0,0,2100295.96,258444404.08,5,0
Fundo,2023-01-31,22610500000188,47,0,1,2062641.39,3944944.5375,20177179.73,50304872.96,146050278.01,592604072.7485,123981471.338085,813482398.7,176906857.433362,125873098.28,5827129152.89,0,0,2062641.39,253266402.32,5,0
Fundo,2023-02-28,22610500000188,48,0,1,1257994.53,2088961.572,16335870.6775,54936880.905,142966513.425,595680072.288,120470402.063958,806026589.81,173703488.986693,126630642.7475,5782579299.07,0,0,1257994.53,250820721.09,5,0
Fundo,2023-03-31,22610500000188,50,0,1,312359.79,1223730.075,19658881.2425,59098014.655,134173562.4325,600838919.113,118886808.7366,811658354.34,172236487.991127,114514681.19,5944340436.83,0,0,312359.79,250716146.69,5,0
Fundo,2023-04-30,22610500000188,51,0,1,289439.27,525673.805,16414976.94,57983625.17,129209663.62,596370383.9575,117749828.463333,789828148.4,170136987.335449,112794686.68,6005241251.63,0,0,289439.27,253535726.84,5,0
Fundo,2023-05-31,22610500000188,50,0,1,273225.83,1043238.55275,14709720.4675,55907595.5,129543700.555,592446240.65725,112611573.1126,788496881.64,166751709.105362,114833980.0875,5630578655.63,0,0,273225.83,260425804.72,4,0
Fundo,2023-06-30,22610500000188,55,0,1,256950.69,1022159.1665,10244267.625,46377536,121220717.775,560032283.485,100481571.832182,774522735.56,156687393.5278,110976450.15,5526486450.77,0,0,256950.69,259410001.15,4,0
Fundo,2023-07-31,22610500000188,56,0,1,237761.73,1193824.8875,10821610.0425,47646618.4,124830448.2675,546327083.365,97305111.6542857,740698713.77,145021697.407012,114008838.225,5449086252.64,0,0,237761.73,263004445.76,4,0
Fundo,2023-08-31,22610500000188,56,0,1,157691.86,549587.915,10646156.7225,53777802.26,125227390.4575,516394615.8175,96254512.5517857,712417195.06,138956543.335682,114581233.735,5390252702.9,0,0,157691.86,265202489.69,4,0
Fundo,2023-09-30,22610500000188,66,0,1,94848.11,189253.46,5062842.6175,35904499.815,98245519.84,478135248.84875,80998210.3175758,705566256.29,124964134.697082,93182677.2225,5345881880.96,0,0,94848.11,179013647.97,5,0
Fundo,2023-10-31,22610500000188,65,0,1,83742.06,369774.392,5531960.96,40772903.48,104027894.62,472284338.708,81480744.3156923,681937562.84,121221264.242187,98495933.66,5296248380.52,0,0,83742.06,188127202.8,4,0
Fundo,2023-11-30,22610500000188,66,0,1,27349.24,360553.82875,8044925.23,45137083.72,103312936.825,535652549.64875,93347594.2560606,620779432.86,137890940.525709,95268011.595,6160941220.9,0,0,27349.24,194183462.51,6,0
Fundo,2023-12-31,22610500000188,73,0,1,174126.09,389447.122,7558150.19,41409120.43,106146552.25,628706474.584,93473371.4642466,832723270.46,154435996.353338,98588402.06,6823556116.89,0,0,174126.09,198405592.36,6,0
Fundo,2024-01-31,22610500000188,75,0,1,398333.94,646503.3385,7613215.365,39068487,98475980.3,623458310.168,92869066.5718667,876888049.89,156292008.746591,90862764.935,6965179992.89,0,0,398333.94,213118081.21,6,0
Fundo,2024-02-29,22610500000188,77,0,1,371611.65,850065.193,8278051.04,40177043.42,93313601.1,619768605.965,90751970.191039,901325911.85,156965829.397453,85035550.06,6987901704.71,0,0,371611.65,216246070.73,6,0
Fundo,2024-03-31,22610500000188,80,0,1,310758.23,848630.1385,9572922.7425,38257110.465,98436932.7875,683016267.9325,91646401.025375,941199967.41,162085213.363493,88864010.045,7331712082.03,0,0,310758.23,222105213.86,6,0
Fundo,2024-04-30,22610500000188,79,0,1,1225025.63,1657094.4805,13917406.085,43155488.27,100364144.83,662063530.629,96169579.673924,967814162.44,163654623.307171,86446738.745,7597396794.24,0,0,1225025.63,226079224.91,6,0
Fundo,2024-05-31,22610500000188,82,0,1,244225.08,1341789.3095,12926630.4525,43555063.525,92315682.0075,538343391.95025,90089331.0445122,900184699.72,146430346.775453,79389051.555,7387325145.65,0,0,244225.08,192633378.06,8,0
Fundo,2024-06-30,22610500000188,83,0,1,529113.69,1506648.289,13434375.35,42665952.86,101076107.11,533207720.283501,86324216.0107229,881441280.18,138699288.430414,87641731.76,7164909928.89,0,0,529113.69,230933458.27,6,0
Fundo,2024-07-31,22610500000188,83,0,1,505446.14,1641573.4125,13950094.335,44160899.65,101665492.24,502143278.299001,88749306.2873494,829341746.67,135847092.647915,87715397.905,7366192421.85,0,0,505446.14,229586896.28,7,0
Fundo,2024-08-31,22610500000188,83,0,1,500897.93,1456406.463,13139506.605,44271247.99,104520396.27,505350583.022501,90484748.5713253,839793662.02,137682554.602759,91380889.665,7510234131.42,0,0,500897.93,199174993.88,9,0
Fundo,2024-09-30,22610500000188,89,0,1,546848.38,1487985.654,12263305.07,44971467.11,109298702.06,493194815.968,88052107.5480899,634719217.85,125238529.224109,97035396.99,7836637571.78,0,0,546848.38,248360282.92,7,0
Classe,2024-10-31,22610500000188,63,0,1,712280.9,1542939.531,12556769.895,45685649.85,108780573.035,415363666.508,85343203.9473016,528790801.45,110787567.561643,96223803.14,5376621848.68,0,0,712280.9,181197738.06,6,0
Classe,2024-11-30,22610500000188,80,0,1,676695.65,1636561.865,13973072.0175,47474615.29,118726441.8,497340866.3365,100773090.10075,1199269646.91,165688732.925801,104753369.7825,8061847208.06,0,0,676695.65,254968850.05,7,1
Classe,2024-12-31,22610500000188,90,0,1,649267.97,1667636.61225,16117575.3175,54157744.87,131447256.9375,592944735.095499,116041199.321778,1211444845.72,185531072.630588,115329681.62,10443707938.96,0,0,649267.97,253738471.32,10,0
Classe,2025-01-31,22610500000188,92,0,1,625781.39,1486865.86625,16482515.7825,55131775.25,125176669.785,714870372.743749,118588469.588152,1223955248.95,193275096.130858,108694154.0025,10910139202.11,0,0,625781.39,252701372.72,10,0
Classe,2025-02-28,22610500000188,98,0,1,550000,1501524.867,16505121.0875,52607584.5,127060940.4775,715456297.446751,117121466.937857,1275250483.02,196691164.799732,110555819.39,11477903759.91,0,0,550000,253919758.91,10,0
Classe,2025-03-31,22610500000188,103,0,1,939466.63,1658785.238,16684052.98,49418218.08,128751537.41,687878119.788501,115257713.433689,1448505692.64,203933187.175599,112067484.43,11871544483.67,0,0,939466.63,264047412.73,10,1
Classe,2025-04-30,22610500000188,106,0,1,942328.58,1623403.17375,17566885.555,50878275.955,136191715.1325,665396983.13125,116809239.319717,1460852515.52,203070524.357322,118624829.5775,12381779367.89,0,0,942328.58,264605400.45,10,1
Classe,2025-05-31,22610500000188,110,0,1,1396511.8,1879366.22775,17569233.9725,49472628.57,137673047.565,678915984.005749,117601335.112455,1472889492.52,202757037.17218,120103813.5925,12936146862.37,0,0,1396511.8,281659944.94,10,1
Classe,2025-06-30,22610500000188,118,0,1,295319.31,1824108.26325,17206781.3125,48491592.815,129502974.3425,749792635.504,113077957.316271,1492963954.93,199910953.852289,112296193.03,13343198963.32,0,0,295319.31,288411353.87,10,1
Classe,2025-07-31,22610500000188,121,0,1,-2183802.11,1088757.82,15701234.31,44534153.84,112159677.4,740446825.2,103100912.199587,1069226653.61,173050110.656533,96458443.09,12475210376.15,1,0,-2183802.11,231663204.21,11,1
Classe,2025-08-31,22610500000188,127,0,1,1237819.91,2179754.922,15764419.9,45293295.13,106667168.985,719263300.438499,102095765.447953,967400996.39,166592722.351685,90902749.085,12966162211.89,0,0,1237819.91,204290202.37,12,0
Classe,2025-09-30,22610500000188,124,0,1,-5278257.71,2243033.6345,15464161.25,39426450.54,102882939.48,544395059.96975,94627063.2254839,894244163.24,148252919.885726,87418778.23,11733755839.96,1,0,-5278257.71,232698331.12,12,1
Classe,2025-10-31,22610500000188,131,0,1,-1224638.02,1606451.5675,16963618.115,43804731.02,103048710.865,599547954.145,96063252.2384733,876052272.39,143492320.861116,86085092.75,12584286043.24,1,0,-1224638.02,204750564.63,14,1
Fundo,2025-11-30,22610500000188,93,0,1,-13794368.65,1582476.559,17397503.56,47926259.12,153785908.12,595034447.639,116236822.804624,1060252569.09,176325034.399886,136388404.56,10810024520.83,1,0,-13794368.65,355180355.62,8,1
Classe,2025-12-31,22610500000188,96,0,1,838456.32,1333682.7,14363219.945,41990609.565,129259583.43,614289664.43,116889822.212604,1138077311.94,188639480.969581,114896363.485,11221422932.41,0,0,838456.32,284136613.65,11,0
Classe,2026-01-31,22610500000188,157,0,1,827907.67,2148444.285,17372140.03,38146735.23,102867623.34,613288246.889,97436791.0065605,1152793574.51,160327030.993385,85495483.31,15297576188.03,0,0,827907.67,215364018.3,16,0
Classe,2026-02-28,22610500000188,161,0,1,856878.92,2188574.43,17928683.83,41261031.65,103899667.53,606846089.34,97898946.1645342,1191360862.77,159154153.031698,85970983.7,15761730332.49,0,0,856878.92,219522287.15,16,0
Classe,2026-03-31,22610500000188,169,0,1,881389.28,1702528.862,17987279.1,46998148.53,105650063.88,579344928.607999,96213486.2873964,1236181182.96,154737582.144902,87662784.78,16260079182.57,0,0,881389.28,192033215.28,17,0
Classe,2026-04-30,22610500000188,169,0,1,259247.56,1906653.93,17425709.35,50091927.01,109741898.97,560809950.505998,98240484.5292308,1244578613.33,153923382.526697,92316189.62,16602641885.44,0,0,259247.56,247119239.16,16,0
Fundo,2025-09-30,24361690000172,4,0,1,0,612989.712,6129897.12,8390694.885,22549350.46,60190473.955,20288552.695,64372821.01,29655020.573541,16419453.34,81154210.78,0,1,0,8608193.61,1,0
Fundo,2021-01-31,03751794000113,23,0,1,-433147.55,-330099.7975,0,6247424.9,20271230.59,1089624836.619,114831125.796087,1998632374.64,417109704.989214,20271230.59,2641115893.31,2,5,-433147.55,33351168.01,4,3
Fundo,2021-02-28,03751794000113,23,0,1,-433147.55,-330099.7975,0,6247424.9,20408522.74,1089624836.619,114850628.832609,1998632374.64,417104798.182342,20408522.74,2641564463.15,2,5,-433147.55,33351168.01,4,8
Fundo,2021-03-31,03751794000113,21,0,1,-433147.55,-339467.775,0,3566494.73,14484872.45,1172261885.53,119392937.27,1998632374.64,437038167.968376,14484872.45,2507251682.67,2,5,-433147.55,23955882,3,3
Fundo,2022-03-31,05389174000101,3,0,1,379581.91,9743069.34650001,94014456.275,187649330.64,947569387.4,1631497438.484,631839452.236667,1707489444.16,936234302.159908,853554931.125,1895518356.71,0,0,379581.91,1707489444.16,0,1
Fundo,2022-04-30,05389174000101,2,0,1,381999.37,43447188.6697498,431033892.3675,861685785.365,1292337678.3625,1679924382.06025,861685785.365,1722989571.36,1218067495.47742,861303785.995,1723371570.73,0,0,381999.37,1722989571.36,0,1
Fundo,2022-05-31,05389174000101,1,0,1,1736622312.17,1736622312.17,1736622312.17,1736622312.17,1736622312.17,1736622312.17,1736622312.17,1736622312.17,,0,1736622312.17,0,0,1736622312.17,1736622312.17,0,1
Fundo,2022-06-30,05389174000101,1,0,1,1743965962.88,1743965962.88,1743965962.88,1743965962.88,1743965962.88,1743965962.88,1743965962.88,1743965962.88,,0,1743965962.88,0,0,1743965962.88,1743965962.88,0,1
Fundo,2022-07-31,05389174000101,1,0,1,1768520651.04,1768520651.04,1768520651.04,1768520651.04,1768520651.04,1768520651.04,1768520651.04,1768520651.04,,0,1768520651.04,0,0,1768520651.04,1768520651.04,0,1
Fundo,2022-08-31,05389174000101,1,0,1,1768171963.46,1768171963.46,1768171963.46,1768171963.46,1768171963.46,1768171963.46,1768171963.46,1768171963.46,,0,1768171963.46,0,0,1768171963.46,1768171963.46,0,1
Fundo,2022-09-30,05389174000101,1,0,1,1785323090.81,1785323090.81,1785323090.81,1785323090.81,1785323090.81,1785323090.81,1785323090.81,1785323090.81,,0,1785323090.81,0,0,1785323090.81,1785323090.81,0,1
Fundo,2022-10-31,05389174000101,1,0,1,1783642660.89,1783642660.89,1783642660.89,1783642660.89,1783642660.89,1783642660.89,1783642660.89,1783642660.89,,0,1783642660.89,0,0,1783642660.89,1783642660.89,0,1
Fundo,2022-11-30,05389174000101,1,0,1,1770247851.08,1770247851.08,1770247851.08,1770247851.08,1770247851.08,1770247851.08,1770247851.08,1770247851.08,,0,1770247851.08,0,0,1770247851.08,1770247851.08,0,1
Fundo,2022-12-31,05389174000101,1,0,1,1770880075.88,1770880075.88,1770880075.88,1770880075.88,1770880075.88,1770880075.88,1770880075.88,1770880075.88,,0,1770880075.88,0,0,1770880075.88,1770880075.88,0,1
Fundo,2023-01-31,05389174000101,1,0,1,1783791203.89,1783791203.89,1783791203.89,1783791203.89,1783791203.89,1783791203.89,1783791203.89,1783791203.89,,0,1783791203.89,0,0,1783791203.89,1783791203.89,0,1
Fundo,2023-02-28,05389174000101,1,0,1,1775696646.37,1775696646.37,1775696646.37,1775696646.37,1775696646.37,1775696646.37,1775696646.37,1775696646.37,,0,1775696646.37,0,0,1775696646.37,1775696646.37,0,1
Fundo,2023-03-31,05389174000101,1,0,1,1788402586.23,1788402586.23,1788402586.23,1788402586.23,1788402586.23,1788402586.23,1788402586.23,1788402586.23,,0,1788402586.23,0,0,1788402586.23,1788402586.23,0,1
Fundo,2023-04-30,05389174000101,1,0,1,1798079191.66,1798079191.66,1798079191.66,1798079191.66,1798079191.66,1798079191.66,1798079191.66,1798079191.66,,0,1798079191.66,0,0,1798079191.66,1798079191.66,0,1
Fundo,2023-05-31,05389174000101,1,0,1,1810985541.14,1810985541.14,1810985541.14,1810985541.14,1810985541.14,1810985541.14,1810985541.14,1810985541.14,,0,1810985541.14,0,0,1810985541.14,1810985541.14,0,1
Fundo,2023-06-30,05389174000101,1,0,1,1818179464.28,1818179464.28,1818179464.28,1818179464.28,1818179464.28,1818179464.28,1818179464.28,1818179464.28,,0,1818179464.28,0,0,1818179464.28,1818179464.28,0,1
Fundo,2023-07-31,05389174000101,1,0,1,1808722031.6,1808722031.6,1808722031.6,1808722031.6,1808722031.6,1808722031.6,1808722031.6,1808722031.6,,0,1808722031.6,0,0,1808722031.6,1808722031.6,0,1
Fundo,2023-08-31,05389174000101,1,0,1,1826247023.41,1826247023.41,1826247023.41,1826247023.41,1826247023.41,1826247023.41,1826247023.41,1826247023.41,,0,1826247023.41,0,0,1826247023.41,1826247023.41,0,1
Fundo,2023-09-30,05389174000101,1,0,1,1829654106.76,1829654106.76,1829654106.76,1829654106.76,1829654106.76,1829654106.76,1829654106.76,1829654106.76,,0,1829654106.76,0,0,1829654106.76,1829654106.76,0,1
Fundo legado,2020-06-30,15489568000195,10,0,1,442195.22,552674.891,1503363.3975,13550927.895,81695564.64,110238921.80775,38477715.905,111512855.52,47189876.2635506,80192201.2425,384777159.05,0,0,442195.22,111512855.52,0,1
Fundo legado,2020-07-31,15489568000195,10,0,1,309570.08,393880.52075,1528458.7125,4874446.545,36388124.3925,107805355.69225,28419785.175,111411728.23,41740882.1943712,34859665.68,284197851.75,0,0,309570.08,41026960.16,2,1
Fundo legado,2020-08-31,15489568000195,10,0,1,759187.27,921869.49475,2058902.2725,7761857.22,35971410.765,107776162.46,29232109.82,111384785,41145743.0731048,33912508.4925,292321098.2,0,0,759187.27,40429821.77,2,0
Fundo legado,2020-09-30,15489568000195,10,0,1,784491.39,939263.52825,2067812.1075,7621595.125,35178508.0475,107750906.72225,29320118.293,111357841.76,41048995.0842001,33110695.94,293201182.93,0,0,784491.39,38259411.05,2,0
Fundo legado,2020-10-31,15489568000195,9,0,1,613794.62,648817.278,3098019.46,10898823.16,36810924.23,108126955.388,33191494.8244444,111336190.61,41910961.12633,33712904.77,298723453.42,0,0,613794.62,36810924.23,2,0
Fundo,2025-05-31,39669186000101,2,0,1,27472051.62,27925869.95125,32010234.9325,36548418.245,41086601.5575,45170966.53875,36548418.245,45624784.87,12835920.7781455,9076366.625,73096836.49,0,0,27472051.62,45624784.87,0,0
Fundo,2024-10-31,34829992000186,93,0,1,-168224.72,-15790.464,10334397.19,55297447.14,307603154.87,1316696257.524,282784302.699355,9798541613.92,1038672776.5233,297268757.68,26298940151.04,4,0,-168224.72,449645242.4,4,6
Fundo,2024-11-30,34829992000186,63,0,1,-187258.67,-60678.351,7608640.48,24948849.56,152193216.385,1321378733.8375,163525252.972381,1873864043.73,342165256.303197,144584575.905,10302090937.26,4,0,-187258.67,300697875.4,9,5
Classe,2026-02-28,34829992000186,101,0,1,-297241.42,-77994.345,10905287.14,98940323.47,354907882.16,4498973895.02,526291662.299901,8705312180.45,1370060030.59941,344002595.02,53155457892.29,4,0,-297241.42,836771135.61,10,13
Fundo,2025-08-31,62285390000140,3,0,1,66746363.82,68893059.0985,88213316.605,109680269.39,114623079.445,119071608.4945,98664174.2366667,119565889.5,28080087.9198324,26409762.84,295992522.71,0,0,66746363.82,119565889.5,0,0
Fundo,2025-09-30,62285390000140,3,0,1,45603072.4,49300865.3925,82581002.325,119558932.25,191539636.785,256322270.8665,142894115.323333,263520341.32,110816885.447063,108958634.46,428682345.97,0,0,45603072.4,263520341.32,0,0
Fundo,2022-02-28,15489568000195,10,0,1,0,28733.301,2650411.2975,21009639.3,55257184.9575,58847862.28,26850647.602,58847862.28,26676806.8480416,52606773.66,268506476.02,0,1,0,58847862.28,0,0
Fundo,2022-03-31,15489568000195,9,0,1,0,485193.686,2567168.94,30794646.51,62793574.4,62812396.818,30813330.8411111,62812649.09,28206854.6385587,60226405.46,277319977.57,0,1,0,62812649.09,0,0
Fundo,2022-04-30,15489568000195,8,0,1,2360358.43,2375370.64925,6427236.3725,36940420.11,63508619.195,63554879.61425,34630511.33625,63555101.95,27942895.5748662,57081382.8225,277044090.69,0,0,2360358.43,63555101.95,0,0
Fundo,2022-05-31,15489568000195,8,0,1,1840085.03,1921104.962,6403124.795,37163476.3,60971343.75,61051282.97925,33660836.27625,61051507.52,26989152.1312448,54568218.955,269286690.21,0,0,1840085.03,61051507.52,0,0
Fundo,2022-06-30,15489568000195,8,0,1,1273848.34,1479608.3,6536201.1125,37133039.33,62003981.6225,62057425.24175,33998559.15375,62057651.97,27534625.6356726,55467780.51,271988473.23,0,0,1273848.34,62057651.97,0,0
Fundo,2022-07-31,15489568000195,9,0,1,317247.29,466597.464,2421789.81,27896014.38,62023730.97,62045757.196,30333833.1244444,62045917.88,28177735.9626961,59601941.16,273004498.12,0,0,317247.29,62045917.88,0,0
Fundo,2022-08-31,15489568000195,10,0,1,249144.69,353957.664,3109359.98,18023613.43,58816744.96,62429829.13175,28001798.667,62429905.76,27994133.4099109,55707384.98,280017986.67,0,0,249144.69,62429905.76,0,0
Fundo,2022-09-30,15489568000195,11,0,1,48115.69,89185.8275,2347086.04,7716011.86,56075918.995,63166685.505,26132646.21,63169552.57,27946308.7528218,53728832.955,287459108.31,0,0,48115.69,63169552.57,0,0
Fundo,2022-11-30,15489568000195,10,0,1,368.54,61551.1115,3138488.96,16649863.625,68338324.1825,74258974.974,31511629.126,74266152.15,33214473.1852793,65199835.2225,315116291.26,0,0,368.54,74266152.15,0,1
Fundo,2022-12-31,15489568000195,10,0,1,5826.73,37741.1485,3550947.1,16812386.65,69359157.9975,75347119.7965,32111019.581,75355573.78,33567917.1004161,65808210.8975,321110195.81,0,0,5826.73,75355573.78,0,1
Fundo,2023-01-31,15489568000195,11,0,1,2570.29,264238.5825,1569978.145,11590153.23,64244767.385,76300905.765,30014030.16,76310395.47,33366048.4815914,62674789.24,330154331.76,0,0,2570.29,76310395.47,0,1
Fundo,2023-02-28,15489568000195,10,0,1,57305.52,360192.67425,3429830.2175,20320847.36,64271400.2575,77142557.4235,30890548.097,77151170.68,33192786.4876739,60841570.04,308905480.97,0,0,57305.52,77151170.68,0,0
Fundo,2023-03-31,15489568000195,9,0,1,233699.79,549643.46,1934431.39,15862772.47,78033774.96,78122155.164,31926749.9744444,78129920.4,35520409.7761325,76099343.57,287340749.77,0,0,233699.79,78129920.4,0,0
Fundo,2023-04-30,15489568000195,9,0,1,1849802.75,1888539.09,7518392.24,26160191.51,78570837.52,183133883.084,55530338.6433333,209263953.74,66711461.5768047,71052445.28,499773047.79,0,0,1849802.75,78613600.46,1,0
Fundo,2023-05-31,15489568000195,8,0,1,2354758.88,3253288.34225,17479337.5025,52548791.125,79183335.74,189405859.391,63364890.01875,212779338.31,68797029.9205058,61703998.2375,506919120.15,0,0,2354758.88,79216601.63,1,0
Fundo,2023-06-30,15489568000195,8,0,1,2495295.99,3359790.18525,18240073.395,52589765.65,79796202.51,201799439.8245,65538493.8275,227639311.13,73439320.8715542,61556129.115,524307950.62,0,0,2495295.99,79982903.67,1,0
Fundo,2023-07-31,15489568000195,8,0,1,2665490.65,3485474.7415,19083994.9525,54848542.34,81798955.55,204221008.94375,67133465.33375,229922462.93,74006553.3983885,62714960.5975,537067722.67,0,0,2665490.65,83057011.58,1,0
Fundo,2023-08-31,15489568000195,8,0,1,2884353.71,3649525.45125,18454652.0175,55210883.5,82042409.7275,202344228.05675,66839788.925,227853214.67,73389020.9748945,63587757.71,534718311.4,0,0,2884353.71,82087576.88,1,0
Fundo,2023-09-30,15489568000195,10,0,1,50000,717539.5895,4230469.84,25468728.79,81739790.3825,202950862.461,54775767.599,238101748.02,73125133.0693448,77509320.5425,547757675.99,0,0,50000,81875589.98,1,0
Fundo,2023-10-31,15489568000195,10,0,1,3040409.56,3095085.487,6331961.235,25491918.74,82472858.465,211671759.47325,56703822.303,249145818.9,75835789.0407359,76140897.23,567038223.03,0,0,3040409.56,82594443.67,1,0
Fundo,2023-11-30,15489568000195,12,0,1,2531304,2702575.04775,5334144.4975,14104442.785,79952655.8175,236135085.538,51218690.1958333,295245476.79,83349751.6884327,74618511.32,614624282.35,0,0,2531304,80298599.51,1,0
Fundo,2023-12-31,15489568000195,18,0,1,859785.59,1602351.897,4183022.7425,34423786.945,48355620.3675,214642190.98875,46362527.6205556,301031347.2,69499728.4771603,44172597.625,834525497.17,0,0,859785.59,97762744.35,1,0
Fundo,2024-01-31,15489568000195,17,0,1,1254253.21,1798799.654,3278328.41,30219750.89,45302603.54,94495280.788,30592174.3970588,105909976.26,29640608.0540798,42024275.13,520066964.75,0,0,1254253.21,105909976.26,0,0
Fundo,2024-02-29,15489568000195,17,0,1,1223743.82,1792123.992,4849168.9,30754997.06,44316023.3,96585128.854,30883594.1882353,109123538.59,29968455.6660184,39466854.4,525021101.2,0,0,1223743.82,77777514.25,1,0
Fundo,2024-03-31,15489568000195,18,0,1,942992.42,1679122.74375,4244982.775,28226631.93,42001445.4575,96542002.954,29103033.9922222,109895911.94,29582520.5268718,37756462.6825,523854611.86,0,0,942992.42,78474949.62,1,0
Fundo,2024-04-30,15489568000195,18,0,1,19224.11,587144.6315,4374496.775,23194278.27,34054681.35,97120703.90475,26499442.5044444,110759690.23,28809037.2033929,29680184.575,476989965.08,0,0,19224.11,39431808.4,2,0
Fundo,2024-05-31,15489568000195,17,0,1,1576798.95,2159124.762,6762902.89,27505624.52,33557267.51,98306933.8180001,28861138.05,111224825.89,28995496.9662938,26794364.62,490639346.85,0,0,1576798.95,43058953.52,2,0
Fundo,2024-06-30,15489568000195,17,0,1,1446490.27,2102806.598,6713885.78,24606180.83,28823036.68,98475517.14,27639882.36,111216674.5,28827699.1941235,22109150.9,469878000.12,0,0,1446490.27,41597843.33,2,0
Fundo,2024-07-31,15489568000195,13,0,1,1936429.36,2500028.941,3919941.62,16125562.19,63340451.96,101693016.873,32108501.1738462,111207282.21,36586177.7297059,59420510.34,417410515.26,0,0,1936429.36,111207282.21,0,0
Fundo,2024-08-31,15489568000195,13,0,1,781796.63,1175351.705,4639702.52,17560620.09,74118942.97,102602668.332,33801547.8769231,111200748.9,38625051.2383749,69479240.45,439420122.4,0,0,781796.63,111200748.9,0,0
Fundo,2024-09-30,15489568000195,14,0,1,195245.51,566872.7855,4070665.435,13065771.195,62838549.04,101865658.96225,31767493.4814286,111191389.1,38057412.6176219,58767883.605,444744908.74,0,0,195245.51,111191389.1,0,0
Fundo,2024-10-31,15489568000195,7,0,1,3977734.64,4349641.625,6516861.41,10069217.41,22654436.05,60399927.3945,19880930.2885714,66776965.05,22083875.3589389,16137574.64,139166512.02,0,0,3977734.64,24263380.68,1,0
Classe,2024-11-30,15489568000195,14,0,1,497793.38,650080.3135,4909488.0825,15346366.32,58511401.6425,101222594.952,31538384.2778571,111176262,35976134.0828957,53601913.56,441537379.89,0,0,497793.38,111176262,0,0
Classe,2024-12-31,15489568000195,17,0,1,498144.22,529289.576,1099446.63,7196262.88,42825818.72,99034809.908,26681929.9917647,111169937.84,33726711.0699885,41726372.09,453592809.86,0,0,498144.22,80832118.01,1,0
Classe,2025-01-31,15489568000195,18,0,1,0,186668.075,1392777.23,6903718.44,27531164.9675,89582074.30575,20988178.3222222,111165318.68,29804939.2269567,26138387.7375,377787209.8,0,1,0,60381214.27,1,1
Classe,2025-02-28,15489568000195,18,0,1,0,33157.3355,1420301.7075,7263734.51,28952012.1825,86045440.957,20339553.7172222,111159155.55,28912834.2182873,27531710.475,366111966.91,0,1,0,52068062.39,1,1
Classe,2025-03-31,15489568000195,18,0,1,0,23472.2485,1429391.75,7411920.07,30725754.965,86428882.146,20474316.1344444,111152541.65,28954653.2967433,29296363.215,368537690.42,0,1,0,52979225.17,1,1
Classe,2025-04-30,15489568000195,18,0,1,0,0,1048731.5475,7582501.825,31403632.0825,86968277.84475,19798927.4761111,111147947.4,28537806.8468829,30354900.535,356380694.57,0,3,0,54254607.27,1,3
Classe,2025-05-31,15489568000195,16,0,1,0,18703.02375,1437243.09,9758180.55,29872034.4325,89515118.6,21056493.070625,111142355.6,28987818.3529515,28434791.3425,336903889.13,0,1,0,53469723.6,1,1
Classe,2025-06-30,15489568000195,16,0,1,44483.52,140613.92625,2366895.7975,10027556.23,35701219.45,90454798.1425,23480740.474375,111139150.9,30555227.8256203,33334323.6525,375691847.59,0,0,44483.52,55980876.88,1,0
Classe,2025-07-31,15489568000195,16,0,1,42953.9,119941.41125,2413264.41,10157038.17,35649762.9925,88795495.395,22435061.763125,111136962.6,29614772.1183312,33236498.5825,358960988.21,0,0,42953.9,51559716.72,1,1
Classe,2025-08-31,15489568000195,16,0,1,40273.65,88275.73875,2778965.225,10015849.955,32947239.67,88646514.45125,21811195.91125,111135257.96,29075978.0674249,30168274.445,348979134.58,0,0,40273.65,51165275.27,1,1
Classe,2025-09-30,15489568000195,17,0,1,-91715.38,-39678.788,1312594.58,9329902.38,40841251.22,113360042.252,29429102.8711765,114844255.08,41631887.7787107,39528656.64,500294748.81,1,0,-91715.38,50582219.51,3,1
Classe,2025-10-31,15489568000195,17,0,1,29786.45,32652.798,1274926.14,8838213.98,41932272.22,113477006.108,29432658.5688235,115038731.84,41665357.4863007,40657346.08,500355195.67,0,0,29786.45,49776920.72,3,0
Classe,2025-11-30,15489568000195,17,0,1,42962.75,178875.178,1183700.97,7245805.75,42795795.4,112994795.77,29497272.7164706,114237915.91,41900075.7613686,41612094.43,501453636.18,0,0,42962.75,49454830.8,3,0
Classe,2025-12-31,15489568000195,17,0,1,-1046.79,139950.418,1732848.47,5920801.23,44380073.64,111329369.948,29540379.2623529,111462544.78,41491154.3262932,42647225.17,502186447.46,1,0,-1046.79,48937397.42,3,1
Classe,2026-01-31,15489568000195,23,0,1,-27154.39,-11695.6665,590858.47,4868396.37,18313982.25,109755197.517,21866586.4969565,111127349.87,36854067.2663641,17723123.78,502931489.43,1,0,-27154.39,23059948.4,5,1
Classe,2026-02-28,15489568000195,26,0,1,-54232.23,-19772.43,169574.035,3736203.275,12582741.4525,102906132.4625,18509984.8788462,111121605.95,33350595.2021467,12413167.4175,481259606.85,1,0,-54232.23,22460667.7,5,1
Classe,2026-03-31,15489568000195,28,0,1,9863.51,20569.46225,274572.0475,3241368.805,10342280.2425,95105400.469,16622377.4696429,111121539.73,30416055.8567908,10067708.195,465426569.15,0,0,9863.51,22872034.92,5,0
Classe,2026-04-30,15489568000195,27,0,1,3961.32,25418.7235,335312.555,3588073.39,10683567.915,87940964.1669999,16216534.037037,111117708.42,28943293.2276906,10348255.36,437846419,0,0,3961.32,23342695.1,5,0
Classe,2026-05-31,15489568000195,26,0,1,1840.75,6198.0875,598858.6375,4624202.67,13603413.175,78144102.3375,17087860.3838462,111106719.3,27122298.8658311,13004554.5375,444284369.98,0,0,1840.75,14259347.77,6,0
Classe,2026-06-30,15489568000195,24,0,1,-15614.27,49377.175,3433664.2375,6112070.81,19558191.1175,80874243.511,18877267.9016667,111103545.16,27569215.7996096,16124526.88,453054429.64,1,0,-15614.27,34876948.64,5,1
Classe,2026-07-31,15489568000195,24,0,1,23660.64,27473.72375,3418335.7525,6007236.795,19509816.56,80862630.079,18766858.12375,111102572.77,27341507.3835606,16091480.8075,450404594.97,0,0,23660.64,35119970.15,5,0
Classe,2026-08-31,15489568000195,24,0,1,24892.01,48490.31475,2733231.14,5759925.19,19482126.2025,80757983.29975,18218069.85375,111099162.9,26991180.0229416,16748895.0625,437233676.49,0,0,24892.01,44198187.87,3,0
Fundo,2025-05-31,27652684000162,3,0,1,8703008.67,12848650.2335,50159424.305,91615839.94,1165571061.49,2132130760.885,779948377.216667,2239526283.04,1264711185.12213,1115411637.185,2339845131.65,0,0,8703008.67,2239526283.04,0,1
Fundo,2025-12-31,27652684000162,36,0,1,3112805.32,3123286.14875,20590345.9375,65287351.38,166419860.79,894748804.55625,188226677.236111,2479544089.47,419308459.973638,145829514.8525,6776160380.5,0,0,3112805.32,379579828.87,4,1
Classe,2024-10-31,45246410000155,43,0,1,0,23381966.5885,78738905.555,175433489.67,527303825.205,2469579969.1135,426307007.462093,2625414019.83,593751516.843703,448564919.65,18331201320.87,0,1,0,1092050702.63,3,5
Classe,2024-11-30,45246410000155,59,0,1,0,5007836.423,73705107.38,183229795.48,483981305.84,2762934790.1685,506326476.58661,7246308426.69,1057233653.68141,410276198.46,29873262118.61,0,1,0,1037617209.08,5,6
Fundo,2021-04-30,03751794000113,17,0,1,-245788,-147472.8,742143.72,9482366.66,18674837.62,1337535983.352,147528201.671765,1998632374.64,484084873.544871,17932693.9,2507979428.42,1,2,-245788,23950385.14,3,4
Fundo,2021-05-31,03751794000113,17,0,1,-245788,-147472.8,742143.72,9587937.5,18945419.03,1337535983.352,147546020.728824,1998632374.64,484079534.875605,18203275.31,2508282352.39,1,2,-245788,23904430.16,3,2
Fundo,2021-06-30,03751794000113,17,0,1,-245788,-147472.8,742143.72,9532796.15,22717387.05,1337535983.352,147774401.103529,1998632374.64,484016632.775505,21975243.33,2512164818.76,1,2,-245788,23958201.19,3,2
Fundo,2025-09-30,16695922000109,48,0,1,0,170981.6955,6508534.2975,17797376.485,45013921.42,345229784.15825,61227925.95,533778472.03,107065454.978922,38505387.1225,2938940445.6,0,2,0,100802819.52,8,0
Classe,2024-10-31,37678915000160,21,0,1,673609.71,1395944.295,7810118.19,16904268.46,63494859.41,1102544866.71,144132092.012857,1920601595.3,415095975.846958,55684741.22,3026773932.27,0,0,673609.71,132567340.7,3,1
Fundo,2025-05-31,45246410000155,1,0,1,177163167.69,177163167.69,177163167.69,177163167.69,177163167.69,177163167.69,177163167.69,177163167.69,,0,177163167.69,0,0,177163167.69,177163167.69,0,0
Fundo,2025-12-31,45246410000155,51,0,1,-415831.76,11714591.195,101148739.22,301859068.28,748422125.125,3606484460.635,596650398.396667,4681271337.05,907362789.497802,647273385.905,30429170318.23,1,0,-415831.76,1610930190.42,3,5
Fundo,2025-04-30,45246410000155,1,0,1,98334556.6,98334556.6,98334556.6,98334556.6,98334556.6,98334556.6,98334556.6,98334556.6,,0,98334556.6,0,0,98334556.6,98334556.6,0,0
Fundo legado,2020-01-31,44077014000189,1,0,1,1004135254.92,1004135254.92,1004135254.92,1004135254.92,1004135254.92,1004135254.92,1004135254.92,1004135254.92,,0,1004135254.92,0,0,1004135254.92,1004135254.92,0,0
Fundo legado,2020-02-29,44077014000189,1,0,1,1004135468.69,1004135468.69,1004135468.69,1004135468.69,1004135468.69,1004135468.69,1004135468.69,1004135468.69,,0,1004135468.69,0,0,1004135468.69,1004135468.69,0,0
Fundo legado,2020-03-31,44077014000189,1,0,1,372360858.54,372360858.54,372360858.54,372360858.54,372360858.54,372360858.54,372360858.54,372360858.54,,0,372360858.54,0,0,372360858.54,372360858.54,0,0
Fundo legado,2020-04-30,44077014000189,1,0,1,372370955.32,372370955.32,372370955.32,372370955.32,372370955.32,372370955.32,372370955.32,372370955.32,,0,372370955.32,0,0,372370955.32,372370955.32,0,0
Fundo legado,2020-05-31,44077014000189,1,0,1,372348025.22,372348025.22,372348025.22,372348025.22,372348025.22,372348025.22,372348025.22,372348025.22,,0,372348025.22,0,0,372348025.22,372348025.22,0,0
Fundo legado,2020-06-30,44077014000189,1,0,1,372360848.74,372360848.74,372360848.74,372360848.74,372360848.74,372360848.74,372360848.74,372360848.74,,0,372360848.74,0,0,372360848.74,372360848.74,0,0
Fundo legado,2020-07-31,44077014000189,1,0,1,372370565.2,372370565.2,372370565.2,372370565.2,372370565.2,372370565.2,372370565.2,372370565.2,,0,372370565.2,0,0,372370565.2,372370565.2,0,0
Fundo legado,2020-08-31,44077014000189,1,0,1,372340707.33,372340707.33,372340707.33,372340707.33,372340707.33,372340707.33,372340707.33,372340707.33,,0,372340707.33,0,0,372340707.33,372340707.33,0,0
Fundo legado,2020-09-30,44077014000189,1,0,1,372360752.79,372360752.79,372360752.79,372360752.79,372360752.79,372360752.79,372360752.79,372360752.79,,0,372360752.79,0,0,372360752.79,372360752.79,0,0
Fundo legado,2020-10-31,44077014000189,1,0,1,372346616.65,372346616.65,372346616.65,372346616.65,372346616.65,372346616.65,372346616.65,372346616.65,,0,372346616.65,0,0,372346616.65,372346616.65,0,0
Fundo,2020-11-30,44077014000189,1,0,1,372350639.57,372350639.57,372350639.57,372350639.57,372350639.57,372350639.57,372350639.57,372350639.57,,0,372350639.57,0,0,372350639.57,372350639.57,0,0
Fundo,2020-12-31,44077014000189,1,0,1,372352867.77,372352867.77,372352867.77,372352867.77,372352867.77,372352867.77,372352867.77,372352867.77,,0,372352867.77,0,0,372352867.77,372352867.77,0,0
Fundo,2021-01-31,44077014000189,1,0,1,372353167.5,372353167.5,372353167.5,372353167.5,372353167.5,372353167.5,372353167.5,372353167.5,,0,372353167.5,0,0,372353167.5,372353167.5,0,0
Fundo,2021-02-28,44077014000189,1,0,1,372307923.12,372307923.12,372307923.12,372307923.12,372307923.12,372307923.12,372307923.12,372307923.12,,0,372307923.12,0,0,372307923.12,372307923.12,0,0
Fundo,2021-03-31,44077014000189,1,0,1,436015936.1,436015936.1,436015936.1,436015936.1,436015936.1,436015936.1,436015936.1,436015936.1,,0,436015936.1,0,0,436015936.1,436015936.1,0,0
Fundo,2021-04-30,44077014000189,1,0,1,435971315.22,435971315.22,435971315.22,435971315.22,435971315.22,435971315.22,435971315.22,435971315.22,,0,435971315.22,0,0,435971315.22,435971315.22,0,0
Fundo,2021-05-31,44077014000189,3,0,1,2987325.79,3003845.0985,3152518.875,3317711.96,219655111.44,414358770.972,147432516.223333,435992510.92,249900340.522498,216502592.565,442297548.67,0,0,2987325.79,435992510.92,0,0
Fundo,2021-06-30,44077014000189,3,0,1,3815717.26,3890161.594,4560160.6,5304603.94,220670172.635,414499184.4605,148385354.176667,436035741.33,249113655.021124,216110012.035,445156062.53,0,0,3815717.26,436035741.33,0,0
Fundo,2021-07-31,44077014000189,3,0,1,3788604.57,3861474.6945,4517305.815,5246007.06,220648473.485,414510693.2675,148361850.513333,436050939.91,249147125.457865,216131167.67,445085551.54,0,0,3788604.57,436050939.91,0,0
Fundo,2021-08-31,44077014000189,3,0,1,4956186.35,5175003.3985,7144356.835,9332527.32,222671473.545,414676525.1475,150099711.146667,436010419.77,247615605.463779,215527116.71,450299133.44,0,0,4956186.35,436010419.77,0,0
Fundo,2021-09-30,44077014000189,1,0,1,435977060.3,435977060.3,435977060.3,435977060.3,435977060.3,435977060.3,435977060.3,435977060.3,,0,435977060.3,0,0,435977060.3,435977060.3,0,0
Fundo,2021-10-31,44077014000189,1,0,1,435987472.32,435987472.32,435987472.32,435987472.32,435987472.32,435987472.32,435987472.32,435987472.32,,0,435987472.32,0,0,435987472.32,435987472.32,0,0
Fundo,2021-11-30,44077014000189,1,0,1,436051560.78,436051560.78,436051560.78,436051560.78,436051560.78,436051560.78,436051560.78,436051560.78,,0,436051560.78,0,0,436051560.78,436051560.78,0,0
Fundo,2021-12-31,44077014000189,1,0,1,434236758.52,434236758.52,434236758.52,434236758.52,434236758.52,434236758.52,434236758.52,434236758.52,,0,434236758.52,0,0,434236758.52,434236758.52,0,0
Fundo,2022-01-31,44077014000189,1,0,1,434233905.38,434233905.38,434233905.38,434233905.38,434233905.38,434233905.38,434233905.38,434233905.38,,0,434233905.38,0,0,434233905.38,434233905.38,0,0
Fundo,2022-02-28,44077014000189,1,0,1,434229228.62,434229228.62,434229228.62,434229228.62,434229228.62,434229228.62,434229228.62,434229228.62,,0,434229228.62,0,0,434229228.62,434229228.62,0,0
Fundo,2022-03-31,44077014000189,1,0,1,434232752.31,434232752.31,434232752.31,434232752.31,434232752.31,434232752.31,434232752.31,434232752.31,,0,434232752.31,0,0,434232752.31,434232752.31,0,0
Fundo,2022-04-30,44077014000189,1,0,1,455866359.23,455866359.23,455866359.23,455866359.23,455866359.23,455866359.23,455866359.23,455866359.23,,0,455866359.23,0,0,455866359.23,455866359.23,0,0
Fundo,2022-05-31,44077014000189,1,0,1,456957975.31,456957975.31,456957975.31,456957975.31,456957975.31,456957975.31,456957975.31,456957975.31,,0,456957975.31,0,0,456957975.31,456957975.31,0,0
Fundo,2022-06-30,44077014000189,1,0,1,463218253.74,463218253.74,463218253.74,463218253.74,463218253.74,463218253.74,463218253.74,463218253.74,,0,463218253.74,0,0,463218253.74,463218253.74,0,0
Fundo,2022-07-31,44077014000189,1,0,1,464078668.01,464078668.01,464078668.01,464078668.01,464078668.01,464078668.01,464078668.01,464078668.01,,0,464078668.01,0,0,464078668.01,464078668.01,0,0
Fundo,2022-08-31,44077014000189,1,0,1,464701018.44,464701018.44,464701018.44,464701018.44,464701018.44,464701018.44,464701018.44,464701018.44,,0,464701018.44,0,0,464701018.44,464701018.44,0,0
Fundo,2022-09-30,44077014000189,1,0,1,464796238.25,464796238.25,464796238.25,464796238.25,464796238.25,464796238.25,464796238.25,464796238.25,,0,464796238.25,0,0,464796238.25,464796238.25,0,0
Fundo,2022-10-31,44077014000189,1,0,1,465116384.11,465116384.11,465116384.11,465116384.11,465116384.11,465116384.11,465116384.11,465116384.11,,0,465116384.11,0,0,465116384.11,465116384.11,0,0
Fundo,2022-11-30,44077014000189,1,0,1,465723381.05,465723381.05,465723381.05,465723381.05,465723381.05,465723381.05,465723381.05,465723381.05,,0,465723381.05,0,0,465723381.05,465723381.05,0,0
Fundo,2022-12-31,44077014000189,1,0,1,466523564.34,466523564.34,466523564.34,466523564.34,466523564.34,466523564.34,466523564.34,466523564.34,,0,466523564.34,0,0,466523564.34,466523564.34,0,0
Fundo,2023-01-31,44077014000189,1,0,1,467325862.92,467325862.92,467325862.92,467325862.92,467325862.92,467325862.92,467325862.92,467325862.92,,0,467325862.92,0,0,467325862.92,467325862.92,0,0
Fundo,2023-02-28,44077014000189,1,0,1,468141388.42,468141388.42,468141388.42,468141388.42,468141388.42,468141388.42,468141388.42,468141388.42,,0,468141388.42,0,0,468141388.42,468141388.42,0,0
Fundo,2023-03-31,44077014000189,1,0,1,529895748.06,529895748.06,529895748.06,529895748.06,529895748.06,529895748.06,529895748.06,529895748.06,,0,529895748.06,0,0,529895748.06,529895748.06,0,0
Fundo,2023-04-30,44077014000189,1,0,1,530551774.65,530551774.65,530551774.65,530551774.65,530551774.65,530551774.65,530551774.65,530551774.65,,0,530551774.65,0,0,530551774.65,530551774.65,0,0
Fundo,2023-05-31,44077014000189,1,0,1,531530662.76,531530662.76,531530662.76,531530662.76,531530662.76,531530662.76,531530662.76,531530662.76,,0,531530662.76,0,0,531530662.76,531530662.76,0,0
Fundo,2023-06-30,44077014000189,1,0,1,532358093.46,532358093.46,532358093.46,532358093.46,532358093.46,532358093.46,532358093.46,532358093.46,,0,532358093.46,0,0,532358093.46,532358093.46,0,0
Fundo,2023-07-31,44077014000189,1,0,1,532893511.37,532893511.37,532893511.37,532893511.37,532893511.37,532893511.37,532893511.37,532893511.37,,0,532893511.37,0,0,532893511.37,532893511.37,0,0
Fundo,2023-08-31,44077014000189,1,0,1,533434386.86,533434386.86,533434386.86,533434386.86,533434386.86,533434386.86,533434386.86,533434386.86,,0,533434386.86,0,0,533434386.86,533434386.86,0,0
Fundo,2023-09-30,44077014000189,1,0,1,534135142.5,534135142.5,534135142.5,534135142.5,534135142.5,534135142.5,534135142.5,534135142.5,,0,534135142.5,0,0,534135142.5,534135142.5,0,0
Fundo,2023-10-31,44077014000189,1,0,1,534849435.51,534849435.51,534849435.51,534849435.51,534849435.51,534849435.51,534849435.51,534849435.51,,0,534849435.51,0,0,534849435.51,534849435.51,0,0
Fundo,2023-11-30,44077014000189,1,0,1,535547836.53,535547836.53,535547836.53,535547836.53,535547836.53,535547836.53,535547836.53,535547836.53,,0,535547836.53,0,0,535547836.53,535547836.53,0,0
Fundo,2023-12-31,44077014000189,1,0,1,536283187.88,536283187.88,536283187.88,536283187.88,536283187.88,536283187.88,536283187.88,536283187.88,,0,536283187.88,0,0,536283187.88,536283187.88,0,0
Fundo,2024-01-31,44077014000189,1,0,1,537029254.23,537029254.23,537029254.23,537029254.23,537029254.23,537029254.23,537029254.23,537029254.23,,0,537029254.23,0,0,537029254.23,537029254.23,0,0
Fundo,2024-02-29,44077014000189,1,0,1,537790009.25,537790009.25,537790009.25,537790009.25,537790009.25,537790009.25,537790009.25,537790009.25,,0,537790009.25,0,0,537790009.25,537790009.25,0,0
Fundo,2024-03-31,44077014000189,1,0,1,538758257.77,538758257.77,538758257.77,538758257.77,538758257.77,538758257.77,538758257.77,538758257.77,,0,538758257.77,0,0,538758257.77,538758257.77,0,0
Fundo,2024-04-30,44077014000189,1,0,1,588255685.22,588255685.22,588255685.22,588255685.22,588255685.22,588255685.22,588255685.22,588255685.22,,0,588255685.22,0,0,588255685.22,588255685.22,0,0
Fundo,2024-05-31,44077014000189,1,0,1,588985586.41,588985586.41,588985586.41,588985586.41,588985586.41,588985586.41,588985586.41,588985586.41,,0,588985586.41,0,0,588985586.41,588985586.41,0,0
Fundo,2024-06-30,44077014000189,1,0,1,589787020.55,589787020.55,589787020.55,589787020.55,589787020.55,589787020.55,589787020.55,589787020.55,,0,589787020.55,0,0,589787020.55,589787020.55,0,0
Fundo,2024-07-31,44077014000189,1,0,1,590576276.18,590576276.18,590576276.18,590576276.18,590576276.18,590576276.18,590576276.18,590576276.18,,0,590576276.18,0,0,590576276.18,590576276.18,0,0
Fundo,2024-08-31,44077014000189,1,0,1,591307763.83,591307763.83,591307763.83,591307763.83,591307763.83,591307763.83,591307763.83,591307763.83,,0,591307763.83,0,0,591307763.83,591307763.83,0,0
Fundo,2024-09-30,44077014000189,1,0,1,591983850.83,591983850.83,591983850.83,591983850.83,591983850.83,591983850.83,591983850.83,591983850.83,,0,591983850.83,0,0,591983850.83,591983850.83,0,0
Fundo,2024-10-31,44077014000189,1,0,1,592626099.51,592626099.51,592626099.51,592626099.51,592626099.51,592626099.51,592626099.51,592626099.51,,0,592626099.51,0,0,592626099.51,592626099.51,0,0
Fundo,2024-11-30,44077014000189,1,0,1,593511316.67,593511316.67,593511316.67,593511316.67,593511316.67,593511316.67,593511316.67,593511316.67,,0,593511316.67,0,0,593511316.67,593511316.67,0,0
Fundo,2024-12-31,44077014000189,1,0,1,594454625.18,594454625.18,594454625.18,594454625.18,594454625.18,594454625.18,594454625.18,594454625.18,,0,594454625.18,0,0,594454625.18,594454625.18,0,0
Fundo,2025-01-31,44077014000189,1,0,1,595245658.57,595245658.57,595245658.57,595245658.57,595245658.57,595245658.57,595245658.57,595245658.57,,0,595245658.57,0,0,595245658.57,595245658.57,0,0
Fundo,2025-02-28,44077014000189,1,0,1,595856781.14,595856781.14,595856781.14,595856781.14,595856781.14,595856781.14,595856781.14,595856781.14,,0,595856781.14,0,0,595856781.14,595856781.14,0,1
Fundo,2025-03-31,44077014000189,1,0,1,507422526.63,507422526.63,507422526.63,507422526.63,507422526.63,507422526.63,507422526.63,507422526.63,,0,507422526.63,0,0,507422526.63,507422526.63,0,0
Fundo,2025-04-30,44077014000189,1,0,1,508404843.23,508404843.23,508404843.23,508404843.23,508404843.23,508404843.23,508404843.23,508404843.23,,0,508404843.23,0,0,508404843.23,508404843.23,0,0
Fundo,2025-05-31,44077014000189,1,0,1,509313725.99,509313725.99,509313725.99,509313725.99,509313725.99,509313725.99,509313725.99,509313725.99,,0,509313725.99,0,0,509313725.99,509313725.99,0,0
Fundo,2025-06-30,44077014000189,1,0,1,510143064.09,510143064.09,510143064.09,510143064.09,510143064.09,510143064.09,510143064.09,510143064.09,,0,510143064.09,0,0,510143064.09,510143064.09,0,0
Fundo,2025-07-31,44077014000189,1,0,1,510867745.2,510867745.2,510867745.2,510867745.2,510867745.2,510867745.2,510867745.2,510867745.2,,0,510867745.2,0,0,510867745.2,510867745.2,0,0
Fundo,2025-08-31,44077014000189,1,0,1,511703608.56,511703608.56,511703608.56,511703608.56,511703608.56,511703608.56,511703608.56,511703608.56,,0,511703608.56,0,0,511703608.56,511703608.56,0,0
Fundo,2025-09-30,44077014000189,1,0,1,512212034.86,512212034.86,512212034.86,512212034.86,512212034.86,512212034.86,512212034.86,512212034.86,,0,512212034.86,0,0,512212034.86,512212034.86,0,0
Fundo,2025-10-31,44077014000189,1,0,1,513075592.15,513075592.15,513075592.15,513075592.15,513075592.15,513075592.15,513075592.15,513075592.15,,0,513075592.15,0,0,513075592.15,513075592.15,0,0
Fundo,2025-11-30,44077014000189,1,0,1,513778834.09,513778834.09,513778834.09,513778834.09,513778834.09,513778834.09,513778834.09,513778834.09,,0,513778834.09,0,0,513778834.09,513778834.09,0,0
Fundo,2025-12-31,44077014000189,1,0,1,514474784.99,514474784.99,514474784.99,514474784.99,514474784.99,514474784.99,514474784.99,514474784.99,,0,514474784.99,0,0,514474784.99,514474784.99,0,0
Classe,2026-01-31,44077014000189,1,0,1,515232177.8,515232177.8,515232177.8,515232177.8,515232177.8,515232177.8,515232177.8,515232177.8,,0,515232177.8,0,0,515232177.8,515232177.8,0,0
Classe,2026-02-28,44077014000189,1,0,1,515925419.53,515925419.53,515925419.53,515925419.53,515925419.53,515925419.53,515925419.53,515925419.53,,0,515925419.53,0,0,515925419.53,515925419.53,0,0
Classe,2026-03-31,44077014000189,1,0,1,517021622.36,517021622.36,517021622.36,517021622.36,517021622.36,517021622.36,517021622.36,517021622.36,,0,517021622.36,0,0,517021622.36,517021622.36,0,0
Classe,2026-04-30,44077014000189,1,0,1,517876137.5,517876137.5,517876137.5,517876137.5,517876137.5,517876137.5,517876137.5,517876137.5,,0,517876137.5,0,0,517876137.5,517876137.5,0,0
Classe,2026-05-31,44077014000189,1,0,1,640384800.38,640384800.38,640384800.38,640384800.38,640384800.38,640384800.38,640384800.38,640384800.38,,0,640384800.38,0,0,640384800.38,640384800.38,0,0
Classe,2026-06-30,44077014000189,1,0,1,641969978.44,641969978.44,641969978.44,641969978.44,641969978.44,641969978.44,641969978.44,641969978.44,,0,641969978.44,0,0,641969978.44,641969978.44,0,0
Classe,2026-07-31,44077014000189,1,0,1,643326138.48,643326138.48,643326138.48,643326138.48,643326138.48,643326138.48,643326138.48,643326138.48,,0,643326138.48,0,0,643326138.48,643326138.48,0,0
Classe,2026-08-31,44077014000189,1,0,1,644270871.62,644270871.62,644270871.62,644270871.62,644270871.62,644270871.62,644270871.62,644270871.62,,0,644270871.62,0,0,644270871.62,644270871.62,0,0
Fundo legado,2020-01-31,29650082000100,2,0,1,54815656.67,56772185.8275,74380948.245,93946239.82,113511531.395,131120293.8125,93946239.82,133076822.97,55339001.3942981,39130583.15,187892479.64,0,0,54815656.67,133076822.97,0,0
Fundo legado,2020-02-29,29650082000100,2,0,1,51464130.62,53322518.85525,70048012.9725,88631895.325,107215777.6775,123941271.79475,88631895.325,125799660.03,52563156.928903,37167764.705,177263790.65,0,0,51464130.62,125799660.03,0,0
Fundo legado,2020-03-31,29650082000100,2,0,1,48304231.37,50156614.74325,66828065.1025,85351898.835,103875732.5675,120547182.92675,85351898.835,122399566.3,52393313.7832915,37047667.465,170703797.67,0,0,48304231.37,122399566.3,0,0
Fundo legado,2020-04-30,29650082000100,2,0,1,45095017.54,46754607.696,61690919.1,78286820.66,94882722.22,109819033.624,78286820.66,111478623.78,46940298.1319216,33191803.12,156573641.32,0,0,45095017.54,111478623.78,0,0
Fundo legado,2020-05-31,29650082000100,2,0,1,42530405.06,44076447.88475,57990833.3075,73451261.555,88911689.8025,102826075.22525,73451261.555,104372118.05,43728694.6154212,30920856.495,146902523.11,0,0,42530405.06,104372118.05,0,0
Fundo legado,2020-06-30,29650082000100,2,0,1,39732566.67,41207228.592,54479185.89,69225805.11,83972424.33,97244381.628,69225805.11,98719043.55,41709737.8001515,29493238.44,138451610.22,0,0,39732566.67,98719043.55,0,0
Fundo legado,2020-07-31,29650082000100,2,0,1,38238619.4,39643337.1055,52285796.455,66332973.51,80380150.565,93022609.9145,66332973.51,94427327.62,39731416.6084743,28094354.11,132665947.02,0,0,38238619.4,94427327.62,0,0
Fundo legado,2020-08-31,29650082000100,2,0,1,36618837.54,37930132.39775,49731786.1175,62844734.695,75957683.2725,87759336.99225,62844734.695,89070631.85,37089019.442003,26225897.155,125689469.39,0,0,36618837.54,89070631.85,0,0
Fundo legado,2020-09-30,29650082000100,2,0,1,34723117.1,35908859.6505,46580542.605,58437968.11,70295393.615,80967076.5695,58437968.11,82152819.12,33537863.9279993,23714851.01,116875936.22,0,0,34723117.1,82152819.12,0,0
Fundo legado,2020-10-31,29650082000100,2,0,1,32847656.1,33941219.47,43783289.8,54718923.5,65654557.2,75496627.53,54718923.5,76590190.9,30930642.9833685,21871267.4,109437847,0,0,32847656.1,76590190.9,0,0
Fundo,2020-11-30,52904364000108,11,0,1,5746146.27,11961305.8025,60417753.825,177663217.05,391712673.765,526610279.7075,225562992.415455,559534076.61,191564428.15976,331294919.94,2481192916.57,0,0,5746146.27,559534076.61,0,0
Fundo,2020-12-31,52904364000108,11,0,1,6737710.61,12270367.5075,56331532.465,161791553.85,394726582.6,514361599.6725,223107068.168182,543137646.22,188621974.716583,338395050.135,2454177749.85,0,0,6737710.61,543137646.22,0,0
Fundo,2021-01-31,52904364000108,11,0,1,7488776.87,12494583.08,52250329.53,148602167.37,390837578.935,496325179.7625,215480096.349091,524611453.15,184233531.777293,338587249.405,2370281059.84,0,0,7488776.87,524611453.15,0,0
Fundo,2021-02-28,52904364000108,11,0,1,8823792.59,13136227.04,48263457.335,137109161.15,391631811.1,475955637.2575,210240262.967273,496927855.88,181062117.301425,343368353.765,2312642892.64,0,0,8823792.59,496927855.88,0,0
Fundo,2021-03-31,52904364000108,11,0,1,9019916.11,13007063.2,46115879.75,130637829.69,395954716.93,456675552.6325,206359924.283636,470398461.07,179036370.842482,349838837.18,2269959167.12,0,0,9019916.11,470398461.07,0,0
Fundo,2021-04-30,52904364000108,11,0,1,9097826.16,12755418.785,43162935.07,131527465.6,397845691.37,434273544.945,201514616.377273,440212436.28,176317644.609127,354682756.3,2216660780.15,0,0,9097826.16,440212436.28,0,0
Fundo,2021-05-31,52904364000108,12,0,1,9284302.17,12903153.032,43513853.4725,172680559.975,396880050.565,415858995.846,199365966.24,418531152.41,165003492.043246,353366197.0925,2392391594.88,0,0,9284302.17,418531152.41,0,0
Fundo,2021-06-30,52904364000108,12,0,1,9487839.34,12808195.0105,40632521.7075,173188099.725,372894189.4575,417499916.47825,195228435.935,421017765.75,162339094.371412,332261667.75,2342741231.22,0,0,9487839.34,421017765.75,0,0
Fundo,2021-07-31,52904364000108,11,0,1,9743805.82,12239536.9125,35480424.165,153075124.01,364550913.225,414259432.83,190960340.472727,415211764.08,168208650.55079,329070489.06,2100563745.2,0,0,9743805.82,415211764.08,0,0
Fundo legado,2020-01-31,03751794000113,5,0,1,2095855.85,2328098.577,4418283.12,60734527.23,346312485.07,1834082880.064,482590370.6,1999390701.73,859758800.934285,341894201.95,2412951853,0,0,2095855.85,346312485.07,1,1
Fundo legado,2020-02-29,03751794000113,5,0,1,2095885.85,2329696.435,4433991.7,60707435.83,346277485.07,1834016539.769,482567135.526,1999320879.18,859730527.393263,341843493.37,2412835677.63,0,0,2095885.85,346277485.07,1,1
Fundo legado,2020-03-31,03751794000113,5,0,1,2105163.9,2343053.678,4484061.68,60800101.86,346242485.07,1833970735.116,482581137.304,1999273874.01,859691558.390083,341758423.39,2412905686.52,0,0,2105163.9,346242485.07,1,1
Fundo legado,2020-04-30,03751794000113,5,0,1,2111787.9,2323751.27,4231421.6,60772842.43,346203540.93,1833902857.173,482504474.812,1999202781.2,859699295.392898,341972119.33,2412522374.06,0,0,2111787.9,346203540.93,1,1
Fundo legado,2020-05-31,03751794000113,5,0,1,2117975.24,2178655.239,2724775.23,60745609.93,346125455.52,1833831065.121,482169100.866,1999131688.41,859883286.958069,343400680.29,2410845504.33,0,0,2117975.24,346125455.52,1,1
Fundo legado,2020-06-30,03751794000113,5,0,1,2126848.12,2178564.898,2644015.9,60718315.8,346125455.52,1833766582.353,482134935.246,1999060040.89,859865051.519035,343481439.62,2410674676.23,0,0,2126848.12,346125455.52,1,1
Fundo legado,2020-07-31,03751794000113,6,0,1,0,267258.45125,2220362.5425,31601616.49,274748645.5925,1792375335.39625,401735928.113333,1998988069.18,793861189.474794,272528283.05,2410415568.68,0,1,0,346086198.91,1,2
Fundo legado,2020-08-31,03751794000113,6,0,1,0,270156.735,2254563.4575,31620880.745,274712301.655,1792308410.21625,401727911.046667,1998917138.47,793826561.541926,272457738.1975,2410367466.28,0,1,0,346047312.44,1,2
Fundo legado,2020-09-30,03751794000113,6,0,1,0,0,544419.2325,31454616.75,274689208.62,1792241485.045,401293977.873333,1998846207.77,794050365.825059,274144789.3875,2407763867.24,0,2,0,346008425.97,1,3
Fundo,2021-07-31,03751794000113,13,0,1,-245788,-172051.6,146400,6247424.9,23431144.04,1417256145.221,164313480.436154,1998632374.64,551407488.793713,23284744.04,2136075245.67,1,2,-245788,23903046.88,2,2
Fundo,2021-08-31,03751794000113,14,0,1,-245788,-165906.9,295335.93,7341267.925,24009706.13,1461491556.7185,177255663.755,1998632374.64,532003689.236434,23714370.2,2481579292.57,1,2,-245788,24060668.63,3,2
Fundo,2021-09-30,03751794000113,13,0,1,-245788,-172051.6,146400,6247424.9,24497728.34,1502810081.174,190010799.891538,1998632374.64,551495417.401909,24351328.34,2470140398.59,1,2,-245788,60657123.01,2,2
Fundo,2021-10-31,03751794000113,12,0,1,-245788,-178196.3,109800,4831870.88,34044995.99,1544128605.6295,205379723.561667,1998632374.64,573105153.745765,33935195.99,2464556682.74,1,2,-245788,60627110.18,2,2
Fundo,2021-11-30,03751794000113,11,0,1,-245788,-184341,371071.86,7119830.24,42322017.235,1585447130.085,223763067.073636,1998632374.64,597346019.87472,41950945.375,2461393737.81,1,2,-245788,60774916.78,2,2
Fundo,2021-12-31,03751794000113,11,0,1,-245788,-184341,0,2254716.3,28446595.52,1585447130.085,219216736.633636,1998632374.64,598938679.343371,28446595.52,2411384102.97,1,3,-245788,33070376.71,2,2
Fundo,2022-01-31,39669186000101,4,0,1,6066921.65,9672327.266,42120977.81,70465473.695,120812116.4875,212666563.68175,92467620.6025,222872613.37,93044504.7069577,78691138.6775,369870482.41,0,0,6066921.65,222872613.37,0,0
Fundo legado,2020-10-31,13673855000125,11,0,1,559906.08,935859.9775,12138674.25,29967088.71,203285542.125,392418608.0825,117689549.685455,417835703.35,148854083.287826,191146867.875,1294585046.54,0,0,559906.08,417835703.35,0,0
Classe,2026-03-31,34829992000186,71,0,1,-327520.82,-84246.1375,12030722.35,98929855.39,500773260.065,6768661202.4325,705022986.356056,8740488913.98,1653326945.05026,488742537.715,50056632031.28,3,0,-327520.82,802873939.09,10,13
Classe,2026-04-30,34829992000186,90,0,1,-589555.74,-135641.749,13728472.6675,99605488.635,349671661.1275,5845522641.47723,645105901.869111,8777244522.47,1553699926.1104,335943188.46,58059531168.22,5,0,-589555.74,836750199.45,13,16
Classe,2026-05-31,34829992000186,82,0,1,-629555.74,-181726.183,13867023.08,88775769.72,340734662.0025,6329802663.53174,631407441.768537,8809686056.35,1596071745.54802,326867638.9225,51775410225.02,5,0,-629555.74,802825634.81,12,14
Classe,2026-06-30,34829992000186,85,0,1,-3224783.55,-249392.029,12903777.47,73957952.08,340699635.16,6148121903.58598,610373453.242824,8843985004.68,1575946501.34876,327795857.69,51881743525.64,6,0,-3224783.55,802801274.96,12,15
Classe,2026-07-31,34829992000186,59,0,1,-3297482.55,428945.4405,14262496.885,53607465.48,380479594.745,7665740157.188,814371817.606102,8881746582.29,1879643032.37113,366217097.86,48047937238.76,2,0,-3297482.55,836718795.21,11,11
Classe,2026-08-31,34829992000186,33,0,1,-70774978.96,-14500286.24,11023442.33,20031311.91,159163117.05,3724541218.95401,453198863.836061,6390290390.09,1240572608.68475,148139674.72,14955562506.59,2,0,-70774978.96,373308688.88,6,5
Classe,2025-03-31,45854066000187,6,0,1,1011437.15,2286701.70375,12983335.0225,19919247.525,25139456.63,33271616.215,18777175.0433333,34262227.54,11641931.2695631,12156121.6075,112663050.26,0,0,1011437.15,34262227.54,0,0
Classe,2025-04-30,45854066000187,9,0,1,999565.74,1108753.814,8010000,18332350.5,26637320.71,59442503.032,21017650.7922222,65640853.16,20196686.5297804,18627320.71,189158857.13,0,0,999565.74,34649102.52,1,0
Classe,2025-05-31,45854066000187,10,0,1,972769.04,1098876.8375,8869719.495,15277545.355,25964786.97,59376546.615,20356029.765,66432904.23,19512284.3667872,17095067.475,203560297.65,0,0,972769.04,35071314.83,1,0
Fundo,2025-09-30,27652684000162,1,0,1,241666.41,241666.41,241666.41,241666.41,241666.41,241666.41,241666.41,241666.41,,0,241666.41,0,0,241666.41,241666.41,0,0
Fundo,2024-11-30,67030395000146,8,0,1,9959694.02,16026473.11775,55069753.67,64705214.28,79979788.1275,194887426.21225,78800852.79875,215230858.12,60679712.017841,24910034.4575,630406822.39,0,0,44627003.15,98982675.79,2,0
Classe,2026-03-31,00329598000167,27,0,1,-309219.23,-253505.4875,6642105.755,36762632.4,183384501.41,2966977700.4005,344523218.051852,3627750563.3,835363245.176501,176742395.655,9302126887.4,2,0,-309219.23,384494549.06,5,4
Classe,2026-04-30,00329598000167,26,0,1,-367142.81,-301785.29125,6881864.1025,47803684.19,196217445.86,3266867671.41125,385557907.720769,4301919162.78,959725896.466238,189335581.7575,10024505600.74,2,0,-367142.81,385023368.21,5,4
Classe,2026-05-31,00329598000167,25,0,1,-428245.41,-354138.006,6833739.65,35725627.41,210164214.18,2461742674.174,320349130.2076,2680834637.29,688544271.662223,203330474.53,8008728255.19,2,1,-428245.41,495628744.77,4,4
Classe,2026-06-30,00329598000167,25,0,1,-486226.81,-194490.724,7751640.8,36602329.31,256243155.75,2489933757.216,333231739.3076,2712460624.74,693178771.545705,248491514.95,8330793482.69,1,1,-486226.81,549614285.94,3,3
Classe,2026-07-31,00329598000167,24,0,1,-544130.19,-231255.33075,7667011.6,49985070.975,225321302.28,2527211130.9655,330002770.452917,2739882627.86,712942148.475181,217654290.68,7920066490.87,1,1,-544130.19,507276171.08,3,3
Classe,2026-08-31,00329598000167,24,0,1,-602055.93,-261423.21025,7657834.44,50318162.355,225492156.4825,2537004897.03625,330999747.895,2758097886.13,716049771.837235,217834322.0425,7943993949.48,2,1,-602055.93,508064370.29,3,4
Fundo legado,2020-01-31,36266751000100,3,0,1,97544156.28,97546341.232,97566005.8,97587855.32,358005627.935,592381623.2885,271185137.383333,618423400.55,300717157.862091,260439622.135,813555412.15,0,0,97544156.28,618423400.55,0,0
Fundo legado,2020-02-29,36266751000100,4,0,1,32468218.59,37346916.4095,81255196.785,97542726.13,227801625.7225,579432605.76625,211514096.3775,618502714.66,273054395.989023,146546428.9375,846056385.51,0,0,32468218.59,97567929.41,1,0
Fundo legado,2020-03-31,36266751000100,4,0,1,46818201.26,50618409.33425,84820282.0025,97516277.425,219156700.855,547508529.1435,206460705.4325,583992065.62,252819721.996524,134336418.8525,825842821.73,0,0,46818201.26,97544912.6,1,0
Fundo legado,2020-04-30,36266751000100,4,0,1,70056548.8,72111761.9365,90608680.165,97491418.455,219614497.0225,549260334.00025,212731758.7325,585887649.22,249106542.293931,129005816.8575,850927034.93,0,0,70056548.8,97523446.29,1,0
Fundo legado,2020-05-31,36266751000100,4,0,1,86102461.19,88122958.9355,106307438.645,113079232.575,220626007.2575,510902934.99875,213854213.3275,543155926.97,219902497.319543,114318568.6125,855416853.31,0,0,86102461.19,113116034.02,1,0
Fundo legado,2020-06-30,36266751000100,4,0,1,114554966.71,114561017.42425,114615473.8525,115400694.675,199111472.6625,423064933.43625,198326251.84,447948651.3,166416582.902854,84495998.81,793305007.36,0,0,114554966.71,116165746.45,1,0
Fundo legado,2020-07-31,36266751000100,5,0,1,41958050.23,49440088.27,116778430.63,116866340.51,120301710.18,445567150.527,175522457.312,481707755.01,174305492.590237,3523279.55000001,877612286.56,0,0,116778430.63,120301710.18,2,0
Fundo legado,2020-08-31,36266751000100,5,0,1,41980087.17,49741022.052,119589435.99,119684549.76,140751035.36,202482630.593,126269361.002,209341696.73,59798400.2208698,21161599.37,631346805.01,0,0,119589435.99,140751035.36,2,0
Fundo legado,2020-09-30,36266751000100,4,0,1,41992195.58,48161725.283,103687492.61,139462853.565,158587441.6125,169156122.08925,122812080.6575,170330419.92,57175306.4527909,54899949.0025,491248322.63,0,0,41992195.58,170330419.92,0,0
Fundo legado,2020-10-31,36266751000100,5,0,1,38050701.1,40042790.113,57971591.23,127655535.59,127765333.56,159096334.431,102804143.646,162577556.75,52479709.5915889,69793742.33,514020718.23,0,0,38050701.1,162577556.75,0,0
Fundo,2020-11-30,02685483000130,2,0,1,18276519.21,19254042.1025,28051748.135,37826977.06,47602205.985,56399912.0175,37826977.06,57377434.91,27648522.6420735,19550457.85,75653954.12,0,0,18276519.21,57377434.91,0,0
Fundo,2020-12-31,02685483000130,2,0,1,18085636.67,19030944.0745,27538710.715,36991784.76,46444858.805,54952625.4455,36991784.76,55897932.85,26737331.0411122,18906148.09,73983569.52,0,0,18085636.67,55897932.85,0,0
Fundo,2021-01-31,02685483000130,2,0,1,20743881.12,21538135.0075,28686419.995,36628958.87,44571497.745,51719782.7325,36628958.87,52514036.62,22464892.3934011,15885077.75,73257917.74,0,0,20743881.12,52514036.62,0,0
Fundo,2021-02-28,02685483000130,2,0,1,20566605.33,21343544.7835,28335999.865,36105394.4,43874788.935,50867244.0165,36105394.4,51644183.47,21975166.2456488,15538789.07,72210788.8,0,0,20566605.33,51644183.47,0,0
Fundo,2021-03-31,02685483000130,2,0,1,20351456.53,21109304.587,27929937.1,35508417.67,43086898.24,49907530.753,35508417.67,50665378.81,21435180.00855,15156961.14,71016835.34,0,0,20351456.53,50665378.81,0,0
Fundo,2021-04-30,02685483000130,2,0,1,26390131.08,26963285.14725,32121671.7525,37853212.425,43584753.0975,48743139.70275,37853212.425,49316293.77,16211245.104685,11463081.345,75706424.85,0,0,26390131.08,49316293.77,0,0
Fundo,2021-05-31,02685483000130,2,0,1,28766193.84,29221409.47175,33318350.1575,37870506.475,42422662.7925,46519603.47825,37870506.475,46974819.11,12875442.4045017,9104312.635,75741012.95,0,0,28766193.84,46974819.11,0,0
Fundo,2021-06-30,02685483000130,2,0,1,377290.8,1140544.60425,8009828.8425,15642366.885,23274904.9275,30144189.16575,15642366.885,30907442.97,21588077.6300642,15265076.085,31284733.77,0,0,377290.8,30907442.97,0,0
Fundo,2021-07-31,02685483000130,2,0,1,971559.73,1541303.948,6669001.91,12366444.09,18063886.27,23191584.232,12366444.09,23761328.45,16114800.0035851,11394884.36,24732888.18,0,0,971559.73,23761328.45,0,0
Fundo,2021-08-31,02685483000130,1,0,1,11222538.93,11222538.93,11222538.93,11222538.93,11222538.93,11222538.93,11222538.93,11222538.93,,0,11222538.93,0,0,11222538.93,11222538.93,0,0
Fundo,2021-09-30,02685483000130,1,0,1,45106910.27,45106910.27,45106910.27,45106910.27,45106910.27,45106910.27,45106910.27,45106910.27,,0,45106910.27,0,0,45106910.27,45106910.27,0,0
Fundo,2021-10-31,02685483000130,1,0,1,17061076.5,17061076.5,17061076.5,17061076.5,17061076.5,17061076.5,17061076.5,17061076.5,,0,17061076.5,0,0,17061076.5,17061076.5,0,0
Fundo,2021-11-30,02685483000130,1,0,1,16444861.83,16444861.83,16444861.83,16444861.83,16444861.83,16444861.83,16444861.83,16444861.83,,0,16444861.83,0,0,16444861.83,16444861.83,0,0
Fundo,2021-12-31,02685483000130,1,0,1,31341530.86,31341530.86,31341530.86,31341530.86,31341530.86,31341530.86,31341530.86,31341530.86,,0,31341530.86,0,0,31341530.86,31341530.86,0,0
Fundo,2022-01-31,02685483000130,1,0,1,32182592.47,32182592.47,32182592.47,32182592.47,32182592.47,32182592.47,32182592.47,32182592.47,,0,32182592.47,0,0,32182592.47,32182592.47,0,0
Fundo,2022-02-28,02685483000130,1,0,1,31714839.75,31714839.75,31714839.75,31714839.75,31714839.75,31714839.75,31714839.75,31714839.75,,0,31714839.75,0,0,31714839.75,31714839.75,0,0
Classe,2026-06-30,36266751000100,38,0,1,0,0,5413661.1725,13369783.01,37837410.025,181643458.546,34508326.4676316,202654477.31,51019391.7638272,32423748.8525,1311316405.77,0,3,0,71182253.2,5,0
Classe,2026-07-31,36266751000100,39,0,1,0,0,5299055.905,12100239.46,45356709.99,938713102.65,83746578.1253846,938716174.57,208927259.62336,40057654.085,3266116546.89,0,3,0,71168219.78,8,0
Classe,2026-08-31,36266751000100,43,0,1,0,0,3794036.765,12243067.12,46094900.54,906990012.625997,78988671.4532558,941384151.46,200715829.049197,42300863.775,3396512872.49,0,3,0,107359753.19,7,0
Classe,2025-11-30,59281253000123,12,0,1,5315279.59,7521348.70525,231312277.025,458286735.185,2758161995.4125,7407973326.60375,1672580535.5225,8949574096.42,2599521962.45857,2526849718.3875,20070966426.27,0,0,5315279.59,3343753115.27,1,4
Fundo,2026-08-31,59281253000123,2,0,1,0,0,0,0,0,0,0,0,0,0,0,0,2,0,0,0,0
Fundo,2022-05-31,40434681000110,8,0,1,638100.74,706788.96625,1177083.295,1661819.14,5907314.21,33272505.50825,7273989.74125,38572406.27,12916706.0030291,4730230.915,58191917.93,0,0,638100.74,8287259.06,1,0
Fundo,2022-06-30,40434681000110,8,0,1,761237.57,815298.836,1092149.7875,1598020.755,6318256.385,33094576.74275,7303597.34875,38358627.68,12835816.1829391,5226106.5975,58428778.79,0,0,761237.57,8278336.61,1,0
Fundo,2022-07-31,40434681000110,11,0,1,565858.5,610780.875,977368.29,1604357.55,4817704.445,30880757.7425,5944943.38727273,38416995.49,11047179.0418496,3840336.155,65394377.26,0,0,565858.5,8272044.5,1,0
Fundo,2022-08-31,40434681000110,12,0,1,665539.01,698543.72625,1289590.4675,2899432.875,8468302.5125,30545986.88475,6847395.73083333,38399124.46,10490058.2796168,7178712.045,82168748.77,0,0,665539.01,9842260.55,1,0
Fundo,2022-09-30,40434681000110,13,0,1,701155.43,773245.184,1964911.26,4182279.94,10327959.1,31420215.96,7786915.02692308,39531796.62,10377831.9289501,8363047.84,101229895.35,0,0,701155.43,12493194.42,1,0
Fundo,2022-10-31,40434681000110,12,0,1,715275.49,818892.94625,2384753.7425,3999356.51,9071346.5025,32499825.7495,8091791.31916667,39908125.28,10777224.5611512,6686592.76,97101495.83,0,0,715275.49,12968854.26,1,0
Fundo,2022-11-30,40434681000110,19,0,1,88058.33,155020.823,797546.31,3223600.49,7152064.235,37321581.7635,7263247.04052632,39027988.68,11263101.5461881,6354517.925,138001693.77,0,0,88058.33,13461219.7,2,0
Fundo,2022-12-31,40434681000110,20,0,1,45520.16,249936.26275,939772.1025,3888520.12,8276089.65,39056538.482,7624249.5635,41723300.05,11349071.761314,7336317.5475,152484991.27,0,0,45520.16,14029814.47,2,0
Fundo,2023-01-31,40434681000110,24,0,1,5102.32,28754.62875,652672.7625,2941963.185,6092663.3425,39683078.63475,7225677.05125,42995354.1,11483953.5803961,5439990.58,173416249.23,0,0,5102.32,12008692.72,3,1
Fundo,2023-02-28,40434681000110,24,0,1,25248.92,46806.176,1560029.9175,3322470.83,8891963.04,40405526.5665,8279908.92708333,43586107.2,11744802.6653783,7331933.1225,198717814.25,0,0,25248.92,15939394.11,3,0
Fundo,2023-03-31,40434681000110,27,0,1,30688.14,40794.7495,1683455.185,3257208.47,7184780.62,42575475.054,7857270.90925926,46382383.38,11920682.7304784,5501325.435,212146314.55,0,0,30688.14,12246391.25,5,0
Fundo,2023-04-30,40434681000110,27,0,1,90080.84,197311.0605,2019739.11,4177984.3,9552803.22,42758553.8295,8603527.42592593,48090651.49,11829482.4463788,7533064.11,232295240.5,0,0,90080.84,16609356.91,3,0
Fundo,2023-05-31,40434681000110,27,0,1,61771.82,79096.673,1938540.685,4206312.98,9542913.325,44248521.6535,8350432.88962963,51083575.86,12093138.2973249,7604372.64,225461688.02,0,0,61771.82,14962790.19,3,0
Fundo,2023-06-30,40434681000110,27,0,1,33706.26,167206.8805,3086555.605,4295553.82,12103547.19,45342980.705,9783569.73703704,52999494.83,12546645.2020987,9016991.585,264156382.9,0,0,33706.26,15730010.65,3,1
Fundo,2023-07-31,40434681000110,29,0,1,5719.53,9243.806,2688577.04,4239605.21,10945108.19,45175288.963,9564291.82896552,52836255.22,12464086.07833,8256531.15,277364463.04,0,0,5719.53,19090318.33,3,0
Fundo,2023-08-31,40434681000110,32,0,1,0.05,148227.697,2482716.35,4407950.345,12635175.2675,45030036.892,9593056.9009375,53310305.78,12287291.2003539,10152458.9175,306977820.83,0,0,0.05,21724594.82,3,0
Fundo,2023-09-30,40434681000110,37,0,1,0.05,9000.005,1442455.14,3941465.59,10951324.59,53415700.931,8686325.80972973,53419171.7,12897688.3414748,9508869.45,321394054.96,0,0,0.05,22132125.79,3,0
Fundo,2023-10-31,40434681000110,37,0,1,0.05,5828.315,1386765.72,4536045.05,14306361.22,54228413.362,9679433.21783784,55494135.67,13374198.4783862,12919595.5,358139029.06,0,0,0.05,30735792.85,2,0
Fundo,2023-11-30,40434681000110,36,0,1,20706.38,38959.72,1594135.715,4593218.56,14009968.1,53831624.08125,10529681.0686111,54887934.1,13930876.3876012,12415832.385,379068518.47,0,0,20706.38,32064234.6,2,0
Fundo,2023-12-31,40434681000110,38,0,1,1.25,67766.83325,1948378.365,5083776.94,18482062.325,57327272.6877499,12444352.5381579,70729672.77,16042989.5077994,16533683.96,472885396.45,0,0,1.25,38672535.11,2,0
Fundo,2024-01-31,40434681000110,40,0,1,1.9,93074.8735,1935779.6675,5438788.765,14884080.655,57864334.1415,12328883.449,77958905.97,16895824.4235789,12948300.9875,493155337.96,0,0,1.9,34233024.85,3,0
Fundo,2024-02-29,40434681000110,43,0,1,848.75,82567.915,2249751.23,6384856.09,15335518.72,60911681.3639999,13264319.9286047,81994979.99,18035136.859073,13085767.49,570365756.93,0,0,848.75,34335322.55,5,1
Fundo,2024-03-31,40434681000110,45,0,1,1407.6,216421.705,2032075.05,7283729.89,16047211.86,63742142.831,13685945.7444444,85309192.99,18916314.6351965,14015136.81,615867558.5,0,0,1407.6,35083760.41,5,1
Fundo,2024-04-30,40434681000110,46,0,1,103.32,127494.58875,1897816.6025,7006253.585,16758225.2575,74196937.1925,14383812.7991304,83465738.25,19682413.6244134,14860408.655,661655388.76,0,0,103.32,35962129.86,5,0
Fundo,2024-05-31,40434681000110,47,0,1,596.82,180938.288,2541607.88,5824486.64,17525856.34,82117347.4625,14803668.8712766,86179993.78,20413606.803204,14984248.46,695772436.95,0,0,596.82,36805083.62,5,1
Fundo,2024-06-30,40434681000110,47,0,1,1,150899.3475,2989478.345,7858570.58,17725888.355,83693004.7510001,15661634.9231915,96648817.45,21700407.9472231,14736410.01,736096841.39,0,0,1,37579141.68,5,0
Fundo,2024-07-31,40434681000110,51,0,1,1,116063.905,2690411.01,5727880.65,16808146.345,86715547.995,15745518.83,107121303.98,23287109.5820583,14117735.335,803021460.33,0,0,1,30392939.57,6,0
Fundo,2024-08-31,40434681000110,54,0,1,1,82666.28275,2843453.8775,6954047.49,19698725.935,109815383.234,19061726.6298148,149695889.38,30047017.3828371,16855272.0575,1029333238.01,0,0,1,39475619.2,6,0
Fundo,2024-09-30,40434681000110,54,0,1,1,43212.214,3819314.6475,7404088.76,19939560.6875,118230759.77175,20037597.4966667,158207086.11,31640326.1009658,16120246.04,1082030264.82,0,0,1,40385240.27,6,0
Classe,2024-10-31,40434681000110,37,0,1,1,1,4575977.4,6183347.67,18893009.43,144199105.518,21245515.1432432,160613284.89,36338112.1298196,14317032.03,786084060.3,0,0,1,35911984.65,5,2
Classe,2024-11-30,40434681000110,45,0,1,-49995.19,4307.161,2573387.98,6953479.23,20170195.88,150674411.653,21684208.2797778,159658265.79,36789167.0574364,17596807.9,975789372.59,1,0,-49995.19,36800775.56,5,3
Classe,2024-12-31,40434681000110,55,0,1,-83533.5,-2735.0115,4040154.775,8321642.89,28814483.635,138510243.394,22574133.1041818,160560810.09,34497584.2969534,24774328.86,1241577320.73,2,1,-83533.5,43801794.55,5,4
Classe,2025-01-31,40434681000110,53,0,1,-83533.5,135579.514,4692613.71,8836264.92,29444958.62,142167086.938,24196395.9690566,165043297.72,35401331.7289989,24752344.91,1282408986.36,1,0,-83533.5,45865327.51,5,2
Classe,2025-02-28,40434681000110,55,0,1,-6642.96,138373.8405,5011830.175,8961736.03,28886489.45,141816385.572,24489720.3709091,172436917.08,35994657.5449724,23874659.275,1346934620.4,1,1,-6642.96,55347005.4,5,2
Classe,2025-03-31,40434681000110,54,0,1,0,384744.971,4530541.025,8570555.12,27486418.5,104282867.605,21717122.3292593,170453538.87,31483264.7882578,22955877.475,1172724605.78,0,1,0,51872336.44,5,1
Classe,2025-12-31,33886862000112,17,0,1,200.44,29425.236,7043829.72,31479831.81,98913378.87,742841751.514001,113642998.992941,1097868308.59,260734076.662771,91869549.15,1931930982.88,0,0,200.44,210301915.9,1,0
Classe,2026-01-31,33886862000112,10,0,1,200.44,4767.436,1926771.85,22108776.22,91441032.9975,884396543.6195,143392467.601,1111281497.9,342491333.155765,89514261.1475,1433924676.01,0,0,200.44,102903923.32,1,0
Classe,2026-02-28,33886862000112,9,0,1,200.44,271.31,213129.37,27204324.12,98654050.61,919067656.582001,154604075.808889,1122840464.59,365371730.424265,98440921.24,1391436682.28,0,0,200.44,103976424.55,1,0
Fundo,2024-12-31,13486793000142,14,0,1,-177938.31,-120108.35925,0,0,3930789.8975,198824547.431,26574727.9657143,236195477.3,68337529.8074651,3930789.8975,372046191.52,1,8,-177938.31,9509555.94,2,1
Fundo,2025-01-31,13486793000142,14,0,1,-195087.4,-131683.995,0,0,0,194876553.87475,25223438.1535714,237658929.02,67315626.1928752,0,353128134.15,1,10,0,0,4,1
Fundo,2025-02-28,13486793000142,13,0,1,-210022.16,-147015.512,0,0,0,199454222.161,26625550.9346154,238878917.17,70353616.0220811,0,346132162.15,1,10,0,0,3,1
Fundo,2025-03-31,13486793000142,13,0,1,-227613.82,-159329.674,0,0,0,201952134.804,26960964.9738462,241840218.15,71234335.7687514,0,350492544.66,1,10,0,0,3,1
Fundo,2025-04-30,13486793000142,14,0,1,-245229.88,-165530.169,0,0,0,200377780.9935,25991193.8714286,243680306.24,69182002.3737612,0,363876714.2,1,10,0,0,4,1
Fundo,2025-05-31,13486793000142,13,0,1,-260856.51,-182599.557,0,0,0,202651901.749,27178553.7230769,241443213.19,71453512.796618,0,353321198.4,1,10,0,0,3,1
Fundo,2025-06-30,13486793000142,12,0,1,-278470.19,-201890.88775,0,0,0,199625913.8115,27127411.6808333,244508613.25,72339651.1016549,0,325528940.17,1,9,0,0,3,1
Classe,2024-11-30,44782130000107,35,0,1,1623810.7,3137266.7675,7515925.075,15149139.18,27647943.74,116556688.665,28784479.3122857,291613909.61,49870094.771297,20132018.665,1007456775.93,0,0,1623810.7,55419976.43,3,0
Classe,2024-12-31,44782130000107,32,0,1,1636577.21,3037793.07425,7566156.0675,15653989.42,27315562.1875,122475631.523,28853389.801875,295667101.03,51837515.9278462,19749406.12,923308473.66,0,0,1636577.21,52402200.36,3,0
Classe,2025-01-31,44782130000107,34,0,1,1552438.84,3082918.7635,7318985.5125,14893790.555,26327745.305,112524891.224749,27536269.695,298163876.93,50777276.1521565,19008759.7925,936233169.63,0,0,1552438.84,53337658.25,3,0
Classe,2025-02-28,44782130000107,34,0,1,1459724.63,3126779.36825,6959461.88,15569317.89,28613182.705,112607426.311499,28471792.3473529,289476226.59,49521892.0269145,21653720.825,968040939.81,0,0,1459724.63,58521638.08,2,0
Classe,2025-03-31,44782130000107,35,0,1,987716.25,2487345.7245,7252278.325,17567637.01,28906949.04,107854205.3715,28681361.5162857,293282309.39,49499031.5442582,21654670.715,1003847653.07,0,0,987716.25,59412002.18,2,0
Classe,2025-04-30,44782130000107,36,0,1,1740805.4,2883768.165,7745858.3175,18263943.84,30738405.92,103949165.50875,30465553.6630556,297121955.8,49446816.1207216,22992547.6025,1096759931.87,0,0,1740805.4,60614796.42,2,0
Classe,2025-05-31,44782130000107,36,0,1,1380774.64,1469801.75125,7518082.225,18710654.26,29916888.3775,102664486.01375,30617200.7094444,291378185.48,48694563.8881855,22398806.1525,1102219225.54,0,0,1380774.64,61701795.38,2,0
Classe,2025-06-30,44782130000107,37,0,1,38700.89,424364.66,7853107.26,18917351.9,38823030.4,149642301.838,34420265.4327027,295715597.71,51658570.2031926,30969923.14,1273549821.01,0,0,38700.89,76647195.83,2,0
Classe,2025-07-31,44782130000107,41,0,1,-2228.74,578366.7,7232487.48,15594625.45,31556137.44,135037457.74,33121965.5895122,299752604.95,51735311.1983806,24323649.96,1358000589.17,1,0,-2228.74,66788025.42,4,1
Classe,2025-08-31,44782130000107,41,0,1,926782.84,1435322.13,6298758.24,13905510.13,35971518.21,136586217.71,33447023.7473171,300716583.85,52329761.7964553,29672759.97,1371327973.64,0,0,926782.84,75781127.17,3,0
Classe,2025-09-30,44782130000107,41,0,1,1470368.97,1699459.31,7518197.84,13932522.07,36075462.13,156146183.94,34304502.575122,304965376.28,53755823.1061749,28557264.29,1406484605.58,0,0,1470368.97,70505623.68,3,0
Classe,2025-10-31,44782130000107,43,0,1,1371696.15,1466988.5255,6812318.46,13696564.73,34490748.835,154586110.3225,32871059.2030233,309395619.81,53060617.2040874,27678430.375,1413455545.73,0,0,1371696.15,70164875.84,3,0
Classe,2024-10-31,00806535000154,41,0,1,20488.05,237557.62,4579452.21,11054406.25,31741289.02,209168826.17,36355200.5153659,485987858.13,81754745.1405612,27161836.81,1490563221.13,0,0,20488.05,69445131.55,3,1
Classe,2024-11-30,00806535000154,51,0,1,-89.15,232090.2325,4809922.175,16741458.26,35541437.875,180383735.7925,36843446.2092157,491211449.36,75004401.1260033,30731515.7,1879015756.67,1,0,-89.15,69413377.81,5,1
Fundo,2024-10-31,22610500000188,30,0,1,1290980.15,1690351.5475,8932873.8925,40682915.14,109055300.735,438902941.87575,90281823.275,618241074.34,136268438.694074,100122426.8425,2708454698.25,0,0,1290980.15,190788563.09,3,0
Classe,2025-11-30,22610500000188,46,0,1,891797.82,1346803.9825,20801042.41,37167612.695,80668419.8875,482063864.34,71335035.8276087,615839143.19,117138319.128485,59867377.4775,3281411648.07,0,0,891797.82,118239401.31,3,0
Fundo,2025-12-31,22610500000188,63,0,1,909171.74,1785419.9405,18974273.35,34870138.04,77445287.24,270483229.2055,64295063.414127,606135996.03,91947532.7386562,58471013.89,4050588995.09,0,0,909171.74,151525932.19,6,0
Classe,2025-11-30,13673855000125,1,0,1,274019553.17,274019553.17,274019553.17,274019553.17,274019553.17,274019553.17,274019553.17,274019553.17,,0,274019553.17,0,0,274019553.17,274019553.17,0,0
Fundo,2021-10-31,16695922000109,9,0,1,234979.33,283774.85,4729567.25,4980259.73,4980259.73,13432450.618,5709914.31555556,13707929.88,4585979.16126508,250692.48,51389228.84,0,0,4729567.25,4980259.73,4,0
Fundo,2021-06-30,36266751000100,4,0,1,360124.85,1021431.1775,6973188.125,26837905.16,106281258.4575,273095333.31375,86416541.4225,291630230.52,138132025.781058,99308070.3325,345666165.69,0,0,360124.85,44498267.77,1,0
Fundo,2021-07-31,36266751000100,5,0,1,10687517.3,10880727.748,12619621.78,44011351.19,296021102.74,748087419.769,232331320.712,798317010.55,338104941.769364,283401480.96,1161656603.56,0,0,10687517.3,296021102.74,1,0
Fundo,2021-08-31,36266751000100,7,0,1,12785565.01,13131090.8245,22634930.5,56003315.42,267560869.63,752374714.761,211862290.775714,833855554.74,297152577.589228,244925939.13,1483036035.43,0,0,12785565.01,290649954.88,1,0
Fundo,2021-09-30,36266751000100,7,0,1,18200553.11,18306135.6815,34310579.34,56749823.94,265760682.785,656653900.353,199550849.862857,721763047.74,255212123.430138,231450103.445,1396855949.04,0,0,18200553.11,287702065.16,1,0
Fundo,2021-10-31,36266751000100,9,0,1,14466.98,3682301.202,20178207.55,56787442.55,242674514.34,627437727.56,160594694.186667,706866074.53,232065481.37256,222496306.79,1445352247.68,0,0,14466.98,309724339.68,1,0
Fundo,2021-11-30,36266751000100,10,0,1,25676.31,1597616.166,28040929.4275,54734156.405,196741845.4025,730700247.60275,165382397.582,851735675.21,262523485.963023,168700915.975,1653823975.82,0,0,25676.31,313800441.4,1,0
Fundo,2021-12-31,36266751000100,16,0,1,68242.64,792665.14625,14426883.4525,38756941.505,130899790.8675,1015692699.58125,175183419.283125,1135426541.61,325593295.830999,116472907.415,2802934708.53,0,0,68242.64,232658312.32,2,1
Fundo,2022-01-31,36266751000100,16,0,1,145831.43,2446140.1325,25717136.9975,40677117.2,132362780.315,1172528939.35125,200527627.20125,1197822293.64,382783402.021315,106645643.3175,3208442035.22,0,0,145831.43,233632470.75,2,2
Fundo,2022-02-28,36266751000100,17,0,1,235188.08,2629825.096,18195869.69,40985891.68,104192958.75,1539596906.844,227354451.877059,1794199636.46,487737969.289986,85997089.06,3865025681.91,0,0,235188.08,230475287.18,2,2
Fundo,2022-03-31,36266751000100,20,0,1,8618.2,132313.9475,10675558.07,36737074.26,94421778.9975,1651925650.86475,212755758.752,1979827678.6,502982984.881421,83746220.9275,4255115175.04,0,0,8618.2,211608175.25,3,2
Fundo,2022-04-30,36266751000100,24,0,1,3e+05,398998.23875,11289394.315,30653394.97,79556397.53,1659812028.626,189446752.304167,2255452142.79,504100648.190115,68267003.215,4546722055.3,0,0,3e+05,121979111.85,4,2
Fundo,2022-05-31,36266751000100,25,0,1,450698.54,604942.226,12639174.1,30218394.04,73865270.46,1308669783.21,164417206.5292,2409599757.3,482880435.964872,61226096.36,4110430163.23,0,0,450698.54,125953914.01,4,1
Fundo,2022-06-30,36266751000100,26,0,1,417247.51,585518.8725,8977809.6775,28628959.705,71628158.41,1085060030.61875,139236217.549615,1894002938.15,378220267.005702,62650348.7325,3620141656.29,0,0,417247.51,128015827.6,4,1
Fundo,2022-07-31,36266751000100,25,0,1,394129.52,589952.912,7817643.63,31005702.96,109449274.17,1240533066.412,155687361.5636,2095722391.12,426568245.66833,101631630.54,3892184039.09,0,0,394129.52,206483899.87,2,1
Fundo,2022-08-31,36266751000100,26,0,1,723991.17,937307.02625,14615068.4175,37066837.435,88593959.18,1327090104.4425,160173009.106923,2083883192.33,427432831.267918,73978890.7625,4164498236.78,0,0,723991.17,160480833.09,3,1
Fundo,2022-09-30,36266751000100,27,0,1,723787.24,1579335.5765,11723671.785,31490560.49,85198490.645,920295367.522998,123267875.06037,1605380556.61,315515893.076694,73474818.86,3328232626.63,0,0,723787.24,178214714.87,2,1
Fundo,2022-10-31,36266751000100,27,0,1,726715.93,1520696.143,13977155.55,31948989.94,79559805.12,1089869240.6005,137115139.128519,1833189363.75,364103413.52235,65582649.57,3702108756.47,0,0,726715.93,166346098.24,2,1
Fundo,2022-11-30,36266751000100,26,0,1,726665.54,1441038.70875,13407080.815,31548412.06,78099121.905,1059276107.64,137843015.000769,1835475465.39,365766030.662008,64692041.09,3583918390.02,0,0,726665.54,163010036.63,2,1
Fundo,2022-12-31,36266751000100,26,0,1,727970.95,1406069.11875,13049959.1525,28406778.66,73600291.9675,887910308.14875,123896159.445769,1733595029.48,338485792.753819,60550332.815,3221300145.59,0,0,727970.95,150564957.88,3,1
Fundo,2023-01-31,36266751000100,26,0,1,188862,368412.19375,7250702.31,28576695,64619778.7625,1005469275.68,126428655.756538,1701828413.43,342210352.90435,57369076.4525,3287145049.67,0,0,188862,149215273.74,3,1
Fundo,2023-02-28,36266751000100,25,0,1,175631.53,353271.616,8837179.54,31243044.55,53853933.98,1041670473.28,125507618.3476,1699913495.17,349696850.572987,45016754.44,3137690458.69,0,0,175631.53,85707470.41,4,1
Fundo,2023-03-31,36266751000100,25,0,1,162531.55,346747.864,8981288.7,28735349.38,50267053.34,850348956.469998,110998057.6844,1598833977.98,319447931.02251,41285764.64,2774951442.11,0,0,162531.55,85683545.77,4,1
Fundo,2023-04-30,36266751000100,25,0,1,464511.13,574878.106,9127183.47,29032908.87,49889495.97,702632846.367999,97108869.8408,1214918141.35,245994819.233706,40762312.5,2427721746.02,0,0,464511.13,91004918.36,4,0
Fundo,2023-05-31,36266751000100,24,0,1,458173.89,563085.58975,5949461.225,25213087.715,38866186.13,717678758.618251,92369516.55375,1171885343.18,244260430.276275,32916724.905,2216868397.29,0,0,458173.89,61695925.3,3,0
Fundo,2023-06-30,36266751000100,25,0,1,451573.37,560521.514,13410506.25,29537948.22,56691126.47,676470672.914,122369832.7252,768678110.84,216887356.586231,43280620.22,3059245818.13,0,0,451573.37,56691126.47,6,0
Fundo,2023-07-31,36266751000100,25,0,1,444818.17,551091.772,14212003.61,29926155.89,56615662.41,777514062.193999,132634989.4184,1021321946.54,250397765.607925,42403658.8,3315874735.46,0,0,444818.17,56615662.41,6,0
Fundo,2023-08-31,36266751000100,24,0,1,437940.97,526941.172,11848417.5775,26911273.275,91059173.5425,627856037.39025,121904189.459167,645309672.91,205938578.425188,79210755.965,2925700547.02,0,0,437940.97,204037183.72,4,0
Fundo,2023-09-30,36266751000100,24,0,1,0,247615.69425,3906016.9575,24349554.49,57878149.325,912193872.86025,127776579.484167,1353520636.73,295124557.16062,53972132.3675,3066637907.62,0,1,0,74858542.4,5,1
Fundo,2023-10-31,36266751000100,20,0,1,462735.61,1334764.5215,16429644.8275,33401476.005,189613404.7425,1113306416.78925,196238905.447,1540239276.56,369668905.60689,173183759.915,3924778108.94,0,0,462735.61,373988602.89,3,1
Fundo,2023-11-30,36266751000100,20,0,1,510379.19,1190287.56375,16589444.4525,31451627.155,185934626.7375,1142614240.70475,199108080.726,1590756913.06,379943268.713479,169345182.285,3982161614.52,0,0,510379.19,375783421.81,3,1
Fundo,2023-12-31,36266751000100,20,0,1,534358.04,1073005.114,15627739.7875,31601512.48,179337002.585,1173896661.75475,202159431.689,1645093074.55,391524933.581434,163709262.7975,4043188633.78,0,0,534358.04,395881561.75,3,1
Fundo,2024-01-31,36266751000100,20,0,1,576942.44,976918.16125,19193882.3025,30188972.43,176936287.1475,1190636529.757,203340191.3685,1671015449.46,397667687.26861,157742404.845,4066803827.37,0,0,576942.44,403782350.18,3,1
Fundo,2024-02-29,36266751000100,20,0,1,1003900.59,1309411.5935,13017078.535,31537402.04,171170964.095,1344920311.36025,216546144.18,1960120889.28,456513837.58213,158153885.56,4330922883.6,0,0,1003900.59,234583169.99,4,1
Fundo,2024-03-31,36266751000100,19,0,1,1003963.8,1156451.484,17766041.235,36209496.28,203674071.205,1350150189.8085,230737072.969474,1906244459.1,456604798.569978,185908029.97,4384004386.42,0,0,1003963.8,245763809.93,4,1
Fundo,2024-04-30,36266751000100,19,0,1,847464.98,1106283.002,16567660.605,37140677,202613069.21,1423029120.39,237934034.87,2033925870.69,483987762.442715,186045408.605,4520746662.53,0,0,847464.98,251175424.06,4,1
Fundo,2024-05-31,36266751000100,18,0,1,730277.08,767501.64425,12875539.76,32181275.97,200094970.455,1423831187.0125,240646401.435556,1972149479.03,487999007.141591,187219430.695,4331635225.84,0,0,730277.08,250132245.89,4,1
Fundo,2024-06-30,36266751000100,19,0,1,49675.42,277577.218,7975711.57,26366751.3,144279742.08,1353259414.9345,225571055.35,1897938963.85,465064914.480003,136304030.51,4285850051.65,0,0,49675.42,243304619.02,4,1
Fundo,2024-07-31,36266751000100,17,0,1,32262.71,227973.102,8004106.48,26526306.28,40248066.88,682909419.81,143145728.432353,693748637.19,248406161.822877,32243960.4,2433477383.35,0,0,32262.71,40248066.88,4,0
Fundo,2024-08-31,36266751000100,18,0,1,53262.71,252492.2465,7008130.35,20715483.035,39568803.3225,712072340.70175,137712086.251111,721188317.55,251725045.200218,32560672.9725,2478817552.52,0,0,53262.71,41610127.83,4,0
Fundo,2024-09-30,36266751000100,17,0,1,26262.71,183043.054,11756465.01,18463363,42493482.47,758438208.144,139615339.141765,793697059.18,268076574.221121,30737017.46,2373460765.41,0,0,26262.71,60415245.52,3,0
Fundo,2024-10-31,36266751000100,14,0,1,83224.05,139850.88975,15487944.355,34731002.09,63400766.2875,860436289.16575,179988582.630714,931872460.04,313496008.248195,47912821.9325,2519840156.83,0,0,83224.05,68222417.8,3,0
Fundo,2024-11-30,36266751000100,6,0,1,14801446.75,16636165.875,32458405.265,313687317.585,684749683,1020851685.66,408915254.625,1064162873.2,445061849.640892,652291277.735,2453491527.75,0,0,14801446.75,1064162873.2,0,0
Classe,2024-12-31,36266751000100,10,0,1,-15905.65,1559969.528,13097124.2175,38907505.725,452366683.46,1074315433.4055,264905363.362,1175931482.58,415701671.360048,439269559.2425,2649053633.62,1,0,-15905.65,724304597.36,1,1
Classe,2025-01-31,36266751000100,12,0,1,-29905.65,1927256.42775,12455576.4975,33926208.28,194584580.7325,1107279710.447,232805777.2925,1249780343.92,404467052.897349,182129004.235,2793669327.51,1,0,-29905.65,64135448.48,3,1
Classe,2025-02-28,36266751000100,11,0,1,-47355.65,1753902.43,13126180.445,25629440.42,327895771.2,1207922431.2025,262085858.154545,1364304062.47,447619948.704642,314769590.755,2882944439.7,1,0,-47355.65,738777537.4,1,2
Classe,2025-03-31,36266751000100,11,0,1,-61355.65,1762108.215,11912889.18,21037556.64,331877279.61,1173190120.1575,258440432.344545,1315637776.63,436536237.559076,319964390.43,2842844755.79,1,0,-61355.65,745847150.74,1,1
Classe,2025-04-30,36266751000100,11,0,1,-77805.65,1774230.77,11565409.255,18463837.81,332223262.23,1230877724.2275,266102859.170909,1389936585.41,455470914.691171,320657852.975,2927131450.88,1,0,-77805.65,753701140.68,1,2
Classe,2025-05-31,36266751000100,11,0,1,82989.55,1910709.055,10766311.885,25029433.8,332646606.855,1327043835.545,278871364.365455,1515309636.05,487450939.399082,321880294.97,3067585008.02,0,0,82989.55,762246434.03,1,1
Classe,2025-06-30,36266751000100,12,0,1,68733.55,221615.1415,9927444.025,16988338.02,206361117.3025,1440983714.56675,271427749.2475,1695275901.79,516830299.467533,196433673.2775,3257132990.97,0,0,68733.55,79788557.36,3,1
Classe,2025-07-31,36266751000100,13,0,1,54439.15,130366.798,7560619.24,11322659.18,80501488.06,1521462155.132,261856707.997692,1839067651.4,536468582.926513,72940868.82,3404137203.97,0,0,54439.15,80501488.06,3,1
Classe,2025-08-31,36266751000100,15,0,1,40910.35,87218.941,8521153.69,13219765.09,68781454.335,1631395998.9155,246778784.327333,2084755100.87,561314780.340113,60260300.645,3701681764.91,0,0,40910.35,81097451.7,3,2
Classe,2025-09-30,36266751000100,18,0,1,26628.75,125923.55275,7890013.1,15595992.995,85370460.6975,1654540220.42425,227958980.977222,2286859105.26,559154840.212991,77480447.5975,4103261657.59,0,0,26628.75,156591764.57,3,1
Classe,2025-12-31,36266751000100,4,0,1,0,0,0,1373421.995,10424806.01,31155303.464,9051384.015,33458692.07,16322979.8810602,10424806.01,36205536.06,0,2,0,2746843.99,1,0
Classe,2026-01-31,36266751000100,29,0,1,0,0,6438863.56,10402017.41,25650231.7,136648272.259,27129824.6586207,164586108.08,39037142.2622571,19211368.14,786764915.1,0,2,0,38821546.43,4,0
Classe,2026-02-28,36266751000100,29,0,1,0,0,6683544.57,10858818.65,24763669.27,145604135.507,27083712.1093103,165093558.46,39726316.4923029,18080124.7,785427651.17,0,2,0,39067915.75,4,0
Classe,2026-03-31,36266751000100,32,0,1,0,0,4476847.0525,12106697.19,27726123.5825,156651138.233,30329544.5325,169538533.78,45457996.2737482,23249276.53,970545425.04,0,2,0,61787202.31,4,0
Classe,2026-04-30,36266751000100,32,0,1,0,0,5187399.625,12190077.68,27638872.695,170534541.60075,31073069.4159375,174541562.44,47648637.9140641,22451473.07,994338221.31,0,2,0,40219752.47,5,0
Classe,2026-05-31,36266751000100,33,0,1,0,0,5006943.77,14094299.46,35826860.92,171798739.38,31741717.6221212,187394570.02,46764563.0081852,30819917.15,1047476681.53,0,2,0,71192912.39,4,0
Fundo,2024-12-31,36864992000142,5,0,1,0,0,0,0,107168216.13,170231150.7,56881271.912,177238143.43,81732781.9228081,107168216.13,284406359.56,0,3,0,177238143.43,0,0
Fundo,2025-01-31,36864992000142,5,0,1,0,0,0,0,121463893.08,156034867.338,56267995.956,159876086.7,78235867.0561869,121463893.08,281339979.78,0,3,0,159876086.7,0,0
Fundo,2025-02-28,36864992000142,4,0,1,0,0,0,0,40198484.7,148734393.39,40198484.7,160793938.8,80396969.4,40198484.7,160793938.8,0,3,0,0,1,0
Fundo,2025-03-31,36864992000142,4,0,1,0,0,0,0,41006537.645,151724189.2865,41006537.645,164026150.58,82013075.29,41006537.645,164026150.58,0,3,0,0,1,0
Fundo,2025-04-30,36864992000142,4,0,1,0,0,0,0,41850926.6025,154848428.42925,41850926.6025,167403706.41,83701853.205,41850926.6025,167403706.41,0,3,0,0,1,0
Fundo,2025-05-31,36864992000142,4,0,1,0,0,0,0,43859785.72,162281207.164,43859785.72,175439142.88,87719571.44,43859785.72,175439142.88,0,3,0,0,1,0
Fundo,2025-06-30,36864992000142,4,0,1,0,0,0,0,45924607.4475,169921047.55575,45924607.4475,183698429.79,91849214.895,45924607.4475,183698429.79,0,3,0,0,1,0
Fundo,2020-11-30,62418140000131,11,0,1,94417600.33,107648058.1375,394311782.25,824074943.9,896442766.505,2245883746.4875,786172628.012727,2678932199,702682484.63181,502130984.255,8647898908.14,0,0,94417600.33,946738388.95,1,1
Fundo,2020-12-31,62418140000131,10,0,1,99523401.34,110457641.137,534548470.3475,928467001.61,999069239.2425,2465838724.55625,923214115.503,2831350880.7,766290100.641096,464520768.895,9232141155.03,0,0,99523401.34,1206852408.95,1,1
Fundo,2021-01-31,62418140000131,11,0,1,0,24664086.2475,328076724.74,901366237.87,988876006.13,2398712137.6775,838503666.056364,2799906641.86,769654146.458147,660799281.39,9223540326.62,0,1,0,1195128625.13,1,1
Fundo,2021-02-28,62418140000131,11,0,1,0,24096672.9975,322560877.3,870857422.48,973947859.8,2339289463.065,825290252.707273,2730500494.29,749589322.950682,651386982.5,9078192779.78,0,1,0,1165656369.39,1,2
Fundo,2021-03-31,62418140000131,11,0,1,0,23857729.2225,322938673.86,657036955.23,979169768.27,2319873604.85,797529163.226364,2714764280.68,745159724.792341,656231094.41,8772820795.49,0,1,0,1135201577.36,1,1
Fundo,2021-04-30,62418140000131,11,0,1,0,24130578.0125,324759348.165,737692901.05,975409847.37,2294720658.7925,800074436.867273,2691646635.29,736633217.619429,650650499.205,8800818805.54,0,1,0,1103942729.3,1,2
Fundo,2021-05-31,62418140000131,11,0,1,0,0,125018954.285,628737341.3,970416025.77,2538982556.1675,800102795.442727,2708949474.28,867590834.039541,845397071.485,8801130749.87,0,2,0,2029081801.83,1,2
Fundo,2021-06-30,62418140000131,11,0,1,0,0,126140262.595,628563464.27,978140946.375,2546073362.365,817702749.218182,2726256237.72,868690465.695408,852000683.78,8994730241.4,0,2,0,2005524736.3,1,2
Fundo,2021-07-31,62418140000131,11,0,1,0,0,126482619.575,779676194.34,975558381.115,2531635484.7075,828483592.19,2710458460.77,861707993.236545,849075761.54,9113319514.09,0,2,0,1995166556.52,1,2
Fundo,2021-08-31,62418140000131,11,0,1,0,0,126922380.24,706047508.37,972897870.92,2508827620.945,817727561.909091,2685874942.82,854679497.975059,845975490.68,8995003181,0,2,0,1977685655.32,1,2
Fundo,2021-09-30,62418140000131,10,0,1,0,22176979.2135,241915777.505,785045242.175,972843632.485,2522478547.49825,891552115.974,2684991647.09,853999478.726543,730927854.98,8915521159.74,0,1,0,1962711204.46,1,2
Fundo,2021-10-31,62418140000131,9,0,1,97208294.82,109978850.556,476100933.17,925107932.56,968903947.8,2406793378.392,954664293.263333,2554745153.91,790199667.295263,492803014.63,8591978639.37,0,0,97208294.82,968903947.8,2,2
Fundo legado,2020-01-31,02332886000104,4,0,1,90572240.19,92362296.0165,108472798.455,207694676.4,309618374.315,333023790.6725,210396496.37,335624392.49,125760986.855235,201145575.86,841585985.48,0,0,90572240.19,335624392.49,0,0
Fundo legado,2020-02-29,02332886000104,4,0,1,91216945.24,92898074.80675,108028240.9075,215564182.07,323897116.745,341179165.3295,216361175.5825,343099392.95,132294194.267363,215868875.8375,865444702.33,0,0,91216945.24,343099392.95,0,0
Fundo legado,2020-03-31,02332886000104,4,0,1,92044859.31,93258318.93525,104179455.5625,213512652.635,325708835.725,344360034.5995,216375638.6525,346432390.03,134858642.306233,221529380.1625,865502554.61,0,0,92044859.31,346432390.03,0,0
Fundo legado,2020-04-30,02332886000104,4,0,1,92685920.64,93721962.8775,103046343.015,201878626.995,303109979.1475,318911843.35075,204277695.1675,320667606.04,121387919.895968,200063636.1325,817110780.67,0,0,92685920.64,320667606.04,0,0
Fundo legado,2020-05-31,02332886000104,4,0,1,93254490.31,94070067.148,101410258.69,201668946.1,305637629.1725,322994809.00325,205378941.7625,324923384.54,123718007.264275,204227370.4825,821515767.05,0,0,93254490.31,324923384.54,0,0
Fundo legado,2020-06-30,02332886000104,4,0,1,99987704.19,100651314.14775,106623803.7675,201653056.6,315858646.395,373607245.8135,220829393.5625,380023756.86,138937750.471323,209234842.6275,883317574.25,0,0,99987704.19,380023756.86,0,0
Fundo legado,2020-07-31,02332886000104,4,0,1,91398204.24,92202712.68375,99443288.6775,196406110.74,312250638.0075,370471818.05475,215287815.945,376940838.06,141387452.226482,212807349.33,861151263.78,0,0,91398204.24,376940838.06,0,0
Fundo legado,2020-08-31,02332886000104,4,0,1,92141535.4,94043736.202,111163543.42,203825598.02,312015477.42,371060411.598,219353422.82,377620959.84,137375965.107663,200851934,877413691.28,0,0,92141535.4,377620959.84,0,0
Fundo legado,2020-09-30,02332886000104,4,0,1,92655944.72,94265553.75725,108752035.0925,179634081.42,286101483.9425,396668427.00425,215219437.615,408953642.9,145684886.779262,177349448.85,860877750.46,0,0,92655944.72,408953642.9,0,0
Fundo legado,2020-10-31,02332886000104,4,0,1,93281412.86,94965960.074,110126885,177586392.155,282002594.3725,396946595.96725,214543087.2175,409718151.7,145119193.862382,171875709.3725,858172348.87,0,0,93281412.86,409718151.7,0,0
Fundo,2023-05-31,02332886000104,7,0,1,20088398.07,21358250.3145,36068510.83,78457083.51,176484490.075,1103327074.238,255160145.85,1262469537.56,449240726.338812,140415979.245,1786121020.95,0,0,20088398.07,201519782.08,1,1
Fundo,2023-06-30,02332886000104,7,0,1,20360033.07,21654445.938,36684314.745,80039112.04,133033518.74,1127826026.3795,248377662.648571,1298808826.46,465730828.984313,96349203.995,1738643638.54,0,0,20360033.07,158923492.59,1,1
Fundo,2023-07-31,02332886000104,8,0,1,20012109.14,21642530.3835,30413449.155,61074837.915,114760557.515,1108790990.7305,219926204.55125,1315923328.72,444691484.735243,84347108.36,1759409636.41,0,0,20012109.14,132309968.78,1,1
Fundo,2023-08-31,02332886000104,8,0,1,19983714.46,21942362.2805,31248501.1625,64288697.84,132031830.935,1121017009.53575,226075044.91375,1329529992.38,448171985.163872,100783329.7725,1808600359.31,0,0,19983714.46,138027233.27,1,1
Fundo,2023-09-30,02332886000104,8,0,1,19991201.63,22225953.60575,39612486.6125,66900113.64,131528837.545,1084200185.9425,222604504.55,1284859826.12,431490406.004068,91916350.9325,1780836036.4,0,0,19991201.63,138233310.82,1,0
Fundo,2023-10-31,02332886000104,8,0,1,19955474.8,22299421.29825,43676902.83,70400440.045,130804125.1675,1101983516.62,226768306.81,1306441119.76,438357285.026236,87127222.3375,1814146454.48,0,0,19955474.8,138111958.96,1,1
Fundo,2023-11-30,02332886000104,9,0,1,20000437.7,20656346.1,45784370.86,72728273.15,133704900.18,1131255823.36,252167715.317778,1288392572.35,416219642.295676,87920529.32,2269509437.86,0,0,20000437.7,133704900.18,2,0
Fundo,2023-12-31,02332886000104,10,0,1,20045359.5,20840707.8915,49040603.33,103814076.795,528170563.725,1194398829.50975,333287996.266,1276600448.96,451207679.106484,479129960.395,3332879962.66,0,0,20045359.5,911259918.07,1,0
Fundo,2024-01-31,02332886000104,10,0,1,20111475.05,20632034.58875,52918568.7975,100905161.41,532018725.2825,1222647888.2935,347759875.533,1273456034.05,471485919.854781,479100156.485,3477598755.33,0,0,20111475.05,1047642052.91,1,0
Fundo,2024-02-29,02332886000104,10,0,1,20071683.73,21790058.779,53572817.1975,108283750.285,535513572.46,1234972151.0785,352879811.724,1285366874.95,475355275.879925,481940755.2625,3528798117.24,0,0,20071683.73,1061390324.41,1,1
Fundo,2024-03-31,02332886000104,10,0,1,4330157.62,8424262.43275,41640348.965,109120604.76,539538604.6,2257110594.98425,487303055.05,2582012477.17,822791669.709469,497898255.635,4873030550.5,0,0,4330157.62,1138004111.9,1,1
Fundo,2024-04-30,02332886000104,12,0,1,1741699.62,8907419.26625,63021720.7125,103512941.53,320730744.8975,2197792873.45575,430016236.4925,2608182421.45,761917909.046347,257709024.185,5160194837.91,0,0,1741699.62,682189851.41,2,1
Fundo,2024-05-31,02332886000104,12,0,1,1755863.83,8129470.09925,72203579.29,103614854.665,321499212.4825,2177046364.392,428502924.615833,2575495554.96,754591227.293831,249295633.1925,5142035095.39,0,0,1755863.83,687972612.79,2,1
Fundo,2024-06-30,02332886000104,12,0,1,11391438.82,15088493.39825,64347552.8425,90924252.02,320534034.7725,3190831222.94525,541134156.390833,3981373710.87,1132827439.35769,256186481.93,6493609876.69,0,0,11391438.82,686204191.29,2,1
Fundo,2024-07-31,02332886000104,14,0,1,4558000,6914494.1985,31797565.2375,85780373.115,181106420.9975,2687008029.35275,430172677.07,3459459123.29,924857790.820203,149308855.76,6022417478.98,0,0,4558000,198530837.7,3,1
Fundo,2024-08-31,02332886000104,13,0,1,12228607.81,12933814.276,60192540.5,83780161.27,285430487.8,2635088315.017,420515451.253077,3465027937.09,934716655.201733,225237947.3,5466700866.29,0,0,12228607.81,367024012.92,2,1
Fundo,2024-09-30,02332886000104,15,0,1,12676156.39,15178320.2745,50170175.275,84859086.47,271289500.83,2894263501.4875,421507360.737333,4076017930.15,1026453764.94359,221119325.555,6322610411.06,0,0,12676156.39,289550822.95,2,1
Classe,2024-10-31,02332886000104,10,0,1,25687210.15,26796930.175,86818126.0125,134749855.525,301410538.5975,3332585660.966,590842494.253,4095463480.1,1247698380.14578,214592412.585,5908424942.53,0,0,25687210.15,306854647.58,2,1
Classe,2024-11-30,02332886000104,11,0,1,26229571.11,27372987.905,97212675.45,135799486.3,295871863.71,3609639161.4525,594267664.265455,4576308275.89,1334659331.98559,198659188.26,6536944306.92,0,0,26229571.11,307238621.73,2,1
Classe,2024-12-31,02332886000104,17,0,1,14079778.71,18852932.558,84251521.92,136829294.31,307346765.69,3265992469.69601,501834454.057059,4719485366.42,1121099794.9253,223095243.77,8531185718.97,0,0,14079778.71,339009875.06,3,1
Classe,2025-01-31,02332886000104,17,0,1,14289529.16,18983712.32,84836589.83,139564745.95,308959444,3228704376.44001,501353231.909412,4657751604.04,1106052599.47634,224122854.17,8523004942.46,0,0,14289529.16,362232654.58,3,1
Classe,2025-02-28,02332886000104,18,0,1,14782965.47,19568557.52925,92260760.8075,149064024.59,378626172.4675,3114904836.63425,499005678.137778,4610961403.11,1063085299.33803,286365411.66,8982102206.48,0,0,14782965.47,728202349.91,2,1
Classe,2025-03-31,02332886000104,20,0,1,15010492.35,16143386.502,64368209.82,141939071.435,350668133.3,3090457837.16749,471723050.0975,4883597139.75,1074857144.34892,286299923.48,9434461001.95,0,0,15010492.35,735957603.15,2,1
Classe,2025-04-30,02332886000104,22,0,1,12896248.94,13215879.4715,43259152.8025,142386954.01,313004947.155,2881984394.87874,435665871.364091,4828861833.67,1018275416.67341,269745794.3525,9584649170.01,0,0,12896248.94,531107528.12,3,1
Classe,2025-05-31,02332886000104,24,0,1,1920308.58,9881757.131,60853939.335,144219480.445,359193538.4525,2730521044.39525,427046527.373333,4890594409.22,988040661.366058,298339599.1175,10249116656.96,0,0,1920308.58,753343729.18,2,1
Classe,2025-06-30,02332886000104,27,0,1,1786083.92,11050721.0615,59511798.87,144719000.37,313706971.14,2377687648.67299,395143121.105185,4685037888.66,897449929.966613,254195172.27,10668864269.84,0,0,1786083.92,631360498.01,3,1
Classe,2025-07-31,02332886000104,30,0,1,1794678.79,12294489.347,73562122.23,150916389.38,332696197.1,2136834920.48999,398248160.84,4799521065.76,872321948.186304,259134074.87,11947444825.2,0,0,1794678.79,683635268.3,3,1
Classe,2025-08-31,02332886000104,31,0,1,1858635.51,5648382.2025,68207179.595,161988712.73,323399993.75,2042506772.1775,395881592.649677,4778651990.08,857335168.74916,255192814.155,12272329372.14,0,0,1858635.51,684441330.24,4,1
Classe,2025-09-30,02332886000104,33,0,1,1870419.75,13895663.23,96241993.29,169964153.88,287685873.07,2009756762.72201,415697086.565455,5508494158.97,950978835.898428,191443879.78,13718003856.66,0,0,1870419.75,557568493.68,5,1
Classe,2025-10-31,02332886000104,36,0,1,1872529.27,15286471.4025,69321042.9525,183236441.08,323296879.335,1690964604.50125,403564807.044722,5545842600.36,919692388.405019,253975836.3825,14528333053.61,0,0,1872529.27,683364700,4,1
Fundo,2025-11-30,02332886000104,36,0,1,1872699.83,15491037.5875,59216369.7625,132057252.13,255287948.82,1695588572.8575,369792949.048333,5538364983.39,923596660.591753,196071579.0575,13312546165.74,0,0,1872699.83,440844803.66,5,1
Fundo,2025-12-31,02332886000104,36,0,1,1873895.45,7635284.3175,47976351.2125,156289355.41,285575812.8125,1849530230.0125,407468740.923611,6638631642.93,1100644011.46935,237599461.6,14668874673.25,0,0,1873895.45,447703892.69,5,1
Classe,2026-01-31,02332886000104,44,0,1,1875868.94,7860422.56875,65377885.335,169550053.41,334449547.1525,1155758371.1465,390000847.0075,6697223477.33,1006304234.22251,269071661.8175,17160037268.33,0,0,1875868.94,676778343.78,4,1
Classe,2026-02-28,02332886000104,45,0,1,1869600.74,8919408.82,68606105.95,172379029.75,335703409.59,1141312977.108,388754050.966444,6704139694.46,996168043.699386,267097303.64,17493932293.49,0,0,1869600.74,685756193.68,4,1
Classe,2026-03-31,02332886000104,47,0,1,1866040.01,8657751.183,70172433.52,169597116.29,354191312.15,1128329331.727,380861687.868085,6818043047.82,991849799.813188,284018878.63,17900499329.8,0,0,1866040.01,680033633.25,4,1
Classe,2026-04-30,02332886000104,47,0,1,1859968.6,9764149.6945,68575079.51,171193191,358291321.18,1144916293.426,379321514.635957,6638622253.94,967369341.964867,289716241.67,17828111187.89,0,0,1859968.6,680136059.46,4,1
Classe,2026-05-31,02332886000104,48,0,1,1854254.05,8695524.596,66561165.63,159556370.215,366571586.1375,1146268640.07675,389354019.318125,7377892270.31,1061494473.14179,300010420.5075,18688992927.27,0,0,1854254.05,671378177.95,4,1
Classe,2026-06-30,02332886000104,48,0,1,1847862.74,9921249.7205,59652096.165,157878850.46,373513531.9575,1159565616.29425,392949628.78625,7350884666.57,1058007979.05221,313861435.7925,18861582181.74,0,0,1847862.74,664681995.93,4,1
Classe,2026-07-31,02332886000104,52,0,1,776763.29,3674482.99225,52686170.855,152626791.72,356936728.3325,1139255380.47725,380279830.349615,7966251423.9,1100046491.41953,304250557.4775,19774551178.18,0,0,776763.29,810494374,3,1
Classe,2026-08-31,02332886000104,52,0,1,788399.72,10631482.534,71532617.5975,168408581.45,356997023.265,1146685529.98475,386007521.91,7959831126.05,1097910457.16388,285464405.6675,20072391139.32,0,0,788399.72,576156830.82,4,1
Fundo,2021-09-30,16695922000109,6,0,1,487717.52,1012645.71,4741239.5675,4923384.985,8340535.2075,11941052.08,6131372.15166667,12293635.71,4147183.0418699,3599295.64,36788232.91,0,0,487717.52,12293635.71,0,0
Fundo,2022-10-31,15489568000195,10,0,1,341925.58,768991.789,3880774.425,15988478.33,60424356.0075,63976327.0135,28653281.211,63981193.12,28322344.5392169,56543581.5825,286532812.11,0,0,341925.58,63981193.12,0,0
Fundo,2025-01-31,03317692000194,2,0,1,0,5295954.77699998,52959547.77,105919095.54,158878643.31,206542236.303,105919095.54,211838191.08,149792221.42696,105919095.54,211838191.08,0,1,0,211838191.08,0,0
Fundo,2025-02-28,03317692000194,2,0,1,0,5360937.31174998,53609373.1175,107218746.235,160828119.3525,209076555.15825,107218746.235,214437492.47,151630205.066176,107218746.235,214437492.47,0,1,0,214437492.47,0,0
Fundo,2025-03-31,03317692000194,2,0,1,0,5424776.36499998,54247763.65,108495527.3,162743290.95,211566278.235,108495527.3,216991054.6,153435846.16448,108495527.3,216991054.6,0,1,0,216991054.6,0,0
Fundo,2025-04-30,03317692000194,3,0,1,0,51945.4645000001,519454.645,1038909.29,110424751.97,208872010.382,73616501.3133333,219810594.65,126608864.334318,109905297.325,220849503.94,0,1,0,219810594.65,0,0
Classe,2024-12-31,45854066000187,5,0,1,1035159.67,2227278.985,12956352.82,22585140.75,25242239.54,32490454.916,19022940.992,33295812.18,12404107.8118403,12285886.72,95114704.96,0,0,1035159.67,33295812.18,0,0
Classe,2025-01-31,45854066000187,5,0,1,1030231.02,2164825.909,12376179.91,20603792.43,25634230.49,32822778.701,18653188.026,33621506.28,12515588.3531474,13258050.58,93265940.13,0,0,1030231.02,33621506.28,0,0
Classe,2025-02-28,45854066000187,5,0,1,1031718.08,2095717.934,11671716.62,21773949.77,26014481.66,33147648.875,18886417.828,33940223.01,12812166.1105636,14342765.04,94432089.14,0,0,1031718.08,33940223.01,0,0
Fundo legado,2020-01-31,00329598000167,9,0,1,0,0,15156534.17,23973385.56,73375774.53,212410752.088,56139280.8055556,243337387.62,76518942.2333959,58219240.36,505253527.25,0,2,0,88704209.96,1,2
Fundo legado,2020-02-29,00329598000167,7,0,1,15435552.3,16709353.9335,30620868.205,73682557.35,88507877,311973318.633,96834609.5485714,350466666.78,115862554.344404,57887008.795,677842266.84,0,0,15435552.3,93844345.8,1,0
Fundo legado,2020-03-31,00329598000167,8,0,1,462009.75,1466570.28775,14310895.645,30755595.105,75687327.6125,316047214.88525,77152009.48875,360676889.48,119674849.403678,61376431.9675,617216075.91,0,0,462009.75,105650177.51,1,1
Fundo legado,2020-04-30,00329598000167,8,0,1,666595.23,1904627.032,15359484.955,30756476.47,79104758.0825,327237068.99225,80474547.11,371519684.42,123618047.958695,63745273.1275,643796376.88,0,0,666595.23,118476167.69,1,0
Fundo legado,2020-05-31,00329598000167,8,0,1,2117512.84,3468348.65325,11244287.2275,22055998.48,45600682.3975,113025603.6925,37177007.57125,122144487.19,40337494.9271125,34356395.17,297416060.57,0,0,2117512.84,70036581.49,1,0
Fundo legado,2020-06-30,00329598000167,8,0,1,2507554.78,3777124.99625,13490727.71,22277897.895,29461512.6125,109550487.83975,32581851.19375,124843388.93,38788139.4565183,15970784.9025,260654809.55,0,0,2507554.78,37455382.7,1,0
Fundo legado,2020-07-31,00329598000167,7,0,1,9762241.73,11582957.855,22941281.985,27045619.89,42210855.605,123354042.4445,43199207.1028571,135282312.92,42915307.0681998,19269573.62,302394449.72,0,0,9762241.73,55760509.75,1,0
Fundo legado,2020-08-31,00329598000167,7,0,1,2421950.66,2862033.185,7577066.355,22851735.81,29118782.34,122801242.779,33868973.81,138417432.81,47490503.1560536,21541715.985,237082816.67,0,0,2421950.66,34309499.27,1,0
Fundo legado,2020-09-30,00329598000167,7,0,1,9788767.82,11244290.936,21737185.42,24668516.35,84721676.06,137991751.311,55583347.6371429,141708426.33,52511137.455465,62984490.64,389083433.46,0,0,9788767.82,141708426.33,0,0
Fundo legado,2020-10-31,00329598000167,7,0,1,9951660.45,10198569.9825,17791952.555,25132784.32,69639900.7,156014083.5475,53572815.3414286,165061556.11,58821347.7027184,51847948.145,375009707.39,0,0,9951660.45,104745072.36,1,0
Classe,2026-08-31,03017677000120,17,0,1,6719780.4,8706733.832,55220118.69,168140291.96,353070072.86,1286082059.314,344846394.925294,1457599019.29,414951335.232569,297849954.17,5862388713.73,0,0,6719780.4,566339374.27,3,0
Fundo,2025-11-30,16695922000109,7,0,1,0,0,145688.29,510904,4094348.435,15168663.5415,3676514.25571429,16744622.34,6175635.44039296,3948660.145,25735599.79,0,2,0,6238230.35,1,0
Fundo,2025-12-31,16695922000109,10,0,1,0,0,817896.93,11403445.115,30050475.4425,101527466.61975,24689316.071,118320694.08,36361181.6725674,29232578.5125,246893160.71,0,2,0,43684127.59,1,0
Fundo,2026-01-31,16695922000109,4,0,1,0,0,0,3010911.245,8739755.445,16078174.4235,5728844.2,16893554.31,7966092.72384094,8739755.445,22915376.8,0,2,0,16893554.31,0,2
Fundo,2026-02-28,16695922000109,4,0,1,0,0,0,3049205.555,8541032.4975,15136110.24375,5491826.9425,15868896.66,7491591.87816259,8541032.4975,21967307.77,0,2,0,15868896.66,0,0
Fundo,2026-03-31,16695922000109,5,0,1,0,0,0,6193335.14,15962982.11,25055279.144,9644370.324,26065534.37,11264067.7073375,15962982.11,48221851.62,0,2,0,26065534.37,0,0
Fundo,2026-04-30,16695922000109,7,0,1,0,0,498942.635,2683293.27,11165371.66,45633624.222,10980806.2414286,50853721.83,18472323.3613798,10666429.025,76865643.69,0,2,0,16053071.11,1,0
Fundo,2026-05-31,16695922000109,5,0,1,0,0,0,6210819.59,14289674.35,84272103.355,22509684.548,92047928.8,39313358.9798878,14289674.35,112548422.74,0,2,0,14289674.35,1,0
Fundo,2026-06-30,16695922000109,5,0,1,0,0,0,6046941.52,14382944.33,95150089.634,24910820.548,104124216.89,44672536.9506497,14382944.33,124554102.74,0,2,0,14382944.33,1,0
Fundo,2026-07-31,16695922000109,5,0,1,0,0,0,6196452.91,14405614.55,14473219.76,7016559.782,14480731.45,7236172.79167895,14405614.55,35082798.91,0,2,0,14480731.45,0,0
Fundo,2026-08-31,16695922000109,5,0,1,0,0,0,6718557.89,14569701.2,15602806.826,7401171.086,15717596.34,7592288.53285575,14569701.2,37005855.43,0,2,0,15717596.34,0,0
Fundo,2026-09-30,16695922000109,3,0,1,0,0,0,0,7330995.72,13928891.868,4887330.48,14661991.44,8465104.70473999,7330995.72,14661991.44,0,2,0,14661991.44,0,1
Fundo,2024-12-31,59281253000123,15,0,1,816401.99,5740846.48,36453523.625,91037688.83,217597914.47,820977578.433,205111990.453333,876834273.39,259667817.227982,181144390.845,3076679856.8,0,0,816401.99,332430745.85,2,1
Fundo legado,2020-10-31,03751794000113,5,0,1,0,219578.387,2195783.87,60719364.86,345969416.11,1833494378.539,481531898.952,1998774929.92,860105062.122414,343773632.24,2407659494.76,0,1,0,345969416.11,1,2
Fundo,2022-01-31,03751794000113,6,0,1,0,0,0,3519062.815,19592296.805,32818903.77375,10820957.9233333,34110601.38,14668716.7939235,19592296.805,64925747.54,0,3,0,34110601.38,0,0
Fundo,2022-02-28,03751794000113,6,0,1,0,0,0,3619379.255,19608166.375,33466838.72625,10971281.7466667,34857629.64,14889019.7137012,19608166.375,65827690.48,0,3,0,34857629.64,0,0
Fundo,2022-03-31,03751794000113,6,0,1,0,0,0,3481779.255,19504992.675,43125638.4175,12758639.0783333,45902805.23,18654023.5446412,19504992.675,76551834.47,0,3,0,45902805.23,0,0
Fundo,2025-06-30,02671743000119,2,0,1,4029561.54,4178793.0295,5521876.435,7014191.33,8506506.225,9849589.6305,7014191.33,9998821.12,4220903.92768076,2984629.79,14028382.66,0,0,4029561.54,9998821.12,0,0
Fundo legado,2020-02-29,33886862000112,5,0,1,131004.14,315496.163,1975924.37,4287703.42,29845405.28,46170043.985,16844785.988,47983892.73,21194185.1858153,27869480.91,84223929.94,0,0,131004.14,47983892.73,0,1
Fundo legado,2020-03-31,33886862000112,6,0,1,67830.87,251268.95875,1648962.61,3123982.345,22456717.105,44952397.20875,13945585.4883333,47299465.98,19536494.1036466,20807754.495,83673512.93,0,0,67830.87,47299465.98,0,1
Fundo legado,2020-05-31,33886862000112,6,0,1,0,249282.575,2473045.4675,4465451.645,14052314.2025,43198328.08875,12486625.6933333,46932005.74,17903776.1672046,11579268.735,74919754.16,0,1,0,17062584.53,1,1
Classe,2024-10-31,15489568000195,9,0,1,196535.55,353616.386,998688.06,5969640.66,75564616.28,104975085.192,34805376.5333333,111186112.05,42958873.0368034,74565928.22,313248388.8,0,0,196535.55,111186112.05,0,0
Fundo,2022-04-30,03751794000113,2,0,1,0,1174898.91025,11748989.1025,23497978.205,35246967.3075,45821057.49975,23497978.205,46995956.41,33231159.4658584,23497978.205,46995956.41,0,1,0,46995956.41,0,0
Fundo,2022-05-31,03751794000113,2,0,1,0,1220964.02075,12209640.2075,24419280.415,36628920.6225,47617596.80925,24419280.415,48838560.83,34534077.5462847,24419280.415,48838560.83,0,1,0,48838560.83,0,0
Fundo,2022-06-30,03751794000113,2,0,1,0,1001987.6735,10019876.735,20039753.47,30059630.205,39077519.2665,20039753.47,40079506.94,28340491.1438873,20039753.47,40079506.94,0,1,0,40079506.94,0,0
Fundo legado,2020-01-31,71590442000183,2,0,1,3617357.67,3713451.41475,4578295.1175,5539232.565,6500170.0125,7365013.71525,5539232.565,7461107.46,2717941.54169337,1921874.895,11078465.13,0,0,3617357.67,7461107.46,0,0
Fundo legado,2020-02-29,71590442000183,2,0,1,4283105.32,4378701.18875,5239064.0075,6195022.695,7150981.3825,8011344.20125,6195022.695,8106940.07,2703859.48186177,1911917.375,12390045.39,0,0,4283105.32,8106940.07,0,0
Fundo legado,2020-03-31,71590442000183,2,0,1,5237648.62,5335881.0055,6219972.475,7202296.33,8184620.185,9068711.6545,7202296.33,9166944.04,2778431.43676724,1964647.71,14404592.66,0,0,5237648.62,9166944.04,0,0
Fundo legado,2020-04-30,71590442000183,2,0,1,5988655.38,6080731.725,6909418.83,7830182.28,8750945.73,9579632.835,7830182.28,9671709.18,2604312.31745488,1841526.9,15660364.56,0,0,5988655.38,9671709.18,0,0
Fundo legado,2020-05-31,71590442000183,2,0,1,6672781.68,6768833.87475,7633303.6275,8593825.575,9554347.5225,10418817.27525,8593825.575,10514869.47,2716766.33022304,1921043.895,17187651.15,0,0,6672781.68,10514869.47,0,0
Fundo legado,2020-07-31,71590442000183,2,0,1,6037149.77,6183786.46075,7503516.6775,8969883.585,10436250.4925,11755980.70925,8969883.585,11902617.4,4147511.93600319,2932733.815,17939767.17,0,0,6037149.77,11902617.4,0,0
Fundo legado,2020-08-31,71590442000183,2,0,1,6683129.81,6828947.10225,8141302.7325,9599475.655,11057648.5775,12370004.20775,9599475.655,12515821.5,4124335.84656942,2916345.845,19198951.31,0,0,6683129.81,12515821.5,0,0
Fundo legado,2020-09-30,71590442000183,2,0,1,9048753.01,9149122.1115,10052444.025,11056135.04,12059826.055,12963147.9685,11056135.04,13063517.07,2838866.89169004,2007382.03,22112270.08,0,0,9048753.01,13063517.07,0,0
Fundo legado,2020-10-31,71590442000183,2,0,1,9790646.28,9893925.68025,10823440.2825,11856234.285,12889028.2875,13818542.88975,11856234.285,13921822.29,2921182.57094618,2065588.005,23712468.57,0,0,9790646.28,13921822.29,0,0
Fundo,2021-07-31,50657675000186,2,0,1,16498356.22,16593918.939,17453983.41,18409610.6,19365237.79,20225302.261,18409610.6,20320864.98,2702921.86534098,1911254.38,36819221.2,0,0,16498356.22,20320864.98,0,0
Fundo,2021-08-31,50657675000186,2,0,1,17335159.79,17422903.505,18212596.94,19090034.09,19967471.24,20757164.675,19090034.09,20844908.39,2481767.03531999,1754874.3,38180068.18,0,0,17335159.79,20844908.39,0,0
Fundo,2021-09-30,50657675000186,2,0,1,18467996.8,18543481.49575,19222843.7575,19977690.715,20732537.6725,21411899.93425,19977690.715,21487384.63,2135029.60962513,1509693.915,39955381.43,0,0,18467996.8,21487384.63,0,0
Fundo,2021-10-31,50657675000186,2,0,1,19534281.35,19601380.91775,20205277.0275,20876272.705,21547268.3825,22151164.49225,20876272.705,22218264.06,1897862.37482844,1341991.355,41752545.41,0,0,19534281.35,22218264.06,0,0
Fundo,2022-04-30,71590442000183,5,0,1,1223809,1326710.655,2252825.55,25521357.53,33423908.22,57465055.377,24511638.85,60136293.95,24430216.5195939,31171082.67,122558194.25,0,0,1223809,60136293.95,0,0
Fundo,2022-05-31,71590442000183,5,0,1,1223809,1432266.689,3308385.89,25508603.23,33197634.99,56430025.695,24449967.11,59011402.44,23762134.2311444,29889249.1,122249835.55,0,0,1223809,59011402.44,0,0
Fundo,2022-06-30,71590442000183,6,0,1,991545.64,1020578.56,1760144.1975,14438876.51,31275377.05,54574117.1275,20319773.8233333,57627900.29,22848279.9862599,29515232.8525,121918642.94,0,0,991545.64,57627900.29,0,0
Fundo,2022-07-31,71590442000183,6,0,1,982266.97,1229295.925,3077926.66,14472407.02,31275377.05,50920638.8725,19922618.53,53452496.57,21213212.5329748,28197450.39,119535711.18,0,0,982266.97,53452496.57,0,0
Fundo,2022-08-31,71590442000183,6,0,1,983050.91,1299178,3788583.045,16861583.96,35656763.635,48201954.825,20956849.42,49682138.09,20721126.7771902,31868180.59,125741096.52,0,0,983050.91,49682138.09,0,0
Fundo,2022-09-30,71590442000183,6,0,1,984155.78,1309484.08625,3900251.6025,17642797.425,36536584.755,47194033.61875,21141685.875,48426447.76,20566375.7495432,32636333.1525,126850115.25,0,0,984155.78,48426447.76,0,0
Fundo,2022-10-31,71590442000183,6,0,1,2982097.77,3068640.82375,4008701.505,18321224.705,37881797.2225,77957470.96125,27774884.075,83384908.77,31526621.1957562,33873095.7175,166649304.45,0,0,2982097.77,83384908.77,0,0
Fundo,2022-11-30,71590442000183,6,0,1,2991134.57,3088574.52625,4162549.8925,19045322.755,39043227.2425,78104316.0225,28229584.9766667,83384908.77,31586330.2332907,34880677.35,169377509.86,0,0,2991134.57,83384908.77,0,0
Fundo,2022-12-31,71590442000183,7,0,1,946334.07,1250331.663,3391130.495,5723490.22,37882028.67,71345937.951,23694246.11,76643580.15,28563198.9147972,34490898.175,165859722.77,0,0,946334.07,76643580.15,0,0
Fundo,2023-01-31,71590442000183,7,0,1,931876.17,1259240.2305,3463638.22,7746971.34,38050696.875,68282818.5855,23553152.9085714,73164552.66,27275833.2785283,34587058.655,164872070.36,0,0,931876.17,73164552.66,0,0
Fundo,2023-02-28,71590442000183,6,0,1,892103.69,1173725.47875,3348972.0425,5980334.92,29427540.2475,40792386.48125,15660579.6,41395577.63,18274650.018931,26078568.205,93963477.6,0,0,892103.69,41395577.63,0,0
Fundo,2023-03-31,71590442000183,6,0,1,879123.76,1165494.0825,3381677.725,6218641.775,30728276.2425,40690051.4775,15950247.9516667,41050902.96,18509871.0028451,27346598.5175,95701487.71,0,0,879123.76,41050902.96,0,0
Fundo,2023-04-30,71590442000183,6,0,1,863828,1155466.72875,3377774.315,6273195.575,31593124.4225,41433142.6575,16266857.6366667,41745192.07,18953681.0582829,28215350.1075,97601145.82,0,0,863828,41745192.07,0,0
Fundo,2023-05-31,71590442000183,7,0,1,237174.95,328890.875,2075877.625,3617646.09,24891608.575,42021558.197,14288561.6857143,42230138.36,18827637.4364232,22815730.95,100019931.8,0,0,237174.95,42230138.36,0,0
Fundo,2023-06-30,71590442000183,7,0,1,833514.39,1160428.926,3152828.945,3334498.9,25729449.17,42734797.5635,14968004.8871429,42843464.69,18974775.7471732,22576620.225,104776034.21,0,0,833514.39,42843464.69,0,0
Fundo,2023-07-31,71590442000183,7,0,1,817993.11,1097626.2525,3024693.34,6292070.28,25931346.63,45058785.073,15801645.0857143,45589372.27,19381979.4213518,22906653.29,110611515.6,0,0,817993.11,45589372.27,0,0
Fundo,2023-08-31,71590442000183,7,0,1,803397,1086124.671,3029476.67,10938555.99,27583896.36,46094880.217,17086284.8642857,46635295,19447415.5861193,24554419.69,119603994.05,0,0,803397,46635295,0,0
Fundo,2023-09-30,71590442000183,7,0,1,0,117836.2365,1716393.35,11523668.03,31199205.405,46775404.322,17790256.73,47176931.57,20212362.3577802,29482812.055,124531797.11,0,1,0,47176931.57,0,0
Fundo,2023-10-31,71590442000183,8,0,1,0,139460.1985,2007055.135,7801274.39,28866078.9425,47355429.12575,16932294.27375,47712599.7,19925615.4112076,26859023.8075,135458354.19,0,1,0,47712599.7,0,0
Fundo,2023-11-30,71590442000183,6,0,1,2441688.02,2667842.04625,6438472.16,20438635.53,42204472.6975,48145974.4975,23810486.8216667,48312459.06,20541538.3447437,35766000.5375,142862920.93,0,0,2441688.02,48312459.06,0,0
Fundo,2023-12-31,71590442000183,6,0,1,2455028.54,2633749.66375,6292165.975,22820809.695,43717759.265,48725525.715,24741945.2833333,48888996.58,21057279.5242464,37425593.29,148451671.7,0,0,2455028.54,48888996.58,0,0
Fundo,2024-01-31,71590442000183,6,0,1,1176996.74,1487225.87625,6305248.49,25233003.175,45084466.0125,49206243.11125,25452273.8016667,49373022.5,21854914.5856334,38779217.5225,152713642.81,0,0,1176996.74,49373022.5,0,0
Fundo,2024-02-29,71590442000183,6,0,1,1161541.63,1474835.6325,6489887.3375,28209608.845,46808796.0225,49561698.10625,26589948.22,49700424.75,22568640.3430396,40318908.685,159539689.32,0,0,1161541.63,49700424.75,0,0
Fundo,2024-03-31,71590442000183,6,0,1,1609157.55,1903856.48125,6879322.2625,30403069.405,48108719.1475,50109810.52125,27620103.8416667,50256651.08,23072999.9532156,41229396.885,165720623.05,0,0,1609157.55,50256651.08,0,0
Fundo,2024-04-30,71590442000183,6,0,1,1708660.29,1972949.5575,6839878.5075,32751384.215,50552057.005,52217736.46,29051781.295,52410934.51,24501296.3830026,43712178.4975,174310687.77,0,0,1708660.29,52410934.51,0,0
Fundo,2024-05-31,71590442000183,6,0,1,1732874.6,1998287.885,6992242.62,33301090.91,51296715.115,56281408.44,30132384.3233333,56941366.48,25575575.4499715,44304472.495,180794305.94,0,0,1732874.6,56941366.48,0,0
Fundo,2024-06-30,71590442000183,6,0,1,2258426.53,2386672.095,6629133.3675,33691730.785,51796879.2875,64518012.7275,31894354.4683333,66284042.36,27843804.2633859,45167745.92,191366126.81,0,0,2258426.53,66284042.36,0,0
Fundo,2024-07-31,71590442000183,6,0,1,2360189.51,2511258.97875,6900211.4875,34107211.865,52362470.475,68737906.295,32980164.2033333,71027603.94,29101811.5983729,45462258.9875,197880985.22,0,0,2360189.51,71027603.94,0,0
Fundo,2024-08-31,71590442000183,5,0,1,2124102.6,3615851.63,17041592.9,51913617.1,53290204.23,74124071.085,40161692.402,76438945.18,30032906.3902077,36248611.33,200808462.01,0,0,2124102.6,76438945.18,0,0
Fundo,2024-09-30,71590442000183,5,0,1,1991510.35,3731908.254,19395489.39,52514409.57,53827262.63,79089900.398,41925106.418,81896860.15,31439670.3962605,34431773.24,209625532.09,0,0,1991510.35,81896860.15,0,0
Fundo,2024-10-31,71590442000183,5,0,1,2049256.38,3814385.663,19700549.21,53077586.39,56044653.32,85905715.043,44019131.218,89223610.79,33996240.9322759,36344104.11,220095656.09,0,0,2049256.38,89223610.79,0,0
Fundo,2024-11-30,71590442000183,5,0,1,1981109.8,3783825.102,20008262.82,52247277.68,56649997.36,91164031.642,45177114.4,94998924.34,35927680.4886444,36641734.54,225885572,0,0,1981109.8,94998924.34,0,0
Classe,2024-12-31,71590442000183,5,0,1,2056514.45,3893965.458,20431024.53,55070889.79,57577244.47,96280227.286,47143246.39,100580558.71,37992164.9406937,37146219.94,235716231.95,0,0,2056514.45,100580558.71,0,0
Classe,2025-01-31,71590442000183,5,0,1,3318805,5035828.251,20489037.51,58024916.22,63430684.12,102372324.787,50392523.32,106699173.75,40338689.1245006,42941646.61,251962616.6,0,0,3318805,106699173.75,0,0
Classe,2025-02-28,71590442000183,5,0,1,3407411.25,5194066.001,21273958.76,63849420.19,66196377.82,107806557.79,53431415.828,112429911.12,42687248.0823138,44922419.06,267157079.14,0,0,3407411.25,112429911.12,0,0
Classe,2025-03-31,71590442000183,5,0,1,3396566.85,5207931.631,21510214.66,64242470.31,66688663.76,112711283.504,54732564.7,117824907.92,44590188.3822815,45178449.1,273662823.5,0,0,3396566.85,117824907.92,0,0
Classe,2025-04-30,71590442000183,5,0,1,3487196.79,5342333.929,22038568.18,65858941.01,67167159.17,118133910.95,56469749.704,123796883.37,46712395.5304339,45128590.99,282348748.52,0,0,3487196.79,123796883.37,0,0
Classe,2025-05-31,71590442000183,5,0,1,3536779.1,5395353.475,22122522.85,69130949.85,69864280.1,124031332.421,58940885.138,130049893.79,49256613.4017585,47741757.25,294704425.69,0,0,3536779.1,130049893.79,0,0
Classe,2025-06-30,71590442000183,5,0,1,3493079.15,5370266.01,22264947.75,69710865.2,70420725.79,129486329.395,60387758.426,136049174.24,51484424.3941373,48155778.04,301938792.13,0,0,3493079.15,136049174.24,0,0
Classe,2025-07-31,71590442000183,5,0,1,3499936.81,5680855.575,25309124.46,80494730.94,80796018.97,136942211.125,66656097.62,143180676.92,54648259.8596331,55486894.51,333280488.1,0,0,3499936.81,143180676.92,0,0
Classe,2025-08-31,71590442000183,5,0,1,3892101.2,6082860.484,25799694.04,81817799.9,84446972.11,143423169.148,69186529.436,149976079.93,57151468.5233667,58647278.07,345932647.18,0,0,3892101.2,149976079.93,0,0
Classe,2025-09-30,71590442000183,5,0,1,3692605.91,5917514.265,25941689.46,82793939.65,88019647.58,150420987.02,71560470.356,157354469.18,60093314.4708725,62077958.12,357802351.78,0,0,3692605.91,157354469.18,0,0
Classe,2025-10-31,71590442000183,5,0,1,3967242.05,6263749.142,26932312.97,86796853.81,90629288.02,157923431.182,74745251.01,165400558.2,63070460.7559196,63696975.05,373726255.05,0,0,3967242.05,165400558.2,0,0
Classe,2025-11-30,71590442000183,5,0,1,3867320.28,6157801.851,26772135.99,87473643.81,91599125.11,163741999.075,76294019.83,171757873.96,65518359.015028,64826989.12,381470099.15,0,0,3867320.28,171757873.96,0,0
Classe,2025-12-31,71590442000183,7,0,1,2416647.22,2655824.6275,15595056.37,89595331.04,132510022.015,178223578.7145,81099853.0557143,179476836.36,74228395.6154866,116914965.645,567698971.39,0,0,2416647.22,179476836.36,0,0
Classe,2026-01-31,71590442000183,8,0,1,1607802.12,1750450.58225,3690017.72,59376291.125,114482954.83,180687071.947,72227618.49875,182023516.84,75463056.8288732,110792937.11,577820947.99,0,0,1607802.12,182023516.84,0,0
Classe,2026-02-28,71590442000183,8,0,1,1625186.09,1764920.32975,3734723.9575,60613552.845,117518858.5375,186652468.069,74116538.075,188656640.68,77546015.0658558,113784134.58,592932304.6,0,0,1625186.09,188656640.68,0,0
Classe,2026-03-31,71590442000183,8,0,1,2417695.89,2633294.966,4192888.775,61989887.755,120609932.13,193603338.9525,76503931.2725,196345071.46,79713295.594344,116417043.355,612031450.18,0,0,2417695.89,196345071.46,0,0
Classe,2026-04-30,71590442000183,8,0,1,2413639.75,2640361.014,4215028.095,63461026.415,123357512.605,198508633.66525,78263062.69625,201611233.37,81540995.224181,119142484.51,626104501.57,0,0,2413639.75,201611233.37,0,0
Classe,2026-05-31,71590442000183,8,0,1,2413675.74,2723420.16975,4457053.3875,64518851.87,125781152.2825,203585676.3055,79964523.465,207078531.22,83350985.7583441,121324098.895,639716187.72,0,0,2413675.74,207078531.22,0,0
Classe,2026-06-30,71590442000183,8,0,1,2421741.53,2742910.34475,4492581.4575,65779094.005,128381176.31,210947632.27625,82036001.35375,215275643.98,85828689.1608083,123888594.8525,656288010.83,0,0,2421741.53,215275643.98,0,0
Classe,2026-07-31,71590442000183,8,0,1,2421697.48,2826333.67,12024064.1425,67612332.06,133239802.9275,220873922.64675,86318692.065,226502446.14,87981617.3660771,121215738.785,690549536.52,0,0,2421697.48,226502446.14,0,0
Classe,2026-08-31,71590442000183,9,0,1,2437466.99,2912095.598,14706040.8,32432879.7,115382886.35,228124832.81,81451698.7988889,235697127.54,87888176.3033377,100676845.55,733065289.19,0,0,2437466.99,235697127.54,0,0
Fundo legado,2020-06-30,71590442000183,1,0,1,11229187.54,11229187.54,11229187.54,11229187.54,11229187.54,11229187.54,11229187.54,11229187.54,,0,11229187.54,0,0,11229187.54,11229187.54,0,0
Fundo legado,2020-01-31,58006471000197,1,0,1,26541360.02,26541360.02,26541360.02,26541360.02,26541360.02,26541360.02,26541360.02,26541360.02,,0,26541360.02,0,0,26541360.02,26541360.02,0,0
Fundo legado,2020-02-29,58006471000197,1,0,1,27375221.38,27375221.38,27375221.38,27375221.38,27375221.38,27375221.38,27375221.38,27375221.38,,0,27375221.38,0,0,27375221.38,27375221.38,0,0
Fundo legado,2020-03-31,58006471000197,1,0,1,27997966.67,27997966.67,27997966.67,27997966.67,27997966.67,27997966.67,27997966.67,27997966.67,,0,27997966.67,0,0,27997966.67,27997966.67,0,0
Fundo legado,2020-04-30,58006471000197,1,0,1,28485599.68,28485599.68,28485599.68,28485599.68,28485599.68,28485599.68,28485599.68,28485599.68,,0,28485599.68,0,0,28485599.68,28485599.68,0,0
Fundo legado,2020-05-31,58006471000197,1,0,1,28836844.68,28836844.68,28836844.68,28836844.68,28836844.68,28836844.68,28836844.68,28836844.68,,0,28836844.68,0,0,28836844.68,28836844.68,0,0
Fundo legado,2020-06-30,58006471000197,1,0,1,29294699.28,29294699.28,29294699.28,29294699.28,29294699.28,29294699.28,29294699.28,29294699.28,,0,29294699.28,0,0,29294699.28,29294699.28,0,0
Fundo legado,2020-07-31,58006471000197,1,0,1,29833075.77,29833075.77,29833075.77,29833075.77,29833075.77,29833075.77,29833075.77,29833075.77,,0,29833075.77,0,0,29833075.77,29833075.77,0,0
Fundo legado,2020-08-31,58006471000197,1,0,1,30243119.66,30243119.66,30243119.66,30243119.66,30243119.66,30243119.66,30243119.66,30243119.66,,0,30243119.66,0,0,30243119.66,30243119.66,0,0
Fundo legado,2020-09-30,58006471000197,1,0,1,30432508.93,30432508.93,30432508.93,30432508.93,30432508.93,30432508.93,30432508.93,30432508.93,,0,30432508.93,0,0,30432508.93,30432508.93,0,0
Fundo legado,2020-10-31,58006471000197,2,0,1,369544.09,1131176.86175,7985871.8075,15602199.525,23218527.2425,30073222.18825,15602199.525,30834854.96,21542227.9071332,15232655.435,31204399.05,0,0,369544.09,30834854.96,0,1
Fundo,2024-12-31,33886862000112,7,0,1,10000,1324024.195,12217166.705,21504541.09,34229692.92,267543771.4365,60405192.0428571,308428083.96,110090719.07545,22012526.215,422836344.3,0,0,10000,35866000.47,1,0
Classe,2025-11-30,62264924000152,12,0,1,1194971.51,1838007.288,20480878.725,35459186.08,368476599.685,1868298549.144,363651786.519167,2165841263.14,651913065.809711,347995720.96,4363821438.23,0,0,1194971.51,521372404.9,2,1
Fundo,2021-08-31,52904364000108,1,0,1,421836553.73,421836553.73,421836553.73,421836553.73,421836553.73,421836553.73,421836553.73,421836553.73,,0,421836553.73,0,0,421836553.73,421836553.73,0,0
Fundo,2021-09-30,52904364000108,1,0,1,424314040.33,424314040.33,424314040.33,424314040.33,424314040.33,424314040.33,424314040.33,424314040.33,,0,424314040.33,0,0,424314040.33,424314040.33,0,0
Fundo,2021-10-31,52904364000108,1,0,1,427274703.32,427274703.32,427274703.32,427274703.32,427274703.32,427274703.32,427274703.32,427274703.32,,0,427274703.32,0,0,427274703.32,427274703.32,0,0
Fundo,2021-11-30,52904364000108,1,0,1,800584308.21,800584308.21,800584308.21,800584308.21,800584308.21,800584308.21,800584308.21,800584308.21,,0,800584308.21,0,0,800584308.21,800584308.21,0,0
Fundo,2021-12-31,52904364000108,1,0,1,808489412.85,808489412.85,808489412.85,808489412.85,808489412.85,808489412.85,808489412.85,808489412.85,,0,808489412.85,0,0,808489412.85,808489412.85,0,0
Fundo,2022-01-31,52904364000108,1,0,1,806007880.48,806007880.48,806007880.48,806007880.48,806007880.48,806007880.48,806007880.48,806007880.48,,0,806007880.48,0,0,806007880.48,806007880.48,0,0
Fundo,2022-02-28,52904364000108,1,0,1,813553770.41,813553770.41,813553770.41,813553770.41,813553770.41,813553770.41,813553770.41,813553770.41,,0,813553770.41,0,0,813553770.41,813553770.41,0,0
Fundo,2021-12-31,36864992000142,21,0,1,0,0,0,69482846.5,268483714.67,483735255.77,146500262.049524,569682922.93,171972631.863082,268483714.67,3076505503.04,0,6,0,569682922.93,0,0
Fundo,2021-11-30,62418140000131,5,0,1,0,0,0,204569834.12,306759930.26,989686535.855,315379406.838,1065567269.81,439904315.461868,306759930.26,1576897034.19,0,2,0,306759930.26,1,1
Fundo,2021-12-31,62418140000131,5,0,1,0,0,0,211837109.84,309254950.01,1002502720.694,320124462.124,1079530250.77,445393306.889453,309254950.01,1600622310.62,0,2,0,309254950.01,1,0
Fundo,2022-01-31,62418140000131,5,0,1,0,0,0,213979803.65,311686390.06,1169836150.156,358170463.442,1265186123.5,524928872.516172,311686390.06,1790852317.21,0,2,0,311686390.06,1,1
Fundo,2022-02-28,62418140000131,5,0,1,0,0,0,220192472.3,314214624.76,1176384718.552,361317698.54,1272181395.64,527472431.102323,314214624.76,1806588492.7,0,2,0,314214624.76,1,1
Classe,2024-12-31,16695922000109,73,0,1,0,1240736.92,5089698.4,17820713.12,37502626.5,328743523.600001,46462106.4138356,557924780.54,97421246.4476047,32412928.1,3391733768.21,0,1,0,81165854.57,7,1
Classe,2025-01-31,16695922000109,82,0,1,0,476521.62575,5262299.01,18032718.745,37773236.9775,268837787.19375,46547588.545,569722574.2,95862396.1965277,32510937.9675,3816902260.69,0,1,0,85151988.37,9,1
Classe,2025-02-28,16695922000109,85,0,1,0,1122874.966,6534984.99,16553911.1,37607671.03,259088217.947,46935984.2337647,574572345.44,95239153.8741147,31072686.04,3989558659.87,0,2,0,74061759.03,11,2
Fundo,2022-03-31,62418140000131,3,0,1,230000312.01,234369285.4215,273690046.125,317379780.24,805443123.3,1244700132.054,613628852.87,1293506466.36,590410001.491068,531753077.175,1840886558.61,0,0,230000312.01,1293506466.36,0,1
Fundo,2022-04-30,62418140000131,4,0,1,268296756.11,272190684.15575,307236036.5675,418132691.395,706446518.955,1220518237.7445,595549864.1275,1277637317.61,467071384.191515,399210482.3875,2382199456.51,0,0,268296756.11,1277637317.61,0,1
Fundo,2022-05-31,62418140000131,4,0,1,282235706.44,285351183.32275,313390475.2675,430414244.7,725501651.82,1234312765.521,608477882.3875,1290847333.71,468408308.62243,412111176.5525,2433911529.55,0,0,282235706.44,1290847333.71,0,1
Fundo,2022-06-30,62418140000131,4,0,1,280392778.95,295148153.6055,427946525.505,540254803.08,778561168.305,1251554376.8595,666252890.73,1304109177.81,445521756.615264,350614642.8,2665011562.92,0,0,280392778.95,1304109177.81,0,1
Fundo,2022-07-31,62418140000131,5,0,1,1183699.4,27431563.321,263662338.61,540540384.16,611320663.52,1215418740.038,539849566.846,1282540748.54,480400636.980846,347658324.91,2699247834.23,0,0,1183699.4,611320663.52,1,1
Classe,2024-11-30,16695922000109,58,0,1,0,1022880.95825,7792765.8125,16525506,36857607.4125,370146987.606999,43512769.7184483,536363959.42,96566879.0202184,29064841.6,2523740643.67,0,1,0,78683487.01,4,1
Classe,2025-12-31,62264924000152,13,0,1,1201138.18,1208349.073,12231398.63,26889493.18,157907358.38,1685820732.995,247811126.053846,2185245638.12,599451286.896379,145675959.75,3221544638.7,0,0,1201138.18,184880696.97,2,1
Fundo,2024-11-30,15489568000195,2,0,1,3841377.64,3905627.456,4483875.8,5126373.96,5768872.12,6347120.464,5126373.96,6411370.28,1817259.22334352,1284996.32,10252747.92,0,0,3841377.64,6411370.28,0,0
Fundo legado,2020-01-31,33886862000112,3,0,1,4208040.42,5470545.4005,16833090.225,29458140.03,38091788.075,45862071.3155,26797205.5233333,46725436.12,21383233.2357427,21258697.85,80391616.57,0,0,4208040.42,46725436.12,0,0
Fundo legado,2020-04-30,33886862000112,5,0,1,2087318.23,2227238.822,3486524.15,4119846.21,28934494.79,46157855.324,17339949.086,48071562.05,20482900.0387522,25447970.64,86699745.43,0,0,2087318.23,48071562.05,0,0
Fundo legado,2020-06-30,33886862000112,5,0,1,2352570.17,2529297.774,4119846.21,5063969.24,17718738.29,44047607.84,15245632.34,46973037.79,18751166.2453333,13598892.08,76228161.7,0,0,2352570.17,17718738.29,1,0
Fundo legado,2020-07-31,33886862000112,5,0,1,2245861.92,2402345.753,3810700.25,5114670.51,18214308.1,45108879.436,15496541.184,48097165.14,19300968.6111477,14403607.85,77482705.92,0,0,2245861.92,18214308.1,1,0
Fundo legado,2020-08-31,33886862000112,5,0,1,0,333527.011,3335270.11,3782257.8,5142994.43,41740258.523,11613428.708,45806621.2,19207861.713766,1807724.32,58067143.54,0,1,3335270.11,5142994.43,2,1
Fundo,2024-05-31,44782130000107,17,0,1,5147785.96,5809961.08,10554647.46,18112711.05,24723740.97,45159317.056,20221954.6794118,50292929.2,12347991.300039,14169093.51,343773229.55,0,0,5147785.96,37458898.84,1,0
Fundo,2024-06-30,44782130000107,20,0,1,987051.39,990641.46375,9742523.425,15844247.375,23052437.0525,45001115.62425,18170717.375,50728020.94,12993198.5890178,13309913.6275,363414347.5,0,0,987051.39,38671378.17,1,0
Fundo,2024-07-31,44782130000107,25,0,1,987051.39,1099181.808,7655586.45,12798925.62,23171023.67,44526547.98,17021810.1048,51000977.04,12782366.884504,15515437.22,425545252.62,0,0,987051.39,40210261.94,1,0
Fundo,2024-08-31,44782130000107,28,0,1,1214541.79,1725903.565,8105343.3025,15624997.735,25323794.2675,140675120.805,28855637.5996429,283224809.91,52714609.3855413,17218450.965,807957852.79,0,0,1214541.79,46628571.07,3,0
Fundo,2024-09-30,44782130000107,32,0,1,1240687.4,1822026.84275,7215384.78,13705846.89,25892070.945,128577738.1465,28721812.9675,282873036.8,50541101.9196598,18676686.165,919098014.96,0,0,1240687.4,47817525.47,4,0
Classe,2024-10-31,44782130000107,33,0,1,1529212.28,3007267.496,6778322.18,14691747.61,27892537.88,125469212.216001,28956094.980303,286720850.24,50436040.4367862,21114215.7,955551134.35,0,0,1529212.28,54649626.64,3,0
Classe,2025-11-30,45246410000155,6,0,1,11543121.29,11592244.555,16201100.1775,31543445.435,37945683.1575,110201801.8625,41022883.1516667,120340539.26,40502585.655411,21744582.98,246137298.91,0,0,11543121.29,39230640.08,1,0
Fundo,2025-06-30,02332886000104,5,0,1,18348531.46,26306677.534,97929992.2,165315419.83,385881509.21,662838683.135,272217431.032,693611702.46,272372091.156536,287951517.01,1361087155.16,0,0,18348531.46,693611702.46,0,0
Classe,2025-11-30,02332886000104,5,0,1,160994788.75,173781091.965,288857820.9,324151083.87,363989653.54,650215206.745,364002278.61,682018045.99,193378435.100502,75131832.64,1820011393.05,0,0,288857820.9,363989653.54,2,0
Classe,2025-12-31,02332886000104,6,0,1,92417650.26,101335207.17875,200217702.6075,325332912.74,399067965.16,649361493.1025,334599715.995,682355871.7,208068737.953142,198850262.5525,2007598295.97,0,0,92417650.26,682355871.7,0,0
Fundo,2025-06-30,45854066000187,1,0,1,12729806.86,12729806.86,12729806.86,12729806.86,12729806.86,12729806.86,12729806.86,12729806.86,,0,12729806.86,0,0,12729806.86,12729806.86,0,0
Fundo,2020-11-30,29292189000115,1,0,1,15302537.31,15302537.31,15302537.31,15302537.31,15302537.31,15302537.31,15302537.31,15302537.31,,0,15302537.31,0,0,15302537.31,15302537.31,0,0
Fundo,2020-12-31,29292189000115,1,0,1,28480345.23,28480345.23,28480345.23,28480345.23,28480345.23,28480345.23,28480345.23,28480345.23,,0,28480345.23,0,0,28480345.23,28480345.23,0,0
Fundo,2021-01-31,29292189000115,1,0,1,28649634.21,28649634.21,28649634.21,28649634.21,28649634.21,28649634.21,28649634.21,28649634.21,,0,28649634.21,0,0,28649634.21,28649634.21,0,0
Fundo,2021-02-28,29292189000115,1,0,1,28801121.31,28801121.31,28801121.31,28801121.31,28801121.31,28801121.31,28801121.31,28801121.31,,0,28801121.31,0,0,28801121.31,28801121.31,0,0
Fundo,2021-03-31,29292189000115,1,0,1,29003508.03,29003508.03,29003508.03,29003508.03,29003508.03,29003508.03,29003508.03,29003508.03,,0,29003508.03,0,0,29003508.03,29003508.03,0,0
Fundo,2021-04-30,29292189000115,1,0,1,29178698.77,29178698.77,29178698.77,29178698.77,29178698.77,29178698.77,29178698.77,29178698.77,,0,29178698.77,0,0,29178698.77,29178698.77,0,0
Fundo,2021-05-31,29292189000115,1,0,1,26812008.72,26812008.72,26812008.72,26812008.72,26812008.72,26812008.72,26812008.72,26812008.72,,0,26812008.72,0,0,26812008.72,26812008.72,0,0
Fundo,2021-06-30,29292189000115,1,0,1,26561255.81,26561255.81,26561255.81,26561255.81,26561255.81,26561255.81,26561255.81,26561255.81,,0,26561255.81,0,0,26561255.81,26561255.81,0,0
Fundo,2021-07-31,29292189000115,1,0,1,23217734.58,23217734.58,23217734.58,23217734.58,23217734.58,23217734.58,23217734.58,23217734.58,,0,23217734.58,0,0,23217734.58,23217734.58,0,0
Fundo,2021-08-31,29292189000115,1,0,1,14477037.08,14477037.08,14477037.08,14477037.08,14477037.08,14477037.08,14477037.08,14477037.08,,0,14477037.08,0,0,14477037.08,14477037.08,0,0
Fundo,2021-09-30,29292189000115,1,0,1,-210935.15,-210935.15,-210935.15,-210935.15,-210935.15,-210935.15,-210935.15,-210935.15,,0,-210935.15,1,0,-210935.15,-210935.15,0,1
Fundo,2021-10-31,29292189000115,1,0,1,-252473.4,-252473.4,-252473.4,-252473.4,-252473.4,-252473.4,-252473.4,-252473.4,,0,-252473.4,1,0,-252473.4,-252473.4,0,1
Fundo,2021-11-30,29292189000115,1,0,1,14804264.59,14804264.59,14804264.59,14804264.59,14804264.59,14804264.59,14804264.59,14804264.59,,0,14804264.59,0,0,14804264.59,14804264.59,0,0
Fundo,2021-12-31,29292189000115,1,0,1,8312500.46,8312500.46,8312500.46,8312500.46,8312500.46,8312500.46,8312500.46,8312500.46,,0,8312500.46,0,0,8312500.46,8312500.46,0,0
Fundo,2022-01-31,29292189000115,1,0,1,15737728.05,15737728.05,15737728.05,15737728.05,15737728.05,15737728.05,15737728.05,15737728.05,,0,15737728.05,0,0,15737728.05,15737728.05,0,0
Fundo,2022-02-28,29292189000115,1,0,1,27861929.99,27861929.99,27861929.99,27861929.99,27861929.99,27861929.99,27861929.99,27861929.99,,0,27861929.99,0,0,27861929.99,27861929.99,0,0
Fundo,2025-12-31,13673855000125,5,0,1,2579736.7,4121369.917,17996068.87,32423020.72,80080343.63,1020278281.976,251564777.898,1124744719.57,488983927.151745,62084274.76,1257823889.49,0,0,2579736.7,80080343.63,1,0
Fundo,2025-06-30,00806535000154,4,0,1,87646.58,1396667.5715,13177856.495,21186950.2,26873130.45,32382453.045,18864036.745,32994600,14019030.1180932,13695273.955,75456146.98,0,0,87646.58,32994600,0,0
Fundo,2025-12-31,33886862000112,1,0,1,242880782.47,242880782.47,242880782.47,242880782.47,242880782.47,242880782.47,242880782.47,242880782.47,,0,242880782.47,0,0,242880782.47,242880782.47,0,0
Fundo,2024-12-31,62232889000190,8,0,1,0,0,0,3904094.73,22043636.8125,174524828.787,32642740.67125,205759992.88,70740669.0415707,22043636.8125,261141925.37,0,4,0,27273340.92,1,0
Classe,2026-09-30,62232889000190,43,0,1,579330.71,6236457.3115,22349934.35,45008391.68,99523902.345,302152666.9605,83280747.4572093,482720269.97,99331288.6068319,77173967.995,3581072140.66,0,0,579330.71,184635742.28,5,0
Fundo,2022-02-28,39669186000101,1,0,1,232251089.16,232251089.16,232251089.16,232251089.16,232251089.16,232251089.16,232251089.16,232251089.16,,0,232251089.16,0,0,232251089.16,232251089.16,0,0
Fundo legado,2020-01-31,40768766000135,2,0,1,102952423.09,103922215.3685,112650345.875,122348268.66,132046191.445,140774321.9515,122348268.66,141744114.23,27429867.8587881,19395845.57,244696537.32,0,0,102952423.09,141744114.23,0,0
Fundo legado,2020-02-29,40768766000135,2,0,1,103006192.86,103914975.8735,112094022.995,121181853.13,130269683.265,138448730.3865,121181853.13,139357513.4,25704265.2589198,18175660.27,242363706.26,0,0,103006192.86,139357513.4,0,0
Fundo legado,2020-03-31,40768766000135,2,0,1,103039175.75,103949558.41475,112143002.3975,121246829.045,130350655.6925,138544099.67525,121246829.045,139454482.34,25749510.2287762,18207653.295,242493658.09,0,0,103039175.75,139454482.34,0,0
Fundo legado,2020-04-30,40768766000135,2,0,1,103067500.45,103979357.21375,112186068.0875,121304635.725,130423203.3625,138629914.23625,121304635.725,139541771,25791204.0447378,18237135.275,242609271.45,0,0,103067500.45,139541771,0,0
Fundo legado,2020-05-31,40768766000135,2,0,1,103081343.75,103808114.362,110349049.87,117616755.99,124884462.11,131425397.618,117616755.99,132152168.23,20556177.1244919,14535412.24,235233511.98,0,0,103081343.75,132152168.23,0,0
Fundo legado,2020-06-30,40768766000135,2,0,1,103086234.06,103815312.90875,110377022.5475,117667811.035,124958599.5225,131520309.16125,117667811.035,132249388.01,20621463.9188322,14581576.975,235335622.07,0,0,103086234.06,132249388.01,0,0
Fundo legado,2020-07-31,40768766000135,2,0,1,132357797.88,132379319.21275,132573011.2075,132788224.535,133003437.8625,133197129.85725,132788224.535,133218651.19,608715.213107887,430426.655000001,265576449.07,0,0,132357797.88,133218651.19,0,0
Fundo legado,2020-08-31,40768766000135,2,0,1,132580834.27,132596162.385,132734115.42,132887396.57,133040677.72,133178630.755,132887396.57,133193958.87,433544.562372296,306562.299999997,265774793.14,0,0,132580834.27,133193958.87,0,0
Fundo legado,2020-09-30,40768766000135,2,0,1,132677469.23,132689996.369,132802740.62,132928012.01,133053283.4,133166027.651,132928012.01,133178554.79,354320.99743066,250542.780000001,265856024.02,0,0,132677469.23,133178554.79,0,0
Fundo legado,2020-10-31,40768766000135,2,0,1,132772362.34,132782316.4405,132871903.345,132971444.35,133070985.355,133160572.2595,132971444.35,133170526.36,281544.478566493,199082.00999999,265942888.7,0,0,132772362.34,133170526.36,0,0
Fundo,2026-08-31,62232889000190,1,0,1,81949270.07,81949270.07,81949270.07,81949270.07,81949270.07,81949270.07,81949270.07,81949270.07,,0,81949270.07,0,0,81949270.07,81949270.07,0,0
Fundo,2022-08-31,62418140000131,4,0,1,17521489.2,37846353.25875,220770129.7875,418038331.685,571498709.99,636141362.819,374230508.0925,643323879.8,281093686.44406,350728580.2025,1496922032.37,0,0,17521489.2,643323879.8,0,0
Fundo,2022-09-30,62418140000131,4,0,1,38945641.6,58650903.18475,235998257.4475,427767547.895,574182704.105,629073895.9265,382413413.6575,635172917.24,269423068.475593,338184446.6575,1529653654.63,0,0,38945641.6,635172917.24,0,0
Fundo,2022-10-31,62418140000131,4,0,1,46170436.5,63881500.1865,223281073.365,421689431.99,576829733.095,619405550.9695,378421374.47,624136197.4,266683038.00791,353548659.73,1513685497.88,0,0,46170436.5,624136197.4,0,0
Fundo,2022-11-30,62418140000131,4,0,1,48214612.35,66111681.957,227185308.42,427011866.785,585336642.4375,634355455.57675,385510084.0725,639801990.37,271521927.767883,358151334.0175,1542040336.29,0,0,48214612.35,639801990.37,0,0
Fundo,2022-12-31,62418140000131,4,0,1,50662089.52,67893625.9735,222977454.055,341700237.495,466089778.2975,636473851.25775,347366994.8575,655405414.92,251990232.103433,243112324.2425,1389467979.43,0,0,50662089.52,655405414.92,0,0
Fundo,2023-01-31,62418140000131,4,0,1,47608541.48,65133921.34475,222862340.1275,344515748.05,471838526.02,644874243.931,350185118.0975,664100434.81,257006578.972092,248976185.8925,1400740472.39,0,0,47608541.48,664100434.81,0,0
Fundo,2023-02-28,62418140000131,4,0,1,49223501.27,67261324.916,229601737.73,350573365.175,499669575.28,737946361.276,378697947.835,764421559.72,297949918.375262,270067837.55,1514791791.34,0,0,49223501.27,764421559.72,0,0
Fundo,2023-03-31,62418140000131,4,0,1,51457217.24,69270513.3845,229590178.685,352181134.305,503269549.9625,740532357.36425,380678594.3425,766894891.52,298421288.815059,273679371.2775,1522714377.37,0,0,51457217.24,766894891.52,0,0
Fundo,2023-04-30,62418140000131,4,0,1,153764169.6,164879961.8355,264922091.955,360604665.485,508774423.0275,750531949.98075,413091849.4975,777393897.42,266052359.93443,243852331.0725,1652367397.99,0,0,153764169.6,777393897.42,0,0
Fundo,2023-05-31,62418140000131,4,0,1,310004407.26,312421484.47425,334175179.4025,383153476.81,497260471.78,694861650.127,448282174.3725,716817336.61,185350556.444854,163085292.3775,1793128697.49,0,0,310004407.26,716817336.61,0,0
Fundo,2023-06-30,62418140000131,4,0,1,267518732.09,271051644.14525,302847852.6425,449095473.39,624856747.9075,736339821.58375,478609127.16,748726829.77,227618007.734455,322008895.265,1914436508.64,0,0,267518732.09,748726829.77,0,0
Fundo,2023-07-31,62418140000131,4,0,1,270745645.63,276574268.25175,329031871.8475,523470231.57,713161546.8675,752802130.51575,518723187.145,757206639.81,244723667.0835,384129675.02,2074892748.58,0,0,270745645.63,757206639.81,0,0
Fundo,2023-08-31,62418140000131,4,0,1,246467807.1,255772509.7065,339514833.165,566375259.705,827064394.8525,1002144231.55125,600203968.3125,1021597546.74,356698245.895519,487549561.6875,2400815873.25,0,0,246467807.1,1021597546.74,0,0
Fundo,2023-09-30,62418140000131,5,0,1,333304.43,17690593.451,173906194.64,460714106.96,765929253.92,1127753589.578,513767830.698,1167956293.54,467301714.716375,592023059.28,2568839153.49,0,0,333304.43,1167956293.54,0,0
Fundo,2023-10-31,62418140000131,5,0,1,175882324.53,182465783.206,241716911.29,467890590.53,727625699.51,1174470946.799,567447188.916,1224120418.72,426090265.98347,485908788.22,2837235944.58,0,0,175882324.53,1224120418.72,0,0
Fundo,2023-11-30,62418140000131,5,0,1,269683733.22,272079541.994,293641820.96,481108933.01,682679431.08,1220228747.523,601414073.524,1279956449.35,414205842.27257,389037610.12,3007070367.62,0,0,269683733.22,682679431.08,1,0
Fundo,2023-12-31,62418140000131,5,0,1,316888011.64,334636287.061,494370765.85,540517488.1,705198914.69,1183585993.385,658743058.704,1236740113.24,351460933.466842,210828148.84,3293715293.52,0,0,316888011.64,705198914.69,1,0
Fundo,2024-01-31,62418140000131,6,0,1,126864272.34,152463852.12625,378404759.035,558517785.365,684335980.485,1206639683.4475,594284096.533333,1277162273.68,393345508.081295,305931221.45,3565704579.2,0,0,126864272.34,712981551.82,1,1
Fundo,2024-02-29,62418140000131,7,0,1,74441.65,50341870.2085,433500225.815,677096348.87,816002501.76,1222222897.4335,636792245.025714,1281369469.51,408009253.131882,382502275.945,4457545715.18,0,0,74441.65,1281369469.51,0,0
Fundo,2024-03-31,62418140000131,7,0,1,75037.31,59922726.689,465813120.08,686667530.76,1063311023.14,2366317001.964,898184034.388572,2542297386.21,834544815.847714,597497903.06,6287288240.72,0,0,75037.31,1369094824.57,1,2
Fundo,2024-04-30,62418140000131,8,0,1,35946219.82,66299855.86175,354709292.135,603038545.46,932078692.235,3705657778.0985,1029027635.7,4191557122.2,1344132309.90906,577369400.1,8232221085.6,0,0,35946219.82,1414989441.62,1,2
Fundo,2024-05-31,62418140000131,8,0,1,3659172.67,52877507.0905,376689292.24,706030483.075,1034193959.155,3739710971.66125,1083399222.11875,4230874612.05,1345594123.94008,657504666.915,8667193776.95,0,0,3659172.67,1424225238.4,1,2
Fundo,2024-06-30,62418140000131,8,0,1,0,50350156.41775,461554338.7675,779348527.725,1147905878.5275,4100236686.726,1190209052.5075,4664207797.31,1473475234.78002,686351539.76,9521672420.06,0,1,0,1441515736.83,1,2
Fundo,2024-07-31,62418140000131,8,0,1,0,90670407.317,522573975.3425,791113416.205,1221691910.5475,4140338351.30975,1240851296.94,4712975357.55,1469994746.96756,699117935.205,9926810375.52,0,1,0,1440763893.32,1,3
Fundo,2024-08-31,62418140000131,8,0,1,0,56300265.049,476205167.455,801449998.805,1241661773.485,4182702215.6065,1229595764.03375,4762428542.02,1501123520.59578,765456606.03,9836766112.27,0,1,0,1449706676.8,1,2
Fundo,2024-09-30,62418140000131,8,0,1,0,39179755.99825,452164891.09,782317554.395,1308517555.6775,4222762020.13775,1230646151.22625,4808071877.31,1526386021.70701,856352664.5875,9845169209.81,0,1,0,1463444122.04,1,2
Fundo,2024-10-31,62418140000131,1,0,1,231627643.01,231627643.01,231627643.01,231627643.01,231627643.01,231627643.01,231627643.01,231627643.01,,0,231627643.01,0,0,231627643.01,231627643.01,0,0
Classe,2024-11-30,62418140000131,8,0,1,108943402.71,130774887.2345,459856532.0525,786120275.09,1402100744.7425,4317323692.13675,1282660994.26125,4902449811.02,1546766104.82054,942244212.69,10261287954.09,0,0,108943402.71,1558871988.83,1,3
Classe,2024-12-31,62418140000131,9,0,1,92568582.33,96733153.74,450402299.7,658127526.24,1433258594.57,4264825705.022,1185733120.63,4947516548.51,1499835410.27739,982856294.87,10671598085.67,0,0,92568582.33,1534062331.07,1,3
Classe,2025-01-31,62418140000131,9,0,1,114627093.82,115673837.018,463345556.2,659457663.16,1471048055.04,4335876131.882,1210531101.56,5009407740.91,1520629910.6167,1007702498.84,10894779914.04,0,0,114627093.82,1641749695.77,1,3
Classe,2025-02-28,62418140000131,9,0,1,153701803.32,191605690.844,547136207.06,669477481.37,1489211990.28,4373371701.276,1269671463.27111,5056876771.49,1501891981.74525,942075783.22,11427043169.44,0,0,153701803.32,1639351420.42,1,3
Classe,2025-03-31,62418140000131,11,0,1,56046638.81,56068000.955,294327081.345,671944052.69,1194791708.115,4237528813.0725,1084588311.90455,5106287873.97,1434927083.33808,900464626.77,11930471430.95,0,0,56046638.81,1631251630.38,1,3
Classe,2025-04-30,62418140000131,16,0,1,81660211.65,105948644.90625,233306604.77,516156978.215,890119161.4625,3856007010.53,884630946.681875,5163495856.43,1230648573.68951,656812556.6925,14154095146.91,0,0,81660211.65,1676858934.03,1,3
Classe,2025-05-31,62418140000131,16,0,1,95594318.09,121600130.48375,258488822.69,607936052.78,899209666.5925,3888060050.565,921641128.035,5232180627.75,1233937003.5652,640720843.9025,14746258048.56,0,0,95594318.09,1647859088.59,1,3
Classe,2025-06-30,62418140000131,18,0,1,34379558.23,59151955.9265,258148900.185,595010813.575,850992700.25,13626878181.83,1907358975.03944,18114498464.22,4384175272.53274,592843800.065,34332461550.71,0,0,34379558.23,1597090750.06,2,3
Classe,2025-07-31,62418140000131,22,0,1,1010332.81,18755687.5105,259075857.9075,536497857.245,857291340.275,12987491379.3485,1973054133.97273,18341379035,4269454174.8083,598215482.3675,43407190947.4,0,0,1010332.81,1534743894.6,3,4
Classe,2025-08-31,62418140000131,25,0,1,1022135.63,21532542.812,258218929.88,496730378.15,916007889.44,12287758569.922,1799429094.8484,18434891406.4,4052660006.25169,657788959.56,44985727371.21,0,0,1022135.63,1477821580.34,3,4
Classe,2025-09-30,62418140000131,28,0,1,1034608.01,24384129.089,202139399.0075,429528026.695,776383028.4725,9648317106.45775,1423058167.9125,12376343797.57,2955155590.36466,574243629.465,39845628701.55,0,0,1034608.01,1445224914.43,3,4
Classe,2025-10-31,62418140000131,30,0,1,1046572.54,26432462.30825,214559367.135,431895260.525,702610755.8025,8081700729.65225,959180584.940333,8440129695.29,1995527092.17785,488051388.6675,28775417548.21,0,0,1046572.54,1407547907.89,2,3
Fundo,2025-11-30,62418140000131,25,0,1,29987410.86,33846056.724,229356888.62,370846647.58,711267306.2,4042742406.50599,767305289.4584,8029268696.36,1551567765.68992,481910417.58,19182632236.46,0,0,29987410.86,1385058213.27,1,1
Fundo,2025-12-31,62418140000131,29,0,1,0,34885.263,174078335.12,298146937.6,694165365.06,3133699389.88301,661843273.713103,8137216121.04,1469541620.52458,520087029.94,19193454937.68,0,1,0,989335076.53,1,1
Classe,2026-01-31,62418140000131,37,0,1,0,1756674.09,174475674.65,323580533.95,745395489.81,5689973525.858,825464361.125135,8241291883.16,1555601088.80985,570919815.16,30542181361.63,0,1,0,1288471210.04,3,3
Classe,2026-02-28,62418140000131,34,0,1,1925281.43,7002243.11375,160024614.4325,321139685.665,730312882.09,5964021273.99649,839312494.145588,8332811116.52,1635784378.09224,570288267.6575,28536624800.95,0,0,1925281.43,1303014745.42,3,3
Fundo legado,2020-01-31,47215387000167,1,0,1,38401967.84,38401967.84,38401967.84,38401967.84,38401967.84,38401967.84,38401967.84,38401967.84,,0,38401967.84,0,0,38401967.84,38401967.84,0,0
Fundo legado,2020-02-29,47215387000167,1,0,1,38794222.73,38794222.73,38794222.73,38794222.73,38794222.73,38794222.73,38794222.73,38794222.73,,0,38794222.73,0,0,38794222.73,38794222.73,0,0
Fundo legado,2020-03-31,47215387000167,2,0,1,1919688.1,2854837.4445,11271181.545,20622674.99,29974168.435,38390512.5355,20622674.99,39325661.88,26450017.7167242,18702986.89,41245349.98,0,0,1919688.1,39325661.88,0,0
Fundo legado,2020-04-30,47215387000167,2,0,1,1879315.6,2825382.971,11339989.31,20800663.02,30261336.73,38775943.069,20800663.02,39722010.44,26758826.1397372,18921347.42,41601326.04,0,0,1879315.6,39722010.44,0,0
Fundo legado,2020-05-31,47215387000167,3,0,1,1861182.03,1917375.079,2423112.52,2985043.01,21413191.585,37998525.3025,14895855.0666667,39841340.16,21610730.8016614,18990079.065,44687565.2,0,0,1861182.03,39841340.16,0,0
Fundo legado,2020-06-30,47215387000167,3,0,1,7035198.54,7775431.7365,14437530.505,21839862.47,31482599.375,40161062.5895,23333465.7633333,41125336.28,17094078.2401812,17045068.87,70000397.29,0,0,7035198.54,41125336.28,0,0
Fundo legado,2020-07-31,47215387000167,3,0,1,10191276.33,11281733.361,21095846.64,32000416.95,37134304.915,41754804.0835,28153295.3866667,42268192.88,16380854.7420827,16038458.275,84459886.16,0,0,10191276.33,42268192.88,0,0
Fundo legado,2020-08-31,47215387000167,3,0,1,13387439.35,14850345.356,28016499.41,42645559.47,46583551.29,50127743.928,35518180.6433333,50521543.11,19566171.3735397,18567051.88,106554541.93,0,0,13387439.35,50521543.11,0,0
Fundo legado,2020-09-30,47215387000167,3,0,1,16613307.53,17941402.348,29894255.71,43175203.89,47182487.265,50789042.3025,36992760.6866667,51189770.64,18098339.7932277,17288231.555,110978282.06,0,0,16613307.53,51189770.64,0,0
Fundo legado,2020-10-31,47215387000167,4,0,1,3399425.89,4637163.48175,15776801.8075,31507515.75,45315667.0675,51264386.30575,29584953.125,51925355.11,22071975.5903271,29538865.26,118339812.5,0,0,3399425.89,51925355.11,0,0
Fundo,2024-04-30,47215387000167,12,0,1,2227636.92,2416949.6315,19214560.1025,23029795.53,74215354.9075,247467829.3105,59939110.1683333,284275955.66,82333716.0273756,55000794.805,719269322.02,0,0,2227636.92,150428223.48,1,0
Fundo,2024-05-31,47215387000167,17,0,1,3075145.05,4236287.03,17550901.32,22757317.6,67627651.83,483857263.428001,83576216.3076471,617223489.84,154508050.898041,50076750.51,1420795677.23,0,0,3075145.05,79800397.03,3,0
Fundo,2024-06-30,47215387000167,23,0,1,1763102.94,4087361.789,17059156.075,23136186.43,76529891.885,473015934.68,78558710.606087,685934181.65,148060439.538782,59470735.81,1806850343.94,0,0,1763102.94,154397710.1,2,0
Fundo,2024-07-31,47215387000167,29,0,1,399230.52,3640041.492,14638265.64,27620753.97,58239862.91,411016975.507,69202770.4027586,697237557.35,134445550.884426,43601597.27,2006880341.68,0,0,399230.52,83301106.03,4,0
Fundo,2024-08-31,47215387000167,33,0,1,614432.12,939204.008,15463046.16,28114657.99,72560720.59,500430688.926001,81141598.5836364,708720512.55,144711326.659104,57097674.43,2677672753.26,0,0,614432.12,157519908.33,3,0
Fundo,2024-09-30,47215387000167,39,0,1,1019370.74,1019458.6625,11669971.49,28592167.5,58395752.25,469626469.605499,72752072.7433333,717833189.73,137031564.075081,46725780.76,2837330836.99,0,0,1019370.74,118135061.22,5,0
Classe,2024-10-31,47215387000167,40,0,1,1096646.94,1414720.6635,13858986.51,31977535.81,62739484.7775,472551721.35175,77372991.4355,730539534.88,143263018.579966,48880498.2675,3094919657.42,0,0,1096646.94,120341134.57,5,0
Classe,2024-11-30,47215387000167,43,0,1,1077015.7,1764292.868,14687666.095,32765910.43,67275823.135,472800097.35,80192339.5076744,741411410.24,144623500.359521,52588157.04,3448270598.83,0,0,1077015.7,140307174.89,5,0
Classe,2024-12-31,47215387000167,46,0,1,493847.71,2003687.215,13184397,31576783.655,62172582.715,468000141.07875,76821679.1086957,753429098.58,141322808.530891,48988185.715,3533797239,0,0,493847.71,123986603.81,6,0
Classe,2025-01-31,47215387000167,47,0,1,2187717.33,3376032.1355,13901973.16,30434880.92,59921602.785,470231359.3885,78828089.9923404,766929003.97,142977668.872977,46019629.625,3704920229.64,0,0,2187717.33,93814897.27,7,0
Classe,2025-02-28,47215387000167,48,0,1,2368439.8,3117957.72725,14530256.9475,35375188.5,64946765.835,480074916.329,82146299.58875,778606908.38,145230116.313483,50416508.8875,3943022380.26,0,0,2368439.8,95676265.38,7,0
Classe,2025-03-31,47215387000167,49,0,1,2646946.28,3152424.604,15035862.57,37210865.09,69289967.54,488604105.176,83180041.7593878,789037180.19,146012423.405395,54254104.97,4075822046.21,0,0,2646946.28,97402858.48,7,0
Classe,2025-04-30,47215387000167,52,0,1,2641872.7,3514177.2445,17352348.7575,38117250.715,76478556.33,491069578.87725,84985847.1244231,801933100.04,143861897.42551,59126207.5725,4419264050.47,0,0,2641872.7,164194507.95,5,0
Classe,2025-05-31,47215387000167,55,0,1,2626966.57,4654201.757,16010420.755,33088478.47,74487005.965,481502304.881,83012549.2121818,815597489.18,140933780.117541,58476585.21,4565690206.67,0,0,2626966.57,145218408.13,7,0
Classe,2025-06-30,47215387000167,55,0,1,2583244.87,4651557.884,18852457.78,40284084.73,88349339.225,486189374.7425,86912382.1565455,828122535.81,142882988.423369,69496881.445,4780181018.61,0,0,2583244.87,171480506.18,6,0
Classe,2025-07-31,47215387000167,54,0,1,2528145.21,4621720.7595,20153536.25,38433155.41,91684663.1975,519328735.91475,88658199.0088889,752254040.89,141189360.092682,71531126.9475,4787542746.48,0,0,2528145.21,197678054.59,5,0
Classe,2025-08-31,47215387000167,55,0,1,1883469.54,5554889.4155,22488612.175,40453500.33,92577725.35,520271758.439,90079780.8810909,791951294.12,143748413.562602,70089113.175,4954387948.46,0,0,1883469.54,179458263.51,6,0
Classe,2025-09-30,47215387000167,57,0,1,497569.68,1868441.32,19665241.37,42443777.54,92605807.89,507811099.92,90461580.5549123,840006262.22,146177390.816204,72940566.52,5156310091.63,0,0,497569.68,185916728.83,7,0
Classe,2025-10-31,47215387000167,59,0,1,1188510.47,1947711.4495,16087687.885,39297470.71,87111124.935,507394546.5135,89621293.0938983,829990349.69,145058833.569531,71023437.05,5287656292.54,0,0,1188510.47,190688121.19,7,0
Fundo,2025-11-30,47215387000167,57,0,1,983863.2,2840250.346,16368223.78,39339734.4,80748432.23,425112783.584,80620972.9180702,582821894.8,116138737.272087,64380208.45,4595395456.33,0,0,983863.2,133597286.33,8,0
Fundo,2025-12-31,47215387000167,66,0,1,984742.14,2197391.08375,21524888.6375,41465263.81,80489761.18,453885598.45625,80166737.4772727,596227744.36,114840800.618857,58964872.5425,5291004673.5,0,0,984742.14,141006931.34,8,0
Classe,2026-01-31,47215387000167,69,0,1,988751.14,3072274.316,21198892.74,49617183.56,84234761.2,510520703.164,93351151.9549275,940183589.03,153450650.107277,63035868.46,6441229484.89,0,0,988751.14,147592626.87,9,0
Classe,2026-02-28,47215387000167,72,0,1,969391.95,2471816.96925,19885032.2625,45544982.41,77989883.4675,511790813.908499,92186638.0276389,964719966.52,154221227.323526,58104851.205,6637437937.99,0,0,969391.95,151703638.69,9,0
Classe,2026-03-31,47215387000167,74,0,1,967706.66,2745839.33725,19672735.0025,46383188.14,76340549.955,498275198.5185,93262658.4086487,1080770915.25,162318681.642619,56667814.9525,6901436722.24,0,0,967706.66,156321114.92,9,0
Classe,2026-04-30,47215387000167,76,0,1,949713.02,2896743.48,19379572.5925,46815042.4,77294647.42,500808135.35,93110768.9923684,1093908081.57,163013961.444207,57915074.8275,7076418443.42,0,0,949713.02,160353460.7,9,0
Classe,2026-05-31,47215387000167,79,0,1,929899.02,4162893.0335,16133576.61,44821475.29,77125711.81,498912917.0875,91274184.4603798,1102795840.49,162249589.430714,60992135.2,7210660572.37,0,0,929899.02,165188598.48,9,0
Classe,2026-06-30,47215387000167,80,0,1,58970.81,1300761.49375,15171828.88,43812320.705,82332142.1825,506188124.529999,91967102.55425,1106052595.22,163357988.201613,67160313.3025,7357368204.34,0,0,58970.81,176865601.4,8,0
Classe,2026-07-31,47215387000167,82,0,1,0,1815322.5765,15220876.6625,41455501.68,84049502.5375,513871732.71175,92140000.8295122,1154348218.56,166850143.64569,68828625.875,7555480068.02,0,1,0,172149627.11,9,0
Classe,2026-08-31,47215387000167,87,0,1,-5486.51,1919429.2995,15762065.2,34511565.58,83080527.15,510550911.368999,88460537.5550575,1143468908.48,161504134.821527,67318461.95,7696066767.29,1,1,-5486.51,181741215.7,9,1
Fundo legado,2020-09-30,33886862000112,4,0,1,3765387.65,3854663.25125,4658143.6625,6065979.295,17117574.6175,43959206.19175,15709738.985,46941609.7,20869170.1681725,12459430.955,62838955.94,0,0,3765387.65,7176229.59,1,0
Fundo legado,2020-10-31,33886862000112,4,0,1,3718855.66,3960390.45325,6134203.5925,7059740.995,17339477.965,44769629.9365,16413940.5625,47817424.6,20995039.8277913,11205274.3725,65655762.25,0,0,3718855.66,7180162.42,1,0
Fundo,2025-06-30,27652684000162,3,0,1,2594566.16,5664145.671,33290361.27,63986156.38,186259001.04,296304561.234,125037522.746667,308531845.7,161848252.24423,152968639.77,375112568.24,0,0,2594566.16,308531845.7,0,0
Fundo,2025-09-30,02332886000104,4,0,1,19149277.96,20530288.40575,32959382.4175,68361729.225,170463351.905,362980490.7725,135061005.0975,384371283.98,169691764.306818,137503969.4875,540244020.39,0,0,19149277.96,99160707.88,1,0
Fundo,2021-11-30,36864992000142,6,0,1,19601718.3,21966498.115,58726053.865,244516951.545,377033430.0125,521144447.95,244669832.261667,541382028.04,214803221.191531,318307376.1475,1468018993.57,0,0,19601718.3,541382028.04,0,0
Fundo,2022-06-30,02332886000104,2,0,1,91320378.19,107462992.5425,252746521.715,414172665.24,575598808.765,720882337.9375,414172665.24,737024952.29,456582082.989282,322852287.05,828345330.48,0,0,91320378.19,737024952.29,0,0
Fundo,2022-07-31,02332886000104,2,0,1,90721800,107266249.3915,256166293.915,421610787.83,587055281.745,735955326.2685,421610787.83,752499775.66,467947694.229092,330888987.83,843221575.66,0,0,90721800,752499775.66,0,0
Fundo,2022-08-31,02332886000104,2,0,1,91050500.37,108696854.80575,267514044.7275,443977589.085,620441133.4425,779258323.36425,443977589.085,796904677.8,499114275.389606,352927088.715,887955178.17,0,0,91050500.37,796904677.8,0,0
Fundo,2022-09-30,02332886000104,3,0,1,6.7e+07,68208360.169,79083601.69,91167203.38,450279508.27,773480582.671,322519672.18,809391813.16,421816754.85528,371195906.58,967559016.54,0,0,6.7e+07,809391813.16,0,0
Fundo,2022-10-31,02332886000104,4,0,1,38541552.84,40721319.8625,60339223.065,79533827.67,274157036.2475,767432170.17575,254962431.6425,822240518.39,378803996.428103,213817813.1825,1019849726.57,0,0,38541552.84,91462542.2,1,0
Fundo,2022-11-30,02332886000104,4,0,1,38568832.45,40747972.306,60360231.01,81305968.155,281440429.4375,784862243.31275,260494692.2925,840798000.41,387554127.50107,221080198.4275,1041978769.17,0,0,38568832.45,94987905.78,1,0
Fundo,2022-12-31,02332886000104,5,0,1,26479112.97,27819670.718,39884690.45,70622017.06,93344171.45,809821546.691,223952027.174,889430143.94,372929606.013551,53459481,1119760135.87,0,0,26479112.97,93344171.45,1,0
Fundo,2023-01-31,02332886000104,5,0,1,26888305.48,28264442.512,40649675.8,72184737.09,77222051.74,827300407.321,225517443.388,910642446.83,383578003.235701,36572375.94,1127587216.94,0,0,26888305.48,77222051.74,1,0
Fundo,2023-02-28,02332886000104,5,0,1,27256807.72,28641155.839,41100288.91,73383420.47,75023039.06,998601484.823001,263596973.658,1101221312.13,468699612.168146,33922750.15,1317984868.29,0,0,27256807.72,75023039.06,1,0
Fundo,2023-03-31,02332886000104,5,0,1,27712628.71,29148593.832,42072279.93,75267101.35,91313345.48,1025252770.37,273077834.61,1129023817.58,479160357.297897,49241065.55,1365389173.05,0,0,27712628.71,91313345.48,1,0
Fundo,2023-04-30,02332886000104,5,0,1,28150441.63,29607582.318,42721848.51,76965269.77,128815427.72,1092285150.23,295198065.85,1199337341.62,506911047.292756,86093579.21,1475990329.25,0,0,28150441.63,128815427.72,1,0
Fundo,2024-10-31,02332886000104,7,0,1,13130024.41,14475407.128,50431279.23,81453080.43,155649457.545,334129993.283,122868581.935714,353335495.16,123033711.498015,105218178.315,860080073.55,0,0,13130024.41,225298815.98,1,0
Fundo,2024-11-30,02332886000104,9,0,1,13618338.26,15600362.622,79576596.46,87267680.82,243246047.15,935073234.548001,240339497.516667,1079459538.91,333970473.056276,163669450.69,2163055477.65,0,0,13618338.26,357528017.1,1,0
Fundo,2024-12-31,34829992000186,13,0,1,-10310,40010.827,14142734.9,26363696.55,125187186.67,641360052.155,125941227.243077,769989500,218932716.590523,111044451.77,1637235954.16,1,0,-10310,225348670.18,2,2
Fundo,2025-01-31,34829992000186,7,0,1,45850.46,327122.3495,8999475.26,17662134.55,32966512.86,200895712.2795,47198378.0971429,228748685.43,81326220.0479322,23967037.6,330388646.68,0,0,45850.46,43062197.76,1,0
Fundo,2025-02-28,34829992000186,6,0,1,-5923.1,-5182.7125,4053980.605,20817253.815,36103835.6375,207942988.7275,52212798.005,231982617.72,89377062.6229361,32049855.0325,313276788.03,1,1,-5923.1,39665585.78,1,1
Fundo,2025-03-31,34829992000186,2,0,1,40148144.82,45036283.522,89029531.84,137910918.86,186792305.88,230785554.198,137910918.86,235673692.9,138257440.942584,97762774.04,275821837.72,0,0,40148144.82,235673692.9,0,0
Fundo,2025-04-30,34829992000186,4,0,1,8119355.97,10053576.633,27461562.6,34938866.73,37164272.675,40392133.5425,29686968.545,40750784.75,14661243.7651582,9702710.075,118747874.18,0,0,33908964.81,40750784.75,1,0
Fundo,2025-05-31,34829992000186,4,0,1,20270371.4,20631434.513,23881002.53,31164511.62,55254087.345,103880035.2765,47970578.255,109282918.38,41494273.5845867,31373084.815,191882313.02,0,0,20270371.4,37244477,1,0
Fundo,2025-06-30,34829992000186,3,0,1,37729462.15,39495248.474,55387325.39,73045188.63,177498733.36,271506923.617,130908976.29,281952278.09,131993785.452903,122111407.97,392726928.87,0,0,37729462.15,281952278.09,0,0
Fundo,2025-07-31,34829992000186,3,0,1,5950952.55,7213543.597,18576863.02,31202773.49,157949720.755,272021973.2935,107283464.686667,284696668.02,154162242.955084,139372857.735,321850394.06,0,0,5950952.55,284696668.02,0,0
Fundo,2025-08-31,34829992000186,4,0,1,20000,751228.247,7332282.47,10703519.79,17654444.8675,33900656.03575,14283207.5475,35705790.61,15162876.6520118,10322162.3975,57132830.19,0,0,20000,11637329.62,1,0
Classe,2024-10-31,00329598000167,15,0,1,0,281540.322,26047080.945,108093042.47,293341590.115,4923280758.1925,648459426.366,7126902059.98,1806017953.82946,267294509.17,9726891395.49,0,1,0,402702463.39,2,2
Classe,2024-11-30,00329598000167,16,0,1,0,316645.125,29560381.08,80362565.715,289348243.37,4826480520.39875,618424765.37,7220060750.66,1774046531.96094,259787862.29,9894796245.92,0,1,0,407501557.86,2,2
Fundo,2021-05-31,31999785000181,1,0,1,0,0,0,0,0,0,0,0,,0,0,0,1,0,0,0,0
Fundo,2021-06-30,31999785000181,1,0,1,0,0,0,0,0,0,0,0,,0,0,0,1,0,0,0,0
Fundo,2021-07-31,31999785000181,1,0,1,0,0,0,0,0,0,0,0,,0,0,0,1,0,0,0,0
Fundo,2021-08-31,31999785000181,1,0,1,0,0,0,0,0,0,0,0,,0,0,0,1,0,0,0,0
Fundo,2021-09-30,31999785000181,1,0,1,0,0,0,0,0,0,0,0,,0,0,0,1,0,0,0,0
Fundo,2021-10-31,31999785000181,1,0,1,0,0,0,0,0,0,0,0,,0,0,0,1,0,0,0,0
Fundo,2021-11-30,31999785000181,1,0,1,0,0,0,0,0,0,0,0,,0,0,0,1,0,0,0,0
Fundo,2021-12-31,31999785000181,1,0,1,0,0,0,0,0,0,0,0,,0,0,0,1,0,0,0,0
Fundo,2022-01-31,31999785000181,1,0,1,0,0,0,0,0,0,0,0,,0,0,0,1,0,0,0,0
Fundo,2022-02-28,31999785000181,1,0,1,0,0,0,0,0,0,0,0,,0,0,0,1,0,0,0,0
Fundo,2022-07-31,03751794000113,1,0,1,72090869.79,72090869.79,72090869.79,72090869.79,72090869.79,72090869.79,72090869.79,72090869.79,,0,72090869.79,0,0,72090869.79,72090869.79,0,0
Classe,2024-10-31,16695922000109,53,0,1,0,172642.022,5013556.96,12731177.01,29909915.58,406809217.486999,41916430.6486792,522021793.21,99156654.5100235,24896358.62,2221570824.38,0,1,0,56466091.01,5,1
Classe,2024-10-31,62418140000131,7,0,1,76905368.59,145352940.6745,592514830.93,907291509.83,1411796983.51,4354525778.934,1407625626.03571,4860558874.95,1596406813.7037,819282152.58,9853379382.25,0,0,76905368.59,1487004901.51,1,3
Fundo,2021-06-30,36864992000142,2,0,1,9765.05,894023.486999997,8852349.42,17694933.79,26537518.16,34495844.093,17694933.79,35380102.53,25010605.4849647,17685168.74,35389867.58,0,0,9765.05,35380102.53,0,0
Fundo,2021-07-31,36864992000142,2,0,1,35317654.54,35435424.0915,36495350.055,37673045.57,38850741.085,39910667.0485,37673045.57,40028436.6,3331025.93931794,2355391.03,75346091.14,0,0,35317654.54,40028436.6,0,0
Fundo,2021-08-31,36864992000142,2,0,1,38755461.36,38790591.22725,39106760.0325,39458058.705,39809357.3775,40125526.18275,39458058.705,40160656.05,993622.694186327,702597.344999999,78916117.41,0,0,38755461.36,40160656.05,0,0
Fundo,2021-09-30,36864992000142,1,0,1,38664306.59,38664306.59,38664306.59,38664306.59,38664306.59,38664306.59,38664306.59,38664306.59,,0,38664306.59,0,0,38664306.59,38664306.59,0,0
Fundo,2021-10-31,36864992000142,2,0,1,38593332.55,40579043.66125,58450443.6625,78307554.775,98164665.8875,116036065.88875,78307554.775,118021777,56164391.689694,39714222.225,156615109.55,0,0,38593332.55,118021777,0,0
Fundo,2025-01-31,33886862000112,2,0,1,14302649.65,15010116.278,21377315.93,28451982.21,35526648.49,41893848.142,28451982.21,42601314.77,20010178.0048792,14149332.56,56903964.42,0,0,14302649.65,42601314.77,0,0
Classe,2024-11-30,13673855000125,8,0,1,1700866.14,2210541.2395,4780623.2875,11964574.65,19002932.5775,29830527.0605,13678530.815,30160111.34,10854475.6111078,14222309.29,109428246.52,0,0,1700866.14,30160111.34,0,0
Fundo,2025-02-28,59281253000123,6,0,1,4800814.67,5478896.12,11043127.0075,17168587.925,41848556.43,91226249.88875,32582393.21,97279849.44,35282356.524902,30805429.4225,195494359.26,0,0,4800814.67,48851053.03,1,0
Classe,2025-12-31,59281253000123,7,0,1,0,0,29765766.395,69440155.71,183033688.4,950852945.028,223940151.17,1072541992.89,384472817.117061,153267922.005,1567581058.19,0,2,0,261281673.81,1,0
Fundo,2024-12-31,13673855000125,1,0,1,1876885.63,1876885.63,1876885.63,1876885.63,1876885.63,1876885.63,1876885.63,1876885.63,,0,1876885.63,0,0,1876885.63,1876885.63,0,0
Classe,2025-10-31,36266751000100,17,0,1,44408.41,1091496.598,7731336.01,10792437.48,54760681.39,1591814447.188,178714020.646471,2548145163.2,611998019.629809,47029345.38,3038138350.99,0,0,44408.41,95280737.08,2,1
Classe,2025-11-30,36266751000100,22,0,1,493610.39,1669974.068,7970429.32,11456234.165,30796099.7675,1337742672.37475,147814409.307273,2639028887.84,557786435.23067,22825670.4475,3251917004.76,0,0,493610.39,56854790.6,4,1
Fundo,2025-12-31,36266751000100,22,0,1,494309.77,2776150.99075,8159096.1075,15362007.135,38083527.665,1362674416.17624,153962761.301818,2688156058.39,567571368.304289,29924431.5575,3387180748.64,0,0,494309.77,59758247.64,4,1
Fundo,2024-12-31,02671743000119,1,0,1,11569091.68,11569091.68,11569091.68,11569091.68,11569091.68,11569091.68,11569091.68,11569091.68,,0,11569091.68,0,0,11569091.68,11569091.68,0,0
Fundo legado,2020-01-31,40434681000110,2,0,1,1112603.43,1149655.76775,1483126.8075,1853650.185,2224173.5625,2557644.60225,1853650.185,2594696.94,1047998.37127357,741046.755,3707300.37,0,0,1112603.43,2594696.94,0,0
Fundo legado,2020-02-29,40434681000110,2,0,1,1085824.7,1169493.53525,1922513.0525,2759201.405,3595889.7575,4348909.27475,2759201.405,4432578.11,2366512.0311702,1673376.705,5518402.81,0,0,1085824.7,4432578.11,0,0
Fundo legado,2020-03-31,40434681000110,2,0,1,1209822.1,1308201.634,2193617.44,3177412.78,4161208.12,5046623.926,3177412.78,5145003.46,2782593.4248549,1967590.68,6354825.56,0,0,1209822.1,5145003.46,0,0
Fundo legado,2020-04-30,40434681000110,2,0,1,1253319.17,1332235.66975,2042484.1675,2831649.165,3620814.1625,4331062.66025,2831649.165,4409979.16,2232095.68482926,1578329.995,5663298.33,0,0,1253319.17,4409979.16,0,0
Fundo legado,2020-05-31,40434681000110,2,0,1,1272107.47,1329472.60975,1845758.8675,2419410.265,2993061.6625,3509347.92025,2419410.265,3566713.06,1622531.17283756,1147302.795,4838820.53,0,0,1272107.47,3566713.06,0,0
Fundo legado,2020-06-30,40434681000110,2,0,1,1382307.45,1534721.4665,2906447.615,4430587.78,5954727.945,7326454.0935,4430587.78,7478868.11,4310919.38460113,3048280.33,8861175.56,0,0,1382307.45,7478868.11,0,0
Fundo legado,2020-07-31,40434681000110,2,0,1,1587013.66,1816846.2535,3885339.595,6183665.53,8481991.465,10550484.8065,6183665.53,10780317.4,6500647.41606165,4596651.87,12367331.06,0,0,1587013.66,10780317.4,0,0
Fundo legado,2020-08-31,40434681000110,2,0,1,2153331.03,2450428.515,5124305.88,8095280.73,11066255.58,13740132.945,8095280.73,14037230.43,8403185.85267874,5941949.7,16190561.46,0,0,2153331.03,14037230.43,0,0
Fundo legado,2020-09-30,40434681000110,2,0,1,2246455.8,2615932.07875,5941218.5875,9635981.375,13330744.1625,16656030.67125,9635981.375,17025506.95,10450367.2876678,7389525.575,19271962.75,0,0,2246455.8,17025506.95,0,0
Fundo legado,2020-10-31,40434681000110,2,0,1,1346137.32,1767201.152,5556775.64,9767413.96,13978052.28,17767626.768,9767413.96,18188690.6,11909483.6367837,8421276.64,19534827.92,0,0,1346137.32,18188690.6,0,0
Fundo,2022-02-28,40434681000110,5,0,1,6324.1,168626.233,1629345.43,3301531.19,4089084.4,35787677.725,9667205.754,39309743.65,16645248.0931588,2459738.97,48336028.77,0,0,6324.1,4089084.4,1,0
Fundo,2022-03-31,40434681000110,5,0,1,1242078.28,1304378.433,1865079.81,2195102.16,3424784.88,35669408.061,9595837.82,39252143.97,16597433.4990483,1559705.07,47979189.1,0,0,1242078.28,3424784.88,1,0
Fundo,2022-04-30,40434681000110,7,0,1,676531.08,724863.735,1114070.76,1702783.46,3125322.515,34329250.902,7211599.26428571,39623093.76,14342519.2770151,2011251.755,50481194.85,0,0,676531.08,4330808.04,1,0
Classe,2025-04-30,40434681000110,58,0,1,0,885729.01425,4811339.82,10091305.39,28888053.425,110683709.77425,22420980.4401724,166532664.64,31156616.481221,24076713.605,1300416865.53,0,1,0,64243429.29,4,1
Classe,2025-05-31,40434681000110,59,0,1,0,911965.987,4620704.245,9845642.09,29460820.89,112298580.6425,21867172.9435593,177147543.12,31747850.9553892,24840116.645,1290163203.67,0,1,0,57276818.59,4,1
Classe,2025-06-30,40434681000110,60,0,1,336827.11,944136.72225,4864608.1075,10121721.95,30206729.645,114579097.83375,21907306.3043333,172764397.11,31777325.3423365,25342121.5375,1314438378.26,0,0,336827.11,57347241.18,4,0
Classe,2025-07-31,40434681000110,67,0,1,96770.11,925164.0365,3977441.45,10956802.95,31531599.295,138361925.754,23153014.0198507,160329668.03,33950865.3138858,27554157.845,1551251939.33,0,0,96770.11,61349585.49,5,0
Classe,2025-08-31,40434681000110,69,0,1,198675.33,1028558.248,3247823.99,11584675.97,30262668.18,137759478.148,23645334.3434783,176404046.21,35061881.2296902,27014844.19,1631528069.7,0,0,198675.33,69151220.01,5,0
Classe,2025-09-30,40434681000110,72,0,1,182190.12,745525.948,3780294.1275,10910106.93,31408477.8775,139848879.42,23370845.5780556,156356771.28,33529750.5195573,27628183.75,1682700881.62,0,0,182190.12,66522099.3,5,0
Classe,2025-10-31,40434681000110,72,0,1,161548.62,631895.26325,4194721.9275,10204645.02,28555244.2025,139798655.56075,23320010.56625,168779072.5,34616127.7982809,24360522.275,1679040760.77,0,0,161548.62,64083958.68,5,0
Classe,2025-11-30,40434681000110,74,0,1,0,129360.3565,4461078.6625,11271209.6,28725222.79,143105288.1865,23001662.3787838,150769006.99,33527615.7008468,24264144.1275,1702123016.03,0,1,0,55810414.58,5,0
Classe,2025-12-31,40434681000110,79,0,1,0,0,5099629.625,12944175.27,30046936.29,150748476.5445,24426595.6206329,158775922.23,34142080.04061,24947306.665,1929701054.03,0,3,0,60650005.15,5,0
Classe,2026-01-31,40434681000110,81,0,1,0,0,3315955.13,12793297.16,26274490.44,127145219.46,23208632.9896296,171582638.51,33891900.2462819,22958535.31,1879899272.16,0,6,0,57715358.4,6,0
Classe,2026-02-28,40434681000110,87,0,1,0,0,2648982.995,10682646.1,22610605.855,116699562.9635,22684700.8770115,176985858.53,33816355.4337543,19961622.86,1973568976.3,0,6,0,52046346.13,11,0
Classe,2026-03-31,40434681000110,90,0,1,0,0,2200388.3275,12096270.3,21058358.45,115653051.061,22191433.3197778,208744864.28,34238221.6228578,18857970.1225,1997228998.78,0,6,0,48002664.06,14,0
Classe,2026-04-30,40434681000110,91,0,1,-68601.79,0,2780605.985,11585145.29,20457157.11,116671208.275,21682444.4805495,214530000.12,33767397.0452242,17676551.125,1973102447.73,1,7,-68601.79,43381920.77,12,1
Classe,2026-05-31,40434681000110,94,0,1,0,0,3008811.705,11032083.275,22613970.5,116018404.852,21832537.4834043,211377503.72,33799551.9104149,19605158.795,2052258523.44,0,9,0,43351775.04,13,0
Classe,2026-06-30,40434681000110,96,0,1,-2140.96,0,3152119.44,12873672.85,23486905.475,117080461.52375,22716909.7997917,212788449.8,34061665.5981834,20334786.035,2180823340.78,1,9,-2140.96,50201475.26,13,1
Classe,2026-07-31,40434681000110,93,0,1,0,0,4191286.44,14253171.32,29672527.65,118046004.164,25024471.0589247,212829439.94,35200108.7851112,25481241.21,2327275808.48,0,4,0,67349235.74,8,0
Classe,2026-08-31,40434681000110,91,0,1,0,0,5292747.175,14947071.31,30639820.845,119243646.36,26198625.4573626,229860050.83,36681818.1779465,25347073.67,2384074916.62,0,4,0,67647279.87,9,0
Classe,2026-09-30,40434681000110,74,0,1,-152757.67,0,4346389.275,13542636.535,22531615.475,108908615.91825,22411696.4527027,121926463.27,27722330.2992918,18185226.2,1658465537.5,1,3,-152757.67,45117832.23,11,1
Fundo,2024-10-31,44782130000107,1,0,1,12997107.53,12997107.53,12997107.53,12997107.53,12997107.53,12997107.53,12997107.53,12997107.53,,0,12997107.53,0,0,12997107.53,12997107.53,0,0
Fundo,2025-06-30,62232889000190,3,0,1,20076280.68,20166093.326,20974407.14,21872533.6,176587089.83,315830190.437,124416820.113333,331301646.06,179169765.966178,155612682.69,373250460.34,0,0,20076280.68,331301646.06,0,0
Fundo,2024-11-30,22610500000188,9,0,1,6495466.72,6612675.554,12125095.72,50465693.08,143509063.93,555548019.596,140444852.192222,605126695.05,207371790.409154,131383968.21,1264003669.73,0,0,6495466.72,143509063.93,2,0
Fundo,2024-12-31,45246410000155,4,0,1,0,0,0,0,0,0,0,0,0,0,0,0,4,0,0,0,0
Fundo,2025-01-31,45246410000155,5,0,1,0,0,0,0,0,50779207.071,11284268.238,56421341.19,25232390.8565098,0,56421341.19,0,4,0,0,1,0
Fundo,2025-02-28,45246410000155,4,0,1,0,0,0,0,0,0,0,0,0,0,0,0,4,0,0,0,0
Fundo,2025-10-31,27652684000162,2,0,1,8634711.83,9185390.444,14141497.97,19648284.11,25155070.25,30111177.776,19648284.11,30661856.39,15575543.2885524,11013572.28,39296568.22,0,0,8634711.83,30661856.39,0,0
Classe,2026-08-31,14717397000141,3,0,1,35565276.14,35718153.3205,37094047.945,38622819.75,919766377.09,1712795578.696,625032676.773333,1800909934.43,1018340724.38887,882672329.145,1875098030.32,0,0,35565276.14,1800909934.43,0,1
Classe,2024-10-31,13673855000125,6,0,1,1688063.37,1850486.02625,3288552.4675,5095938.005,13336527.3525,26456516.86875,9771810.51833333,27981442.64,10241585.1341545,10047974.885,58630863.11,0,0,1688063.37,27981442.64,0,0
Classe,2026-04-30,40768766000135,5,0,1,1017962.77,1981379.769,10652132.76,32005920.16,43309331.33,124600846.577,44123716.836,133633237.16,52768151.9072372,32657198.57,220618584.18,0,0,1017962.77,43309331.33,1,0
Classe,2026-05-31,40768766000135,4,0,1,1029422.74,1748456.71375,8219762.4775,23883331.97,61252871.05,126330294.7,45589301.5575,133561119.55,60605107.6068752,53033108.5725,182357206.23,0,0,1029422.74,133561119.55,0,0
Classe,2026-06-30,40768766000135,4,0,1,1029065.32,1783030.22425,8568714.3625,23846316.015,60824912.115,126203281.2615,45547310.4625,133467544.5,60496741.2021131,52256197.7525,182189241.85,0,0,1029065.32,133467544.5,0,0
Classe,2026-07-31,40768766000135,4,0,1,1029384.6,1802010.09825,8755639.5825,23431006.62,60132569.8,126556928.869,45457202.7625,133937413.21,60733578.9002511,51376930.2175,181828811.05,0,0,1029384.6,133937413.21,0,0
Classe,2026-08-31,40768766000135,4,0,1,968045.21,1739545.16075,8683044.7175,17386925.94,51117779.3025,125634103.63725,42413898.08,133913695.23,61692458.7026915,42434734.585,169655592.32,0,0,968045.21,23519140.66,1,0
Fundo,2025-04-30,59281253000123,11,0,1,2572211.43,3682336.475,16416916.625,34221846,57997786.07,2623504804.9425,387068828.958182,3247439113.31,973332760.839656,41580869.445,4257757118.54,0,0,2572211.43,65995572.14,2,2
Fundo,2025-07-31,13486793000142,3,0,1,-296289.98,3853963.146,41206241.28,82708772.54,164863046.94,238801893.9,109809934.633333,247017321.34,125864452.194183,123656805.66,329429803.9,1,0,-296289.98,247017321.34,0,1
Fundo,2024-03-31,44782130000107,14,0,1,2183271.6,2695509.38125,6599113.5575,14386343.25,21299746.81,34266102.69025,15695560.2492857,35053089.68,10440941.4249863,14700633.2525,219737843.49,0,0,2183271.6,35053089.68,0,0
Fundo,2024-02-29,44782130000107,5,0,1,3759387.85,4579374.836,11959257.71,16404474.27,20604262.15,32645624.833,17342187.2,33983554.02,11201829.0496795,8645004.44,86710936,0,0,3759387.85,20604262.15,1,0
Fundo,2024-04-30,44782130000107,12,0,1,4943847.94,4988333.73575,11232560.725,20241602.82,26344846.275,36251915.741,20045377.1725,36262442.18,11117338.1172216,15112285.55,240544526.07,0,0,4943847.94,36262442.18,0,0
Fundo,2025-08-31,44782130000107,1,0,1,29950117.25,29950117.25,29950117.25,29950117.25,29950117.25,29950117.25,29950117.25,29950117.25,,0,29950117.25,0,0,29950117.25,29950117.25,0,0
Classe,2026-09-30,00806535000154,9,0,1,877109.78,2873237.31,15244356.29,74190757,81060939.89,175432932.712,71446080.4066667,186973142.77,59834142.2349142,65816583.6,643014723.66,0,0,877109.78,129272092.48,1,0
Fundo,2021-07-31,44782130000107,1,0,1,1897633.92,1897633.92,1897633.92,1897633.92,1897633.92,1897633.92,1897633.92,1897633.92,,0,1897633.92,0,0,1897633.92,1897633.92,0,0
Fundo,2021-08-31,44782130000107,1,0,1,2850535.42,2850535.42,2850535.42,2850535.42,2850535.42,2850535.42,2850535.42,2850535.42,,0,2850535.42,0,0,2850535.42,2850535.42,0,0
Fundo,2021-09-30,44782130000107,1,0,1,4641557.93,4641557.93,4641557.93,4641557.93,4641557.93,4641557.93,4641557.93,4641557.93,,0,4641557.93,0,0,4641557.93,4641557.93,0,0
Fundo,2022-08-31,44782130000107,1,0,1,12654436.71,12654436.71,12654436.71,12654436.71,12654436.71,12654436.71,12654436.71,12654436.71,,0,12654436.71,0,0,12654436.71,12654436.71,0,0
Fundo,2022-11-30,44782130000107,1,0,1,12180406.99,12180406.99,12180406.99,12180406.99,12180406.99,12180406.99,12180406.99,12180406.99,,0,12180406.99,0,0,12180406.99,12180406.99,0,0
Fundo,2022-12-31,44782130000107,1,0,1,12485278.64,12485278.64,12485278.64,12485278.64,12485278.64,12485278.64,12485278.64,12485278.64,,0,12485278.64,0,0,12485278.64,12485278.64,0,0
Fundo,2023-01-31,44782130000107,1,0,1,12943729.6,12943729.6,12943729.6,12943729.6,12943729.6,12943729.6,12943729.6,12943729.6,,0,12943729.6,0,0,12943729.6,12943729.6,0,0
Fundo,2023-02-28,44782130000107,1,0,1,13590538.17,13590538.17,13590538.17,13590538.17,13590538.17,13590538.17,13590538.17,13590538.17,,0,13590538.17,0,0,13590538.17,13590538.17,0,0
Fundo,2023-03-31,44782130000107,1,0,1,14255763.43,14255763.43,14255763.43,14255763.43,14255763.43,14255763.43,14255763.43,14255763.43,,0,14255763.43,0,0,14255763.43,14255763.43,0,0
Fundo,2023-10-31,44782130000107,2,0,1,16804964.46,17134680.732,20102127.18,23399289.9,26696452.62,29663899.068,23399289.9,29993615.34,9325784.47194993,6594325.44,46798579.8,0,0,16804964.46,29993615.34,0,0
Classe,2026-03-31,33886862000112,8,0,1,200.44,262.45125,5353402.1325,19521716.455,100206750.46,956527145.63275,173385007.13375,1137091084.27,391766260.483256,94853348.3275,1387080057.07,0,0,200.44,105297149.2,1,0
Classe,2026-04-30,33886862000112,14,0,1,-577925.6,-502778.84,13229453.09,329450025.915,586607972.1775,621448050.31975,313952033.814286,622874086.74,292138546.017889,573378519.0875,4395328473.4,3,0,-577925.6,622874086.74,0,3
Classe,2026-05-31,33886862000112,15,0,1,-622930.28,-533251.362,19297117.61,552601204.09,594593489.275,1711932167.187,446290804.568,2298350972.74,584580725.960954,575296371.665,6694362068.52,3,0,-622930.28,622868671.16,1,4
Classe,2026-06-30,33886862000112,16,0,1,-667710.98,-562333.6625,25340980.9,330420527.775,590742201.4575,1672647694.90125,421001264.6275,2302518318.66,574842359.831833,565401220.5575,6736020234.04,3,0,-667710.98,622863321.97,1,4
Classe,2026-07-31,33886862000112,8,0,1,-712057.67,-658620.91775,-167714.4425,19316680.63,100808065.895,5347450354.64525,837912820.24125,6458561287.11,2271526308.00418,100975780.3375,6703302561.93,3,0,-712057.67,109355958.74,1,4
Classe,2026-08-31,33886862000112,8,0,1,-949395.06,-859674.2645,-202555.9325,19325628.065,100956742.7,5349244630.7405,838230927.45625,6460522602.03,2272194955.07233,101159298.6325,6705847419.65,3,0,-949395.06,110362766.09,1,4
Classe,2025-03-31,48967968000118,6,0,1,11299576.66,13572225.33,31397997.45,68374849.315,283491048.395,1662212163.60625,395455618.366667,1850415606.66,723450469.017379,252093050.945,2372733710.2,0,0,11299576.66,344788062.23,1,1
Classe,2025-04-30,48967968000118,6,0,1,10927745.87,12814361.25375,28923705.12,52551470.5,280732434.68,1717805231.2175,401136203.885,1912945997.04,751590716.018681,251808729.56,2406817223.31,0,0,10927745.87,351819870.46,1,1
Classe,2025-05-31,48967968000118,11,0,1,1777142.13,3315257.395,26887221.845,68493689.55,153433392.32,2526904302.48,377984493.422727,3253327239.11,959118360.010127,126546170.475,4157829427.65,0,0,1777142.13,201005327.05,2,1
Classe,2025-06-30,48967968000118,12,0,1,1751341.73,3377352.2975,28303912.25,96814785.79,157288741.385,2473199438.7825,369440172.6075,3258366227.92,916728724.063356,128984829.135,4433282071.29,0,0,1751341.73,204463367,2,1
Classe,2025-07-31,48967968000118,16,0,1,996214.39,1278497.5,15954732.445,130849939.165,281697106.25,2417490521.09,383517267.7225,3262676094.32,812171777.106387,265742373.805,6136276283.56,0,0,996214.39,516663177.58,2,1
Classe,2025-08-31,48967968000118,17,0,1,1770148.61,2113934.426,17809432.46,144224258.08,322107431.27,2378294550.318,380128529.666471,3291403218.57,793477147.018445,304297998.81,6462185004.33,0,0,1770148.61,523053974.92,2,1
Classe,2025-09-30,48967968000118,19,0,1,1784850.47,2288366.675,18909603.78,144568026.04,275567845.615,2257982350.7065,350693047.787368,3276930659.11,750289056.970188,256658241.835,6663167907.96,0,0,1784850.47,516186547.01,2,1
Classe,2025-10-31,48967968000118,21,0,1,498858.41,997052.395,5945230.28,155695671.01,339076320.86,2174985512.285,335294464.321905,3319361858.02,727079946.638854,333131090.58,7041183750.76,0,0,498858.41,517177737.21,2,1
Classe,2025-11-30,48967968000118,24,0,1,0,207908.71275,5860983.015,72806682.685,301338503.3575,2018460943.34025,313472772.282917,3375253206.84,695799535.432077,295477520.3425,7523346534.79,0,1,0,521665009.26,2,1
Classe,2025-12-31,48967968000118,35,0,1,0,321270.709,6875129.59,100096645.59,394606835.4,1422801508.376,317838394.320571,2327183284.41,500841400.431608,387731705.81,11124343801.22,0,1,0,928132408.23,4,1
Classe,2026-01-31,48967968000118,37,0,1,0,274354.164,12471099.16,49903993.79,410300292.89,1335877029.448,320291792.935946,2360418848.8,504157006.935898,397829193.73,11850796338.63,0,1,0,984434549.98,5,1
Classe,2026-02-28,48967968000118,37,0,1,0,233624.16,11041506.6,57902970.97,442834009.03,1293579402.41,333796657.986757,2392657910.93,516636623.62027,431792502.43,12350476345.51,0,1,0,1074427401.49,3,1
Classe,2026-03-31,48967968000118,38,0,1,0,180349.40525,11576592.025,94913775.46,410259388.7525,1311388670.042,339401035.534737,2418286057.02,516996982.832796,398682796.7275,12897239350.32,0,1,0,950007539.67,6,1
Classe,2026-04-30,48967968000118,40,0,1,0,145233.80625,10028880.0725,94564707.145,414268365.7425,1325246074.709,361827587.51975,2452266018.98,531780632.253965,404239485.67,14473103500.79,0,1,0,1020265819.67,6,1
Classe,2026-05-31,48967968000118,43,0,1,0,159457.6365,12897449.91,102826298.72,434647417.06,1361108003.6665,357845752.207674,2473695175.65,520338710.238807,421749967.15,15387367344.93,0,1,0,1021780760.61,5,1
Classe,2026-06-30,48967968000118,50,0,1,0,291041.7405,5990661.78,100843247.065,340659589.345,1403008193.50525,320062113.327,2463356625.53,497201098.176107,334668927.565,16003105666.35,0,1,0,722466359.01,8,1
Classe,2026-07-31,48967968000118,54,0,1,0,1181100.56875,6545348.375,87078258.58,340630128.4925,1361999557.6305,308516298.451481,2497460679.2,487486768.218347,334084780.1175,16659880116.38,0,1,0,831082238.43,8,1
Classe,2026-08-31,48967968000118,57,0,1,0,1089470.022,7490677.63,80202153.79,347445942.34,1365215819.278,301492222.652105,2539517617.4,484352725.084452,339955264.71,17185056691.17,0,1,0,800875167.29,9,1
Fundo,2021-08-31,16695922000109,2,0,1,492182.83,789489.158249999,3465246.1125,6438309.395,9411372.6775,12087129.63175,6438309.395,12384435.96,8409092.83180995,5946126.565,12876618.79,0,0,492182.83,12384435.96,0,0
Fundo,2025-10-31,16695922000109,5,0,1,0,367586.021,3675860.21,6159256.9,17425818.11,19215569.882,9335073.282,19414431.19,8606824.37337019,13749957.9,46675366.41,0,1,0,19414431.19,0,0
Fundo,2021-07-31,16695922000109,1,0,1,12512782.87,12512782.87,12512782.87,12512782.87,12512782.87,12512782.87,12512782.87,12512782.87,,0,12512782.87,0,0,12512782.87,12512782.87,0,0
Fundo,2025-11-30,34829992000186,3,0,1,618642977.43,618855913.3655,620772336.785,622901696.14,4897900228.155,8745398906.9685,3471481144.58,9172898760.17,4937572951.83486,4277127891.37,10414443433.74,0,0,618642977.43,9172898760.17,0,1
Fundo,2025-05-31,59281253000123,8,0,1,16355496.16,17783363.7865,52594934.935,110604362.655,178099331.07,360521656.425,137837613.73375,388366841.38,124500432.651953,125504396.135,1102700909.87,0,0,16355496.16,229251498.78,1,0
Fundo legado,2020-05-31,05389174000101,1,0,1,18403460.3,18403460.3,18403460.3,18403460.3,18403460.3,18403460.3,18403460.3,18403460.3,,0,18403460.3,0,0,18403460.3,18403460.3,0,0
Fundo legado,2020-06-30,05389174000101,1,0,1,18379280.75,18379280.75,18379280.75,18379280.75,18379280.75,18379280.75,18379280.75,18379280.75,,0,18379280.75,0,0,18379280.75,18379280.75,0,0
Fundo legado,2020-07-31,05389174000101,1,0,1,18354466.98,18354466.98,18354466.98,18354466.98,18354466.98,18354466.98,18354466.98,18354466.98,,0,18354466.98,0,0,18354466.98,18354466.98,0,0
Fundo legado,2020-08-31,05389174000101,1,0,1,18328951.14,18328951.14,18328951.14,18328951.14,18328951.14,18328951.14,18328951.14,18328951.14,,0,18328951.14,0,0,18328951.14,18328951.14,0,0
Fundo legado,2020-09-30,05389174000101,1,0,1,18301744.52,18301744.52,18301744.52,18301744.52,18301744.52,18301744.52,18301744.52,18301744.52,,0,18301744.52,0,0,18301744.52,18301744.52,0,0
Fundo,2025-08-31,62418140000131,1,0,1,262757187.67,262757187.67,262757187.67,262757187.67,262757187.67,262757187.67,262757187.67,262757187.67,,0,262757187.67,0,0,262757187.67,262757187.67,0,0
Classe,2025-02-28,48967968000118,4,0,1,36452407.66,36467919.358,36607524.64,43458284.235,122822149.98,318747141.867,115971390.385,340516585.41,149836097.807236,86214625.34,463885561.54,0,0,36452407.66,50257338.17,1,0
Fundo,2025-02-28,44782130000107,1,0,1,17641294.06,17641294.06,17641294.06,17641294.06,17641294.06,17641294.06,17641294.06,17641294.06,,0,17641294.06,0,0,17641294.06,17641294.06,0,0
Classe,2026-03-31,58006471000197,6,0,1,1270547.8,1302772.56875,1665347.18,2747540.885,35649088.6775,77743452.5225,22818111.82,82222154.13,34084313.811614,33983741.4975,136908670.92,0,0,1270547.8,82222154.13,0,0
Classe,2026-04-30,58006471000197,9,0,1,1160590.66,1180650.008,1549568.51,3449664.11,57555464.61,81230852.63,31232203.5788889,81600672.48,36012229.4685221,56005896.1,281089832.21,0,0,1160590.66,81600672.48,0,0
Classe,2026-05-31,58006471000197,10,0,1,1251883.48,1322020.11775,2460348.2925,31429422.255,56327705.275,82297746.355,34483117.565,83028938.98,33497242.8134129,53867356.9825,344831175.65,0,0,1251883.48,83028938.98,0,0
Fundo,2024-09-30,48967968000118,2,0,1,25637911.94,25846644.94225,27725241.9625,29812571.985,31899902.0075,33778499.02775,29812571.985,33987232.03,5903860.85393608,4174660.045,59625143.97,0,0,25637911.94,33987232.03,0,0
Fundo,2024-10-31,48967968000118,1,0,1,20481925.51,20481925.51,20481925.51,20481925.51,20481925.51,20481925.51,20481925.51,20481925.51,,0,20481925.51,0,0,20481925.51,20481925.51,0,0
Fundo,2024-11-30,48967968000118,1,0,1,16667517.53,16667517.53,16667517.53,16667517.53,16667517.53,16667517.53,16667517.53,16667517.53,,0,16667517.53,0,0,16667517.53,16667517.53,0,0
Fundo,2024-12-31,48967968000118,1,0,1,14113073.3,14113073.3,14113073.3,14113073.3,14113073.3,14113073.3,14113073.3,14113073.3,,0,14113073.3,0,0,14113073.3,14113073.3,0,0
Fundo,2025-01-31,48967968000118,1,0,1,11129803.58,11129803.58,11129803.58,11129803.58,11129803.58,11129803.58,11129803.58,11129803.58,,0,11129803.58,0,0,11129803.58,11129803.58,0,0
Fundo,2025-02-28,48967968000118,2,0,1,8949894.55,32948424.6879999,248935195.93,488920497.31,728905798.69,944892569.932,488920497.31,968891100.07,678780935.963581,479970602.76,977840994.62,0,0,8949894.55,968891100.07,0,1
Fundo,2025-03-31,48967968000118,1,0,1,7259933.4,7259933.4,7259933.4,7259933.4,7259933.4,7259933.4,7259933.4,7259933.4,,0,7259933.4,0,0,7259933.4,7259933.4,0,0
Fundo,2025-04-30,48967968000118,2,0,1,1338768.6,1454192.30575,2493005.6575,3647242.715,4801479.7725,5840293.12425,3647242.715,5955716.83,3264675.40182023,2308474.115,7294485.43,0,0,1338768.6,5955716.83,0,0
Fundo,2025-05-31,48967968000118,1,0,1,3793762.61,3793762.61,3793762.61,3793762.61,3793762.61,3793762.61,3793762.61,3793762.61,,0,3793762.61,0,0,3793762.61,3793762.61,0,0
Fundo,2025-06-30,48967968000118,2,0,1,2823467.72,2877847.55425,3367266.0625,3911064.405,4454862.7475,4944281.25575,3911064.405,4998661.09,1538093.98231902,1087596.685,7822128.81,0,0,2823467.72,4998661.09,0,0
Fundo,2025-07-31,48967968000118,2,0,1,2218899.26,2339398.564,3423892.3,4628885.34,5833878.38,6918372.116,4628885.34,7038871.42,3408234.99946637,2409986.08,9257770.68,0,0,2218899.26,7038871.42,0,0
Fundo,2025-08-31,48967968000118,2,0,1,1618341.94,1755837.67425,2993299.2825,4368256.625,5743213.9675,6980675.57575,4368256.625,7118171.31,3888966.64289594,2749914.685,8736513.25,0,0,1618341.94,7118171.31,0,0
Fundo,2025-09-30,48967968000118,1,0,1,379620.35,379620.35,379620.35,379620.35,379620.35,379620.35,379620.35,379620.35,,0,379620.35,0,0,379620.35,379620.35,0,0
Fundo,2025-10-31,48967968000118,2,0,1,0,1266439.5955,12664395.955,25328791.91,37993187.865,49391144.2245,25328791.91,50657583.82,35820321.0376479,25328791.91,50657583.82,0,1,0,50657583.82,0,0
Fundo,2025-11-30,48967968000118,1,0,1,0,0,0,0,0,0,0,0,,0,0,0,1,0,0,0,0
Fundo,2025-12-31,48967968000118,2,0,1,0,1016705.38475,10167053.8475,20334107.695,30501161.5425,39651510.00525,20334107.695,40668215.39,28756770.8810241,20334107.695,40668215.39,0,1,0,40668215.39,0,0
Fundo,2026-01-31,48967968000118,1,0,1,0,0,0,0,0,0,0,0,,0,0,0,1,0,0,0,1
Fundo,2026-02-28,48967968000118,1,0,1,0,0,0,0,0,0,0,0,,0,0,0,1,0,0,0,0
Fundo,2026-03-31,48967968000118,1,0,1,0,0,0,0,0,0,0,0,,0,0,0,1,0,0,0,0
Fundo,2026-04-30,48967968000118,1,0,1,0,0,0,0,0,0,0,0,,0,0,0,1,0,0,0,0
Fundo,2026-05-31,48967968000118,1,0,1,0,0,0,0,0,0,0,0,,0,0,0,1,0,0,0,0
Fundo,2026-06-30,48967968000118,1,0,1,0,0,0,0,0,0,0,0,,0,0,0,1,0,0,0,0
Fundo,2026-07-31,48967968000118,1,0,1,0,0,0,0,0,0,0,0,,0,0,0,1,0,0,0,0
Fundo,2026-08-31,48967968000118,1,0,1,0,0,0,0,0,0,0,0,,0,0,0,1,0,0,0,0
Fundo,2026-09-30,48967968000118,1,0,1,0,0,0,0,0,0,0,0,,0,0,0,1,0,0,0,0
Fundo,2025-01-31,00806535000154,2,0,1,539.21,42599.0882499999,421137.9925,841736.775,1262335.5575,1640874.46175,841736.775,1682934.34,1189633.00505822,841197.565,1683473.55,0,0,539.21,1682934.34,0,0
Fundo,2025-08-31,13486793000142,3,0,1,-313973.47,22334.1040000003,3049102.27,6412178.01,45215316.36,80138140.875,30038886.4166667,84018454.71,46868492.863372,42166214.09,90116659.25,1,0,-313973.47,84018454.71,0,1
Fundo,2025-09-30,13486793000142,3,0,1,-331726.98,721426.432500001,10199807.145,20731341.27,53073515.495,82181472.2975,35271768.0033333,85415689.72,44684705.1559192,42873708.35,105815304.01,1,0,-331726.98,85415689.72,0,1
Fundo,2024-03-31,46955383000152,6,0,1,1649398.05,1691215.46875,3205563.1575,54739856.775,109755924.45,278509011.505,87921244.8666667,302276278.64,116745502.723662,106550361.2925,527527469.2,0,0,1649398.05,112138141.56,1,0
Fundo,2024-04-30,46955383000152,9,0,1,786191.01,947378.964,7944621.52,10000539.57,131451746.92,268673682.186,82333172.8,295374211.07,103277982.109351,123507125.4,740998555.2,0,0,786191.01,295374211.07,0,0
Fundo,2024-10-31,46955383000152,3,0,1,717031.04,731424.5135,860965.775,1004900.51,57827371.29,108967594.992,38790591.2066667,114649842.07,65696196.0342267,56966405.515,116371773.62,0,0,717031.04,114649842.07,0,0
Fundo,2021-04-30,33851064000155,1,0,1,4997350,4997350,4997350,4997350,4997350,4997350,4997350,4997350,,0,4997350,0,0,4997350,4997350,0,0
Fundo,2021-05-31,33851064000155,1,0,1,4997350,4997350,4997350,4997350,4997350,4997350,4997350,4997350,,0,4997350,0,0,4997350,4997350,0,0
Fundo,2021-06-30,33851064000155,1,0,1,4718097.19,4718097.19,4718097.19,4718097.19,4718097.19,4718097.19,4718097.19,4718097.19,,0,4718097.19,0,0,4718097.19,4718097.19,0,0
Fundo,2021-07-31,33851064000155,1,0,1,4958677.15,4958677.15,4958677.15,4958677.15,4958677.15,4958677.15,4958677.15,4958677.15,,0,4958677.15,0,0,4958677.15,4958677.15,0,0
Fundo,2021-08-31,33851064000155,1,0,1,4725384.34,4725384.34,4725384.34,4725384.34,4725384.34,4725384.34,4725384.34,4725384.34,,0,4725384.34,0,0,4725384.34,4725384.34,0,0
Classe,2025-01-31,05389174000101,1,0,1,867185448.73,867185448.73,867185448.73,867185448.73,867185448.73,867185448.73,867185448.73,867185448.73,,0,867185448.73,0,0,867185448.73,867185448.73,0,0
Classe,2025-02-28,05389174000101,1,0,1,914229864.97,914229864.97,914229864.97,914229864.97,914229864.97,914229864.97,914229864.97,914229864.97,,0,914229864.97,0,0,914229864.97,914229864.97,0,0
Classe,2025-03-31,05389174000101,1,0,1,931370501.18,931370501.18,931370501.18,931370501.18,931370501.18,931370501.18,931370501.18,931370501.18,,0,931370501.18,0,0,931370501.18,931370501.18,0,0
Classe,2025-04-30,05389174000101,1,0,1,963955052.01,963955052.01,963955052.01,963955052.01,963955052.01,963955052.01,963955052.01,963955052.01,,0,963955052.01,0,0,963955052.01,963955052.01,0,0
Fundo,2021-09-30,39669186000101,1,0,1,16030400.83,16030400.83,16030400.83,16030400.83,16030400.83,16030400.83,16030400.83,16030400.83,,0,16030400.83,0,0,16030400.83,16030400.83,0,0
Fundo,2025-12-31,39669186000101,1,0,1,0,0,0,0,0,0,0,0,,0,0,0,1,0,0,0,0
Fundo,2026-01-31,39669186000101,1,0,1,0,0,0,0,0,0,0,0,,0,0,0,1,0,0,0,1
Fundo,2025-03-31,39669186000101,2,0,1,4438622.96,4449955.60375,4551949.3975,4665275.835,4778602.2725,4880596.06625,4665275.835,4891928.71,320535.569775854,226652.875,9330551.67,0,0,4438622.96,4891928.71,0,0
Fundo,2025-01-31,62232889000190,5,0,1,0,699926.998000001,6999269.98,20523817.86,150601373.31,202577667.852,77295454.568,208352811.69,95771796.7063128,143602103.33,386477272.84,0,1,0,208352811.69,0,0
Fundo,2021-04-30,92875780000131,2,0,1,1089798.6,1333005.327,3521865.87,5953933.14,8386000.41,10574860.953,5953933.14,10818067.68,6878925.03567542,4864134.54,11907866.28,0,0,1089798.6,10818067.68,0,0
Fundo,2021-05-31,92875780000131,2,0,1,1082215.43,1364706.0385,3907121.515,6732027.6,9556933.685,12099349.1615,6732027.6,12381839.77,7990040.99567457,5649812.17,13464055.2,0,0,1082215.43,12381839.77,0,0
Fundo,2021-06-30,92875780000131,3,0,1,23076.33,125718.307,1049496.1,2075915.87,7393337.215,12179016.4255,4936583.58666667,12710758.56,6810424.72473256,6343841.115,14809750.76,0,0,23076.33,12710758.56,0,0
Fundo,2021-03-31,92875780000131,1,0,1,998095.02,998095.02,998095.02,998095.02,998095.02,998095.02,998095.02,998095.02,,0,998095.02,0,0,998095.02,998095.02,0,0
Fundo,2021-09-30,92875780000131,2,0,1,2075915.87,2075915.87,2075915.87,2075915.87,2075915.87,2075915.87,2075915.87,2075915.87,0,0,4151831.74,0,0,2075915.87,2075915.87,0,0
Fundo,2021-10-31,92875780000131,1,0,1,2076310.88,2076310.88,2076310.88,2076310.88,2076310.88,2076310.88,2076310.88,2076310.88,,0,2076310.88,0,0,2076310.88,2076310.88,0,0
Fundo,2021-11-30,92875780000131,2,0,1,31769.17,82882.7127499998,542904.5975,1054040.025,1565175.4525,2025197.33725,1054040.025,2076310.88,1445709.30755974,1022270.855,2108080.05,0,0,31769.17,2076310.88,0,0
Fundo,2021-12-31,92875780000131,1,0,1,2049051.26,2049051.26,2049051.26,2049051.26,2049051.26,2049051.26,2049051.26,2049051.26,,0,2049051.26,0,0,2049051.26,2049051.26,0,0
Fundo,2022-01-31,92875780000131,1,0,1,2040190.53,2040190.53,2040190.53,2040190.53,2040190.53,2040190.53,2040190.53,2040190.53,,0,2040190.53,0,0,2040190.53,2040190.53,0,0
Fundo,2022-02-28,92875780000131,1,0,1,2045131.32,2045131.32,2045131.32,2045131.32,2045131.32,2045131.32,2045131.32,2045131.32,,0,2045131.32,0,0,2045131.32,2045131.32,0,0
Fundo,2022-03-31,92875780000131,1,0,1,1989328.55,1989328.55,1989328.55,1989328.55,1989328.55,1989328.55,1989328.55,1989328.55,,0,1989328.55,0,0,1989328.55,1989328.55,0,0
Fundo,2022-04-30,92875780000131,1,0,1,1982704.63,1982704.63,1982704.63,1982704.63,1982704.63,1982704.63,1982704.63,1982704.63,,0,1982704.63,0,0,1982704.63,1982704.63,0,0
Fundo,2022-05-31,92875780000131,1,0,1,1982704.63,1982704.63,1982704.63,1982704.63,1982704.63,1982704.63,1982704.63,1982704.63,,0,1982704.63,0,0,1982704.63,1982704.63,0,0
Fundo,2022-06-30,92875780000131,2,0,1,1982704.63,1982704.63,1982704.63,1982704.63,1982704.63,1982704.63,1982704.63,1982704.63,0,0,3965409.26,0,0,1982704.63,1982704.63,0,0
Fundo,2022-07-31,92875780000131,2,0,1,1982704.63,1982704.63,1982704.63,1982704.63,1982704.63,1982704.63,1982704.63,1982704.63,0,0,3965409.26,0,0,1982704.63,1982704.63,0,0
Fundo,2022-08-31,92875780000131,3,0,1,1576162.23,1659071.556,2405255.49,3234348.75,4122364.025,4921577.7725,3273630.09333333,5010379.3,1717445.48353664,1717108.535,9820890.28,0,0,1576162.23,5010379.3,0,0
Fundo,2022-09-30,92875780000131,3,0,1,1871127.68,2000281.215,3162663.03,4454198.38,4715490.85,4950654.073,3767369.79333333,4976783.32,1662851.27692252,1552827.82,11302109.38,0,0,1871127.68,4976783.32,0,0
Fundo,2022-10-31,92875780000131,3,0,1,1847684.43,2005925.5455,3430095.585,5012506.74,5378968.82,5708784.692,4201874.02333333,5745430.9,2071461.06337946,1948873.235,12605622.07,0,0,1847684.43,5745430.9,0,0
Fundo,2022-11-30,92875780000131,3,0,1,1821984.27,1982289.674,3425038.31,5028092.35,5930943.48,6743509.497,4561290.41,6833794.61,2538304.30788421,2505905.17,13683871.23,0,0,1821984.27,6833794.61,0,0
Fundo,2022-12-31,92875780000131,3,0,1,1299649.58,1487332.061,3176474.39,5053299.2,6513300.46,7827301.594,4775416.83333333,7973301.72,3345492.81552208,3336826.07,14326250.5,0,0,1299649.58,7973301.72,0,0
Fundo,2023-01-31,92875780000131,3,0,1,566179.52,792876.753,2833151.85,5100124.18,7424605.45,9516638.593,5138463.47333333,9749086.72,4591573.65039623,4591453.6,15415390.42,0,0,566179.52,9749086.72,0,0
Fundo,2023-03-31,92875780000131,3,0,1,1205720.08,1405943.9885,3207959.165,5210198.25,8893663.69,12208782.586,6331015.82,12577129.13,5767964.1091568,5685704.525,18993047.46,0,0,1205720.08,12577129.13,0,0
Fundo,2023-04-30,92875780000131,3,0,1,1186007.74,1390829.571,3234226.05,5282444.36,9730945.78,13734597.058,6882633.1,14179447.2,6642877.40763657,6496719.73,20647899.3,0,0,1186007.74,14179447.2,0,0
Fundo,2023-05-31,92875780000131,3,0,1,1166209.76,1375892.274,3263034.9,5359860.04,12402546.955,18740965.1785,8657101.22333334,19445233.87,9575203.9231179,9139512.055,25971303.67,0,0,1166209.76,19445233.87,0,0
Classe,2025-01-31,48967968000118,3,0,1,5011935.43,6567565.336,20568234.49,36124533.55,36313706.44,36483962.041,25879782.77,36502879.33,18073075.9926602,15745471.95,77639348.31,0,0,5011935.43,36502879.33,0,0
Classe,2026-09-30,48967968000118,1,0,1,0,0,0,0,0,0,0,0,,0,0,0,1,0,0,0,0
Fundo,2025-05-31,62232889000190,2,0,1,11669167.04,11917208.67275,14149583.3675,16629999.695,19110416.0225,21342790.71725,16629999.695,21590832.35,7015676.82136433,4960832.655,33259999.39,0,0,11669167.04,21590832.35,0,0
Fundo,2024-05-31,45854066000187,2,0,1,982261.31,1252170.16575,3681349.8675,6380438.425,9079526.9825,11508706.68425,6380438.425,11778615.54,7634175.28812507,5398177.115,12760876.85,0,0,982261.31,11778615.54,0,0
Fundo,2024-06-30,45854066000187,2,0,1,12021392.76,12520453.117,17011996.33,22002599.9,26993203.47,31484746.683,22002599.9,31983807.04,14115558.5062432,9981207.14,44005199.8,0,0,12021392.76,31983807.04,0,0
Fundo,2024-07-31,45854066000187,2,0,1,12231710.04,12725613.97975,17170749.4375,22109788.835,27048828.2325,31493963.69025,22109788.835,31987867.63,13969713.0020791,9878078.795,44219577.67,0,0,12231710.04,31987867.63,0,0
Fundo,2024-08-31,45854066000187,3,0,1,1053660.64,1637084.9465,6887903.705,12722146.77,22471721.84,31246339.403,15332368.1066667,32221296.91,15746914.9116437,15583818.135,45997104.32,0,0,1053660.64,32221296.91,0,0
Fundo,2024-09-30,45854066000187,4,0,1,499606.49,541652.37275,920065.3175,7044472.72,17889148.845,31012287.3405,11764741.4425,32470413.84,14964542.6641324,16969083.5275,47058965.77,0,0,499606.49,32470413.84,0,0
Classe,2024-11-30,45854066000187,4,0,1,1078702.25,2024699.84,10538678.15,16837393.445,23238344.97,32028361.101,16939629.675,33005029.56,13285003.4899107,12699666.82,67758518.7,0,0,1078702.25,33005029.56,0,0
Fundo,2025-10-31,59281253000123,5,0,1,19609172.05,20554437.326,29061824.81,34348733.83,42925219.41,145131647.079,56486573.384,156487916.82,56538311.1576292,13863394.6,282432866.92,0,0,19609172.05,42925219.41,1,0
Fundo,2021-07-31,92875780000131,1,0,1,35549.07,35549.07,35549.07,35549.07,35549.07,35549.07,35549.07,35549.07,,0,35549.07,0,0,35549.07,35549.07,0,0
Fundo,2021-08-31,92875780000131,1,0,1,31769.17,31769.17,31769.17,31769.17,31769.17,31769.17,31769.17,31769.17,,0,31769.17,0,0,31769.17,31769.17,0,0
Fundo,2023-07-31,92875780000131,3,0,1,5488008.96,6239032.6305,12998245.665,20508482.37,39638735.405,56855963.1365,28255159.9233333,58768988.44,27472239.6870647,26640489.74,84765479.77,0,0,5488008.96,58768988.44,0,0
Fundo,2023-08-31,92875780000131,3,0,1,5550811.01,6315615.522,13198856.13,20846901.25,40227490.39,57670020.616,28668597.2633333,59608079.53,27864516.2591169,27028634.26,86005791.79,0,0,5550811.01,59608079.53,0,0
Fundo,2023-09-30,92875780000131,3,0,1,5603022.12,6582634.7705,15399148.625,25195275.13,42773626.7,58594143.113,30383425.1733333,60351978.27,27740759.2818358,27374478.075,91150275.52,0,0,5603022.12,60351978.27,0,0
Fundo,2023-02-28,92875780000131,2,0,1,5141249.11,5327146.1105,7000219.115,8859189.12,10718159.125,12391232.1295,8859189.12,12577129.13,5257961.18623156,3717940.01,17718378.24,0,0,5141249.11,12577129.13,0,0
Fundo,2023-06-30,92875780000131,2,0,1,5430178.22,5799098.065,9119376.67,12808575.12,16497773.57,19818052.175,12808575.12,20186972.02,10434628.9645516,7378396.9,25617150.24,0,0,5430178.22,20186972.02,0,0
Fundo,2023-10-31,92875780000131,2,0,1,5660476.82,6159444.56275,10650154.2475,15639831.675,20629509.1025,25120218.78725,15639831.675,25619186.53,14112938.9796748,9979354.855,31279663.35,0,0,5660476.82,25619186.53,0,0
Fundo,2023-11-30,92875780000131,1,0,1,28264052.05,28264052.05,28264052.05,28264052.05,28264052.05,28264052.05,28264052.05,28264052.05,,0,28264052.05,0,0,28264052.05,28264052.05,0,0
Fundo,2021-04-30,37678915000160,1,0,1,25254068.28,25254068.28,25254068.28,25254068.28,25254068.28,25254068.28,25254068.28,25254068.28,,0,25254068.28,0,0,25254068.28,25254068.28,0,0
Fundo,2024-10-31,40434681000110,17,0,1,1,67425.368,3751519.17,13051675.85,27122452.15,73256087.1080001,19004261.9241176,94484747.56,23499842.2768762,23370932.98,323072452.71,0,0,1,41413096.43,1,0
Fundo,2024-11-30,40434681000110,14,0,1,0,57287.61025,3319155.73,8199091.175,20281289.04,38607500.478,13582958.2671429,42303743.21,13067734.4094429,16962133.31,190161415.74,0,1,0,42303743.21,0,0
Fundo,2024-12-31,00329598000167,4,0,1,0,0,0,0,43770698.615,161951584.8755,43770698.615,175082794.46,87541397.23,43770698.615,175082794.46,0,3,0,0,1,0
Fundo,2023-11-30,44782130000107,1,0,1,31080535.33,31080535.33,31080535.33,31080535.33,31080535.33,31080535.33,31080535.33,31080535.33,,0,31080535.33,0,0,31080535.33,31080535.33,0,0
Fundo,2023-12-31,44782130000107,1,0,1,32071445.2,32071445.2,32071445.2,32071445.2,32071445.2,32071445.2,32071445.2,32071445.2,,0,32071445.2,0,0,32071445.2,32071445.2,0,0
Fundo,2024-01-31,44782130000107,1,0,1,33053495.44,33053495.44,33053495.44,33053495.44,33053495.44,33053495.44,33053495.44,33053495.44,,0,33053495.44,0,0,33053495.44,33053495.44,0,0
Fundo,2021-05-31,36266751000100,1,0,1,10802992.4,10802992.4,10802992.4,10802992.4,10802992.4,10802992.4,10802992.4,10802992.4,,0,10802992.4,0,0,10802992.4,10802992.4,0,0
Fundo,2025-09-30,22610500000188,3,0,1,4384606.95,6411850.378,24657041.23,44929475.51,47982144.36,50729546.325,33449631.89,51034813.21,25355483.4933171,23325103.13,100348895.67,0,0,4384606.95,51034813.21,0,0
Fundo,2025-01-31,27652684000162,1,0,1,19447912.65,19447912.65,19447912.65,19447912.65,19447912.65,19447912.65,19447912.65,19447912.65,,0,19447912.65,0,0,19447912.65,19447912.65,0,0
Fundo,2025-05-31,33886862000112,1,0,1,21284040.39,21284040.39,21284040.39,21284040.39,21284040.39,21284040.39,21284040.39,21284040.39,,0,21284040.39,0,0,21284040.39,21284040.39,0,0
Fundo,2021-09-30,32582247000150,3,0,1,112542.29,121990.722,207026.61,301510.93,5169404.135,9550508.0195,3483783.52,10037297.34,5676295.87217087,4962377.525,10451350.56,0,0,112542.29,10037297.34,0,0
Fundo,2025-06-30,67030395000146,1,0,1,2003240283.38,2003240283.38,2003240283.38,2003240283.38,2003240283.38,2003240283.38,2003240283.38,2003240283.38,,0,2003240283.38,0,0,2003240283.38,2003240283.38,0,1
Fundo,2021-12-31,33851064000155,1,0,1,66074189.95,66074189.95,66074189.95,66074189.95,66074189.95,66074189.95,66074189.95,66074189.95,,0,66074189.95,0,0,66074189.95,66074189.95,0,0
Fundo,2022-01-31,33851064000155,1,0,1,66044126.08,66044126.08,66044126.08,66044126.08,66044126.08,66044126.08,66044126.08,66044126.08,,0,66044126.08,0,0,66044126.08,66044126.08,0,0
Fundo,2022-02-28,33851064000155,1,0,1,69125213.08,69125213.08,69125213.08,69125213.08,69125213.08,69125213.08,69125213.08,69125213.08,,0,69125213.08,0,0,69125213.08,69125213.08,0,0
Fundo,2022-03-31,33851064000155,1,0,1,70081322.51,70081322.51,70081322.51,70081322.51,70081322.51,70081322.51,70081322.51,70081322.51,,0,70081322.51,0,0,70081322.51,70081322.51,0,0
Fundo,2022-04-30,33851064000155,1,0,1,71534014.16,71534014.16,71534014.16,71534014.16,71534014.16,71534014.16,71534014.16,71534014.16,,0,71534014.16,0,0,71534014.16,71534014.16,0,0
Fundo,2022-05-31,33851064000155,1,0,1,77810584.59,77810584.59,77810584.59,77810584.59,77810584.59,77810584.59,77810584.59,77810584.59,,0,77810584.59,0,0,77810584.59,77810584.59,0,0
Fundo,2022-06-30,33851064000155,1,0,1,78264960.84,78264960.84,78264960.84,78264960.84,78264960.84,78264960.84,78264960.84,78264960.84,,0,78264960.84,0,0,78264960.84,78264960.84,0,0
Fundo,2022-07-31,33851064000155,1,0,1,70992343.96,70992343.96,70992343.96,70992343.96,70992343.96,70992343.96,70992343.96,70992343.96,,0,70992343.96,0,0,70992343.96,70992343.96,0,0
Fundo,2022-08-31,33851064000155,1,0,1,72467830.76,72467830.76,72467830.76,72467830.76,72467830.76,72467830.76,72467830.76,72467830.76,,0,72467830.76,0,0,72467830.76,72467830.76,0,0
Fundo,2022-09-30,33851064000155,1,0,1,72572264.85,72572264.85,72572264.85,72572264.85,72572264.85,72572264.85,72572264.85,72572264.85,,0,72572264.85,0,0,72572264.85,72572264.85,0,0
Fundo,2022-10-31,33851064000155,1,0,1,73358538.65,73358538.65,73358538.65,73358538.65,73358538.65,73358538.65,73358538.65,73358538.65,,0,73358538.65,0,0,73358538.65,73358538.65,0,0
Fundo,2022-11-30,33851064000155,1,0,1,74015662.7,74015662.7,74015662.7,74015662.7,74015662.7,74015662.7,74015662.7,74015662.7,,0,74015662.7,0,0,74015662.7,74015662.7,0,0
Fundo,2022-12-31,33851064000155,1,0,1,73976119.1,73976119.1,73976119.1,73976119.1,73976119.1,73976119.1,73976119.1,73976119.1,,0,73976119.1,0,0,73976119.1,73976119.1,0,0
Fundo,2023-01-31,33851064000155,1,0,1,73672824.7,73672824.7,73672824.7,73672824.7,73672824.7,73672824.7,73672824.7,73672824.7,,0,73672824.7,0,0,73672824.7,73672824.7,0,0
Fundo,2023-02-28,33851064000155,1,0,1,73428929.9,73428929.9,73428929.9,73428929.9,73428929.9,73428929.9,73428929.9,73428929.9,,0,73428929.9,0,0,73428929.9,73428929.9,0,0
Fundo,2023-03-31,33851064000155,2,0,1,128783.17,1827840.48099999,17119356.28,34109929.39,51100502.5,66392018.299,34109929.39,68091075.61,48056597.8493072,33981146.22,68219858.78,0,0,128783.17,68091075.61,0,0
Fundo,2023-04-30,33851064000155,2,0,1,19454.97,1715061.59374999,16975521.2075,33931587.445,50887653.6825,66148113.29625,33931587.445,67843719.92,47958997.6751381,33912132.475,67863174.89,0,0,19454.97,67843719.92,0,0
Fundo,2023-05-31,33851064000155,2,0,1,183253.68,1867381.77174999,17024534.5975,33865815.515,50707096.4325,65864249.25825,33865815.515,67548377.35,47634335.7625274,33682561.835,67731631.03,0,0,183253.68,67548377.35,0,0
Fundo,2023-06-30,33851064000155,2,0,1,-373771.14,1301788.24299999,16381822.69,33137416.52,49893010.35,64973044.797,33137416.52,66648604.18,47391976.0800019,33511187.66,66274833.04,1,0,-373771.14,66648604.18,0,1
Fundo,2023-07-31,33851064000155,2,0,1,1739487.67,3336235.93074999,17706970.2775,33674452.885,49641935.4925,64012669.83925,33674452.885,65609418.1,45162860.920966,31934965.215,67348905.77,0,0,1739487.67,65609418.1,0,0
Fundo,2023-08-31,33851064000155,2,0,1,-127593.88,1515452.05799999,16302865.5,32733324.88,49163784.26,63951197.702,32733324.88,65594243.64,46472356.9824325,32860918.76,65466649.76,1,0,-127593.88,65594243.64,0,1
Fundo,2023-09-30,33851064000155,2,0,1,228444.79,1862846.21924999,16572459.0825,32916473.375,49260487.6675,63970100.53075,32916473.375,65604501.96,46227853.3521464,32688028.585,65832946.75,0,0,228444.79,65604501.96,0,0
Fundo,2023-10-31,33851064000155,2,0,1,504717.91,2132082.88824999,16778367.6925,33052017.475,49325667.2575,63971952.06175,33052017.475,65599317.04,46028832.4634429,32547299.565,66104034.95,0,0,504717.91,65599317.04,0,0
Fundo,2023-11-30,33851064000155,2,0,1,7672045.07,9130579.97999999,22257394.17,36842743.27,51428092.37,64554906.56,36842743.27,66013441.47,41253597.0183324,29170698.2,73685486.54,0,0,7672045.07,66013441.47,0,0
Fundo,2023-12-31,33851064000155,2,0,1,6581296.9,8067779.667,21446124.57,36310952.24,51175779.91,64554124.813,36310952.24,66040607.58,42044081.7865057,29729655.34,72621904.48,0,0,6581296.9,66040607.58,0,0
Fundo,2024-01-31,33851064000155,2,0,1,8803237.55,10233754.1935,23108403.985,37413570.42,51718736.855,64593386.6465,37413570.42,66023903.29,40461120.7687628,28610332.87,74827140.84,0,0,8803237.55,66023903.29,0,0
Fundo,2024-02-29,33851064000155,2,0,1,8765077.74,10196522.03625,23079520.7025,37393963.665,51708406.6275,64591405.29375,37393963.665,66022849.59,40487358.7507672,28628885.925,74787927.33,0,0,8765077.74,66022849.59,0,0
Fundo,2024-03-31,33851064000155,2,0,1,8784550.35,10215484.505,23093891.9,37403233.45,51712575,64590982.395,37403233.45,66021916.55,40472929.7772777,28618683.1,74806466.9,0,0,8784550.35,66021916.55,0,0
Fundo,2024-04-30,33851064000155,2,0,1,6909403.25,8386838.47525,21683755.5025,36458107.755,51232460.0075,64529377.03475,36458107.755,66006812.26,41788178.661526,29548704.505,72916215.51,0,0,6909403.25,66006812.26,0,0
Fundo,2024-05-31,33851064000155,2,0,1,5403837.27,6919176.65874999,20557231.1575,35710625.045,50864018.9325,64502073.43125,35710625.045,66017412.82,42860270.3033681,30306787.775,71421250.09,0,0,5403837.27,66017412.82,0,0
Fundo,2024-06-30,33851064000155,2,0,1,5361120.83,6877151.95474999,20521432.0775,35681743.325,50842054.5725,64486334.69525,35681743.325,66002365.82,42879835.5520238,30320622.495,71363486.65,0,0,5361120.83,66002365.82,0,0
Fundo,2024-07-31,33851064000155,2,0,1,1328494.74,2944969.66574999,17493243.9975,33657993.255,49822742.5125,64371016.84425,33657993.255,65987491.77,45720815.2646338,32329498.515,67315986.51,0,0,1328494.74,65987491.77,0,0
Fundo,2024-08-31,33851064000155,2,0,1,2388051.28,3978125.29974999,18288791.4775,34189531.675,50090271.8725,64400938.05025,34189531.675,65991012.07,44974084.8781511,31801480.395,68379063.35,0,0,2388051.28,65991012.07,0,0
Fundo,2024-09-30,33851064000155,2,0,1,2246667.41,3839773.13199999,18177724.63,34108781.85,50039839.07,64377790.568,34108781.85,65970896.29,45059834.3669316,31862114.44,68217563.7,0,0,2246667.41,65970896.29,0,0
Fundo,2024-10-31,33851064000155,2,0,1,2121492.8,3718798.19674999,18094546.7675,34067600.735,50040654.7025,64416403.27325,34067600.735,66013708.67,45178619.1067118,31946107.935,68135201.47,0,0,2121492.8,66013708.67,0,0
Fundo,2024-11-30,33851064000155,2,0,1,2022849.63,3622396.23749999,18018315.705,34013781.78,50009247.855,64405167.3225,34013781.78,66004713.93,45242010.1194875,31990932.15,68027563.56,0,0,2022849.63,66004713.93,0,0
Fundo,2024-12-31,33851064000155,2,0,1,1444769.57,3058390.69249999,17580980.795,33717192.02,49853403.245,64375993.3475,33717192.02,65989614.47,45640097.5194239,32272422.45,67434384.04,0,0,1444769.57,65989614.47,0,0
Fundo,2025-01-31,33851064000155,2,0,1,1136490.83,2757440.12574999,17345983.7875,33555476.745,49764969.7025,64353513.36425,33555476.745,65974462.66,45847369.5593753,32418985.915,67110953.49,0,0,1136490.83,65974462.66,0,0
Fundo,2025-02-28,33851064000155,2,0,1,782947.27,2412358.97724999,17077064.3425,33371181.415,49665298.4875,64330003.85275,33371181.415,65959415.56,46086722.701649,32588234.145,66742362.83,0,0,782947.27,65959415.56,0,0
Fundo,2025-03-31,33851064000155,2,0,1,220166.21,1863572.57524999,16654229.8625,33088293.515,49522357.1675,64313014.45475,33088293.515,65956420.82,46482551.4045365,32868127.305,66176587.03,0,0,220166.21,65956420.82,0,0
Fundo,2025-04-30,33851064000155,2,0,1,84352.06,1730777.60149999,16548607.475,33012862.89,49477118.305,64294948.1785,33012862.89,65941373.72,46567946.6045353,32928510.83,66025725.78,0,0,84352.06,65941373.72,0,0
Fundo,2025-05-31,33851064000155,2,0,1,78157.35,1724357.84349999,16540162.285,33002167.22,49464172.155,64279976.5965,33002167.22,65926177.09,46561581.2858597,32924009.87,66004334.44,0,0,78157.35,65926177.09,0,0
Fundo,2025-06-30,33851064000155,2,0,1,491463.96,2126974.20524999,16846566.4125,33201668.865,49556771.3175,64276363.52475,33201668.865,65911873.77,46259215.4046539,32710204.905,66403337.73,0,0,491463.96,65911873.77,0,0
Fundo,2025-07-31,33851064000155,2,0,1,435374.17,2071929.07699999,16800923.24,33166472.31,49532021.38,64261015.543,33166472.31,65897570.45,46288762.9009528,32731098.14,66332944.62,0,0,435374.17,65897570.45,0,0
Fundo,2025-08-31,33851064000155,2,0,1,418780.38,2055400.13174999,16784977.8975,33151175.415,49517372.9325,64246950.69825,33151175.415,65883570.45,46290596.9874508,32732395.035,66302350.83,0,0,418780.38,65883570.45,0,0
Fundo,2025-09-30,33851064000155,2,0,1,555363.59,2188999.13099999,16891719,33228074.41,49564429.82,64267149.689,33228074.41,65900785.23,46206190.7611382,32672710.82,66456148.82,0,0,555363.59,65900785.23,0,0
Fundo,2025-10-31,33851064000155,2,0,1,541213.74,2173823.60699999,16867312.41,33193411.08,49519509.75,64212998.553,33193411.08,65845608.42,46177180.3195107,32652197.34,66386822.16,0,0,541213.74,65845608.42,0,0
Fundo,2025-11-30,33851064000155,2,0,1,320166.77,2000750.11449999,17126000.215,33931833.66,50737667.105,65862917.2055,33931833.66,67543500.55,47534075.1698047,33611666.89,67863667.32,0,0,320166.77,67543500.55,0,0
Fundo,2025-12-31,33851064000155,2,0,1,195304.4,1834258.77699999,16584848.17,32974391.94,49363935.71,64114525.103,32974391.94,65753479.48,46356630.1612829,32779087.54,65948783.88,0,0,195304.4,65753479.48,0,0
Fundo,2026-01-31,33851064000155,2,0,1,43941.43,1686444.07449999,16468967.875,32893994.32,49319020.765,64101544.5655,32893994.32,65744047.21,46456990.3217115,32850052.89,65787988.64,0,0,43941.43,65744047.21,0,1
Fundo,2026-02-28,33851064000155,2,0,1,77121.57,1718444.21099999,16490347.98,32903574.39,49316800.8,64088704.569,32903574.39,65730027.21,46423614.7826445,32826452.82,65807148.78,0,0,77121.57,65730027.21,0,0
Fundo,2026-03-31,33851064000155,2,0,1,-44445.73,1600020.97999999,16400221.37,32844888.47,49289555.57,64089755.96,32844888.47,65734222.67,46512542.4830613,32889334.2,65689776.94,1,0,-44445.73,65734222.67,0,0
Fundo,2026-04-30,33851064000155,2,0,1,-28327.24,1615426.20099999,16409207.17,32846741.58,49284275.99,64078056.959,32846741.58,65721810.4,46492368.1891929,32875068.82,65693483.16,1,0,-28327.24,65721810.4,0,0
Fundo,2026-05-31,33851064000155,2,0,1,-28327.24,1657378.10274999,16828726.1875,33685779.615,50542833.0425,65714181.12725,33685779.615,67399886.47,47678947.1576367,33714106.855,67371559.23,1,0,-28327.24,67399886.47,0,0
Fundo,2026-06-30,33851064000155,2,0,1,-28327.24,1653806.82849999,16793013.445,33614354.13,50435694.815,65574901.4315,33614354.13,67257035.5,47577936.2680507,33642681.37,67228708.26,1,0,-28327.24,67257035.5,0,0
Fundo,2026-07-31,33851064000155,2,0,1,-28327.24,1653501.47599999,16789959.92,33608247.08,50426534.24,65562992.684,33608247.08,67244821.4,47569299.5951146,33636574.32,67216494.16,1,0,-28327.24,67244821.4,0,1
Fundo,2026-08-31,33851064000155,2,0,1,-28327.24,1652903.60424999,16783981.2025,33596289.645,50408598.0875,65539675.68575,33596289.645,67220906.53,47552389.2283664,33624616.885,67192579.29,1,0,-28327.24,67220906.53,0,0
Classe,2025-12-31,62418140000131,7,0,1,1973095.77,17487362.88,309865958.235,1211624129.01,1640957562.905,4843549696.5625,1494106848.57714,5343503672.98,1840688260.61997,1331091604.67,10458747940.04,0,0,1973095.77,2010477163.53,1,2
Fundo,2021-10-31,71590442000183,1,0,1,13499323.39,13499323.39,13499323.39,13499323.39,13499323.39,13499323.39,13499323.39,13499323.39,,0,13499323.39,0,0,13499323.39,13499323.39,0,0
Fundo,2021-11-30,71590442000183,1,0,1,17232844.61,17232844.61,17232844.61,17232844.61,17232844.61,17232844.61,17232844.61,17232844.61,,0,17232844.61,0,0,17232844.61,17232844.61,0,0
Fundo,2021-12-31,71590442000183,1,0,1,20795252.56,20795252.56,20795252.56,20795252.56,20795252.56,20795252.56,20795252.56,20795252.56,,0,20795252.56,0,0,20795252.56,20795252.56,0,0
Fundo,2022-01-31,71590442000183,1,0,1,21280236.99,21280236.99,21280236.99,21280236.99,21280236.99,21280236.99,21280236.99,21280236.99,,0,21280236.99,0,0,21280236.99,21280236.99,0,0
Fundo,2022-02-28,71590442000183,1,0,1,27027008.13,27027008.13,27027008.13,27027008.13,27027008.13,27027008.13,27027008.13,27027008.13,,0,27027008.13,0,0,27027008.13,27027008.13,0,0
Fundo,2022-03-31,71590442000183,2,0,1,486199.21,2014093.81499999,15765145.26,31044091.31,46323037.36,60074088.805,31044091.31,61601983.41,43215385.4453537,30557892.1,62088182.62,0,0,486199.21,61601983.41,0,0
Fundo,2023-07-31,44782130000107,1,0,1,1010589.68,1010589.68,1010589.68,1010589.68,1010589.68,1010589.68,1010589.68,1010589.68,,0,1010589.68,0,0,1010589.68,1010589.68,0,0
Fundo,2024-11-30,46955383000152,2,0,1,121492885.58,143911994.1205,345683970.985,569875056.39,794066141.795,995838118.6595,569875056.39,1018257227.2,634108147.085792,448382170.81,1139750112.78,0,0,121492885.58,1018257227.2,0,0
Fundo,2025-10-31,13486793000142,2,0,1,-348935.23,172080.252499998,4861219.595,10071374.42,15281529.245,19970668.5875,10071374.42,20491684.07,14736543.2311572,10420309.65,20142748.84,1,0,-348935.23,20491684.07,0,1
Fundo,2025-11-30,13486793000142,1,0,1,-367098,-367098,-367098,-367098,-367098,-367098,-367098,-367098,,0,-367098,1,0,-367098,-367098,0,1
Fundo,2026-01-31,13486793000142,1,0,1,-401458.02,-401458.02,-401458.02,-401458.02,-401458.02,-401458.02,-401458.02,-401458.02,,0,-401458.02,1,0,-401458.02,-401458.02,0,1
Fundo,2026-02-28,13486793000142,1,0,1,-417957.56,-417957.56,-417957.56,-417957.56,-417957.56,-417957.56,-417957.56,-417957.56,,0,-417957.56,1,0,-417957.56,-417957.56,0,0
Fundo,2026-03-31,13486793000142,1,0,1,-433899.77,-433899.77,-433899.77,-433899.77,-433899.77,-433899.77,-433899.77,-433899.77,,0,-433899.77,1,0,-433899.77,-433899.77,0,0
Fundo,2026-04-30,13486793000142,1,0,1,-451065.53,-451065.53,-451065.53,-451065.53,-451065.53,-451065.53,-451065.53,-451065.53,,0,-451065.53,1,0,-451065.53,-451065.53,0,0
Fundo,2026-05-31,13486793000142,1,0,1,-468739.32,-468739.32,-468739.32,-468739.32,-468739.32,-468739.32,-468739.32,-468739.32,,0,-468739.32,1,0,-468739.32,-468739.32,0,0
Fundo,2026-06-30,13486793000142,1,0,1,-485299.08,-485299.08,-485299.08,-485299.08,-485299.08,-485299.08,-485299.08,-485299.08,,0,-485299.08,1,0,-485299.08,-485299.08,0,0
Fundo,2026-07-31,13486793000142,1,0,1,-502111.98,-502111.98,-502111.98,-502111.98,-502111.98,-502111.98,-502111.98,-502111.98,,0,-502111.98,1,0,-502111.98,-502111.98,0,0
Fundo,2026-08-31,13486793000142,1,0,1,-518673.46,-518673.46,-518673.46,-518673.46,-518673.46,-518673.46,-518673.46,-518673.46,,0,-518673.46,1,0,-518673.46,-518673.46,0,0
Fundo,2024-03-31,47215387000167,1,0,1,149197685.92,149197685.92,149197685.92,149197685.92,149197685.92,149197685.92,149197685.92,149197685.92,,0,149197685.92,0,0,149197685.92,149197685.92,0,0
Fundo,2025-10-31,62232889000190,3,0,1,3120800.31,7329341.548,45206212.69,87291625.07,131775057.795,171810147.2475,88890305.3,176258490.52,86579915.5501542,86568845.105,266670915.9,0,0,3120800.31,176258490.52,0,0
Fundo,2024-12-31,36113876000191,4,0,1,50021975.04,64159086.3615,191393088.255,365178252.22,645742165.4975,1061278790.53475,471957001.5325,1107449526.65,460713059.415028,454349077.2425,1887828006.13,0,0,50021975.04,1107449526.65,0,1
Fundo,2025-01-31,36113876000191,3,0,1,99779652.82,120297048.8225,304953612.845,510127572.87,706812012.575,883828008.3095,504467892.656667,903496452.28,401888289.725695,401858399.73,1513403677.97,0,0,99779652.82,903496452.28,0,1
Fundo,2025-02-28,36113876000191,1,0,1,528395723.46,528395723.46,528395723.46,528395723.46,528395723.46,528395723.46,528395723.46,528395723.46,,0,528395723.46,0,0,528395723.46,528395723.46,0,0
Fundo,2025-03-31,36113876000191,1,0,1,546903866.95,546903866.95,546903866.95,546903866.95,546903866.95,546903866.95,546903866.95,546903866.95,,0,546903866.95,0,0,546903866.95,546903866.95,0,1
Fundo,2025-04-30,36113876000191,1,0,1,556374393.95,556374393.95,556374393.95,556374393.95,556374393.95,556374393.95,556374393.95,556374393.95,,0,556374393.95,0,0,556374393.95,556374393.95,0,0
Fundo,2025-05-31,36113876000191,1,0,1,515936599.62,515936599.62,515936599.62,515936599.62,515936599.62,515936599.62,515936599.62,515936599.62,,0,515936599.62,0,0,515936599.62,515936599.62,0,0
Fundo,2025-06-30,36113876000191,1,0,1,498102410.64,498102410.64,498102410.64,498102410.64,498102410.64,498102410.64,498102410.64,498102410.64,,0,498102410.64,0,0,498102410.64,498102410.64,0,0
Fundo,2025-07-31,36113876000191,2,0,1,83704777.19,94053119.62325,187188201.5225,290671625.855,394155050.1875,487290132.08675,290671625.855,497638474.52,292695324.343663,206966848.665,581343251.71,0,0,83704777.19,497638474.52,0,0
Fundo,2025-08-31,36113876000191,1,0,1,516279139.6,516279139.6,516279139.6,516279139.6,516279139.6,516279139.6,516279139.6,516279139.6,,0,516279139.6,0,0,516279139.6,516279139.6,0,0
Fundo,2025-09-30,36113876000191,4,0,1,90218840.33,98685703.86575,174887475.6875,347650943.565,583360732.395,829517570.7885,410597264.5175,856868330.61,342300375.762655,408473256.7075,1642389058.07,0,0,90218840.33,856868330.61,0,1
Fundo,2025-05-31,45854066000187,2,0,1,1551764.95,1566840.473,1702520.18,1853275.41,2004030.64,2139710.347,1853275.41,2154785.87,426400.181729351,301510.46,3706550.82,0,0,1551764.95,2154785.87,0,0
Fundo,2026-01-31,40434681000110,4,0,1,0,0,0,1660410.465,4020630.2525,5910115.42325,2360219.7875,6120058.22,2955244.74362048,4020630.2525,9440879.15,0,2,0,6120058.22,0,2
Fundo,2026-02-28,40434681000110,2,0,1,0,0,0,0,0,0,0,0,0,0,0,0,2,0,0,0,0
Fundo,2025-06-30,40434681000110,9,0,1,1743525.39,1929745.564,3107808.5,11840212.37,26811473.94,117204878.766,27951560.1044444,134857391.57,42562343.8158715,23703665.44,251564040.94,0,0,1743525.39,46594827.55,1,0
Fundo,2022-04-30,07253654000176,1,0,1,23307032.67,23307032.67,23307032.67,23307032.67,23307032.67,23307032.67,23307032.67,23307032.67,,0,23307032.67,0,0,23307032.67,23307032.67,0,0
Fundo,2022-05-31,07253654000176,1,0,1,31204383.55,31204383.55,31204383.55,31204383.55,31204383.55,31204383.55,31204383.55,31204383.55,,0,31204383.55,0,0,31204383.55,31204383.55,0,0
Fundo,2022-06-30,07253654000176,2,0,1,21014365.65,21466504.89425,25535758.0925,30057150.535,34578542.9775,38647796.17575,30057150.535,39099935.42,12788429.0259894,9042784.885,60114301.07,0,0,21014365.65,39099935.42,0,0
Fundo,2022-07-31,07253654000176,2,0,1,30471646.18,31224550.5005,38000689.385,45529732.59,53058775.795,59834914.6795,45529732.59,60587819,21295350.024408,15058086.41,91059465.18,0,0,30471646.18,60587819,0,0
Fundo,2022-08-31,07253654000176,2,0,1,31680655.3,32411002.2835,38984125.135,46287594.97,53591064.805,60164187.6565,46287594.97,60894534.64,20657332.1860796,14606939.67,92575189.94,0,0,31680655.3,60894534.64,0,0
Fundo,2022-09-30,07253654000176,2,0,1,31548524.76,32276675.87975,38830035.9575,46111547.155,53393058.3525,59946418.43025,46111547.155,60674569.55,20595223.7801521,14563022.395,92223094.31,0,0,31548524.76,60674569.55,0,0
Fundo,2022-10-31,07253654000176,2,0,1,34282060.14,34955487.70325,41016335.7725,47750611.405,54484887.0375,60545735.10675,47750611.405,61219162.67,19047407.8644803,13468551.265,95501222.81,0,0,34282060.14,61219162.67,0,0
Fundo,2022-11-30,07253654000176,2,0,1,34374016.86,35030397.35925,40937821.8525,47501626.845,54065431.8375,59972856.33075,47501626.845,60629236.83,18565244.0823315,13127609.985,95003253.69,0,0,34374016.86,60629236.83,0,0
Fundo,2022-12-31,07253654000176,2,0,1,38958100.25,39508669.1005,44463788.755,49969477.26,55475165.765,60430285.4195,49969477.26,60980854.27,15572438.7079453,11011377.01,99938954.52,0,0,38958100.25,60980854.27,0,0
Fundo,2023-01-31,07253654000176,2,0,1,43675078.29,44116733.241,48091627.8,52508177.31,56924726.82,60899621.379,52508177.31,61341276.33,12491888.4318685,8833099.02,105016354.62,0,0,43675078.29,61341276.33,0,0
Fundo,2023-02-28,07253654000176,2,0,1,44872894.03,45295882.32425,49102776.9725,53332659.915,57562542.8575,61369437.50575,53332659.915,61792425.8,11963915.6490682,8459765.885,106665319.83,0,0,44872894.03,61792425.8,0,0
Fundo,2023-03-31,07253654000176,2,0,1,47128372.06,47507586.27375,50920514.1975,54712656.335,58504798.4725,61917726.39625,54712656.335,62296940.61,10725797.682598,7584284.27499999,109425312.67,0,0,47128372.06,62296940.61,0,0
Fundo,2023-04-30,07253654000176,2,0,1,47781967.68,48150673.1255,51469022.135,55156076.59,58843131.045,62161480.0545,55156076.59,62530185.5,10428564.8309383,7374108.91,110312153.18,0,0,47781967.68,62530185.5,0,0
Fundo,2023-05-31,07253654000176,2,0,1,52891386.87,53139604.85425,55373566.7125,57855746.555,60337926.3975,62571888.25575,57855746.555,62820106.24,7020664.79502523,4964359.685,115711493.11,0,0,52891386.87,62820106.24,0,0
Fundo,2023-06-30,07253654000176,2,0,1,53752911.83,54116201.01925,57385803.7225,61018695.615,64651587.5075,67921190.21075,61018695.615,68284479.4,10275369.9700175,7265783.785,122037391.23,0,0,53752911.83,68284479.4,0,0
Fundo,2023-07-31,07253654000176,2,0,1,54690030.07,55049220.58,58281935.17,61873840.27,65465745.37,68698459.96,61873840.27,69057650.47,10159441.8143542,7183810.2,123747680.54,0,0,54690030.07,69057650.47,0,0
Fundo,2023-08-31,07253654000176,2,0,1,57741668.84,58400627.05125,64331250.9525,70920833.065,77510415.1775,83441039.07875,70920833.065,84099997.29,18638152.7877373,13179164.225,141841666.13,0,0,57741668.84,84099997.29,0,0
Fundo,2023-09-30,07253654000176,2,0,1,60917787.18,61493096.75575,66670882.9375,72423978.695,78177074.4525,83354860.63425,72423978.695,83930170.21,16272212.0917752,11506191.515,144847957.39,0,0,60917787.18,83930170.21,0,0
Fundo,2023-10-31,07253654000176,2,0,1,61991001.49,62543159.7305,67512583.895,73034166.3,78555748.705,83525172.8695,73034166.3,84077331.11,15617393.4458233,11043164.81,146068332.6,0,0,61991001.49,84077331.11,0,0
Fundo,2023-11-30,07253654000176,2,0,1,61231252.6,61814659.151,67065318.11,72899383.62,78733449.13,83984108.089,72899383.62,84567514.64,16501229.1360302,11668131.02,145798767.24,0,0,61231252.6,84567514.64,0,0
Fundo,2023-12-31,07253654000176,2,0,1,68225179.28,68647687.069,72450257.17,76675335.06,80900412.95,84702983.051,76675335.06,85125490.84,11950324.9082414,8450155.78,153350670.12,0,0,68225179.28,85125490.84,0,0
Fundo,2024-01-31,07253654000176,2,0,1,71346942.48,71680807.028,74685587.96,78024233.44,81362878.92,84367659.852,78024233.44,84701524.4,9443115.43554326,6677290.95999999,156048466.88,0,0,71346942.48,84701524.4,0,0
Fundo,2024-02-29,07253654000176,2,0,1,75070876.07,75310573.10875,77467846.4575,79864816.845,82261787.2325,84419060.58125,79864816.845,84658757.62,6779656.06121839,4793940.77500001,159729633.69,0,0,75070876.07,84658757.62,0,0
Fundo,2024-03-31,07253654000176,2,0,1,76082845.03,76318179.73275,78436192.0575,80789539.085,83142886.1125,85260898.43725,80789539.085,85496233.14,6656270.56652182,4706694.05500001,161579078.17,0,0,76082845.03,85496233.14,0,0
Fundo,2024-04-30,07253654000176,2,0,1,64871950.93,65179857.73,67951018.93,71030086.93,74109154.93,76880316.13,71030086.93,77188222.93,8708919.45013801,6158136,142060173.86,0,0,64871950.93,77188222.93,0,0
Fundo,2024-05-31,07253654000176,2,0,1,70529476.16,70617923.983,71413954.39,72298432.62,73182910.85,73978941.257,72298432.62,74067389.08,2501682.2169795,1768956.45999999,144596865.24,0,0,70529476.16,74067389.08,0,0
Fundo,2024-06-30,07253654000176,2,0,1,55570805.61,56245808.89525,62320838.4625,69070871.315,75820904.1675,81895933.73475,69070871.315,82570937.02,19091976.0129389,13500065.705,138141742.63,0,0,55570805.61,82570937.02,0,0
Fundo,2024-07-31,07253654000176,2,0,1,40329464.61,41413786.814,51172686.65,62015908.69,72859130.73,82618030.566,62015908.69,83702352.77,30669263.3375817,21686444.08,124031817.38,0,0,40329464.61,83702352.77,0,0
Fundo,2024-08-31,07253654000176,2,0,1,40489914.93,41491741.46525,50508180.2825,60526445.635,70544710.9875,79561149.80475,60526445.635,80562976.34,28335933.465916,20036530.705,121052891.27,0,0,40489914.93,80562976.34,0,0
Fundo,2024-09-30,07253654000176,2,0,1,40655223.27,41737722.848,51480219.05,62305214.83,73130210.61,82872706.812,62305214.83,83955206.39,30617711.689415,21649991.56,124610429.66,0,0,40655223.27,83955206.39,0,0
Fundo,2024-10-31,07253654000176,2,0,1,40953462.66,42070071.1185,52119547.245,63285631.83,74451716.415,84501192.5415,63285631.83,85617801,31582456.5174243,22332169.17,126571263.66,0,0,40953462.66,85617801,0,0
Fundo,2024-11-30,07253654000176,2,0,1,41100821.36,42134823.9215,51440846.975,61780872.59,72120898.205,81426921.2585,61780872.59,82460923.82,29246008.9200364,20680051.23,123561745.18,0,0,41100821.36,82460923.82,0,0
Fundo,2024-12-31,07253654000176,1,0,1,51378462.77,51378462.77,51378462.77,51378462.77,51378462.77,51378462.77,51378462.77,51378462.77,,0,51378462.77,0,0,51378462.77,51378462.77,0,0
Fundo,2025-01-31,07253654000176,1,0,1,41769419.64,41769419.64,41769419.64,41769419.64,41769419.64,41769419.64,41769419.64,41769419.64,,0,41769419.64,0,0,41769419.64,41769419.64,0,0
Fundo,2025-02-28,07253654000176,1,0,1,68356108.14,68356108.14,68356108.14,68356108.14,68356108.14,68356108.14,68356108.14,68356108.14,,0,68356108.14,0,0,68356108.14,68356108.14,0,0
Fundo,2025-03-31,07253654000176,1,0,1,68564535.05,68564535.05,68564535.05,68564535.05,68564535.05,68564535.05,68564535.05,68564535.05,,0,68564535.05,0,0,68564535.05,68564535.05,0,0
Fundo,2025-04-30,07253654000176,1,0,1,67555511.53,67555511.53,67555511.53,67555511.53,67555511.53,67555511.53,67555511.53,67555511.53,,0,67555511.53,0,0,67555511.53,67555511.53,0,0
Fundo,2025-05-31,07253654000176,1,0,1,62717670.13,62717670.13,62717670.13,62717670.13,62717670.13,62717670.13,62717670.13,62717670.13,,0,62717670.13,0,0,62717670.13,62717670.13,0,0
Fundo,2025-06-30,07253654000176,1,0,1,54719736.89,54719736.89,54719736.89,54719736.89,54719736.89,54719736.89,54719736.89,54719736.89,,0,54719736.89,0,0,54719736.89,54719736.89,0,0
Classe,2024-12-31,07253654000176,1,0,1,88935635.56,88935635.56,88935635.56,88935635.56,88935635.56,88935635.56,88935635.56,88935635.56,,0,88935635.56,0,0,88935635.56,88935635.56,0,0
Classe,2025-01-31,07253654000176,1,0,1,90469311.57,90469311.57,90469311.57,90469311.57,90469311.57,90469311.57,90469311.57,90469311.57,,0,90469311.57,0,0,90469311.57,90469311.57,0,0
Classe,2025-02-28,07253654000176,1,0,1,88329304.11,88329304.11,88329304.11,88329304.11,88329304.11,88329304.11,88329304.11,88329304.11,,0,88329304.11,0,0,88329304.11,88329304.11,0,0
Classe,2025-03-31,07253654000176,1,0,1,89323895.53,89323895.53,89323895.53,89323895.53,89323895.53,89323895.53,89323895.53,89323895.53,,0,89323895.53,0,0,89323895.53,89323895.53,0,0
Classe,2025-04-30,07253654000176,1,0,1,90427999.04,90427999.04,90427999.04,90427999.04,90427999.04,90427999.04,90427999.04,90427999.04,,0,90427999.04,0,0,90427999.04,90427999.04,0,0
Classe,2025-05-31,07253654000176,1,0,1,88532834.96,88532834.96,88532834.96,88532834.96,88532834.96,88532834.96,88532834.96,88532834.96,,0,88532834.96,0,0,88532834.96,88532834.96,0,0
Classe,2025-06-30,07253654000176,1,0,1,92026612.95,92026612.95,92026612.95,92026612.95,92026612.95,92026612.95,92026612.95,92026612.95,,0,92026612.95,0,0,92026612.95,92026612.95,0,0
Classe,2025-07-31,07253654000176,1,0,1,94080020.04,94080020.04,94080020.04,94080020.04,94080020.04,94080020.04,94080020.04,94080020.04,,0,94080020.04,0,0,94080020.04,94080020.04,0,0
Classe,2025-08-31,07253654000176,1,0,1,99853748.16,99853748.16,99853748.16,99853748.16,99853748.16,99853748.16,99853748.16,99853748.16,,0,99853748.16,0,0,99853748.16,99853748.16,0,0
Fundo,2024-12-31,24361690000172,2,0,1,0,186920.410249999,1869204.1025,3738408.205,5607612.3075,7289895.99975,3738408.205,7476816.41,5286907.58519786,3738408.205,7476816.41,0,1,0,7476816.41,0,0
Fundo,2025-01-31,24361690000172,1,0,1,0,0,0,0,0,0,0,0,,0,0,0,1,0,0,0,0
Fundo,2025-02-28,24361690000172,1,0,1,0,0,0,0,0,0,0,0,,0,0,0,1,0,0,0,0
Fundo,2025-03-31,24361690000172,1,0,1,0,0,0,0,0,0,0,0,,0,0,0,1,0,0,0,0
Fundo,2025-04-30,24361690000172,1,0,1,0,0,0,0,0,0,0,0,,0,0,0,1,0,0,0,0
Fundo,2025-05-31,24361690000172,1,0,1,0,0,0,0,0,0,0,0,,0,0,0,1,0,0,0,0
Fundo,2025-06-30,24361690000172,1,0,1,0,0,0,0,0,0,0,0,,0,0,0,1,0,0,0,0
Fundo,2025-07-31,24361690000172,1,0,1,0,0,0,0,0,0,0,0,,0,0,0,1,0,0,0,0
Fundo,2025-08-31,24361690000172,2,0,1,0,213660.400499999,2136604.005,4273208.01,6409812.015,8332755.6195,4273208.01,8546416.02,6043228.72258334,4273208.01,8546416.02,0,1,0,8546416.02,0,0
Fundo,2025-10-31,24361690000172,1,0,1,0,0,0,0,0,0,0,0,,0,0,0,1,0,0,0,0
Fundo,2025-12-31,24361690000172,1,0,1,0,0,0,0,0,0,0,0,,0,0,0,1,0,0,0,0
Fundo,2026-01-31,24361690000172,1,0,1,0,0,0,0,0,0,0,0,,0,0,0,1,0,0,0,1
Fundo,2026-02-28,24361690000172,1,0,1,0,0,0,0,0,0,0,0,,0,0,0,1,0,0,0,0
Fundo,2026-03-31,24361690000172,2,0,1,0,498852.240499998,4988522.405,9977044.81,14965567.215,19455237.3795,9977044.81,19954089.62,14109672.0827061,9977044.81,19954089.62,0,1,0,19954089.62,0,0
Fundo,2026-04-30,24361690000172,3,0,1,0,56168.3485000001,561683.485,1123366.97,10754142.015,19421839.5555,7169428.01,20384917.06,11458723.8146455,10192458.53,21508284.03,0,1,0,20384917.06,0,0
Fundo,2026-05-31,24361690000172,3,0,1,0,206528.434,2065284.34,4130568.68,12525534.965,20081004.6215,8350356.64333333,20920501.25,11080243.7238281,10460250.625,25051069.93,0,1,0,20920501.25,0,0
Fundo,2026-06-30,24361690000172,1,0,1,0,0,0,0,0,0,0,0,,0,0,0,1,0,0,0,0
Fundo,2026-07-31,24361690000172,1,0,1,0,0,0,0,0,0,0,0,,0,0,0,1,0,0,0,0
Fundo,2026-08-31,24361690000172,1,0,1,0,0,0,0,0,0,0,0,,0,0,0,1,0,0,0,0
Fundo,2026-09-30,24361690000172,1,0,1,0,0,0,0,0,0,0,0,,0,0,0,1,0,0,0,0
Fundo,2024-12-31,22610500000188,3,0,1,6617097.34,7188348.1945,12329605.885,18042114.43,69351986.085,115530870.5745,48440356.5033333,120661857.74,62805984.4643413,57022380.2,145321069.51,0,0,6617097.34,120661857.74,0,0
Fundo,2025-01-31,22610500000188,4,0,1,6747032.5,8770905.0625,26985758.125,35501809.185,58560453.895,116040309.8125,50044402.835,122426960.47,50143578.6415732,31574695.77,200177611.34,0,0,6747032.5,37271618.37,1,0
Fundo,2025-02-28,22610500000188,4,0,1,5002461.27,5137032.81225,6348176.6925,10900132.345,42281593.42,115932401.941,37729637.7675,124115825.11,57755120.0773944,35933416.7275,150918551.07,0,0,5002461.27,15003516.19,1,0
Fundo,2025-03-31,22610500000188,2,0,1,6887463.54,9858598.88649999,36598817.005,66310170.47,96021523.935,122761742.0535,66310170.47,125732877.4,84036398.0533277,59422706.93,132620340.94,0,0,6887463.54,125732877.4,0,0
Fundo,2025-04-30,22610500000188,3,0,1,0,278043.5075,2780435.075,5560870.15,66541719.585,121424484.0765,44361146.39,127522569.02,72073556.035417,63761284.51,133083439.17,0,1,0,127522569.02,0,0
Fundo,2025-05-31,22610500000188,4,0,1,3098493.08,3249236.73275,4605929.6075,59746651.845,118101382.18,128135896.918,62960659.9425,129250843,68237825.2143554,113495452.5725,251842639.77,0,0,3098493.08,129250843,0,0
Fundo,2025-06-30,22610500000188,3,0,1,4106112.68,4160389.5235,4648881.115,5191649.55,25721561.8,44198482.825,18516412.0933333,46251474.05,24025399.9733436,21072680.685,55549236.28,0,0,4106112.68,46251474.05,0,0
Fundo,2025-07-31,22610500000188,3,0,1,5289423.21,5633723.659,8732427.7,12175432.19,12448901.76,12695024.373,10062408.91,12722371.33,4142563.21315914,3716474.06,30187226.73,0,0,5289423.21,12722371.33,0,0
Fundo,2025-08-31,22610500000188,2,0,1,4970822.38,5378330.034,9045898.92,13120975.46,17196052,20863620.886,13120975.46,21271128.54,11526057.0211529,8150153.08,26241950.92,0,0,4970822.38,21271128.54,0,0
Fundo,2025-10-31,22610500000188,1,0,1,51271647.25,51271647.25,51271647.25,51271647.25,51271647.25,51271647.25,51271647.25,51271647.25,,0,51271647.25,0,0,51271647.25,51271647.25,0,0
Fundo,2025-05-31,03317692000194,1,0,1,222874428.47,222874428.47,222874428.47,222874428.47,222874428.47,222874428.47,222874428.47,222874428.47,,0,222874428.47,0,0,222874428.47,222874428.47,0,0
Fundo,2025-06-30,03317692000194,1,0,1,195715976.3,195715976.3,195715976.3,195715976.3,195715976.3,195715976.3,195715976.3,195715976.3,,0,195715976.3,0,0,195715976.3,195715976.3,0,0
Fundo,2025-07-31,03317692000194,1,0,1,198742522.12,198742522.12,198742522.12,198742522.12,198742522.12,198742522.12,198742522.12,198742522.12,,0,198742522.12,0,0,198742522.12,198742522.12,0,0
Fundo,2025-08-31,03317692000194,1,0,1,201548434.45,201548434.45,201548434.45,201548434.45,201548434.45,201548434.45,201548434.45,201548434.45,,0,201548434.45,0,0,201548434.45,201548434.45,0,0
Fundo,2025-09-30,03317692000194,2,0,1,6730061.42,11675115.9485,56180606.705,105631151.99,155081697.275,199587188.0315,105631151.99,204532242.56,139867263.617584,98901090.57,211262303.98,0,0,6730061.42,204532242.56,0,0
Fundo,2025-10-31,03317692000194,1,0,1,207700931.83,207700931.83,207700931.83,207700931.83,207700931.83,207700931.83,207700931.83,207700931.83,,0,207700931.83,0,0,207700931.83,207700931.83,0,0
Fundo,2025-06-30,33886862000112,1,0,1,8619341.38,8619341.38,8619341.38,8619341.38,8619341.38,8619341.38,8619341.38,8619341.38,,0,8619341.38,0,0,8619341.38,8619341.38,0,0
Fundo,2024-12-31,40434681000110,4,0,1,7404069.91,8075574.88525,14119119.6625,23795260.01,31406460.0275,31874665.91375,21730319.68,31926688.79,11949571.6184571,17287340.365,86921278.72,0,0,7404069.91,31926688.79,0,0
Fundo,2025-01-31,40434681000110,4,0,1,8272725.95,8894003.65025,14485502.9525,23678236.74,31463508.8875,33254861.76175,22270775.1,33453900.97,11922106.6729335,16978005.935,89083100.4,0,0,8272725.95,33453900.97,0,0
Fundo,2025-02-28,40434681000110,4,0,1,7838115.38,8524750.64,14704467.98,24042113.715,32350190.13,35750070.306,23012544.395,36127834.77,12958485.7834602,17645722.15,92050177.58,0,0,7838115.38,36127834.77,0,0
Fundo,2025-03-31,40434681000110,4,0,1,7965143.62,8690161.02475,15215317.6675,24177896.13,32718750.835,38105253.3325,23756172.3725,38703753.61,13648429.4479561,17503433.1675,95024689.49,0,0,7965143.62,38703753.61,0,0
Fundo,2025-07-31,36864992000142,1,0,1,233087859.4,233087859.4,233087859.4,233087859.4,233087859.4,233087859.4,233087859.4,233087859.4,,0,233087859.4,0,0,233087859.4,233087859.4,0,0
Fundo,2025-08-31,36864992000142,1,0,1,236938269.46,236938269.46,236938269.46,236938269.46,236938269.46,236938269.46,236938269.46,236938269.46,,0,236938269.46,0,0,236938269.46,236938269.46,0,0
Fundo,2025-09-30,36864992000142,1,0,1,200283108.53,200283108.53,200283108.53,200283108.53,200283108.53,200283108.53,200283108.53,200283108.53,,0,200283108.53,0,0,200283108.53,200283108.53,0,0
Fundo,2024-12-31,12063256000127,1,0,1,27781659.44,27781659.44,27781659.44,27781659.44,27781659.44,27781659.44,27781659.44,27781659.44,,0,27781659.44,0,0,27781659.44,27781659.44,0,0
Fundo,2025-04-30,40434681000110,4,0,1,3200000,3562447.87925,6824478.7925,11222961.02,18731935.2175,30392294.44975,14333452.99,31687889.92,12447715.9109043,11907456.425,57333811.96,0,0,3200000,31687889.92,0,0
Fundo,2025-05-31,40434681000110,3,0,1,1781938.55,2204017.7425,6002730.475,10223522.4,18651090.495,26235901.7805,13028039.8466667,27078658.59,12879440.9730014,12648360.02,39084119.54,0,0,1781938.55,27078658.59,0,0
Fundo,2025-07-31,40434681000110,3,0,1,39843.04,231845.598,1959868.62,3879894.2,14265700.845,23612926.8255,9523748.24333333,24651507.49,13240971.3804043,12305832.225,28571244.73,0,0,39843.04,24651507.49,0,0
Fundo,2025-08-31,40434681000110,3,0,1,1013797.3,1217543.2465,3051256.765,5088716.23,10753984.15,15852725.278,7507255.2,16419252.07,7982418.63282586,7702727.385,22521765.6,0,0,1013797.3,16419252.07,0,0
Classe,2025-10-31,62264924000152,8,0,1,1156081.26,2465667.28425,21302323.4475,36931039.5,217781820.9825,1870079909.043,362932087.515,2156099810,744907100.422367,196479497.535,2903456700.12,0,0,1156081.26,116475635.99,2,1
Fundo,2026-01-31,18945670000146,1,0,1,306316.21,306316.21,306316.21,306316.21,306316.21,306316.21,306316.21,306316.21,,0,306316.21,0,0,306316.21,306316.21,0,0
Classe,2026-02-28,18945670000146,6,0,1,5361823.79,5679953.4225,8854495.9625,17069172.15,38074203.835,646872197.1675,137298536.3,733098898.08,292210189.783328,29219707.8725,823791217.8,0,0,5361823.79,43285290.78,1,0
Classe,2026-03-31,18945670000146,7,0,1,5451669.9,6416980.7535,12460748.43,15786222.65,37477876.085,639487930.776,123370284.317143,742476848.64,273498069.295278,25017127.655,863591990.22,0,0,5451669.9,55884062.88,1,0
Classe,2026-04-30,18945670000146,7,0,1,5512348.55,6494874.881,13937704.225,17705053.22,38604273.72,649155310.5335,125974617.17,753520962.53,277236274.727625,24666569.495,881822320.19,0,0,5512348.55,57749949.22,1,0
Classe,2026-05-31,18945670000146,8,0,1,5590892.5,6775494.84375,16574564.01,23916691.62,61132756.44,631239947.5065,119804173.2575,752063336.42,256349401.883682,44558192.43,958433386.06,0,0,5590892.5,61643971.2,1,0
Classe,2026-06-30,18945670000146,9,0,1,5659329.48,7043495.956,18245172.1,24212431.52,62279620.51,621858686.164001,111876786.917778,760477917.61,244150362.056072,44034448.41,1006891082.26,0,0,5659329.48,67381760.38,1,0
Classe,2026-07-31,18945670000146,9,0,1,5740094.77,7012796.318,18503050.77,34461153.55,63568743.92,629940424.128001,115651583.26,769939722.91,246302833.191033,45065693.15,1040864249.34,0,0,5740094.77,69943229,1,0
Classe,2026-08-31,18945670000146,9,0,1,5814477.08,7107162.568,14152490.18,34043397.11,65131118.67,645190423.364001,117538645.985556,787923552.95,252465748.832368,50978628.49,1057847813.87,0,0,5814477.08,74257905.02,1,0
Fundo,2024-12-31,02332886000104,3,0,1,23800200.67,27063782.9265,56436023.235,89071845.8,187045818.715,275222394.3385,132630612.7,285019791.63,135948311.154327,130609795.48,397891838.1,0,0,23800200.67,285019791.63,0,0
Fundo,2025-01-31,02332886000104,3,0,1,21913521.32,25409218.095,56870489.07,91827456.82,189718748.065,277820910.1855,133783672.483333,287610039.31,137727640.445169,132848258.995,401351017.45,0,0,21913521.32,287610039.31,0,0
Fundo,2025-02-28,02332886000104,3,0,1,22479104.39,26367774.066,61365801.15,100252497.91,205986967.715,301147990.5395,144817679.94,311721437.52,149682408.470891,144621166.565,434453039.82,0,0,22479104.39,311721437.52,0,0
Fundo,2025-03-31,02332886000104,3,0,1,20200728.5,24155511.3595,59748557.095,99296385.69,220437780.43,329465035.696,153692096.453333,341579175.17,167452072.271715,160689223.335,461076289.36,0,0,20200728.5,341579175.17,0,0
Fundo,2025-04-30,02332886000104,4,0,1,12550279.37,15637247.47325,43419960.4025,74757610.935,159868758.64,332839913.935,128531108.1075,352058931.19,152845711.378299,116448798.2375,514124432.43,0,0,12550279.37,95805367.79,1,0
Fundo,2025-05-31,02332886000104,3,0,1,19482206.53,23358989.556,58250036.79,97017867.05,238773466.57,366353506.138,165676379.89,380529066.09,190063679.430303,180523429.78,497029139.67,0,0,19482206.53,380529066.09,0,0
Fundo,2025-07-31,02332886000104,3,0,1,18621470.29,22640887.208,58815639.47,99009808.65,246338150.345,378933657.8705,170432590.326667,393666492.04,197460381.828075,187522510.875,511297770.98,0,0,18621470.29,393666492.04,0,0
Fundo,2025-08-31,02332886000104,4,0,1,18877823.99,24720565.96475,77305243.7375,98549181.31,174545706.8875,374962372.27375,153301769.315,397230890.65,166906318.706922,97240463.15,613207077.26,0,0,18877823.99,100317312.3,1,0
Fundo,2025-02-28,62232889000190,2,0,1,20760138.05,25507236.7435,68231124.985,115702111.92,163173098.855,205896987.0965,115702111.92,210644085.79,134268227.085426,94941973.87,231404223.84,0,0,20760138.05,210644085.79,0,0
Fundo,2025-03-31,62232889000190,2,0,1,20993598.48,25774153.672,68799150.4,116604702.32,164410254.24,207435250.968,116604702.32,212215806.16,135214519.76399,95611103.84,233209404.64,0,0,20993598.48,212215806.16,0,0
Fundo,2025-04-30,62232889000190,2,0,1,21293243.24,22873151.56225,37092326.4625,52891409.685,68690492.9075,82909667.80775,52891409.685,84489576.13,44686555.5326415,31598166.445,105782819.37,0,0,21293243.24,84489576.13,0,0
Fundo,2025-07-31,62232889000190,2,0,1,22206867.3,24413238.68275,44270581.1275,66334294.955,88398008.7825,108255351.22725,66334294.955,110461722.61,62405606.6623386,44127427.655,132668589.91,0,0,22206867.3,110461722.61,0,0
Fundo,2025-08-31,62232889000190,2,0,1,22540345.26,26390977.4085,61046666.745,99552988.23,138059309.715,172714999.0515,99552988.23,176565631.2,108912324.162371,77012642.97,199105976.46,0,0,22540345.26,176565631.2,0,0
Classe,2024-10-31,36266751000100,3,0,1,12159.35,354051.1245,3431077.095,6849994.84,9055004.45,11039513.099,6040722.75,11260014.06,5667428.85981439,5623927.355,18122168.25,0,0,12159.35,11260014.06,0,1
Classe,2024-11-30,36266751000100,2,0,1,-1840.65,171483.647749999,1731402.3275,3464645.305,5197888.2825,6757806.96225,3464645.305,6931131.26,4902351.45133685,3466485.955,6929290.61,1,0,-1840.65,6931131.26,0,1
Fundo,2024-12-31,00806535000154,1,0,1,15139.34,15139.34,15139.34,15139.34,15139.34,15139.34,15139.34,15139.34,,0,15139.34,0,0,15139.34,15139.34,0,0
Fundo,2025-02-28,00806535000154,3,0,1,22484.73,71074.7995,508385.425,994286.12,7748608.88,13827499.364,5173234.16333333,14502931.64,8094352.39781366,7240223.455,15519702.49,0,0,22484.73,14502931.64,0,0
Fundo,2025-03-31,00806535000154,1,0,1,26084.64,26084.64,26084.64,26084.64,26084.64,26084.64,26084.64,26084.64,,0,26084.64,0,0,26084.64,26084.64,0,0
Fundo,2025-04-30,00806535000154,2,0,1,1492.63,504993.118249998,5036497.5125,10071502.395,15106507.2775,19638011.67175,10071502.395,20141512.16,14241144.3828925,10070009.765,20143004.79,0,0,1492.63,20141512.16,0,0
Fundo,2025-10-31,02332886000104,3,0,1,21997979.97,22692126.1665,28939441.935,35880903.9,68452272.565,97766504.3635,52967508.3666667,101023641.23,42192746.1010219,39512830.63,158902525.1,0,0,21997979.97,101023641.23,0,0
Fundo,2023-09-30,46955383000152,1,0,1,39256181.2,39256181.2,39256181.2,39256181.2,39256181.2,39256181.2,39256181.2,39256181.2,,0,39256181.2,0,0,39256181.2,39256181.2,0,0
Fundo,2023-10-31,46955383000152,2,0,1,1307934.01,2276019.92,10988793.11,20669652.21,30350511.31,39063284.5,20669652.21,40031370.41,27381604.469286,19361718.2,41339304.42,0,0,1307934.01,40031370.41,0,0
Fundo,2023-11-30,46955383000152,2,0,1,2521474.45,3534460.311,12651333.06,22781191.67,32911050.28,42027923.029,22781191.67,43040908.89,28651566.8623677,20259717.22,45562383.34,0,0,2521474.45,43040908.89,0,0
Fundo,2023-12-31,46955383000152,2,0,1,3449369.02,4528598.5925,14241664.745,25033960.47,35826256.195,45539322.3475,25033960.47,46618551.92,30525221.9668723,21584591.45,50067920.94,0,0,3449369.02,46618551.92,0,0
Fundo,2024-01-31,46955383000152,3,0,1,4749800.38,9110227.5405,48354071.985,91958343.59,140151495.05,183525331.364,95017596.8266667,188344646.51,91835647.5130934,91797423.065,285052790.48,0,0,4749800.38,188344646.51,0,0
Fundo,2024-02-29,46955383000152,4,0,1,2994614.49,3205436.6655,5102836.245,49515250.48,149252265.99,300526089.012,104839851.755,317334291.57,147726135.646912,144149429.745,419359407.02,0,0,2994614.49,317334291.57,0,0
Fundo,2024-12-31,46955383000152,1,0,1,141675076.39,141675076.39,141675076.39,141675076.39,141675076.39,141675076.39,141675076.39,141675076.39,,0,141675076.39,0,0,141675076.39,141675076.39,0,0
Fundo,2025-01-31,46955383000152,2,0,1,119459814.53,120418742.93425,129049098.5725,138638382.615,148227666.6575,156858022.29575,138638382.615,157816950.7,27122591.0927028,19178568.085,277276765.23,0,0,119459814.53,157816950.7,0,0
Fundo,2025-02-28,46955383000152,1,0,1,159355281.18,159355281.18,159355281.18,159355281.18,159355281.18,159355281.18,159355281.18,159355281.18,,0,159355281.18,0,0,159355281.18,159355281.18,0,0
Fundo,2025-03-31,46955383000152,1,0,1,153244974.38,153244974.38,153244974.38,153244974.38,153244974.38,153244974.38,153244974.38,153244974.38,,0,153244974.38,0,0,153244974.38,153244974.38,0,0
Fundo,2025-04-30,46955383000152,1,0,1,185320380.82,185320380.82,185320380.82,185320380.82,185320380.82,185320380.82,185320380.82,185320380.82,,0,185320380.82,0,0,185320380.82,185320380.82,0,0
Fundo,2025-05-31,46955383000152,1,0,1,205797189.2,205797189.2,205797189.2,205797189.2,205797189.2,205797189.2,205797189.2,205797189.2,,0,205797189.2,0,0,205797189.2,205797189.2,0,0
Fundo,2025-06-30,46955383000152,1,0,1,201207470.78,201207470.78,201207470.78,201207470.78,201207470.78,201207470.78,201207470.78,201207470.78,,0,201207470.78,0,0,201207470.78,201207470.78,0,0
Fundo,2025-09-30,40434681000110,4,0,1,0,74429.49525,744294.9525,3175931.405,13363485.8225,34974329.78525,10931849.37,37375534.67,17782182.3503887,12619190.87,43727397.48,0,1,0,5359469.54,1,0
Fundo,2025-10-31,40434681000110,2,0,1,0,136897.89375,1368978.9375,2737957.875,4106936.8125,5339017.85625,2737957.875,5475915.75,3872057.16003122,2737957.875,5475915.75,0,1,0,5475915.75,0,0
Fundo,2025-11-30,40434681000110,4,0,1,0,224609.97525,2246099.7525,4405875.31,9341662.11,18858382.242,7181886.5525,19915795.59,8815264.78310739,7095562.3575,28727546.21,0,1,0,19915795.59,0,0
Fundo,2025-12-31,40434681000110,2,0,1,0,81980.7822499997,819807.8225,1639615.645,2459423.4675,3197250.50775,1639615.645,3279231.29,2318766.68223811,1639615.645,3279231.29,0,1,0,3279231.29,0,0
Fundo,2026-03-31,40434681000110,1,0,1,0,0,0,0,0,0,0,0,,0,0,0,1,0,0,0,0
Fundo,2026-04-30,40434681000110,1,0,1,0,0,0,0,0,0,0,0,,0,0,0,1,0,0,0,0
Fundo,2026-05-31,40434681000110,1,0,1,0,0,0,0,0,0,0,0,,0,0,0,1,0,0,0,0
Fundo,2026-06-30,40434681000110,1,0,1,0,0,0,0,0,0,0,0,,0,0,0,1,0,0,0,0
Fundo,2026-07-31,40434681000110,1,0,1,0,0,0,0,0,0,0,0,,0,0,0,1,0,0,0,0
Fundo,2026-08-31,40434681000110,1,0,1,0,0,0,0,0,0,0,0,,0,0,0,1,0,0,0,0
Fundo,2026-09-30,40434681000110,1,0,1,0,0,0,0,0,0,0,0,,0,0,0,1,0,0,0,0
Fundo,2025-06-30,36266751000100,1,0,1,3099301.99,3099301.99,3099301.99,3099301.99,3099301.99,3099301.99,3099301.99,3099301.99,,0,3099301.99,0,0,3099301.99,3099301.99,0,0
Fundo,2024-10-31,47215387000167,1,0,1,274796198.92,274796198.92,274796198.92,274796198.92,274796198.92,274796198.92,274796198.92,274796198.92,,0,274796198.92,0,0,274796198.92,274796198.92,0,0
Classe,2026-09-30,22610500000188,1,0,1,145696117.96,145696117.96,145696117.96,145696117.96,145696117.96,145696117.96,145696117.96,145696117.96,,0,145696117.96,0,0,145696117.96,145696117.96,0,0
Fundo,2026-04-30,45246410000155,1,0,1,2089212.9,2089212.9,2089212.9,2089212.9,2089212.9,2089212.9,2089212.9,2089212.9,,0,2089212.9,0,0,2089212.9,2089212.9,0,0
Fundo,2026-05-31,45246410000155,1,0,1,2056350.8,2056350.8,2056350.8,2056350.8,2056350.8,2056350.8,2056350.8,2056350.8,,0,2056350.8,0,0,2056350.8,2056350.8,0,0
Fundo,2026-06-30,45246410000155,1,0,1,2046668.23,2046668.23,2046668.23,2046668.23,2046668.23,2046668.23,2046668.23,2046668.23,,0,2046668.23,0,0,2046668.23,2046668.23,0,0
Fundo,2026-07-31,45246410000155,1,0,1,1973056.97,1973056.97,1973056.97,1973056.97,1973056.97,1973056.97,1973056.97,1973056.97,,0,1973056.97,0,0,1973056.97,1973056.97,0,0
Fundo,2023-09-30,40768766000135,1,0,1,6e+05,6e+05,6e+05,6e+05,6e+05,6e+05,6e+05,6e+05,,0,6e+05,0,0,6e+05,6e+05,0,0
Fundo,2023-10-31,40768766000135,1,0,1,542574.7,542574.7,542574.7,542574.7,542574.7,542574.7,542574.7,542574.7,,0,542574.7,0,0,542574.7,542574.7,0,0
Fundo,2023-11-30,40768766000135,1,0,1,492441.33,492441.33,492441.33,492441.33,492441.33,492441.33,492441.33,492441.33,,0,492441.33,0,0,492441.33,492441.33,0,0
Fundo,2023-12-31,40768766000135,1,0,1,544088.95,544088.95,544088.95,544088.95,544088.95,544088.95,544088.95,544088.95,,0,544088.95,0,0,544088.95,544088.95,0,0
Fundo,2024-01-31,40768766000135,1,0,1,501655.93,501655.93,501655.93,501655.93,501655.93,501655.93,501655.93,501655.93,,0,501655.93,0,0,501655.93,501655.93,0,0
Fundo,2024-02-29,40768766000135,1,0,1,458230.36,458230.36,458230.36,458230.36,458230.36,458230.36,458230.36,458230.36,,0,458230.36,0,0,458230.36,458230.36,0,0
Fundo,2024-03-31,40768766000135,1,0,1,1704921.36,1704921.36,1704921.36,1704921.36,1704921.36,1704921.36,1704921.36,1704921.36,,0,1704921.36,0,0,1704921.36,1704921.36,0,0
Fundo,2024-04-30,40768766000135,1,0,1,2490270.34,2490270.34,2490270.34,2490270.34,2490270.34,2490270.34,2490270.34,2490270.34,,0,2490270.34,0,0,2490270.34,2490270.34,0,0
Fundo,2024-05-31,40768766000135,1,0,1,2508820.93,2508820.93,2508820.93,2508820.93,2508820.93,2508820.93,2508820.93,2508820.93,,0,2508820.93,0,0,2508820.93,2508820.93,0,0
Fundo,2024-06-30,40768766000135,1,0,1,2522760.46,2522760.46,2522760.46,2522760.46,2522760.46,2522760.46,2522760.46,2522760.46,,0,2522760.46,0,0,2522760.46,2522760.46,0,0
Fundo,2024-07-31,40768766000135,1,0,1,7744844.42,7744844.42,7744844.42,7744844.42,7744844.42,7744844.42,7744844.42,7744844.42,,0,7744844.42,0,0,7744844.42,7744844.42,0,0
Fundo,2024-08-31,40768766000135,1,0,1,7976046.91,7976046.91,7976046.91,7976046.91,7976046.91,7976046.91,7976046.91,7976046.91,,0,7976046.91,0,0,7976046.91,7976046.91,0,0
Fundo,2024-09-30,40768766000135,1,0,1,8015554.43,8015554.43,8015554.43,8015554.43,8015554.43,8015554.43,8015554.43,8015554.43,,0,8015554.43,0,0,8015554.43,8015554.43,0,0
Fundo,2024-10-31,40768766000135,1,0,1,7847178.41,7847178.41,7847178.41,7847178.41,7847178.41,7847178.41,7847178.41,7847178.41,,0,7847178.41,0,0,7847178.41,7847178.41,0,0
Classe,2024-11-30,40768766000135,1,0,1,7687483.63,7687483.63,7687483.63,7687483.63,7687483.63,7687483.63,7687483.63,7687483.63,,0,7687483.63,0,0,7687483.63,7687483.63,0,0
Classe,2024-12-31,40768766000135,1,0,1,7658852.63,7658852.63,7658852.63,7658852.63,7658852.63,7658852.63,7658852.63,7658852.63,,0,7658852.63,0,0,7658852.63,7658852.63,0,0
Classe,2025-01-31,40768766000135,1,0,1,7612333.71,7612333.71,7612333.71,7612333.71,7612333.71,7612333.71,7612333.71,7612333.71,,0,7612333.71,0,0,7612333.71,7612333.71,0,0
Classe,2025-02-28,40768766000135,1,0,1,7709471.44,7709471.44,7709471.44,7709471.44,7709471.44,7709471.44,7709471.44,7709471.44,,0,7709471.44,0,0,7709471.44,7709471.44,0,0
Classe,2025-03-31,40768766000135,1,0,1,7699879.54,7699879.54,7699879.54,7699879.54,7699879.54,7699879.54,7699879.54,7699879.54,,0,7699879.54,0,0,7699879.54,7699879.54,0,0
Classe,2025-04-30,40768766000135,1,0,1,8237324.59,8237324.59,8237324.59,8237324.59,8237324.59,8237324.59,8237324.59,8237324.59,,0,8237324.59,0,0,8237324.59,8237324.59,0,0
Classe,2025-05-31,40768766000135,1,0,1,10380869.07,10380869.07,10380869.07,10380869.07,10380869.07,10380869.07,10380869.07,10380869.07,,0,10380869.07,0,0,10380869.07,10380869.07,0,0
Classe,2025-06-30,40768766000135,1,0,1,15349821.12,15349821.12,15349821.12,15349821.12,15349821.12,15349821.12,15349821.12,15349821.12,,0,15349821.12,0,0,15349821.12,15349821.12,0,0
Classe,2025-07-31,40768766000135,1,0,1,15465103.71,15465103.71,15465103.71,15465103.71,15465103.71,15465103.71,15465103.71,15465103.71,,0,15465103.71,0,0,15465103.71,15465103.71,0,0
Classe,2025-08-31,40768766000135,1,0,1,16509513.23,16509513.23,16509513.23,16509513.23,16509513.23,16509513.23,16509513.23,16509513.23,,0,16509513.23,0,0,16509513.23,16509513.23,0,0
Classe,2025-09-30,40768766000135,1,0,1,16399150.53,16399150.53,16399150.53,16399150.53,16399150.53,16399150.53,16399150.53,16399150.53,,0,16399150.53,0,0,16399150.53,16399150.53,0,0
Classe,2025-10-31,40768766000135,1,0,1,28075213.1,28075213.1,28075213.1,28075213.1,28075213.1,28075213.1,28075213.1,28075213.1,,0,28075213.1,0,0,28075213.1,28075213.1,0,0
Classe,2025-11-30,40768766000135,2,0,1,8613245.12,9119229.07925,13673084.7125,18732924.305,23792763.8975,28346619.53075,18732924.305,28852603.49,14311387.5502917,10119679.185,37465848.61,0,0,8613245.12,28852603.49,0,0
Classe,2025-12-31,40768766000135,2,0,1,10799949.13,11387859.692,16679054.75,22558160.37,28437265.99,33728461.048,22558160.37,34316371.61,16628621.8048558,11758211.24,45116320.74,0,0,10799949.13,34316371.61,0,0
Classe,2026-01-31,40768766000135,3,0,1,979543.97,1469574.4355,5879848.625,10780153.28,27945950.255,43395167.5325,18957148.16,45111747.23,23174560.9472143,22066101.63,56871444.48,0,0,979543.97,45111747.23,0,0
Classe,2026-02-28,40768766000135,4,0,1,989802.45,1621027.09275,7302048.8775,10059723,19716060.2325,44023472.41425,16958386.11,46724295.99,20306341.5829792,12414011.355,67833544.44,0,0,989802.45,10713314.98,1,0
Classe,2026-03-31,40768766000135,4,0,1,1004596.46,1730534.95925,8263981.4525,21201375.2,35662887.645,46311454.6215,22725493.8975,47494628.73,20906084.1892267,27398906.1925,90901975.59,0,0,1004596.46,47494628.73,0,0
Fundo,2026-08-31,13673855000125,1,0,1,132896773.47,132896773.47,132896773.47,132896773.47,132896773.47,132896773.47,132896773.47,132896773.47,,0,132896773.47,0,0,132896773.47,132896773.47,0,1
Classe,2026-04-30,14717397000141,1,0,1,1800909934.43,1800909934.43,1800909934.43,1800909934.43,1800909934.43,1800909934.43,1800909934.43,1800909934.43,,0,1800909934.43,0,0,1800909934.43,1800909934.43,0,1
Classe,2026-05-31,14717397000141,2,0,1,38424092.17,82486238.2264999,479045552.735,919667013.3,1360288473.865,1756847788.3735,919667013.3,1800909934.43,1246265690.80733,881242921.13,1839334026.6,0,0,38424092.17,1800909934.43,0,1
Classe,2026-06-30,14717397000141,2,0,1,38948249.11,82997291.2429999,479438670.44,919929091.77,1360419513.1,1756860892.297,919929091.77,1800909934.43,1245895055.88065,880980842.66,1839858183.54,0,0,38948249.11,1800909934.43,0,1
Classe,2026-07-31,14717397000141,2,0,1,38622819.75,82679997.6169998,479194598.42,919766377.09,1360338155.76,1756852756.563,919766377.09,1800909934.43,1246125169.1879,881143557.34,1839532754.18,0,0,38622819.75,1800909934.43,0,1
Classe,2025-09-30,62264924000152,5,0,1,1080587.8,1845210.491,8726814.71,30614802.59,522027639.47,1982119775.933,541360416.022,2144352235.54,922824259.726771,513300824.76,2706802080.11,0,0,1080587.8,522027639.47,1,1
Classe,2026-05-31,41592532000142,4,0,1,249254.13,470529.70425,2462009.8725,7872368.645,56005924.61,173350037.198,50595565.8375,186388271.93,90680065.6373884,53543914.7375,202382263.35,0,0,249254.13,12545142.17,1,0
Classe,2025-11-30,47215387000167,4,0,1,30959843.64,31280723.688,34168644.12,49564879.325,254776722.6275,770166784.92275,239380487.4225,827432347.4,392307103.290259,220608078.5075,957521949.69,0,0,30959843.64,63891514.37,1,0
Classe,2025-12-31,47215387000167,1,0,1,921738658.33,921738658.33,921738658.33,921738658.33,921738658.33,921738658.33,921738658.33,921738658.33,,0,921738658.33,0,0,921738658.33,921738658.33,0,0
Classe,2025-12-31,34978626000199,3,0,1,49457004.19,52052417.849,75411140.78,101365277.37,169678250.71,231159926.716,129604501.87,237991224.05,97387773.1793153,94267109.93,388813505.61,0,0,49457004.19,237991224.05,0,0
Classe,2026-01-31,34978626000199,3,0,1,51189371.98,55149118.917,90786841.35,130384310.72,221136955.425,302814335.6595,164487760.943333,311889600.13,133654166.516488,130350114.075,493463282.83,0,0,51189371.98,311889600.13,0,0
Classe,2026-02-28,34978626000199,3,0,1,50296300.29,55539699.4185,102730291.575,155164282.86,318228186.455,464985699.6905,228917557.733333,481292090.05,224764325.157748,215497894.88,686752673.2,0,0,50296300.29,481292090.05,0,0
Classe,2026-03-31,34978626000199,4,0,1,5484593.64,8891020.47525,39548861.9925,109243475.465,267709788.735,538051219.7055,198015175.2625,568089156.48,255988726.129588,228160926.7425,792060701.05,0,0,5484593.64,568089156.48,0,0
Classe,2026-04-30,34978626000199,4,0,1,5462714.8,8914481.57575,39980382.5575,113831124.055,276038871.4975,545668688.53075,202188130,575627557.09,259194635.292317,236058488.94,808752520,0,0,5462714.8,575627557.09,0,0
Classe,2026-05-31,34978626000199,4,0,1,5441105.32,8937400.7395,40404059.515,117001577.57,298897773.825,614670863.7405,222300255.77,649756762.62,294594533.833378,258493714.31,889201023.08,0,0,5441105.32,649756762.62,0,0
Classe,2026-06-30,34978626000199,4,0,1,5421273.75,8966916.46875,40877700.9375,125125760.335,312873072.5275,624231839.54275,228625013.13,658827258.1,298222547.837947,271995371.59,914500052.52,0,0,5421273.75,658827258.1,0,0
Classe,2026-07-31,34978626000199,4,0,1,5408589.51,8999199.35175,41314687.9275,138848730.845,335428743.7925,635168351.44925,237894700.875,668472752.3,302054252.68907,294114055.865,951578803.5,0,0,5408589.51,668472752.3,0,0
Classe,2026-08-31,34978626000199,4,0,1,5386781.4,9026435.6385,41783323.785,140369832.195,339467280.8225,643603707.55625,240880772.4125,677396643.86,306135659.233017,297683957.0375,963523089.65,0,0,5386781.4,677396643.86,0,0
Fundo,2024-08-31,18945670000146,3,0,1,1e+05,524590.853,4345908.53,8591817.06,242992496.05,453953107.141,162028330.7,477393175.04,273146968.724603,238646587.52,486084992.1,0,0,1e+05,477393175.04,0,0
Fundo,2024-09-30,18945670000146,3,0,1,4992557.93,5340936.6425,8476345.055,11960132.18,259408798.08,482112597.39,174603384.696667,506857463.98,287761562.188288,250932453.025,523810154.09,0,0,4992557.93,506857463.98,0,0
Classe,2024-10-31,18945670000146,3,0,1,6070054.02,6411881.7355,9488331.175,12906608.33,262650038.745,487419126.1185,177123377.17,512393469.16,290372537.537464,253161707.57,531370131.51,0,0,6070054.02,512393469.16,0,0
Classe,2024-11-30,18945670000146,3,0,1,6166830.63,6574029.0575,10238814.905,14310799.18,266137469.35,492781472.503,179480589.776667,517964139.52,293163633.728796,255898654.445,538441769.33,0,0,6166830.63,517964139.52,0,0
Classe,2024-12-31,18945670000146,3,0,1,6288035.78,6715636.761,10564045.59,14840055.4,276633492.325,512247585.5575,186518340.143333,538426929.25,304791774.126499,266069446.735,559555020.43,0,0,6288035.78,538426929.25,0,0
Classe,2025-01-31,18945670000146,3,0,1,6370537.31,6804249.4045,10707658.255,15044779.2,279942802.48,518351023.432,188752047.423333,544840825.76,308412425.432352,269235144.225,566256142.27,0,0,6370537.31,544840825.76,0,0
Classe,2025-02-28,18945670000146,3,0,1,7979077.88,8370170.885,11890007.93,15800937.98,328913763.545,610715306.5535,221935534.99,642026589.11,363830545.292167,317023755.615,665806604.97,0,0,7979077.88,642026589.11,0,0
Classe,2025-03-31,18945670000146,4,0,1,1751757.01,2233375.38475,6567940.7575,13303399.67,176116940.1675,601862325.81975,169381481.255,649167368.67,319931030.294354,169548999.41,677525925.02,0,0,1751757.01,18433464,1,0
Classe,2025-04-30,18945670000146,4,0,1,1768010.11,2262356.39275,6711472.9375,12733158.1,177101943.12,609088229.28,171080257.9575,657086705.52,324065206.291618,170390470.1825,684321031.83,0,0,1768010.11,17107022.32,1,0
Classe,2025-05-31,18945670000146,5,0,1,1789168.7,2234090.923,6238390.93,8432884.25,17765408.74,595162552.981,138708728.77,659317791.23,291087716.409489,11527017.81,693543643.85,0,0,1789168.7,17765408.74,1,0
Classe,2025-06-30,18945670000146,5,0,1,6346460.4,6568790.103,8569757.43,12853578.91,18379047.8,602450031.476,142699130.396,667346807.44,293322891.415048,9809290.37,713495651.98,0,0,6346460.4,18379047.8,1,0
Classe,2025-07-31,18945670000146,5,0,1,6448972.72,6659568.913,8554934.65,16899218.03,17925323.46,612044421.378,145577220.668,678057654.48,297708004.535905,9370388.81,727886103.34,0,0,6448972.72,17925323.46,1,0
Classe,2025-08-31,18945670000146,5,0,1,7542999.38,7640627.691,8519282.49,15123233.58,17164525.04,620179029.152,147106136.242,687180640.72,301939134.805202,8645242.55,735530681.21,0,0,7542999.38,17164525.04,1,0
Classe,2025-09-30,18945670000146,5,0,1,8645464.54,8647172.973,8662548.87,15394244.17,18546201.22,628140870.022,149424413.96,695873611,305504718.945971,9883652.35,747122069.8,0,0,8645464.54,18546201.22,1,0
Classe,2025-10-31,18945670000146,5,0,1,8772646.45,8876104.081,9807222.76,15658071.31,20511940.43,637595807.474,152182112.508,706160681.59,309719626.124992,10704717.67,760910562.54,0,0,8772646.45,20511940.43,1,0
Classe,2025-11-30,18945670000146,5,0,1,8876092.48,9081717.058,10932338.26,16057169.2,21091907.95,638053915.615,152712551.538,706605249.8,309671747.322839,10159569.69,763562757.69,0,0,8876092.48,21091907.95,1,0
Classe,2025-12-31,18945670000146,5,0,1,9017264.55,9255273.076,11397349.81,18249738.97,20869413.19,646518352.399,155113733.544,716034901.2,313601827.198409,9472063.38,775568667.72,0,0,9017264.55,20869413.19,1,0
Classe,2026-01-31,18945670000146,6,0,1,0,357661.52625,5032199.5025,15171065.65,25217105.43,645449837.8675,132384883.121667,733748804.62,294779911.534632,20184905.9275,794309298.73,0,1,0,27357070.6,1,0
Fundo,2024-03-31,18945670000146,1,0,1,2160681.69,2160681.69,2160681.69,2160681.69,2160681.69,2160681.69,2160681.69,2160681.69,,0,2160681.69,0,0,2160681.69,2160681.69,0,0
Fundo,2024-04-30,18945670000146,1,0,1,2241987.62,2241987.62,2241987.62,2241987.62,2241987.62,2241987.62,2241987.62,2241987.62,,0,2241987.62,0,0,2241987.62,2241987.62,0,0
Fundo,2024-05-31,18945670000146,1,0,1,5481949.4,5481949.4,5481949.4,5481949.4,5481949.4,5481949.4,5481949.4,5481949.4,,0,5481949.4,0,0,5481949.4,5481949.4,0,0
Fundo,2024-06-30,18945670000146,2,0,1,7851809.23,15182441.4935,81158131.865,154464454.5,227770777.135,293746467.5065,154464454.5,301077099.77,207341591.35623,146612645.27,308928909,0,0,7851809.23,301077099.77,0,0
Fundo,2024-07-31,18945670000146,2,0,1,8002568.46,15658777.4275,84564658.135,161126747.81,237688837.485,306594718.1925,161126747.81,314250927.16,216550291.16402,153124179.35,322253495.62,0,0,8002568.46,314250927.16,0,0
Fundo,2024-05-31,48967968000118,1,0,1,31723430.81,31723430.81,31723430.81,31723430.81,31723430.81,31723430.81,31723430.81,31723430.81,,0,31723430.81,0,0,31723430.81,31723430.81,0,0
Fundo,2024-06-30,48967968000118,1,0,1,32482134.96,32482134.96,32482134.96,32482134.96,32482134.96,32482134.96,32482134.96,32482134.96,,0,32482134.96,0,0,32482134.96,32482134.96,0,0
Fundo,2024-07-31,48967968000118,1,0,1,32823466.56,32823466.56,32823466.56,32823466.56,32823466.56,32823466.56,32823466.56,32823466.56,,0,32823466.56,0,0,32823466.56,32823466.56,0,0
Fundo,2024-08-31,48967968000118,1,0,1,33462399.26,33462399.26,33462399.26,33462399.26,33462399.26,33462399.26,33462399.26,33462399.26,,0,33462399.26,0,0,33462399.26,33462399.26,0,0
Classe,2024-10-31,48967968000118,1,0,1,34471897.69,34471897.69,34471897.69,34471897.69,34471897.69,34471897.69,34471897.69,34471897.69,,0,34471897.69,0,0,34471897.69,34471897.69,0,0
Classe,2024-11-30,48967968000118,1,0,1,35025411.66,35025411.66,35025411.66,35025411.66,35025411.66,35025411.66,35025411.66,35025411.66,,0,35025411.66,0,0,35025411.66,35025411.66,0,0
Classe,2024-12-31,48967968000118,1,0,1,35522556.69,35522556.69,35522556.69,35522556.69,35522556.69,35522556.69,35522556.69,35522556.69,,0,35522556.69,0,0,35522556.69,35522556.69,0,0
Classe,2024-10-31,03017677000120,1,0,1,29592999.94,29592999.94,29592999.94,29592999.94,29592999.94,29592999.94,29592999.94,29592999.94,,0,29592999.94,0,0,29592999.94,29592999.94,0,0
Classe,2024-11-30,03017677000120,2,0,1,29591304.83,35671719.33825,90395449.9125,151199594.995,212003740.0775,266727470.65175,151199594.995,272807885.16,171980093.248346,121608290.165,302399189.99,0,0,29591304.83,272807885.16,0,0
Fundo,2025-03-31,12063256000127,2,0,1,4752874.18,4887960.99275,6103742.3075,7454610.435,8805478.5625,10021259.87725,7454610.435,10156346.69,3820832.05377609,2701736.255,14909220.87,0,0,4752874.18,10156346.69,0,0
Fundo,2025-04-30,12063256000127,3,0,1,15249592.42,15757730.1595,20330969.815,25412347.21,25901248.59,26341259.832,22350696.5333333,26390149.97,6169139.67102915,5570278.775,67052089.6,0,0,15249592.42,26390149.97,0,0
Fundo,2025-05-31,12063256000127,4,0,1,3675612.39,3767751.48075,4597003.2975,11031450.405,19401619.3075,25457319.97075,12967172.2,26130175.6,10679884.5562451,14804616.01,51868688.8,0,0,3675612.39,26130175.6,0,0
Fundo,2025-06-30,12063256000127,4,0,1,91179.26,384340.8155,3022794.815,11167891.18,20358851.8875,25821139.61175,12213755.5225,26428060.47,12301061.1027819,17336057.0725,48855022.09,0,0,91179.26,26428060.47,0,0
Fundo,2025-07-31,12063256000127,3,0,1,10673702.04,11128127.821,15217959.85,19762217.66,23270580.08,26428106.258,19071620.7333333,26778942.5,8074799.41886771,8052620.23,57214862.2,0,0,10673702.04,26778942.5,0,0
Fundo,2025-08-31,12063256000127,1,0,1,27092834.63,27092834.63,27092834.63,27092834.63,27092834.63,27092834.63,27092834.63,27092834.63,,0,27092834.63,0,0,27092834.63,27092834.63,0,0
Fundo,2025-09-30,12063256000127,1,0,1,27483287.05,27483287.05,27483287.05,27483287.05,27483287.05,27483287.05,27483287.05,27483287.05,,0,27483287.05,0,0,27483287.05,27483287.05,0,0
Fundo,2025-12-31,12063256000127,3,0,1,4980250.85,5444836.615,9626108.5,14271966.15,21364680.83,27748124.042,15903204.17,28457395.51,11823272.9586634,11738572.33,47709612.51,0,0,4980250.85,28457395.51,0,0
Fundo,2026-04-30,12063256000127,1,0,1,25917836.32,25917836.32,25917836.32,25917836.32,25917836.32,25917836.32,25917836.32,25917836.32,,0,25917836.32,0,0,25917836.32,25917836.32,0,0
Fundo,2026-08-31,12063256000127,1,0,1,27540688.81,27540688.81,27540688.81,27540688.81,27540688.81,27540688.81,27540688.81,27540688.81,,0,27540688.81,0,0,27540688.81,27540688.81,0,0
Fundo,2024-07-31,41592532000142,1,0,1,170626.5,170626.5,170626.5,170626.5,170626.5,170626.5,170626.5,170626.5,,0,170626.5,0,0,170626.5,170626.5,0,0
Fundo,2024-08-31,41592532000142,1,0,1,171084.05,171084.05,171084.05,171084.05,171084.05,171084.05,171084.05,171084.05,,0,171084.05,0,0,171084.05,171084.05,0,0
Fundo,2024-09-30,41592532000142,1,0,1,935747.41,935747.41,935747.41,935747.41,935747.41,935747.41,935747.41,935747.41,,0,935747.41,0,0,935747.41,935747.41,0,0
Classe,2024-10-31,41592532000142,1,0,1,1138482.78,1138482.78,1138482.78,1138482.78,1138482.78,1138482.78,1138482.78,1138482.78,,0,1138482.78,0,0,1138482.78,1138482.78,0,0
Classe,2024-11-30,41592532000142,1,0,1,1803826.39,1803826.39,1803826.39,1803826.39,1803826.39,1803826.39,1803826.39,1803826.39,,0,1803826.39,0,0,1803826.39,1803826.39,0,0
Classe,2024-12-31,41592532000142,1,0,1,1816336.9,1816336.9,1816336.9,1816336.9,1816336.9,1816336.9,1816336.9,1816336.9,,0,1816336.9,0,0,1816336.9,1816336.9,0,0
Classe,2025-01-31,41592532000142,1,0,1,1839485.58,1839485.58,1839485.58,1839485.58,1839485.58,1839485.58,1839485.58,1839485.58,,0,1839485.58,0,0,1839485.58,1839485.58,0,0
Classe,2025-02-28,41592532000142,1,0,1,1833199.78,1833199.78,1833199.78,1833199.78,1833199.78,1833199.78,1833199.78,1833199.78,,0,1833199.78,0,0,1833199.78,1833199.78,0,0
Classe,2025-03-31,41592532000142,1,0,1,1876372.01,1876372.01,1876372.01,1876372.01,1876372.01,1876372.01,1876372.01,1876372.01,,0,1876372.01,0,0,1876372.01,1876372.01,0,0
Classe,2025-04-30,41592532000142,1,0,1,1909270.33,1909270.33,1909270.33,1909270.33,1909270.33,1909270.33,1909270.33,1909270.33,,0,1909270.33,0,0,1909270.33,1909270.33,0,0
Classe,2025-05-31,41592532000142,1,0,1,2413417.44,2413417.44,2413417.44,2413417.44,2413417.44,2413417.44,2413417.44,2413417.44,,0,2413417.44,0,0,2413417.44,2413417.44,0,0
Classe,2025-06-30,41592532000142,1,0,1,2460692.13,2460692.13,2460692.13,2460692.13,2460692.13,2460692.13,2460692.13,2460692.13,,0,2460692.13,0,0,2460692.13,2460692.13,0,0
Classe,2025-07-31,41592532000142,1,0,1,2516377.35,2516377.35,2516377.35,2516377.35,2516377.35,2516377.35,2516377.35,2516377.35,,0,2516377.35,0,0,2516377.35,2516377.35,0,0
Classe,2025-08-31,41592532000142,2,0,1,1152289.8,1187691.475,1506306.55,1860323.3,2214340.05,2532955.125,1860323.3,2568356.8,1001310.57831449,708033.5,3720646.6,0,0,1152289.8,2568356.8,0,0
Classe,2025-09-30,41592532000142,2,0,1,1132075.96,1169515.20025,1506468.3625,1880860.765,2255253.1675,2592206.32975,1880860.765,2629645.57,1058941.62652989,748784.805,3761721.53,0,0,1132075.96,2629645.57,0,0
Classe,2025-10-31,41592532000142,2,0,1,1112206.71,1151622.21125,1506361.7225,1900516.735,2294671.7475,2649411.25875,1900516.735,2688826.76,1114838.72870967,788310.025,3801033.47,0,0,1112206.71,2688826.76,0,0
Classe,2025-11-30,41592532000142,3,0,1,1091324.4,1173687.919,1914959.59,2738594.78,6623152.12,10119253.726,4779209.54666667,10507709.46,5028932.13008501,4708192.53,14337628.64,0,0,1091324.4,10507709.46,0,0
Classe,2025-12-31,41592532000142,3,0,1,371318.29,492632.165,1584457.04,2797595.79,6638199.86,10094743.523,4549239.33666667,10478803.93,5276505.26642737,5053742.82,13647718.01,0,0,371318.29,10478803.93,0,0
Classe,2026-01-31,41592532000142,3,0,1,342888.7,474133.7605,1655339.305,2967789.91,6719818.99,10096645.162,4594175.56,10471848.07,5256691.1828328,5064479.685,13782526.68,0,0,342888.7,10471848.07,0,0
Classe,2026-02-28,41592532000142,3,0,1,321756.62,456701.343,1671203.85,3020651.08,6742424.71,10092020.977,4602202.01333333,10464198.34,5252928.56670875,5071220.86,13806606.04,0,0,321756.62,10464198.34,0,0
Classe,2026-03-31,41592532000142,3,0,1,301904.16,440735.3245,1690215.805,3078527.45,6792344.255,10134779.3795,4628864.22333333,10506161.06,5275829.11051539,5102128.45,13886592.67,0,0,301904.16,10506161.06,0,0
Classe,2026-04-30,41592532000142,3,0,1,269895.49,413227.5745,1703216.335,3136537.18,7825859.155,12046248.9325,5307204.6,12515181.13,6404732.85059452,6122642.82,15921613.8,0,0,269895.49,12515181.13,0,0
Fundo,2026-01-31,02332886000104,1,0,1,22859848.12,22859848.12,22859848.12,22859848.12,22859848.12,22859848.12,22859848.12,22859848.12,,0,22859848.12,0,0,22859848.12,22859848.12,0,0
Fundo,2026-02-28,02332886000104,1,0,1,23126807.91,23126807.91,23126807.91,23126807.91,23126807.91,23126807.91,23126807.91,23126807.91,,0,23126807.91,0,0,23126807.91,23126807.91,0,0
Fundo,2026-03-31,02332886000104,1,0,1,23452324.1,23452324.1,23452324.1,23452324.1,23452324.1,23452324.1,23452324.1,23452324.1,,0,23452324.1,0,0,23452324.1,23452324.1,0,0
Fundo,2025-10-31,47215387000167,1,0,1,34687642.84,34687642.84,34687642.84,34687642.84,34687642.84,34687642.84,34687642.84,34687642.84,,0,34687642.84,0,0,34687642.84,34687642.84,0,0
Classe,2025-10-31,34978626000199,1,0,1,99381019.2,99381019.2,99381019.2,99381019.2,99381019.2,99381019.2,99381019.2,99381019.2,,0,99381019.2,0,0,99381019.2,99381019.2,0,0
Classe,2025-11-30,34978626000199,2,0,1,100308113.3,100385532.62725,101082306.5725,101856499.845,102630693.1175,103327467.06275,101856499.845,103404886.39,2189749.25173502,1548386.54500002,203712999.69,0,0,100308113.3,103404886.39,0,0
Classe,2025-11-30,03017677000120,3,0,1,246115387.77,289048353.997,675445050.04,1104774712.31,1247594864.045,1376133000.6065,913768371.953333,1390415015.78,595582048.258921,572149814.005,2741305115.86,0,0,246115387.77,1390415015.78,0,0
Classe,2026-09-30,39669186000101,1,0,1,0,0,0,0,0,0,0,0,,0,0,0,1,0,0,0,0
Fundo,2024-12-31,27652684000162,3,0,1,1.5e+07,15004077.3235,15040773.235,15081546.47,34332792.815,51658914.5255,27888528.5433333,53584039.16,22253002.3108145,19292019.58,83665585.63,0,0,1.5e+07,53584039.16,0,0
Fundo,2024-12-31,15489568000195,1,0,1,2105731.03,2105731.03,2105731.03,2105731.03,2105731.03,2105731.03,2105731.03,2105731.03,,0,2105731.03,0,0,2105731.03,2105731.03,0,0
Classe,2025-03-31,07397614000106,1,0,1,150147.57,150147.57,150147.57,150147.57,150147.57,150147.57,150147.57,150147.57,,0,150147.57,0,0,150147.57,150147.57,0,0
Classe,2025-04-30,07397614000106,1,0,1,154770.65,154770.65,154770.65,154770.65,154770.65,154770.65,154770.65,154770.65,,0,154770.65,0,0,154770.65,154770.65,0,0
Classe,2025-05-31,07397614000106,1,0,1,150599.47,150599.47,150599.47,150599.47,150599.47,150599.47,150599.47,150599.47,,0,150599.47,0,0,150599.47,150599.47,0,0
Classe,2025-06-30,07397614000106,1,0,1,146610.9,146610.9,146610.9,146610.9,146610.9,146610.9,146610.9,146610.9,,0,146610.9,0,0,146610.9,146610.9,0,0
Classe,2025-07-31,07397614000106,1,0,1,142092.83,142092.83,142092.83,142092.83,142092.83,142092.83,142092.83,142092.83,,0,142092.83,0,0,142092.83,142092.83,0,0
Classe,2025-08-31,07397614000106,1,0,1,136788.95,136788.95,136788.95,136788.95,136788.95,136788.95,136788.95,136788.95,,0,136788.95,0,0,136788.95,136788.95,0,0
Classe,2025-09-30,07397614000106,1,0,1,129900.6,129900.6,129900.6,129900.6,129900.6,129900.6,129900.6,129900.6,,0,129900.6,0,0,129900.6,129900.6,0,0
Classe,2025-10-31,07397614000106,1,0,1,125072.49,125072.49,125072.49,125072.49,125072.49,125072.49,125072.49,125072.49,,0,125072.49,0,0,125072.49,125072.49,0,0
Classe,2025-11-30,07397614000106,1,0,1,118604.95,118604.95,118604.95,118604.95,118604.95,118604.95,118604.95,118604.95,,0,118604.95,0,0,118604.95,118604.95,0,0
Fundo,2025-01-31,12063256000127,1,0,1,5000765.67,5000765.67,5000765.67,5000765.67,5000765.67,5000765.67,5000765.67,5000765.67,,0,5000765.67,0,0,5000765.67,5000765.67,0,0
Fundo,2025-01-31,00329598000167,1,0,1,2995478.01,2995478.01,2995478.01,2995478.01,2995478.01,2995478.01,2995478.01,2995478.01,,0,2995478.01,0,0,2995478.01,2995478.01,0,0
Classe,2026-09-30,18945670000146,4,0,1,13249956.81,14852210.45475,29272493.2575,50582277.975,70032583.06,79432270.855,48722798.3425,80476680.61,30460689.940959,40760089.8025,194891193.37,0,0,13249956.81,80476680.61,0,0
Classe,2025-11-30,62418140000131,4,0,1,0,5535881.532,55358815.32,291010212.985,2513558918.925,7928004585.0555,2277907521.26,8529609659.07,4173827758.14365,2458200103.605,9111630085.04,0,1,0,508208672.21,1,1
Fundo,2025-02-28,13673855000125,1,0,1,11450000,11450000,11450000,11450000,11450000,11450000,11450000,11450000,,0,11450000,0,0,11450000,11450000,0,0
Fundo,2025-02-28,27652684000162,6,0,1,20000,20000,20000,20000,20000,33733750,6441666.66666667,38550000,15729806.6315726,0,38650000,0,0,20000,20000,1,0
Fundo,2025-02-28,00329598000167,1,0,1,27903710.11,27903710.11,27903710.11,27903710.11,27903710.11,27903710.11,27903710.11,27903710.11,,0,27903710.11,0,0,27903710.11,27903710.11,0,0
Fundo,2025-03-31,00329598000167,1,0,1,2633241.86,2633241.86,2633241.86,2633241.86,2633241.86,2633241.86,2633241.86,2633241.86,,0,2633241.86,0,0,2633241.86,2633241.86,0,0
Fundo,2025-03-31,13673855000125,1,0,1,4539940.89,4539940.89,4539940.89,4539940.89,4539940.89,4539940.89,4539940.89,4539940.89,,0,4539940.89,0,0,4539940.89,4539940.89,0,0
Fundo,2025-09-30,44782130000107,1,0,1,1428641.08,1428641.08,1428641.08,1428641.08,1428641.08,1428641.08,1428641.08,1428641.08,,0,1428641.08,0,0,1428641.08,1428641.08,0,0
Fundo,2025-04-30,27652684000162,1,0,1,3999844.6,3999844.6,3999844.6,3999844.6,3999844.6,3999844.6,3999844.6,3999844.6,,0,3999844.6,0,0,3999844.6,3999844.6,0,0
Fundo,2025-04-30,02671743000119,1,0,1,25294197.41,25294197.41,25294197.41,25294197.41,25294197.41,25294197.41,25294197.41,25294197.41,,0,25294197.41,0,0,25294197.41,25294197.41,0,0
Fundo,2025-09-30,00806535000154,3,0,1,1199852.77,1227167.504,1473000.11,1746147.45,121239115.27,228782786.308,81226027.77,240732083.09,138136566.021744,119766115.16,243678083.31,0,0,1199852.77,240732083.09,0,0
Fundo,2025-05-31,00806535000154,3,0,1,498930.93,1474322.6715,10252848.345,20006765.76,121470148.695,212787193.3365,81146409.44,222933531.63,123178041.546089,111217300.35,243439228.32,0,0,498930.93,222933531.63,0,0
Fundo,2025-05-31,15489568000195,1,0,1,2582931.3,2582931.3,2582931.3,2582931.3,2582931.3,2582931.3,2582931.3,2582931.3,,0,2582931.3,0,0,2582931.3,2582931.3,0,0
Fundo,2025-05-31,62418140000131,1,0,1,34017712.86,34017712.86,34017712.86,34017712.86,34017712.86,34017712.86,34017712.86,34017712.86,,0,34017712.86,0,0,34017712.86,34017712.86,0,0
Fundo,2025-06-30,62418140000131,3,0,1,263850548.6,268228916.1015,307634223.615,351417898.63,4197100136.53,7658214150.64,2886016940.55333,8042782374.43,4466104489.9573,3889465912.915,8658050821.66,0,0,263850548.6,8042782374.43,0,1
Fundo,2025-07-31,45854066000187,1,0,1,55211285.37,55211285.37,55211285.37,55211285.37,55211285.37,55211285.37,55211285.37,55211285.37,,0,55211285.37,0,0,55211285.37,55211285.37,0,0
Fundo,2025-07-31,33886862000112,1,0,1,6337018.79,6337018.79,6337018.79,6337018.79,6337018.79,6337018.79,6337018.79,6337018.79,,0,6337018.79,0,0,6337018.79,6337018.79,0,0
Fundo,2025-07-31,00806535000154,3,0,1,495287.17,570670.2425,1249117.895,2002948.62,4202114.225,6181363.2695,2966505.20666667,6401279.83,3068634.59811933,2952996.33,8899515.62,0,0,495287.17,6401279.83,0,0
Classe,2025-12-31,00066670000100,1,0,1,1925659555.02,1925659555.02,1925659555.02,1925659555.02,1925659555.02,1925659555.02,1925659555.02,1925659555.02,,0,1925659555.02,0,0,1925659555.02,1925659555.02,0,1
Fundo,2025-07-31,62418140000131,1,0,1,11462910.34,11462910.34,11462910.34,11462910.34,11462910.34,11462910.34,11462910.34,11462910.34,,0,11462910.34,0,0,11462910.34,11462910.34,0,0
Fundo,2025-08-31,39669186000101,1,0,1,6534983.98,6534983.98,6534983.98,6534983.98,6534983.98,6534983.98,6534983.98,6534983.98,,0,6534983.98,0,0,6534983.98,6534983.98,0,0
Fundo,2025-08-31,00806535000154,1,0,1,10964242.41,10964242.41,10964242.41,10964242.41,10964242.41,10964242.41,10964242.41,10964242.41,,0,10964242.41,0,0,10964242.41,10964242.41,0,0
Fundo,2025-08-31,27652684000162,1,0,1,299691867.84,299691867.84,299691867.84,299691867.84,299691867.84,299691867.84,299691867.84,299691867.84,,0,299691867.84,0,0,299691867.84,299691867.84,0,0
Fundo,2025-09-30,37678915000160,1,0,1,43833432.95,43833432.95,43833432.95,43833432.95,43833432.95,43833432.95,43833432.95,43833432.95,,0,43833432.95,0,0,43833432.95,43833432.95,0,0
Fundo,2025-09-30,36266751000100,1,0,1,1494300,1494300,1494300,1494300,1494300,1494300,1494300,1494300,,0,1494300,0,0,1494300,1494300,0,0
Fundo,2025-10-31,00329598000167,2,0,1,567.04,2489727.15874999,24892168.2275,49783769.415,74675370.6025,97077811.67125,49783769.415,99566971.79,70404079.9770895,49783202.375,99567538.83,0,0,567.04,99566971.79,0,0
Fundo,2025-10-31,00806535000154,1,0,1,3605840.35,3605840.35,3605840.35,3605840.35,3605840.35,3605840.35,3605840.35,3605840.35,,0,3605840.35,0,0,3605840.35,3605840.35,0,0
Fundo,2025-10-31,36113876000191,2,0,1,964751.12,5999719.03624998,51314430.2825,101664109.445,152013788.6075,197328499.85375,101664109.445,202363467.77,142410398.265483,100699358.325,203328218.89,0,0,964751.12,202363467.77,0,0
Fundo,2025-10-31,39669186000101,1,0,1,34955589.57,34955589.57,34955589.57,34955589.57,34955589.57,34955589.57,34955589.57,34955589.57,,0,34955589.57,0,0,34955589.57,34955589.57,0,0
Fundo,2026-07-31,27652684000162,2,0,1,4485548.95,4644346.626,6073525.71,7661502.47,9249479.23,10678658.314,7661502.47,10837455.99,4491476.54145057,3175953.52,15323004.94,0,0,4485548.95,10837455.99,0,0
Fundo,2026-08-31,27652684000162,2,0,1,6602908.61,6793226.306,8506085.57,10409262.53,12312439.49,14025298.754,10409262.53,14215616.45,5382997.33685599,3806353.92,20818525.06,0,0,6602908.61,14215616.45,0,0
Fundo,2025-10-31,36266751000100,1,0,1,10972001.7,10972001.7,10972001.7,10972001.7,10972001.7,10972001.7,10972001.7,10972001.7,,0,10972001.7,0,0,10972001.7,10972001.7,0,0
Classe,2025-12-31,58006471000197,2,0,1,1502468.29,2346728.10675,9945066.4575,18387664.625,26830262.7925,34428601.14325,18387664.625,35272860.96,23879273.6602895,16885196.335,36775329.25,0,0,1502468.29,35272860.96,0,0
Classe,2026-01-31,58006471000197,2,0,1,1514510.56,2362986.0735,9999265.695,18484020.83,26968775.965,34605055.5865,18484020.83,35453531.1,23998511.5706635,16969510.27,36968041.66,0,0,1514510.56,35453531.1,0,0
Classe,2026-02-28,58006471000197,3,0,1,1515960,1529224.7125,1648607.125,1781254.25,40268956.64,74907888.791,27351291.0933333,78756659.03,44518552.141639,38620349.515,82053873.28,0,0,1515960,78756659.03,0,0
Fundo,2025-11-30,12063256000127,1,0,1,7692177.14,7692177.14,7692177.14,7692177.14,7692177.14,7692177.14,7692177.14,7692177.14,,0,7692177.14,0,0,7692177.14,7692177.14,0,0
Fundo,2025-12-31,15489568000195,1,0,1,8933808.46,8933808.46,8933808.46,8933808.46,8933808.46,8933808.46,8933808.46,8933808.46,,0,8933808.46,0,0,8933808.46,8933808.46,0,0
Fundo,2025-12-31,18945670000146,1,0,1,2805866.29,2805866.29,2805866.29,2805866.29,2805866.29,2805866.29,2805866.29,2805866.29,,0,2805866.29,0,0,2805866.29,2805866.29,0,0
Fundo,2026-06-30,62232889000190,1,0,1,11993215.51,11993215.51,11993215.51,11993215.51,11993215.51,11993215.51,11993215.51,11993215.51,,0,11993215.51,0,0,11993215.51,11993215.51,0,0
Fundo,2026-03-31,36113876000191,1,0,1,177401552.7,177401552.7,177401552.7,177401552.7,177401552.7,177401552.7,177401552.7,177401552.7,,0,177401552.7,0,0,177401552.7,177401552.7,0,0
Fundo,2026-04-30,36113876000191,1,0,1,175848826.99,175848826.99,175848826.99,175848826.99,175848826.99,175848826.99,175848826.99,175848826.99,,0,175848826.99,0,0,175848826.99,175848826.99,0,0
Fundo,2026-05-31,36113876000191,1,0,1,176738033.73,176738033.73,176738033.73,176738033.73,176738033.73,176738033.73,176738033.73,176738033.73,,0,176738033.73,0,0,176738033.73,176738033.73,0,0
Fundo,2026-03-31,37678915000160,1,0,1,10170287.29,10170287.29,10170287.29,10170287.29,10170287.29,10170287.29,10170287.29,10170287.29,,0,10170287.29,0,0,10170287.29,10170287.29,0,0
Fundo,2026-04-30,37678915000160,1,0,1,14785221.62,14785221.62,14785221.62,14785221.62,14785221.62,14785221.62,14785221.62,14785221.62,,0,14785221.62,0,0,14785221.62,14785221.62,0,0
Fundo,2026-05-31,37678915000160,1,0,1,22820391.18,22820391.18,22820391.18,22820391.18,22820391.18,22820391.18,22820391.18,22820391.18,,0,22820391.18,0,0,22820391.18,22820391.18,0,0
Classe,2026-04-30,03502968000104,1,0,1,502686970.32,502686970.32,502686970.32,502686970.32,502686970.32,502686970.32,502686970.32,502686970.32,,0,502686970.32,0,0,502686970.32,502686970.32,0,0
Classe,2026-05-31,03502968000104,1,0,1,507114261.73,507114261.73,507114261.73,507114261.73,507114261.73,507114261.73,507114261.73,507114261.73,,0,507114261.73,0,0,507114261.73,507114261.73,0,0
Classe,2026-06-30,03502968000104,1,0,1,511741022.82,511741022.82,511741022.82,511741022.82,511741022.82,511741022.82,511741022.82,511741022.82,,0,511741022.82,0,0,511741022.82,511741022.82,0,0
Classe,2026-07-31,03502968000104,1,0,1,517099115.64,517099115.64,517099115.64,517099115.64,517099115.64,517099115.64,517099115.64,517099115.64,,0,517099115.64,0,0,517099115.64,517099115.64,0,0
Classe,2026-08-31,03502968000104,1,0,1,522045238.22,522045238.22,522045238.22,522045238.22,522045238.22,522045238.22,522045238.22,522045238.22,,0,522045238.22,0,0,522045238.22,522045238.22,0,0
Fundo,2026-03-31,00806535000154,1,0,1,158657456.42,158657456.42,158657456.42,158657456.42,158657456.42,158657456.42,158657456.42,158657456.42,,0,158657456.42,0,0,158657456.42,158657456.42,0,0
Fundo,2026-04-30,00806535000154,1,0,1,159103324.96,159103324.96,159103324.96,159103324.96,159103324.96,159103324.96,159103324.96,159103324.96,,0,159103324.96,0,0,159103324.96,159103324.96,0,0
Fundo,2026-05-31,00806535000154,1,0,1,191946699.18,191946699.18,191946699.18,191946699.18,191946699.18,191946699.18,191946699.18,191946699.18,,0,191946699.18,0,0,191946699.18,191946699.18,0,1
Fundo,2026-04-30,62264924000152,1,0,1,48769.44,48769.44,48769.44,48769.44,48769.44,48769.44,48769.44,48769.44,,0,48769.44,0,0,48769.44,48769.44,0,0
Fundo,2026-05-31,62264924000152,1,0,1,2502291.05,2502291.05,2502291.05,2502291.05,2502291.05,2502291.05,2502291.05,2502291.05,,0,2502291.05,0,0,2502291.05,2502291.05,0,0
Fundo,2026-06-30,62264924000152,1,0,1,5574217.9,5574217.9,5574217.9,5574217.9,5574217.9,5574217.9,5574217.9,5574217.9,,0,5574217.9,0,0,5574217.9,5574217.9,0,0
Fundo,2026-07-31,62264924000152,1,0,1,9104551.27,9104551.27,9104551.27,9104551.27,9104551.27,9104551.27,9104551.27,9104551.27,,0,9104551.27,0,0,9104551.27,9104551.27,0,0
Fundo,2026-08-31,62264924000152,1,0,1,9289708.19,9289708.19,9289708.19,9289708.19,9289708.19,9289708.19,9289708.19,9289708.19,,0,9289708.19,0,0,9289708.19,9289708.19,0,0
Fundo,2026-05-31,27652684000162,2,0,1,10510000,10510000,10510000,10510000,10510000,10510000,10510000,10510000,0,0,21020000,0,0,10510000,10510000,0,0
Fundo,2026-06-30,27652684000162,1,0,1,10478306.21,10478306.21,10478306.21,10478306.21,10478306.21,10478306.21,10478306.21,10478306.21,,0,10478306.21,0,0,10478306.21,10478306.21,0,0
Classe,2026-08-31,60746948000112,1,0,1,200136828.44,200136828.44,200136828.44,200136828.44,200136828.44,200136828.44,200136828.44,200136828.44,,0,200136828.44,0,0,200136828.44,200136828.44,0,0
