tipo,cnpj_admin,trimestre,data,pl_original,estado
Fundo legado,30822936000169,2020_T1,2020-03-31,60875331671.22,Posição no último mês do trimestre
Fundo legado,36113876000191,2020_T1,2020-03-31,34979674423.61,Posição no último mês do trimestre
Fundo legado,00066670000100,2020_T1,2020-03-31,24174171113.78,Posição no último mês do trimestre
Fundo legado,62285390000140,2020_T1,2020-03-31,22615167006.91,Posição no último mês do trimestre
Fundo legado,59281253000123,2020_T1,2020-03-31,11755618690.75,Posição no último mês do trimestre
Fundo legado,13486793000142,2020_T1,2020-03-31,9544675180.06,Posição no último mês do trimestre
Fundo legado,62418140000131,2020_T1,2020-03-31,8392736292.85,Posição no último mês do trimestre
Fundo legado,62318407000119,2020_T1,2020-03-31,6296013273.14,Posição no último mês do trimestre
Fundo legado,36864992000142,2020_T1,2020-03-31,5466081146.92,Posição no último mês do trimestre
Fundo legado,03317692000194,2020_T1,2020-03-31,4896502614.54,Posição no último mês do trimestre
Fundo legado,39669186000101,2020_T1,2020-03-31,4246734710.7,Posição no último mês do trimestre
Fundo legado,67030395000146,2020_T1,2020-03-31,3958222979.45,Posição no último mês do trimestre
Fundo legado,27652684000162,2020_T1,2020-03-31,3496117026.66,Posição no último mês do trimestre
Fundo legado,42066258000130,2020_T1,2020-03-31,2634023489.6,Posição no último mês do trimestre
Fundo legado,11758741000152,2020_T1,2020-03-31,2438284460.02,Posição no último mês do trimestre
Fundo legado,03751794000113,2020_T1,2020-03-31,2412905686.52,Posição no último mês do trimestre
Fundo legado,00806535000154,2020_T1,2020-03-31,2277083127.62,Posição no último mês do trimestre
Fundo legado,00360305000104,2020_T1,2020-03-31,2197559045.47,Posição no último mês do trimestre
Fundo legado,12063256000127,2020_T1,2020-03-31,2178204846.13,Posição no último mês do trimestre
Fundo legado,22610500000188,2020_T1,2020-03-31,2161899554.79,Posição no último mês do trimestre
Fundo legado,02201501000161,2020_T1,2020-03-31,1789257292.94,Posição no último mês do trimestre
Fundo legado,02671743000119,2020_T1,2020-03-31,1657793655.3,Posição no último mês do trimestre
Fundo legado,62232889000190,2020_T1,2020-03-31,1535747288.44,Posição no último mês do trimestre
Fundo legado,24361690000172,2020_T1,2020-03-31,1261324193.71,Posição no último mês do trimestre
Fundo legado,37678915000160,2020_T1,2020-03-31,1232562387.61,Posição no último mês do trimestre
Fundo legado,13673855000125,2020_T1,2020-03-31,1005603242.28,Posição no último mês do trimestre
Fundo legado,45246410000155,2020_T1,2020-03-31,996387600.22,Posição no último mês do trimestre
Fundo legado,02332886000104,2020_T1,2020-03-31,865502554.61,Posição no último mês do trimestre
Fundo legado,36266751000100,2020_T1,2020-03-31,825842821.73,Posição no último mês do trimestre
Fundo legado,16695922000109,2020_T1,2020-03-31,726109101.31,Posição no último mês do trimestre
Fundo legado,00329598000167,2020_T1,2020-03-31,617216075.91,Posição no último mês do trimestre
Fundo legado,03384738000198,2020_T1,2020-03-31,572770080.14,Posição no último mês do trimestre
Fundo legado,01522368000182,2020_T1,2020-03-31,517811561.47,Posição no último mês do trimestre
Fundo legado,03017677000120,2020_T1,2020-03-31,491503648.78,Posição no último mês do trimestre
Fundo legado,44077014000189,2020_T1,2020-03-31,372360858.54,Posição no último mês do trimestre
Fundo legado,45854066000187,2020_T1,2020-03-31,364065007.39,Posição no último mês do trimestre
Fundo legado,62264924000152,2020_T1,2020-03-31,363611676.87,Posição no último mês do trimestre
Fundo legado,15489568000195,2020_T1,2020-03-31,360317963.3,Posição no último mês do trimestre
Fundo legado,40768766000135,2020_T1,2020-03-31,242493658.09,Posição no último mês do trimestre
Fundo legado,41592532000142,2020_T1,2020-03-31,234770828.92,Posição no último mês do trimestre
Fundo legado,33775974000104,2020_T1,2020-03-31,182937904.17,Posição no último mês do trimestre
Fundo legado,44782130000107,2020_T1,2020-03-31,178049944.3,Posição no último mês do trimestre
Fundo legado,50657675000186,2020_T1,2020-03-31,175245823.14,Posição no último mês do trimestre
Fundo legado,29650082000100,2020_T1,2020-03-31,170703797.67,Posição no último mês do trimestre
Fundo legado,34829992000186,2020_T1,2020-03-31,139387389.86,Posição no último mês do trimestre
Fundo legado,33886862000112,2020_T1,2020-03-31,83673512.93,Posição no último mês do trimestre
Fundo legado,47215387000167,2020_T1,2020-03-31,41245349.98,Posição no último mês do trimestre
Fundo legado,58006471000197,2020_T1,2020-03-31,27997966.67,Posição no último mês do trimestre
Fundo legado,71590442000183,2020_T1,2020-03-31,14404592.66,Posição no último mês do trimestre
Fundo legado,40434681000110,2020_T1,2020-03-31,6354825.56,Posição no último mês do trimestre
Fundo legado,33918160000173,2020_T1,2020-03-31,1129493.03,Posição no último mês do trimestre
Fundo legado,30723886000162,2020_T1,2020-03-31,1041707.43,Posição no último mês do trimestre
Fundo legado,30822936000169,2020_T2,2020-06-30,44923618032.41,Posição no último mês do trimestre
Fundo legado,36113876000191,2020_T2,2020-06-30,33214226505.13,Posição no último mês do trimestre
Fundo legado,62285390000140,2020_T2,2020-06-30,22335842008.11,Posição no último mês do trimestre
Fundo legado,00066670000100,2020_T2,2020-06-30,20763107961.36,Posição no último mês do trimestre
Fundo legado,59281253000123,2020_T2,2020-06-30,12733552697.88,Posição no último mês do trimestre
Fundo legado,13486793000142,2020_T2,2020-06-30,9528754728.65,Posição no último mês do trimestre
Fundo legado,62418140000131,2020_T2,2020-06-30,8188533420.7,Posição no último mês do trimestre
Fundo legado,62318407000119,2020_T2,2020-06-30,5969650535.89,Posição no último mês do trimestre
Fundo legado,42066258000130,2020_T2,2020-06-30,5894522064.22,Posição no último mês do trimestre
Fundo legado,36864992000142,2020_T2,2020-06-30,5768706937.41,Posição no último mês do trimestre
Fundo legado,03317692000194,2020_T2,2020-06-30,4576029575.79,Posição no último mês do trimestre
Fundo legado,67030395000146,2020_T2,2020-06-30,4372792405.21,Posição no último mês do trimestre
Fundo legado,39669186000101,2020_T2,2020-06-30,3969246454.62,Posição no último mês do trimestre
Fundo legado,27652684000162,2020_T2,2020-06-30,3751452208.27,Posição no último mês do trimestre
Fundo legado,11758741000152,2020_T2,2020-06-30,2513961699.14,Posição no último mês do trimestre
Fundo legado,03751794000113,2020_T2,2020-06-30,2410674676.23,Posição no último mês do trimestre
Fundo legado,00806535000154,2020_T2,2020-06-30,2299880818.08,Posição no último mês do trimestre
Fundo legado,22610500000188,2020_T2,2020-06-30,2176560321.32,Posição no último mês do trimestre
Fundo legado,00360305000104,2020_T2,2020-06-30,2147317896.3,Posição no último mês do trimestre
Fundo legado,12063256000127,2020_T2,2020-06-30,2133810286.72,Posição no último mês do trimestre
Fundo legado,02201501000161,2020_T2,2020-06-30,1930196654.08,Posição no último mês do trimestre
Fundo legado,62232889000190,2020_T2,2020-06-30,1571141260.59,Posição no último mês do trimestre
Fundo legado,34829992000186,2020_T2,2020-06-30,1559723380.23,Posição no último mês do trimestre
Fundo legado,02671743000119,2020_T2,2020-06-30,1356754691.77,Posição no último mês do trimestre
Fundo legado,24361690000172,2020_T2,2020-06-30,1280769794.33,Posição no último mês do trimestre
Fundo legado,45246410000155,2020_T2,2020-06-30,1226523942.38,Posição no último mês do trimestre
Fundo legado,13673855000125,2020_T2,2020-06-30,1204116215.96,Posição no último mês do trimestre
Fundo legado,37678915000160,2020_T2,2020-06-30,1196941236.45,Posição no último mês do trimestre
Fundo legado,02332886000104,2020_T2,2020-06-30,883317574.25,Posição no último mês do trimestre
Fundo legado,36266751000100,2020_T2,2020-06-30,793305007.36,Posição no último mês do trimestre
Fundo legado,16695922000109,2020_T2,2020-06-30,727731076.76,Posição no último mês do trimestre
Fundo legado,03384738000198,2020_T2,2020-06-30,561305629.5,Posição no último mês do trimestre
Fundo legado,03017677000120,2020_T2,2020-06-30,516952791.33,Posição no último mês do trimestre
Fundo legado,15489568000195,2020_T2,2020-06-30,384777159.05,Posição no último mês do trimestre
Fundo legado,62264924000152,2020_T2,2020-06-30,384623347,Posição no último mês do trimestre
Fundo legado,44077014000189,2020_T2,2020-06-30,372360848.74,Posição no último mês do trimestre
Fundo legado,45854066000187,2020_T2,2020-06-30,354565779.08,Posição no último mês do trimestre
Fundo legado,00329598000167,2020_T2,2020-06-30,260654809.55,Posição no último mês do trimestre
Fundo legado,40768766000135,2020_T2,2020-06-30,235335622.07,Posição no último mês do trimestre
Fundo legado,01522368000182,2020_T2,2020-06-30,185817057.13,Posição no último mês do trimestre
Fundo legado,44782130000107,2020_T2,2020-06-30,184627456.88,Posição no último mês do trimestre
Fundo legado,33775974000104,2020_T2,2020-06-30,184540300.44,Posição no último mês do trimestre
Fundo legado,41592532000142,2020_T2,2020-06-30,177987203.69,Posição no último mês do trimestre
Fundo legado,50657675000186,2020_T2,2020-06-30,175112237.4,Posição no último mês do trimestre
Fundo legado,29650082000100,2020_T2,2020-06-30,138451610.22,Posição no último mês do trimestre
Fundo legado,33886862000112,2020_T2,2020-06-30,76228161.7,Posição no último mês do trimestre
Fundo legado,47215387000167,2020_T2,2020-06-30,70000397.29,Posição no último mês do trimestre
Fundo legado,58006471000197,2020_T2,2020-06-30,29294699.28,Posição no último mês do trimestre
Fundo legado,05389174000101,2020_T2,2020-06-30,18379280.75,Posição no último mês do trimestre
Fundo legado,71590442000183,2020_T2,2020-06-30,11229187.54,Posição no último mês do trimestre
Fundo legado,40434681000110,2020_T2,2020-06-30,8861175.56,Posição no último mês do trimestre
Fundo legado,33918160000173,2020_T2,2020-06-30,1126937.73,Posição no último mês do trimestre
Fundo legado,30723886000162,2020_T2,2020-06-30,1049434.5,Posição no último mês do trimestre
Fundo legado,30822936000169,2020_T3,2020-09-30,43408340576.29,Posição no último mês do trimestre
Fundo legado,36113876000191,2020_T3,2020-09-30,36587950984.18,Posição no último mês do trimestre
Fundo legado,62285390000140,2020_T3,2020-09-30,23886345942.26,Posição no último mês do trimestre
Fundo legado,00066670000100,2020_T3,2020-09-30,17816602759.9,Posição no último mês do trimestre
Fundo legado,59281253000123,2020_T3,2020-09-30,13359848852.79,Posição no último mês do trimestre
Fundo legado,13486793000142,2020_T3,2020-09-30,9883407009.92,Posição no último mês do trimestre
Fundo legado,62418140000131,2020_T3,2020-09-30,8056011835.5,Posição no último mês do trimestre
Fundo legado,42066258000130,2020_T3,2020-09-30,6005394750.56,Posição no último mês do trimestre
Fundo legado,62318407000119,2020_T3,2020-09-30,5835847891.22,Posição no último mês do trimestre
Fundo legado,36864992000142,2020_T3,2020-09-30,5738939165.25,Posição no último mês do trimestre
Fundo legado,67030395000146,2020_T3,2020-09-30,5013438222.09,Posição no último mês do trimestre
Fundo legado,27652684000162,2020_T3,2020-09-30,4613699665.81,Posição no último mês do trimestre
Fundo legado,03317692000194,2020_T3,2020-09-30,4572858886.48,Posição no último mês do trimestre
Fundo legado,39669186000101,2020_T3,2020-09-30,4129756193.83,Posição no último mês do trimestre
Fundo legado,11758741000152,2020_T3,2020-09-30,2538860192.06,Posição no último mês do trimestre
Fundo legado,03751794000113,2020_T3,2020-09-30,2407763867.24,Posição no último mês do trimestre
Fundo legado,00806535000154,2020_T3,2020-09-30,2345518599.66,Posição no último mês do trimestre
Fundo legado,12063256000127,2020_T3,2020-09-30,2150341061.91,Posição no último mês do trimestre
Fundo legado,22610500000188,2020_T3,2020-09-30,2149005526.6,Posição no último mês do trimestre
Fundo legado,00360305000104,2020_T3,2020-09-30,2103436750.55,Posição no último mês do trimestre
Fundo legado,02201501000161,2020_T3,2020-09-30,1999453812.84,Posição no último mês do trimestre
Fundo legado,45246410000155,2020_T3,2020-09-30,1943922282.01,Posição no último mês do trimestre
Fundo legado,62232889000190,2020_T3,2020-09-30,1828516166.29,Posição no último mês do trimestre
Fundo legado,34829992000186,2020_T3,2020-09-30,1546365808.22,Posição no último mês do trimestre
Fundo legado,02671743000119,2020_T3,2020-09-30,1473800677.64,Posição no último mês do trimestre
Fundo legado,24361690000172,2020_T3,2020-09-30,1453859947.82,Posição no último mês do trimestre
Fundo legado,13673855000125,2020_T3,2020-09-30,1338619144.41,Posição no último mês do trimestre
Fundo legado,37678915000160,2020_T3,2020-09-30,1185083937.67,Posição no último mês do trimestre
Fundo legado,02332886000104,2020_T3,2020-09-30,860877750.46,Posição no último mês do trimestre
Fundo legado,16695922000109,2020_T3,2020-09-30,721657619.36,Posição no último mês do trimestre
Fundo legado,03384738000198,2020_T3,2020-09-30,548648309.28,Posição no último mês do trimestre
Fundo legado,03017677000120,2020_T3,2020-09-30,548578264.21,Posição no último mês do trimestre
Fundo legado,45854066000187,2020_T3,2020-09-30,496678286.25,Posição no último mês do trimestre
Fundo legado,36266751000100,2020_T3,2020-09-30,491248322.63,Posição no último mês do trimestre
Fundo legado,62264924000152,2020_T3,2020-09-30,406453375.69,Posição no último mês do trimestre
Fundo legado,00329598000167,2020_T3,2020-09-30,389083433.46,Posição no último mês do trimestre
Fundo legado,44077014000189,2020_T3,2020-09-30,372360752.79,Posição no último mês do trimestre
Fundo legado,15489568000195,2020_T3,2020-09-30,293201182.93,Posição no último mês do trimestre
Fundo legado,40768766000135,2020_T3,2020-09-30,265856024.02,Posição no último mês do trimestre
Fundo legado,01522368000182,2020_T3,2020-09-30,192053611.27,Posição no último mês do trimestre
Fundo legado,44782130000107,2020_T3,2020-09-30,190234676.31,Posição no último mês do trimestre
Fundo legado,33775974000104,2020_T3,2020-09-30,177055276.36,Posição no último mês do trimestre
Fundo legado,41592532000142,2020_T3,2020-09-30,169305868.53,Posição no último mês do trimestre
Fundo legado,29650082000100,2020_T3,2020-09-30,116875936.22,Posição no último mês do trimestre
Fundo legado,47215387000167,2020_T3,2020-09-30,110978282.06,Posição no último mês do trimestre
Fundo legado,33886862000112,2020_T3,2020-09-30,62838955.94,Posição no último mês do trimestre
Fundo legado,58006471000197,2020_T3,2020-09-30,30432508.93,Posição no último mês do trimestre
Fundo legado,71590442000183,2020_T3,2020-09-30,22112270.08,Posição no último mês do trimestre
Fundo legado,40434681000110,2020_T3,2020-09-30,19271962.75,Posição no último mês do trimestre
Fundo legado,05389174000101,2020_T3,2020-09-30,18301744.52,Posição no último mês do trimestre
Fundo legado,30723886000162,2020_T3,2020-09-30,1069048.76,Posição no último mês do trimestre
Fundo legado,50657675000186,2020_T3,2020-09-30,77564.13,Posição no último mês do trimestre
Fundo legado,33918160000173,2020_T3,2020-09-30,0,Posição no último mês do trimestre
Fundo,36113876000191,2020_T4,2020-12-31,42362729725.78,Posição no último mês do trimestre
Fundo,62285390000140,2020_T4,2020-12-31,27926136959.27,Posição no último mês do trimestre
Fundo,30822936000169,2020_T4,2020-12-31,20858678823.54,Posição no último mês do trimestre
Fundo,13486793000142,2020_T4,2020-12-31,18446862410.77,Posição no último mês do trimestre
Fundo,03751794000113,2020_T4,2020-12-31,11039198330.86,Posição no último mês do trimestre
Fundo,00066670000100,2020_T4,2020-12-31,10511386228.81,Posição no último mês do trimestre
Fundo,62418140000131,2020_T4,2020-12-31,9232141155.03,Posição no último mês do trimestre
Fundo,05389174000101,2020_T4,2020-12-31,8845183836.42,Posição no último mês do trimestre
Fundo,59281253000123,2020_T4,2020-12-31,8230287758.23,Posição no último mês do trimestre
Fundo,45246410000155,2020_T4,2020-12-31,7375267815.01,Posição no último mês do trimestre
Fundo,67030395000146,2020_T4,2020-12-31,6872494707.97,Posição no último mês do trimestre
Fundo,03317692000194,2020_T4,2020-12-31,5857743079.21,Posição no último mês do trimestre
Fundo,42066258000130,2020_T4,2020-12-31,5841051000.34,Posição no último mês do trimestre
Fundo,62318407000119,2020_T4,2020-12-31,5589643463.49,Posição no último mês do trimestre
Fundo,02671743000119,2020_T4,2020-12-31,4003805774.74,Posição no último mês do trimestre
Fundo,34829992000186,2020_T4,2020-12-31,3312306549.1,Posição no último mês do trimestre
Fundo,22610500000188,2020_T4,2020-12-31,3106849963.72,Posição no último mês do trimestre
Fundo,11758741000152,2020_T4,2020-12-31,2957310879.22,Posição no último mês do trimestre
Fundo,52904364000108,2020_T4,2020-12-31,2454177749.85,Posição no último mês do trimestre
Fundo,03384738000198,2020_T4,2020-12-31,2349192807.53,Posição no último mês do trimestre
Fundo,00360305000104,2020_T4,2020-12-31,2192778530.05,Posição no último mês do trimestre
Fundo,02201501000161,2020_T4,2020-12-31,1917611697.44,Posição no último mês do trimestre
Fundo,62232889000190,2020_T4,2020-12-31,1272758822.54,Posição no último mês do trimestre
Fundo,33886862000112,2020_T4,2020-12-31,1255810061.84,Posição no último mês do trimestre
Fundo,03017677000120,2020_T4,2020-12-31,860702176.72,Posição no último mês do trimestre
Fundo,15489568000195,2020_T4,2020-12-31,684911492.53,Posição no último mês do trimestre
Fundo,01638542000157,2020_T4,2020-12-31,511972430.68,Posição no último mês do trimestre
Fundo,44077014000189,2020_T4,2020-12-31,372352867.77,Posição no último mês do trimestre
Fundo,30723886000162,2020_T4,2020-12-31,282333734.84,Posição no último mês do trimestre
Fundo,00806535000154,2020_T4,2020-12-31,215853934.49,Posição no último mês do trimestre
Fundo,01522368000182,2020_T4,2020-12-31,201455397.78,Posição no último mês do trimestre
Fundo,00329598000167,2020_T4,2020-12-31,188855701.1,Posição no último mês do trimestre
Fundo,13673855000125,2020_T4,2020-12-31,94234815.32,Posição no último mês do trimestre
Fundo,02685483000130,2020_T4,2020-12-31,73983569.52,Posição no último mês do trimestre
Fundo,29292189000115,2020_T4,2020-12-31,28480345.23,Posição no último mês do trimestre
Fundo,50657675000186,2020_T4,2020-12-31,26122008.28,Posição no último mês do trimestre
Fundo,27652684000162,2020_T4,2020-12-31,22866191.9,Posição no último mês do trimestre
Classe,42066258000130,2021_T1,2021-03-31,156198409.97,Posição no último mês do trimestre
Classe,03317692000194,2021_T1,2021-03-31,137070355.34,Posição no último mês do trimestre
Fundo,36113876000191,2021_T1,2021-03-31,46785853765.19,Posição no último mês do trimestre
Fundo,30822936000169,2021_T1,2021-03-31,36867376647.23,Posição no último mês do trimestre
Fundo,62285390000140,2021_T1,2021-03-31,29605652783.92,Posição no último mês do trimestre
Fundo,13486793000142,2021_T1,2021-03-31,20782912490.11,Posição no último mês do trimestre
Fundo,00066670000100,2021_T1,2021-03-31,10641036285.47,Posição no último mês do trimestre
Fundo,59281253000123,2021_T1,2021-03-31,9871473689.23,Posição no último mês do trimestre
Fundo,45246410000155,2021_T1,2021-03-31,9236373019.73,Posição no último mês do trimestre
Fundo,34829992000186,2021_T1,2021-03-31,9077774268.66,Posição no último mês do trimestre
Fundo,05389174000101,2021_T1,2021-03-31,8897848487.51,Posição no último mês do trimestre
Fundo,62418140000131,2021_T1,2021-03-31,8772820795.49,Posição no último mês do trimestre
Fundo,67030395000146,2021_T1,2021-03-31,6640815934.77,Posição no último mês do trimestre
Fundo,03317692000194,2021_T1,2021-03-31,6061095256.66,Posição no último mês do trimestre
Fundo,42066258000130,2021_T1,2021-03-31,5500898224.88,Posição no último mês do trimestre
Fundo,62318407000119,2021_T1,2021-03-31,5463239873.51,Posição no último mês do trimestre
Fundo,02671743000119,2021_T1,2021-03-31,4662855785.15,Posição no último mês do trimestre
Fundo,22610500000188,2021_T1,2021-03-31,3285398944.83,Posição no último mês do trimestre
Fundo,11758741000152,2021_T1,2021-03-31,3059382042.17,Posição no último mês do trimestre
Fundo,12063256000127,2021_T1,2021-03-31,2753616060.55,Posição no último mês do trimestre
Fundo,03751794000113,2021_T1,2021-03-31,2507251682.67,Posição no último mês do trimestre
Fundo,03384738000198,2021_T1,2021-03-31,2501969316.93,Posição no último mês do trimestre
Fundo,52904364000108,2021_T1,2021-03-31,2269959167.12,Posição no último mês do trimestre
Fundo,00360305000104,2021_T1,2021-03-31,2133869341.43,Posição no último mês do trimestre
Fundo,02201501000161,2021_T1,2021-03-31,1916430041.55,Posição no último mês do trimestre
Fundo,62232889000190,2021_T1,2021-03-31,1452013392.17,Posição no último mês do trimestre
Fundo,33886862000112,2021_T1,2021-03-31,1335027516.57,Posição no último mês do trimestre
Fundo,03017677000120,2021_T1,2021-03-31,1136307403.81,Posição no último mês do trimestre
Fundo,15489568000195,2021_T1,2021-03-31,608410379.93,Posição no último mês do trimestre
Fundo,01638542000157,2021_T1,2021-03-31,581308550.97,Posição no último mês do trimestre
Fundo,44077014000189,2021_T1,2021-03-31,436015936.1,Posição no último mês do trimestre
Fundo,00806535000154,2021_T1,2021-03-31,245402702.55,Posição no último mês do trimestre
Fundo,24361690000172,2021_T1,2021-03-31,201378061.12,Posição no último mês do trimestre
Fundo,01522368000182,2021_T1,2021-03-31,162540853.12,Posição no último mês do trimestre
Fundo,30723886000162,2021_T1,2021-03-31,162328116.39,Posição no último mês do trimestre
Fundo,00329598000167,2021_T1,2021-03-31,150928472.86,Posição no último mês do trimestre
Fundo,13673855000125,2021_T1,2021-03-31,102626739.22,Posição no último mês do trimestre
Fundo,02685483000130,2021_T1,2021-03-31,71016835.34,Posição no último mês do trimestre
Fundo,26199830000183,2021_T1,2021-03-31,44608873.76,Posição no último mês do trimestre
Fundo,50657675000186,2021_T1,2021-03-31,30520510.23,Posição no último mês do trimestre
Fundo,29292189000115,2021_T1,2021-03-31,29003508.03,Posição no último mês do trimestre
Fundo,27652684000162,2021_T1,2021-03-31,21118626.46,Posição no último mês do trimestre
Fundo,92875780000131,2021_T1,2021-03-31,998095.02,Posição no último mês do trimestre
Classe,42066258000130,2021_T2,2021-06-30,157454090.37,Posição no último mês do trimestre
Classe,03317692000194,2021_T2,2021-06-30,141287206.85,Posição no último mês do trimestre
Fundo,30822936000169,2021_T2,2021-06-30,66344853898.34,Posição no último mês do trimestre
Fundo,36113876000191,2021_T2,2021-06-30,55288794800.47,Posição no último mês do trimestre
Fundo,62285390000140,2021_T2,2021-06-30,32277575806.58,Posição no último mês do trimestre
Fundo,13486793000142,2021_T2,2021-06-30,21504602547.38,Posição no último mês do trimestre
Fundo,34829992000186,2021_T2,2021-06-30,13416924651.87,Posição no último mês do trimestre
Fundo,59281253000123,2021_T2,2021-06-30,11076739131.59,Posição no último mês do trimestre
Fundo,45246410000155,2021_T2,2021-06-30,10444517668.65,Posição no último mês do trimestre
Fundo,00066670000100,2021_T2,2021-06-30,10311370196.77,Posição no último mês do trimestre
Fundo,05389174000101,2021_T2,2021-06-30,9019243477.96,Posição no último mês do trimestre
Fundo,62418140000131,2021_T2,2021-06-30,8994730241.4,Posição no último mês do trimestre
Fundo,03317692000194,2021_T2,2021-06-30,6452360371.32,Posição no último mês do trimestre
Fundo,67030395000146,2021_T2,2021-06-30,6263293191.73,Posição no último mês do trimestre
Fundo,62318407000119,2021_T2,2021-06-30,5329128857.91,Posição no último mês do trimestre
Fundo,02671743000119,2021_T2,2021-06-30,5222549729.1,Posição no último mês do trimestre
Fundo,42066258000130,2021_T2,2021-06-30,5219188291.43,Posição no último mês do trimestre
Fundo,22610500000188,2021_T2,2021-06-30,4157001739.09,Posição no último mês do trimestre
Fundo,11758741000152,2021_T2,2021-06-30,3109448613.21,Posição no último mês do trimestre
Fundo,12063256000127,2021_T2,2021-06-30,2909230756.11,Posição no último mês do trimestre
Fundo,03751794000113,2021_T2,2021-06-30,2512164818.76,Posição no último mês do trimestre
Fundo,52904364000108,2021_T2,2021-06-30,2342741231.22,Posição no último mês do trimestre
Fundo,62232889000190,2021_T2,2021-06-30,2275194506.66,Posição no último mês do trimestre
Fundo,03384738000198,2021_T2,2021-06-30,2229458747.47,Posição no último mês do trimestre
Fundo,00360305000104,2021_T2,2021-06-30,2057894553.05,Posição no último mês do trimestre
Fundo,02201501000161,2021_T2,2021-06-30,1970856201.15,Posição no último mês do trimestre
Fundo,33886862000112,2021_T2,2021-06-30,1514965475.23,Posição no último mês do trimestre
Fundo,03017677000120,2021_T2,2021-06-30,1192065749.73,Posição no último mês do trimestre
Fundo,15489568000195,2021_T2,2021-06-30,694139951.99,Posição no último mês do trimestre
Fundo,01638542000157,2021_T2,2021-06-30,581852559.57,Posição no último mês do trimestre
Fundo,00806535000154,2021_T2,2021-06-30,473648475.77,Posição no último mês do trimestre
Fundo,44077014000189,2021_T2,2021-06-30,445156062.53,Posição no último mês do trimestre
Fundo,36266751000100,2021_T2,2021-06-30,345666165.69,Posição no último mês do trimestre
Fundo,00329598000167,2021_T2,2021-06-30,298931863.92,Posição no último mês do trimestre
Fundo,37678915000160,2021_T2,2021-06-30,241433782.03,Posição no último mês do trimestre
Fundo,24361690000172,2021_T2,2021-06-30,224563368.68,Posição no último mês do trimestre
Fundo,01522368000182,2021_T2,2021-06-30,169188590.68,Posição no último mês do trimestre
Fundo,30723886000162,2021_T2,2021-06-30,164473617.77,Posição no último mês do trimestre
Fundo,13673855000125,2021_T2,2021-06-30,122692091.07,Posição no último mês do trimestre
Fundo,36864992000142,2021_T2,2021-06-30,35389867.58,Posição no último mês do trimestre
Fundo,50657675000186,2021_T2,2021-06-30,35016718.8,Posição no último mês do trimestre
Fundo,02685483000130,2021_T2,2021-06-30,31284733.77,Posição no último mês do trimestre
Fundo,29292189000115,2021_T2,2021-06-30,26561255.81,Posição no último mês do trimestre
Fundo,27652684000162,2021_T2,2021-06-30,20172965.45,Posição no último mês do trimestre
Fundo,92875780000131,2021_T2,2021-06-30,14809750.76,Posição no último mês do trimestre
Fundo,33851064000155,2021_T2,2021-06-30,4718097.19,Posição no último mês do trimestre
Fundo,31999785000181,2021_T2,2021-06-30,0,Posição no último mês do trimestre
Classe,13486793000142,2021_T3,2021-09-30,268344188.1,Posição no último mês do trimestre
Classe,42066258000130,2021_T3,2021-09-30,224726271.39,Posição no último mês do trimestre
Fundo,30822936000169,2021_T3,2021-09-30,67320601881.74,Posição no último mês do trimestre
Fundo,36113876000191,2021_T3,2021-09-30,57488647194.02,Posição no último mês do trimestre
Fundo,62285390000140,2021_T3,2021-09-30,34308688124.79,Posição no último mês do trimestre
Fundo,13486793000142,2021_T3,2021-09-30,21645055213.7,Posição no último mês do trimestre
Fundo,59281253000123,2021_T3,2021-09-30,15217152961.55,Posição no último mês do trimestre
Fundo,34829992000186,2021_T3,2021-09-30,13546566953.43,Posição no último mês do trimestre
Fundo,45246410000155,2021_T3,2021-09-30,11190707123.7,Posição no último mês do trimestre
Fundo,00066670000100,2021_T3,2021-09-30,9351570429.08,Posição no último mês do trimestre
Fundo,62418140000131,2021_T3,2021-09-30,8915521159.74,Posição no último mês do trimestre
Fundo,05389174000101,2021_T3,2021-09-30,7079059289.84,Posição no último mês do trimestre
Fundo,02671743000119,2021_T3,2021-09-30,6472563622.14,Posição no último mês do trimestre
Fundo,03317692000194,2021_T3,2021-09-30,6330047504.86,Posição no último mês do trimestre
Fundo,62318407000119,2021_T3,2021-09-30,4941893894.39,Posição no último mês do trimestre
Fundo,22610500000188,2021_T3,2021-09-30,4626937218.26,Posição no último mês do trimestre
Fundo,42066258000130,2021_T3,2021-09-30,4065482252.42,Posição no último mês do trimestre
Fundo,11758741000152,2021_T3,2021-09-30,3299231193.21,Posição no último mês do trimestre
Fundo,12063256000127,2021_T3,2021-09-30,3078734838.54,Posição no último mês do trimestre
Fundo,67030395000146,2021_T3,2021-09-30,3047632232.46,Posição no último mês do trimestre
Fundo,62232889000190,2021_T3,2021-09-30,3036062782.82,Posição no último mês do trimestre
Fundo,03751794000113,2021_T3,2021-09-30,2470140398.59,Posição no último mês do trimestre
Fundo,03384738000198,2021_T3,2021-09-30,2329630445.88,Posição no último mês do trimestre
Fundo,02201501000161,2021_T3,2021-09-30,2184317962.43,Posição no último mês do trimestre
Fundo,00360305000104,2021_T3,2021-09-30,1798231377.93,Posição no último mês do trimestre
Fundo,33886862000112,2021_T3,2021-09-30,1700664943.25,Posição no último mês do trimestre
Fundo,36266751000100,2021_T3,2021-09-30,1396855949.04,Posição no último mês do trimestre
Fundo,00329598000167,2021_T3,2021-09-30,1193899246.59,Posição no último mês do trimestre
Fundo,03017677000120,2021_T3,2021-09-30,1163893247.08,Posição no último mês do trimestre
Fundo,15489568000195,2021_T3,2021-09-30,667696772.22,Posição no último mês do trimestre
Fundo,00806535000154,2021_T3,2021-09-30,558177002.39,Posição no último mês do trimestre
Fundo,01638542000157,2021_T3,2021-09-30,557453560.17,Posição no último mês do trimestre
Fundo,44077014000189,2021_T3,2021-09-30,435977060.3,Posição no último mês do trimestre
Fundo,52904364000108,2021_T3,2021-09-30,424314040.33,Posição no último mês do trimestre
Fundo,37678915000160,2021_T3,2021-09-30,348548529.55,Posição no último mês do trimestre
Fundo,30723886000162,2021_T3,2021-09-30,299251722.74,Posição no último mês do trimestre
Fundo,24361690000172,2021_T3,2021-09-30,272280445.46,Posição no último mês do trimestre
Fundo,13673855000125,2021_T3,2021-09-30,178969599.72,Posição no último mês do trimestre
Fundo,01522368000182,2021_T3,2021-09-30,176560618.79,Posição no último mês do trimestre
Fundo,02685483000130,2021_T3,2021-09-30,45106910.27,Posição no último mês do trimestre
Fundo,50657675000186,2021_T3,2021-09-30,39955381.43,Posição no último mês do trimestre
Fundo,36864992000142,2021_T3,2021-09-30,38664306.59,Posição no último mês do trimestre
Fundo,16695922000109,2021_T3,2021-09-30,36788232.91,Posição no último mês do trimestre
Fundo,27652684000162,2021_T3,2021-09-30,18965211.52,Posição no último mês do trimestre
Fundo,39669186000101,2021_T3,2021-09-30,16030400.83,Posição no último mês do trimestre
Fundo,32582247000150,2021_T3,2021-09-30,10451350.56,Posição no último mês do trimestre
Fundo,44782130000107,2021_T3,2021-09-30,4641557.93,Posição no último mês do trimestre
Fundo,92875780000131,2021_T3,2021-09-30,4151831.74,Posição no último mês do trimestre
Fundo,31999785000181,2021_T3,2021-09-30,0,Posição no último mês do trimestre
Fundo,29292189000115,2021_T3,2021-09-30,-210935.15,Posição no último mês do trimestre
Classe,13486793000142,2021_T4,2021-12-31,690252863.79,Posição no último mês do trimestre
Classe,42066258000130,2021_T4,2021-12-31,23968473.46,Posição no último mês do trimestre
Fundo,30822936000169,2021_T4,2021-12-31,67015631768.11,Posição no último mês do trimestre
Fundo,36113876000191,2021_T4,2021-12-31,59104691897.87,Posição no último mês do trimestre
Fundo,62285390000140,2021_T4,2021-12-31,37237728797.75,Posição no último mês do trimestre
Fundo,13486793000142,2021_T4,2021-12-31,25067240979.4,Posição no último mês do trimestre
Fundo,59281253000123,2021_T4,2021-12-31,17506868024.4,Posição no último mês do trimestre
Fundo,45246410000155,2021_T4,2021-12-31,13327015206.13,Posição no último mês do trimestre
Fundo,00066670000100,2021_T4,2021-12-31,12613062685.88,Posição no último mês do trimestre
Fundo,02671743000119,2021_T4,2021-12-31,7433720922.59,Posição no último mês do trimestre
Fundo,03317692000194,2021_T4,2021-12-31,6616393479.6,Posição no último mês do trimestre
Fundo,62318407000119,2021_T4,2021-12-31,5201793472.03,Posição no último mês do trimestre
Fundo,05389174000101,2021_T4,2021-12-31,5064386022,Posição no último mês do trimestre
Fundo,22610500000188,2021_T4,2021-12-31,4629253135.35,Posição no último mês do trimestre
Fundo,62232889000190,2021_T4,2021-12-31,4603701847.08,Posição no último mês do trimestre
Fundo,34829992000186,2021_T4,2021-12-31,4324149802.61,Posição no último mês do trimestre
Fundo,42066258000130,2021_T4,2021-12-31,4043920988.42,Posição no último mês do trimestre
Fundo,11758741000152,2021_T4,2021-12-31,3604120718.27,Posição no último mês do trimestre
Fundo,00329598000167,2021_T4,2021-12-31,3350273549.48,Posição no último mês do trimestre
Fundo,67030395000146,2021_T4,2021-12-31,3345198224.06,Posição no último mês do trimestre
Fundo,36864992000142,2021_T4,2021-12-31,3076505503.04,Posição no último mês do trimestre
Fundo,36266751000100,2021_T4,2021-12-31,2802934708.53,Posição no último mês do trimestre
Fundo,03751794000113,2021_T4,2021-12-31,2411384102.97,Posição no último mês do trimestre
Fundo,03384738000198,2021_T4,2021-12-31,2393577997.64,Posição no último mês do trimestre
Fundo,02201501000161,2021_T4,2021-12-31,2168601473.78,Posição no último mês do trimestre
Fundo,33886862000112,2021_T4,2021-12-31,1804859156.66,Posição no último mês do trimestre
Fundo,62418140000131,2021_T4,2021-12-31,1600622310.62,Posição no último mês do trimestre
Fundo,00360305000104,2021_T4,2021-12-31,1550481826.21,Posição no último mês do trimestre
Fundo,12063256000127,2021_T4,2021-12-31,1311462362.33,Posição no último mês do trimestre
Fundo,03017677000120,2021_T4,2021-12-31,1129571913.63,Posição no último mês do trimestre
Fundo,52904364000108,2021_T4,2021-12-31,808489412.85,Posição no último mês do trimestre
Fundo,15489568000195,2021_T4,2021-12-31,564057428.15,Posição no último mês do trimestre
Fundo,37678915000160,2021_T4,2021-12-31,532276693.1,Posição no último mês do trimestre
Fundo,24361690000172,2021_T4,2021-12-31,495038930.27,Posição no último mês do trimestre
Fundo,44077014000189,2021_T4,2021-12-31,434236758.52,Posição no último mês do trimestre
Fundo,00806535000154,2021_T4,2021-12-31,357000177.97,Posição no último mês do trimestre
Fundo,01522368000182,2021_T4,2021-12-31,186703670.44,Posição no último mês do trimestre
Fundo,13673855000125,2021_T4,2021-12-31,184935612.19,Posição no último mês do trimestre
Fundo,16695922000109,2021_T4,2021-12-31,74091716.75,Posição no último mês do trimestre
Fundo,33851064000155,2021_T4,2021-12-31,66074189.95,Posição no último mês do trimestre
Fundo,02685483000130,2021_T4,2021-12-31,31341530.86,Posição no último mês do trimestre
Fundo,71590442000183,2021_T4,2021-12-31,20795252.56,Posição no último mês do trimestre
Fundo,27652684000162,2021_T4,2021-12-31,16970736.21,Posição no último mês do trimestre
Fundo,29292189000115,2021_T4,2021-12-31,8312500.46,Posição no último mês do trimestre
Fundo,92875780000131,2021_T4,2021-12-31,2049051.26,Posição no último mês do trimestre
Fundo,30723886000162,2021_T4,2021-12-31,56091.34,Posição no último mês do trimestre
Fundo,31999785000181,2021_T4,2021-12-31,0,Posição no último mês do trimestre
Classe,13486793000142,2022_T1,2022-03-31,640942192.86,Posição no último mês do trimestre
Classe,42066258000130,2022_T1,2022-03-31,25831887.09,Posição no último mês do trimestre
Fundo,30822936000169,2022_T1,2022-03-31,71734896247.59,Posição no último mês do trimestre
Fundo,36113876000191,2022_T1,2022-03-31,59795248431.84,Posição no último mês do trimestre
Fundo,62285390000140,2022_T1,2022-03-31,41096109364.57,Posição no último mês do trimestre
Fundo,13486793000142,2022_T1,2022-03-31,23273299180.52,Posição no último mês do trimestre
Fundo,59281253000123,2022_T1,2022-03-31,21580812635.58,Posição no último mês do trimestre
Fundo,45246410000155,2022_T1,2022-03-31,15338105568.72,Posição no último mês do trimestre
Fundo,00066670000100,2022_T1,2022-03-31,12019926389.45,Posição no último mês do trimestre
Fundo,36864992000142,2022_T1,2022-03-31,7808838891.21,Posição no último mês do trimestre
Fundo,02671743000119,2022_T1,2022-03-31,7520232770.26,Posição no último mês do trimestre
Fundo,03317692000194,2022_T1,2022-03-31,7061360032.28,Posição no último mês do trimestre
Fundo,62232889000190,2022_T1,2022-03-31,5054891412.68,Posição no último mês do trimestre
Fundo,62318407000119,2022_T1,2022-03-31,4869666316.63,Posição no último mês do trimestre
Fundo,22610500000188,2022_T1,2022-03-31,4844794268.18,Posição no último mês do trimestre
Fundo,34829992000186,2022_T1,2022-03-31,4550215790.44,Posição no último mês do trimestre
Fundo,36266751000100,2022_T1,2022-03-31,4255115175.04,Posição no último mês do trimestre
Fundo,42066258000130,2022_T1,2022-03-31,4162805653.95,Posição no último mês do trimestre
Fundo,11758741000152,2022_T1,2022-03-31,3725153890.94,Posição no último mês do trimestre
Fundo,39669186000101,2022_T1,2022-03-31,3524970922.39,Posição no último mês do trimestre
Fundo,67030395000146,2022_T1,2022-03-31,3504505332.28,Posição no último mês do trimestre
Fundo,00329598000167,2022_T1,2022-03-31,3189613429.26,Posição no último mês do trimestre
Fundo,03384738000198,2022_T1,2022-03-31,2215985033.33,Posição no último mês do trimestre
Fundo,02201501000161,2022_T1,2022-03-31,2148134211.26,Posição no último mês do trimestre
Fundo,33886862000112,2022_T1,2022-03-31,2029569516.78,Posição no último mês do trimestre
Fundo,05389174000101,2022_T1,2022-03-31,1895518356.71,Posição no último mês do trimestre
Fundo,62418140000131,2022_T1,2022-03-31,1840886558.61,Posição no último mês do trimestre
Fundo,00360305000104,2022_T1,2022-03-31,1700216721.44,Posição no último mês do trimestre
Fundo,12063256000127,2022_T1,2022-03-31,1220518660.82,Posição no último mês do trimestre
Fundo,03017677000120,2022_T1,2022-03-31,867732134.13,Posição no último mês do trimestre
Fundo,24361690000172,2022_T1,2022-03-31,627971410.15,Posição no último mês do trimestre
Fundo,37678915000160,2022_T1,2022-03-31,560924790.28,Posição no último mês do trimestre
Fundo,16695922000109,2022_T1,2022-03-31,439200153.41,Posição no último mês do trimestre
Fundo,44077014000189,2022_T1,2022-03-31,434232752.31,Posição no último mês do trimestre
Fundo,00806535000154,2022_T1,2022-03-31,407408343.08,Posição no último mês do trimestre
Fundo,13673855000125,2022_T1,2022-03-31,292428932.09,Posição no último mês do trimestre
Fundo,15489568000195,2022_T1,2022-03-31,277319977.57,Posição no último mês do trimestre
Fundo,01522368000182,2022_T1,2022-03-31,196282637.43,Posição no último mês do trimestre
Fundo,03751794000113,2022_T1,2022-03-31,76551834.47,Posição no último mês do trimestre
Fundo,33851064000155,2022_T1,2022-03-31,70081322.51,Posição no último mês do trimestre
Fundo,71590442000183,2022_T1,2022-03-31,62088182.62,Posição no último mês do trimestre
Fundo,40434681000110,2022_T1,2022-03-31,47979189.1,Posição no último mês do trimestre
Fundo,92875780000131,2022_T1,2022-03-31,1989328.55,Posição no último mês do trimestre
Fundo,27652684000162,2022_T1,2022-03-31,1325062.7,Posição no último mês do trimestre
Fundo,30723886000162,2022_T1,2022-03-31,265012.67,Posição no último mês do trimestre
Fundo,30822936000169,2022_T2,2022-06-30,88264865460.1,Posição no último mês do trimestre
Fundo,36113876000191,2022_T2,2022-06-30,62733811459.07,Posição no último mês do trimestre
Fundo,62285390000140,2022_T2,2022-06-30,44410253827.53,Posição no último mês do trimestre
Fundo,13486793000142,2022_T2,2022-06-30,25045763588.27,Posição no último mês do trimestre
Fundo,59281253000123,2022_T2,2022-06-30,20886596220.76,Posição no último mês do trimestre
Fundo,45246410000155,2022_T2,2022-06-30,16737744701.52,Posição no último mês do trimestre
Fundo,00066670000100,2022_T2,2022-06-30,11269287996.29,Posição no último mês do trimestre
Fundo,36864992000142,2022_T2,2022-06-30,8421297799.9,Posição no último mês do trimestre
Fundo,02671743000119,2022_T2,2022-06-30,7646274980.33,Posição no último mês do trimestre
Fundo,03317692000194,2022_T2,2022-06-30,7439322646.06,Posição no último mês do trimestre
Fundo,00329598000167,2022_T2,2022-06-30,7035450482.88,Posição no último mês do trimestre
Fundo,62232889000190,2022_T2,2022-06-30,6509174814.2,Posição no último mês do trimestre
Fundo,34829992000186,2022_T2,2022-06-30,6048628138.39,Posição no último mês do trimestre
Fundo,62318407000119,2022_T2,2022-06-30,4895479592.5,Posição no último mês do trimestre
Fundo,39669186000101,2022_T2,2022-06-30,4856601995.75,Posição no último mês do trimestre
Fundo,22610500000188,2022_T2,2022-06-30,4169655035.72,Posição no último mês do trimestre
Fundo,42066258000130,2022_T2,2022-06-30,4127769968.78,Posição no último mês do trimestre
Fundo,67030395000146,2022_T2,2022-06-30,4005905767.71,Posição no último mês do trimestre
Fundo,11758741000152,2022_T2,2022-06-30,3875848622.73,Posição no último mês do trimestre
Fundo,36266751000100,2022_T2,2022-06-30,3620141656.29,Posição no último mês do trimestre
Fundo,62418140000131,2022_T2,2022-06-30,2665011562.92,Posição no último mês do trimestre
Fundo,02201501000161,2022_T2,2022-06-30,2405049313.42,Posição no último mês do trimestre
Fundo,33886862000112,2022_T2,2022-06-30,2241692579.32,Posição no último mês do trimestre
Fundo,03384738000198,2022_T2,2022-06-30,2146451034.42,Posição no último mês do trimestre
Fundo,37678915000160,2022_T2,2022-06-30,1776125685.55,Posição no último mês do trimestre
Fundo,05389174000101,2022_T2,2022-06-30,1743965962.88,Posição no último mês do trimestre
Fundo,00360305000104,2022_T2,2022-06-30,1682629465.74,Posição no último mês do trimestre
Fundo,12063256000127,2022_T2,2022-06-30,1473168832.98,Posição no último mês do trimestre
Fundo,03017677000120,2022_T2,2022-06-30,909712281.11,Posição no último mês do trimestre
Fundo,02332886000104,2022_T2,2022-06-30,828345330.48,Posição no último mês do trimestre
Fundo,24361690000172,2022_T2,2022-06-30,746184575.71,Posição no último mês do trimestre
Fundo,00806535000154,2022_T2,2022-06-30,665885836.05,Posição no último mês do trimestre
Fundo,16695922000109,2022_T2,2022-06-30,518101491.91,Posição no último mês do trimestre
Fundo,44077014000189,2022_T2,2022-06-30,463218253.74,Posição no último mês do trimestre
Fundo,13673855000125,2022_T2,2022-06-30,333028391,Posição no último mês do trimestre
Fundo,15489568000195,2022_T2,2022-06-30,271988473.23,Posição no último mês do trimestre
Fundo,01522368000182,2022_T2,2022-06-30,207337466.31,Posição no último mês do trimestre
Fundo,71590442000183,2022_T2,2022-06-30,121918642.94,Posição no último mês do trimestre
Fundo,33851064000155,2022_T2,2022-06-30,78264960.84,Posição no último mês do trimestre
Fundo,07253654000176,2022_T2,2022-06-30,60114301.07,Posição no último mês do trimestre
Fundo,40434681000110,2022_T2,2022-06-30,58428778.79,Posição no último mês do trimestre
Fundo,03751794000113,2022_T2,2022-06-30,40079506.94,Posição no último mês do trimestre
Fundo,92875780000131,2022_T2,2022-06-30,3965409.26,Posição no último mês do trimestre
Fundo,27652684000162,2022_T2,2022-06-30,2315838.37,Posição no último mês do trimestre
Fundo,36113876000191,2022_T3,2022-09-30,68439891436.13,Posição no último mês do trimestre
Fundo,30822936000169,2022_T3,2022-09-30,49474198387.21,Posição no último mês do trimestre
Fundo,62285390000140,2022_T3,2022-09-30,47988010717.36,Posição no último mês do trimestre
Fundo,13486793000142,2022_T3,2022-09-30,25715363555.02,Posição no último mês do trimestre
Fundo,59281253000123,2022_T3,2022-09-30,22733578263.59,Posição no último mês do trimestre
Fundo,45246410000155,2022_T3,2022-09-30,18199061855.59,Posição no último mês do trimestre
Fundo,00066670000100,2022_T3,2022-09-30,13299038079.31,Posição no último mês do trimestre
Fundo,36864992000142,2022_T3,2022-09-30,8613484640.36,Posição no último mês do trimestre
Fundo,03317692000194,2022_T3,2022-09-30,8318811485.86,Posição no último mês do trimestre
Fundo,62232889000190,2022_T3,2022-09-30,8249699310.53,Posição no último mês do trimestre
Fundo,00329598000167,2022_T3,2022-09-30,8207078493.62,Posição no último mês do trimestre
Fundo,34829992000186,2022_T3,2022-09-30,7964651216.4,Posição no último mês do trimestre
Fundo,02671743000119,2022_T3,2022-09-30,7956754603.75,Posição no último mês do trimestre
Fundo,39669186000101,2022_T3,2022-09-30,5292116716.22,Posição no último mês do trimestre
Fundo,22610500000188,2022_T3,2022-09-30,4963626087.29,Posição no último mês do trimestre
Fundo,62318407000119,2022_T3,2022-09-30,4928122454.62,Posição no último mês do trimestre
Fundo,42066258000130,2022_T3,2022-09-30,4321128317.73,Posição no último mês do trimestre
Fundo,67030395000146,2022_T3,2022-09-30,4183637634.34,Posição no último mês do trimestre
Fundo,11758741000152,2022_T3,2022-09-30,3909767649.48,Posição no último mês do trimestre
Fundo,36266751000100,2022_T3,2022-09-30,3328232626.63,Posição no último mês do trimestre
Fundo,33886862000112,2022_T3,2022-09-30,2570584607.33,Posição no último mês do trimestre
Fundo,02201501000161,2022_T3,2022-09-30,2545526527.41,Posição no último mês do trimestre
Fundo,03384738000198,2022_T3,2022-09-30,1869545922.42,Posição no último mês do trimestre
Fundo,37678915000160,2022_T3,2022-09-30,1796674863.29,Posição no último mês do trimestre
Fundo,05389174000101,2022_T3,2022-09-30,1785323090.81,Posição no último mês do trimestre
Fundo,00360305000104,2022_T3,2022-09-30,1666452891.63,Posição no último mês do trimestre
Fundo,62418140000131,2022_T3,2022-09-30,1529653654.63,Posição no último mês do trimestre
Fundo,03017677000120,2022_T3,2022-09-30,1072954182.25,Posição no último mês do trimestre
Fundo,02332886000104,2022_T3,2022-09-30,967559016.54,Posição no último mês do trimestre
Fundo,12063256000127,2022_T3,2022-09-30,865127326.83,Posição no último mês do trimestre
Fundo,00806535000154,2022_T3,2022-09-30,834592716.1,Posição no último mês do trimestre
Fundo,24361690000172,2022_T3,2022-09-30,797372291.33,Posição no último mês do trimestre
Fundo,16695922000109,2022_T3,2022-09-30,665667115.66,Posição no último mês do trimestre
Fundo,44077014000189,2022_T3,2022-09-30,464796238.25,Posição no último mês do trimestre
Fundo,13673855000125,2022_T3,2022-09-30,399102228.09,Posição no último mês do trimestre
Fundo,15489568000195,2022_T3,2022-09-30,287459108.31,Posição no último mês do trimestre
Fundo,01522368000182,2022_T3,2022-09-30,217350155.59,Posição no último mês do trimestre
Fundo,71590442000183,2022_T3,2022-09-30,126850115.25,Posição no último mês do trimestre
Fundo,40434681000110,2022_T3,2022-09-30,101229895.35,Posição no último mês do trimestre
Fundo,07253654000176,2022_T3,2022-09-30,92223094.31,Posição no último mês do trimestre
Fundo,33851064000155,2022_T3,2022-09-30,72572264.85,Posição no último mês do trimestre
Fundo,92875780000131,2022_T3,2022-09-30,11302109.38,Posição no último mês do trimestre
Fundo,27652684000162,2022_T3,2022-09-30,779336.18,Posição no último mês do trimestre
Fundo,36113876000191,2022_T4,2022-12-31,74482510500.88,Posição no último mês do trimestre
Fundo,62285390000140,2022_T4,2022-12-31,50555148382.88,Posição no último mês do trimestre
Fundo,30822936000169,2022_T4,2022-12-31,48109467851.05,Posição no último mês do trimestre
Fundo,13486793000142,2022_T4,2022-12-31,32442764324.24,Posição no último mês do trimestre
Fundo,59281253000123,2022_T4,2022-12-31,23710384181.19,Posição no último mês do trimestre
Fundo,45246410000155,2022_T4,2022-12-31,21337002395.61,Posição no último mês do trimestre
Fundo,00066670000100,2022_T4,2022-12-31,15763505885.01,Posição no último mês do trimestre
Fundo,62232889000190,2022_T4,2022-12-31,12909706738.27,Posição no último mês do trimestre
Fundo,34829992000186,2022_T4,2022-12-31,9522007948.94,Posição no último mês do trimestre
Fundo,36864992000142,2022_T4,2022-12-31,9170205931.64,Posição no último mês do trimestre
Fundo,03317692000194,2022_T4,2022-12-31,8964227553.34,Posição no último mês do trimestre
Fundo,00329598000167,2022_T4,2022-12-31,8341617981.47,Posição no último mês do trimestre
Fundo,02671743000119,2022_T4,2022-12-31,8087882328.55,Posição no último mês do trimestre
Fundo,22610500000188,2022_T4,2022-12-31,5824629414.86,Posição no último mês do trimestre
Fundo,39669186000101,2022_T4,2022-12-31,5484553603.88,Posição no último mês do trimestre
Fundo,62318407000119,2022_T4,2022-12-31,5434994081.51,Posição no último mês do trimestre
Fundo,67030395000146,2022_T4,2022-12-31,4365330768.9,Posição no último mês do trimestre
Fundo,42066258000130,2022_T4,2022-12-31,4338163840.55,Posição no último mês do trimestre
Fundo,11758741000152,2022_T4,2022-12-31,3838686822.7,Posição no último mês do trimestre
Fundo,02201501000161,2022_T4,2022-12-31,3292476739.15,Posição no último mês do trimestre
Fundo,36266751000100,2022_T4,2022-12-31,3221300145.59,Posição no último mês do trimestre
Fundo,33886862000112,2022_T4,2022-12-31,2786328866.73,Posição no último mês do trimestre
Fundo,37678915000160,2022_T4,2022-12-31,1950973315.39,Posição no último mês do trimestre
Fundo,03384738000198,2022_T4,2022-12-31,1907805064.59,Posição no último mês do trimestre
Fundo,05389174000101,2022_T4,2022-12-31,1770880075.88,Posição no último mês do trimestre
Fundo,00360305000104,2022_T4,2022-12-31,1600689572.71,Posição no último mês do trimestre
Fundo,62418140000131,2022_T4,2022-12-31,1389467979.43,Posição no último mês do trimestre
Fundo,16695922000109,2022_T4,2022-12-31,1169968192.26,Posição no último mês do trimestre
Fundo,03017677000120,2022_T4,2022-12-31,1121243343,Posição no último mês do trimestre
Fundo,02332886000104,2022_T4,2022-12-31,1119760135.87,Posição no último mês do trimestre
Fundo,00806535000154,2022_T4,2022-12-31,1077799783.91,Posição no último mês do trimestre
Fundo,12063256000127,2022_T4,2022-12-31,931337470.62,Posição no último mês do trimestre
Fundo,24361690000172,2022_T4,2022-12-31,899401577.7,Posição no último mês do trimestre
Fundo,44077014000189,2022_T4,2022-12-31,466523564.34,Posição no último mês do trimestre
Fundo,13673855000125,2022_T4,2022-12-31,448202594.04,Posição no último mês do trimestre
Fundo,15489568000195,2022_T4,2022-12-31,321110195.81,Posição no último mês do trimestre
Fundo,01522368000182,2022_T4,2022-12-31,218190647.88,Posição no último mês do trimestre
Fundo,71590442000183,2022_T4,2022-12-31,165859722.77,Posição no último mês do trimestre
Fundo,40434681000110,2022_T4,2022-12-31,152484991.27,Posição no último mês do trimestre
Fundo,07253654000176,2022_T4,2022-12-31,99938954.52,Posição no último mês do trimestre
Fundo,33851064000155,2022_T4,2022-12-31,73976119.1,Posição no último mês do trimestre
Fundo,92875780000131,2022_T4,2022-12-31,14326250.5,Posição no último mês do trimestre
Fundo,44782130000107,2022_T4,2022-12-31,12485278.64,Posição no último mês do trimestre
Fundo,27652684000162,2022_T4,2022-12-31,3192354.07,Posição no último mês do trimestre
Fundo,36113876000191,2023_T1,2023-03-31,75384037759.13,Posição no último mês do trimestre
Fundo,62285390000140,2023_T1,2023-03-31,51574998768.91,Posição no último mês do trimestre
Fundo,30822936000169,2023_T1,2023-03-31,45089038144.94,Posição no último mês do trimestre
Fundo,13486793000142,2023_T1,2023-03-31,31368844339.58,Posição no último mês do trimestre
Fundo,59281253000123,2023_T1,2023-03-31,24833821017.37,Posição no último mês do trimestre
Fundo,45246410000155,2023_T1,2023-03-31,21448300138.38,Posição no último mês do trimestre
Fundo,00066670000100,2023_T1,2023-03-31,17982086037.54,Posição no último mês do trimestre
Fundo,62232889000190,2023_T1,2023-03-31,14021676531.64,Posição no último mês do trimestre
Fundo,36864992000142,2023_T1,2023-03-31,9248119969.46,Posição no último mês do trimestre
Fundo,03317692000194,2023_T1,2023-03-31,9208567082.3,Posição no último mês do trimestre
Fundo,00329598000167,2023_T1,2023-03-31,9175915157.97,Posição no último mês do trimestre
Fundo,34829992000186,2023_T1,2023-03-31,9025673170.73,Posição no último mês do trimestre
Fundo,02671743000119,2023_T1,2023-03-31,8374215574.25,Posição no último mês do trimestre
Fundo,39669186000101,2023_T1,2023-03-31,6217428696.36,Posição no último mês do trimestre
Fundo,22610500000188,2023_T1,2023-03-31,5944340436.83,Posição no último mês do trimestre
Fundo,62318407000119,2023_T1,2023-03-31,5416916567.7,Posição no último mês do trimestre
Fundo,67030395000146,2023_T1,2023-03-31,4781510244.06,Posição no último mês do trimestre
Fundo,42066258000130,2023_T1,2023-03-31,4341197084.01,Posição no último mês do trimestre
Fundo,02201501000161,2023_T1,2023-03-31,3919297789.07,Posição no último mês do trimestre
Fundo,11758741000152,2023_T1,2023-03-31,3701708291.89,Posição no último mês do trimestre
Fundo,33886862000112,2023_T1,2023-03-31,3254206360.33,Posição no último mês do trimestre
Fundo,36266751000100,2023_T1,2023-03-31,2774951442.11,Posição no último mês do trimestre
Fundo,37678915000160,2023_T1,2023-03-31,2379998190.4,Posição no último mês do trimestre
Fundo,05389174000101,2023_T1,2023-03-31,1788402586.23,Posição no último mês do trimestre
Fundo,16695922000109,2023_T1,2023-03-31,1700704567.57,Posição no último mês do trimestre
Fundo,03384738000198,2023_T1,2023-03-31,1617851327.12,Posição no último mês do trimestre
Fundo,00360305000104,2023_T1,2023-03-31,1594650566.65,Posição no último mês do trimestre
Fundo,62418140000131,2023_T1,2023-03-31,1522714377.37,Posição no último mês do trimestre
Fundo,02332886000104,2023_T1,2023-03-31,1365389173.05,Posição no último mês do trimestre
Fundo,00806535000154,2023_T1,2023-03-31,1315013827.44,Posição no último mês do trimestre
Fundo,03017677000120,2023_T1,2023-03-31,963445400.98,Posição no último mês do trimestre
Fundo,24361690000172,2023_T1,2023-03-31,902860092.56,Posição no último mês do trimestre
Fundo,12063256000127,2023_T1,2023-03-31,822438961.01,Posição no último mês do trimestre
Fundo,44077014000189,2023_T1,2023-03-31,529895748.06,Posição no último mês do trimestre
Fundo,13673855000125,2023_T1,2023-03-31,307873964.51,Posição no último mês do trimestre
Fundo,15489568000195,2023_T1,2023-03-31,287340749.77,Posição no último mês do trimestre
Fundo,01522368000182,2023_T1,2023-03-31,229532335.68,Posição no último mês do trimestre
Fundo,40434681000110,2023_T1,2023-03-31,212146314.55,Posição no último mês do trimestre
Fundo,07253654000176,2023_T1,2023-03-31,109425312.67,Posição no último mês do trimestre
Fundo,71590442000183,2023_T1,2023-03-31,95701487.71,Posição no último mês do trimestre
Fundo,33851064000155,2023_T1,2023-03-31,68219858.78,Posição no último mês do trimestre
Fundo,92875780000131,2023_T1,2023-03-31,18993047.46,Posição no último mês do trimestre
Fundo,44782130000107,2023_T1,2023-03-31,14255763.43,Posição no último mês do trimestre
Fundo,27652684000162,2023_T1,2023-03-31,2272599.2,Posição no último mês do trimestre
Fundo,36113876000191,2023_T2,2023-06-30,80935909014.02,Posição no último mês do trimestre
Fundo,62285390000140,2023_T2,2023-06-30,54786937612.06,Posição no último mês do trimestre
Fundo,59281253000123,2023_T2,2023-06-30,39844735293.3,Posição no último mês do trimestre
Fundo,30822936000169,2023_T2,2023-06-30,36855482457.04,Posição no último mês do trimestre
Fundo,13486793000142,2023_T2,2023-06-30,31486563445.66,Posição no último mês do trimestre
Fundo,45246410000155,2023_T2,2023-06-30,21479059415,Posição no último mês do trimestre
Fundo,00066670000100,2023_T2,2023-06-30,16318035053.15,Posição no último mês do trimestre
Fundo,62232889000190,2023_T2,2023-06-30,13968810333.4,Posição no último mês do trimestre
Fundo,34829992000186,2023_T2,2023-06-30,10163385226.51,Posição no último mês do trimestre
Fundo,03317692000194,2023_T2,2023-06-30,9556493702.46,Posição no último mês do trimestre
Fundo,36864992000142,2023_T2,2023-06-30,9080937680.46,Posição no último mês do trimestre
Fundo,00329598000167,2023_T2,2023-06-30,9036312549.25,Posição no último mês do trimestre
Fundo,02671743000119,2023_T2,2023-06-30,8532220920.81,Posição no último mês do trimestre
Fundo,39669186000101,2023_T2,2023-06-30,6377131038.11,Posição no último mês do trimestre
Fundo,62318407000119,2023_T2,2023-06-30,5789473227.51,Posição no último mês do trimestre
Fundo,22610500000188,2023_T2,2023-06-30,5526486450.77,Posição no último mês do trimestre
Fundo,67030395000146,2023_T2,2023-06-30,4807982031.86,Posição no último mês do trimestre
Fundo,42066258000130,2023_T2,2023-06-30,4325591322.71,Posição no último mês do trimestre
Fundo,02201501000161,2023_T2,2023-06-30,4265149410.75,Posição no último mês do trimestre
Fundo,11758741000152,2023_T2,2023-06-30,4045682318.45,Posição no último mês do trimestre
Fundo,33886862000112,2023_T2,2023-06-30,3507337541.74,Posição no último mês do trimestre
Fundo,36266751000100,2023_T2,2023-06-30,3059245818.13,Posição no último mês do trimestre
Fundo,37678915000160,2023_T2,2023-06-30,2765703793.85,Posição no último mês do trimestre
Fundo,62418140000131,2023_T2,2023-06-30,1914436508.64,Posição no último mês do trimestre
Fundo,16695922000109,2023_T2,2023-06-30,1884682687.05,Posição no último mês do trimestre
Fundo,05389174000101,2023_T2,2023-06-30,1818179464.28,Posição no último mês do trimestre
Fundo,02332886000104,2023_T2,2023-06-30,1738643638.54,Posição no último mês do trimestre
Fundo,03384738000198,2023_T2,2023-06-30,1610735218.21,Posição no último mês do trimestre
Fundo,00360305000104,2023_T2,2023-06-30,1589383107.37,Posição no último mês do trimestre
Fundo,00806535000154,2023_T2,2023-06-30,1522136929.77,Posição no último mês do trimestre
Fundo,24361690000172,2023_T2,2023-06-30,1046867273.21,Posição no último mês do trimestre
Fundo,12063256000127,2023_T2,2023-06-30,894591278.15,Posição no último mês do trimestre
Fundo,03017677000120,2023_T2,2023-06-30,801006477.54,Posição no último mês do trimestre
Fundo,44077014000189,2023_T2,2023-06-30,532358093.46,Posição no último mês do trimestre
Fundo,15489568000195,2023_T2,2023-06-30,524307950.62,Posição no último mês do trimestre
Fundo,13673855000125,2023_T2,2023-06-30,423322210.71,Posição no último mês do trimestre
Fundo,40434681000110,2023_T2,2023-06-30,264156382.9,Posição no último mês do trimestre
Fundo,01522368000182,2023_T2,2023-06-30,240241632.08,Posição no último mês do trimestre
Fundo,07253654000176,2023_T2,2023-06-30,122037391.23,Posição no último mês do trimestre
Fundo,71590442000183,2023_T2,2023-06-30,104776034.21,Posição no último mês do trimestre
Fundo,33851064000155,2023_T2,2023-06-30,66274833.04,Posição no último mês do trimestre
Fundo,92875780000131,2023_T2,2023-06-30,25617150.24,Posição no último mês do trimestre
Fundo,27652684000162,2023_T2,2023-06-30,2197994.81,Posição no último mês do trimestre
Classe,39669186000101,2023_T3,2023-09-30,981880222.46,Posição no último mês do trimestre
Fundo,36113876000191,2023_T3,2023-09-30,80934224240.61,Posição no último mês do trimestre
Fundo,62285390000140,2023_T3,2023-09-30,59633858866.52,Posição no último mês do trimestre
Fundo,59281253000123,2023_T3,2023-09-30,46943852733.51,Posição no último mês do trimestre
Fundo,30822936000169,2023_T3,2023-09-30,30455006329.86,Posição no último mês do trimestre
Fundo,13486793000142,2023_T3,2023-09-30,28312516979.69,Posição no último mês do trimestre
Fundo,45246410000155,2023_T3,2023-09-30,23398426137.46,Posição no último mês do trimestre
Fundo,34829992000186,2023_T3,2023-09-30,17581419835.51,Posição no último mês do trimestre
Fundo,00066670000100,2023_T3,2023-09-30,16516219002.56,Posição no último mês do trimestre
Fundo,62232889000190,2023_T3,2023-09-30,16035190532.74,Posição no último mês do trimestre
Fundo,00329598000167,2023_T3,2023-09-30,10257172281.02,Posição no último mês do trimestre
Fundo,03317692000194,2023_T3,2023-09-30,9667240498.9,Posição no último mês do trimestre
Fundo,36864992000142,2023_T3,2023-09-30,9473171451.54,Posição no último mês do trimestre
Fundo,39669186000101,2023_T3,2023-09-30,8393996763.76,Posição no último mês do trimestre
Fundo,02671743000119,2023_T3,2023-09-30,6847545421.36,Posição no último mês do trimestre
Fundo,62318407000119,2023_T3,2023-09-30,5473765046.77,Posição no último mês do trimestre
Fundo,22610500000188,2023_T3,2023-09-30,5345881880.96,Posição no último mês do trimestre
Fundo,67030395000146,2023_T3,2023-09-30,5165587431.99,Posição no último mês do trimestre
Fundo,42066258000130,2023_T3,2023-09-30,4824864925.91,Posição no último mês do trimestre
Fundo,11758741000152,2023_T3,2023-09-30,4151529005.68,Posição no último mês do trimestre
Fundo,33886862000112,2023_T3,2023-09-30,3831344908.03,Posição no último mês do trimestre
Fundo,02201501000161,2023_T3,2023-09-30,3658631042.19,Posição no último mês do trimestre
Fundo,16695922000109,2023_T3,2023-09-30,3373350407.56,Posição no último mês do trimestre
Fundo,36266751000100,2023_T3,2023-09-30,3066637907.62,Posição no último mês do trimestre
Fundo,37678915000160,2023_T3,2023-09-30,2913841805.47,Posição no último mês do trimestre
Fundo,62418140000131,2023_T3,2023-09-30,2568839153.49,Posição no último mês do trimestre
Fundo,13673855000125,2023_T3,2023-09-30,2138583880.65,Posição no último mês do trimestre
Fundo,05389174000101,2023_T3,2023-09-30,1829654106.76,Posição no último mês do trimestre
Fundo,00806535000154,2023_T3,2023-09-30,1806354444.56,Posição no último mês do trimestre
Fundo,02332886000104,2023_T3,2023-09-30,1780836036.4,Posição no último mês do trimestre
Fundo,00360305000104,2023_T3,2023-09-30,1584605465.46,Posição no último mês do trimestre
Fundo,03384738000198,2023_T3,2023-09-30,1437522209.03,Posição no último mês do trimestre
Fundo,24361690000172,2023_T3,2023-09-30,1053057257.39,Posição no último mês do trimestre
Fundo,12063256000127,2023_T3,2023-09-30,1003772931.41,Posição no último mês do trimestre
Fundo,03017677000120,2023_T3,2023-09-30,830707799.34,Posição no último mês do trimestre
Fundo,15489568000195,2023_T3,2023-09-30,547757675.99,Posição no último mês do trimestre
Fundo,44077014000189,2023_T3,2023-09-30,534135142.5,Posição no último mês do trimestre
Fundo,40434681000110,2023_T3,2023-09-30,321394054.96,Posição no último mês do trimestre
Fundo,01522368000182,2023_T3,2023-09-30,247756187.54,Posição no último mês do trimestre
Fundo,07253654000176,2023_T3,2023-09-30,144847957.39,Posição no último mês do trimestre
Fundo,71590442000183,2023_T3,2023-09-30,124531797.11,Posição no último mês do trimestre
Fundo,92875780000131,2023_T3,2023-09-30,91150275.52,Posição no último mês do trimestre
Fundo,33851064000155,2023_T3,2023-09-30,65832946.75,Posição no último mês do trimestre
Fundo,46955383000152,2023_T3,2023-09-30,39256181.2,Posição no último mês do trimestre
Fundo,27652684000162,2023_T3,2023-09-30,17212590.61,Posição no último mês do trimestre
Fundo,40768766000135,2023_T3,2023-09-30,6e+05,Posição no último mês do trimestre
Classe,39669186000101,2023_T4,2023-12-31,974364591.62,Posição no último mês do trimestre
Fundo,36113876000191,2023_T4,2023-12-31,85702592478.74,Posição no último mês do trimestre
Fundo,62285390000140,2023_T4,2023-12-31,67150774653.88,Posição no último mês do trimestre
Fundo,59281253000123,2023_T4,2023-12-31,52721649721.72,Posição no último mês do trimestre
Fundo,30822936000169,2023_T4,2023-12-31,37885991848.8,Posição no último mês do trimestre
Fundo,34829992000186,2023_T4,2023-12-31,28865940145.3,Posição no último mês do trimestre
Fundo,13486793000142,2023_T4,2023-12-31,28131572115.21,Posição no último mês do trimestre
Fundo,45246410000155,2023_T4,2023-12-31,24858731134.17,Posição no último mês do trimestre
Fundo,62232889000190,2023_T4,2023-12-31,20513619549.13,Posição no último mês do trimestre
Fundo,00066670000100,2023_T4,2023-12-31,18066629118.53,Posição no último mês do trimestre
Fundo,00329598000167,2023_T4,2023-12-31,12389143122.19,Posição no último mês do trimestre
Fundo,36864992000142,2023_T4,2023-12-31,12147488149.74,Posição no último mês do trimestre
Fundo,03317692000194,2023_T4,2023-12-31,10530375877.68,Posição no último mês do trimestre
Fundo,39669186000101,2023_T4,2023-12-31,7978030112.25,Posição no último mês do trimestre
Fundo,67030395000146,2023_T4,2023-12-31,7334936054.62,Posição no último mês do trimestre
Fundo,02671743000119,2023_T4,2023-12-31,7284602137.53,Posição no último mês do trimestre
Fundo,22610500000188,2023_T4,2023-12-31,6823556116.89,Posição no último mês do trimestre
Fundo,62318407000119,2023_T4,2023-12-31,6455070225.01,Posição no último mês do trimestre
Fundo,33886862000112,2023_T4,2023-12-31,4952794314.86,Posição no último mês do trimestre
Fundo,42066258000130,2023_T4,2023-12-31,4824336085.79,Posição no último mês do trimestre
Fundo,11758741000152,2023_T4,2023-12-31,4776535067.74,Posição no último mês do trimestre
Fundo,02201501000161,2023_T4,2023-12-31,4111628542.03,Posição no último mês do trimestre
Fundo,36266751000100,2023_T4,2023-12-31,4043188633.78,Posição no último mês do trimestre
Fundo,16695922000109,2023_T4,2023-12-31,3524805037.54,Posição no último mês do trimestre
Fundo,02332886000104,2023_T4,2023-12-31,3332879962.66,Posição no último mês do trimestre
Fundo,37678915000160,2023_T4,2023-12-31,3315655313.1,Posição no último mês do trimestre
Fundo,62418140000131,2023_T4,2023-12-31,3293715293.52,Posição no último mês do trimestre
Fundo,00806535000154,2023_T4,2023-12-31,2499813710.23,Posição no último mês do trimestre
Fundo,03017677000120,2023_T4,2023-12-31,2095030455.39,Posição no último mês do trimestre
Fundo,13673855000125,2023_T4,2023-12-31,2051861938.69,Posição no último mês do trimestre
Fundo,00360305000104,2023_T4,2023-12-31,1565589460.85,Posição no último mês do trimestre
Fundo,03384738000198,2023_T4,2023-12-31,1288935440.46,Posição no último mês do trimestre
Fundo,24361690000172,2023_T4,2023-12-31,1261913768.54,Posição no último mês do trimestre
Fundo,12063256000127,2023_T4,2023-12-31,1050749949.03,Posição no último mês do trimestre
Fundo,15489568000195,2023_T4,2023-12-31,834525497.17,Posição no último mês do trimestre
Fundo,44077014000189,2023_T4,2023-12-31,536283187.88,Posição no último mês do trimestre
Fundo,40434681000110,2023_T4,2023-12-31,472885396.45,Posição no último mês do trimestre
Fundo,01522368000182,2023_T4,2023-12-31,257440615.79,Posição no último mês do trimestre
Fundo,07253654000176,2023_T4,2023-12-31,153350670.12,Posição no último mês do trimestre
Fundo,71590442000183,2023_T4,2023-12-31,148451671.7,Posição no último mês do trimestre
Fundo,33851064000155,2023_T4,2023-12-31,72621904.48,Posição no último mês do trimestre
Fundo,46955383000152,2023_T4,2023-12-31,50067920.94,Posição no último mês do trimestre
Fundo,44782130000107,2023_T4,2023-12-31,32071445.2,Posição no último mês do trimestre
Fundo,27652684000162,2023_T4,2023-12-31,3550159.72,Posição no último mês do trimestre
Fundo,40768766000135,2023_T4,2023-12-31,544088.95,Posição no último mês do trimestre
Classe,39669186000101,2024_T1,2024-03-31,944048041.96,Posição no último mês do trimestre
Fundo,36113876000191,2024_T1,2024-03-31,85690299557.89,Posição no último mês do trimestre
Fundo,62285390000140,2024_T1,2024-03-31,72357496125.12,Posição no último mês do trimestre
Fundo,59281253000123,2024_T1,2024-03-31,55607554199.55,Posição no último mês do trimestre
Fundo,34829992000186,2024_T1,2024-03-31,34753582342.98,Posição no último mês do trimestre
Fundo,13486793000142,2024_T1,2024-03-31,26598563542.6,Posição no último mês do trimestre
Fundo,45246410000155,2024_T1,2024-03-31,25934901659.39,Posição no último mês do trimestre
Fundo,30822936000169,2024_T1,2024-03-31,24693419845.22,Posição no último mês do trimestre
Fundo,62232889000190,2024_T1,2024-03-31,22588318686.5,Posição no último mês do trimestre
Fundo,00066670000100,2024_T1,2024-03-31,18464598905.1,Posição no último mês do trimestre
Fundo,36864992000142,2024_T1,2024-03-31,13179628971.24,Posição no último mês do trimestre
Fundo,03317692000194,2024_T1,2024-03-31,12421691436.1,Posição no último mês do trimestre
Fundo,00329598000167,2024_T1,2024-03-31,11883753812.41,Posição no último mês do trimestre
Fundo,39669186000101,2024_T1,2024-03-31,9758847463.19,Posição no último mês do trimestre
Fundo,02671743000119,2024_T1,2024-03-31,8076633258.23,Posição no último mês do trimestre
Fundo,67030395000146,2024_T1,2024-03-31,7624908017.88,Posição no último mês do trimestre
Fundo,22610500000188,2024_T1,2024-03-31,7331712082.03,Posição no último mês do trimestre
Fundo,62418140000131,2024_T1,2024-03-31,6287288240.72,Posição no último mês do trimestre
Fundo,62318407000119,2024_T1,2024-03-31,6071426521.82,Posição no último mês do trimestre
Fundo,33886862000112,2024_T1,2024-03-31,5512062653.58,Posição no último mês do trimestre
Fundo,02332886000104,2024_T1,2024-03-31,4873030550.5,Posição no último mês do trimestre
Fundo,42066258000130,2024_T1,2024-03-31,4814239976.45,Posição no último mês do trimestre
Fundo,11758741000152,2024_T1,2024-03-31,4720172479.32,Posição no último mês do trimestre
Fundo,36266751000100,2024_T1,2024-03-31,4384004386.42,Posição no último mês do trimestre
Fundo,02201501000161,2024_T1,2024-03-31,4162362235.15,Posição no último mês do trimestre
Fundo,16695922000109,2024_T1,2024-03-31,4048488839.79,Posição no último mês do trimestre
Fundo,37678915000160,2024_T1,2024-03-31,3390728738.91,Posição no último mês do trimestre
Fundo,00806535000154,2024_T1,2024-03-31,3000106850.62,Posição no último mês do trimestre
Fundo,13673855000125,2024_T1,2024-03-31,1960665603.39,Posição no último mês do trimestre
Fundo,03017677000120,2024_T1,2024-03-31,1942814272.28,Posição no último mês do trimestre
Fundo,24361690000172,2024_T1,2024-03-31,1848542708.06,Posição no último mês do trimestre
Fundo,00360305000104,2024_T1,2024-03-31,1560295765.01,Posição no último mês do trimestre
Fundo,03384738000198,2024_T1,2024-03-31,1506830741.64,Posição no último mês do trimestre
Fundo,12063256000127,2024_T1,2024-03-31,896641880.79,Posição no último mês do trimestre
Fundo,40434681000110,2024_T1,2024-03-31,615867558.5,Posição no último mês do trimestre
Fundo,44077014000189,2024_T1,2024-03-31,538758257.77,Posição no último mês do trimestre
Fundo,46955383000152,2024_T1,2024-03-31,527527469.2,Posição no último mês do trimestre
Fundo,15489568000195,2024_T1,2024-03-31,523854611.86,Posição no último mês do trimestre
Fundo,01522368000182,2024_T1,2024-03-31,266817524.82,Posição no último mês do trimestre
Fundo,44782130000107,2024_T1,2024-03-31,219737843.49,Posição no último mês do trimestre
Fundo,71590442000183,2024_T1,2024-03-31,165720623.05,Posição no último mês do trimestre
Fundo,07253654000176,2024_T1,2024-03-31,161579078.17,Posição no último mês do trimestre
Fundo,47215387000167,2024_T1,2024-03-31,149197685.92,Posição no último mês do trimestre
Fundo,33851064000155,2024_T1,2024-03-31,74806466.9,Posição no último mês do trimestre
Fundo,27652684000162,2024_T1,2024-03-31,28019060.06,Posição no último mês do trimestre
Fundo,18945670000146,2024_T1,2024-03-31,2160681.69,Posição no último mês do trimestre
Fundo,40768766000135,2024_T1,2024-03-31,1704921.36,Posição no último mês do trimestre
Fundo,36113876000191,2024_T2,2024-06-30,88259569458.47,Posição no último mês do trimestre
Fundo,62285390000140,2024_T2,2024-06-30,77610470338.96,Posição no último mês do trimestre
Fundo,59281253000123,2024_T2,2024-06-30,59757322341.82,Posição no último mês do trimestre
Fundo,34829992000186,2024_T2,2024-06-30,41881456373.44,Posição no último mês do trimestre
Fundo,30822936000169,2024_T2,2024-06-30,35301337222.32,Posição no último mês do trimestre
Fundo,45246410000155,2024_T2,2024-06-30,29499650336.29,Posição no último mês do trimestre
Fundo,62232889000190,2024_T2,2024-06-30,28410884405.04,Posição no último mês do trimestre
Fundo,13486793000142,2024_T2,2024-06-30,23068269145.61,Posição no último mês do trimestre
Fundo,00066670000100,2024_T2,2024-06-30,22638909426.29,Posição no último mês do trimestre
Fundo,00329598000167,2024_T2,2024-06-30,14577836252.78,Posição no último mês do trimestre
Fundo,36864992000142,2024_T2,2024-06-30,13926529847.79,Posição no último mês do trimestre
Fundo,03317692000194,2024_T2,2024-06-30,12386390741.23,Posição no último mês do trimestre
Fundo,39669186000101,2024_T2,2024-06-30,10248613450.84,Posição no último mês do trimestre
Fundo,02671743000119,2024_T2,2024-06-30,9592440949.26,Posição no último mês do trimestre
Fundo,62418140000131,2024_T2,2024-06-30,9521672420.06,Posição no último mês do trimestre
Fundo,67030395000146,2024_T2,2024-06-30,7216987085.95,Posição no último mês do trimestre
Fundo,22610500000188,2024_T2,2024-06-30,7164909928.89,Posição no último mês do trimestre
Fundo,02332886000104,2024_T2,2024-06-30,6493609876.69,Posição no último mês do trimestre
Fundo,62318407000119,2024_T2,2024-06-30,5574414544.6,Posição no último mês do trimestre
Fundo,33886862000112,2024_T2,2024-06-30,5411869592.76,Posição no último mês do trimestre
Fundo,11758741000152,2024_T2,2024-06-30,5268462289.8,Posição no último mês do trimestre
Fundo,16695922000109,2024_T2,2024-06-30,5236335712.28,Posição no último mês do trimestre
Fundo,42066258000130,2024_T2,2024-06-30,4835850090.72,Posição no último mês do trimestre
Fundo,02201501000161,2024_T2,2024-06-30,4361350213.91,Posição no último mês do trimestre
Fundo,36266751000100,2024_T2,2024-06-30,4285850051.65,Posição no último mês do trimestre
Fundo,00806535000154,2024_T2,2024-06-30,3372083905.26,Posição no último mês do trimestre
Fundo,37678915000160,2024_T2,2024-06-30,3320483790.34,Posição no último mês do trimestre
Fundo,24361690000172,2024_T2,2024-06-30,2017470652.25,Posição no último mês do trimestre
Fundo,03017677000120,2024_T2,2024-06-30,2007005957.57,Posição no último mês do trimestre
Fundo,13673855000125,2024_T2,2024-06-30,1928773183.1,Posição no último mês do trimestre
Fundo,47215387000167,2024_T2,2024-06-30,1806850343.94,Posição no último mês do trimestre
Fundo,00360305000104,2024_T2,2024-06-30,1557334297.16,Posição no último mês do trimestre
Fundo,03384738000198,2024_T2,2024-06-30,1557119100.78,Posição no último mês do trimestre
Fundo,46955383000152,2024_T2,2024-06-30,1296329465.87,Posição no último mês do trimestre
Fundo,12063256000127,2024_T2,2024-06-30,1081706669.71,Posição no último mês do trimestre
Fundo,40434681000110,2024_T2,2024-06-30,736096841.39,Posição no último mês do trimestre
Fundo,44077014000189,2024_T2,2024-06-30,589787020.55,Posição no último mês do trimestre
Fundo,15489568000195,2024_T2,2024-06-30,469878000.12,Posição no último mês do trimestre
Fundo,44782130000107,2024_T2,2024-06-30,363414347.5,Posição no último mês do trimestre
Fundo,18945670000146,2024_T2,2024-06-30,308928909,Posição no último mês do trimestre
Fundo,01522368000182,2024_T2,2024-06-30,278607001.07,Posição no último mês do trimestre
Fundo,71590442000183,2024_T2,2024-06-30,191366126.81,Posição no último mês do trimestre
Fundo,07253654000176,2024_T2,2024-06-30,138141742.63,Posição no último mês do trimestre
Fundo,33851064000155,2024_T2,2024-06-30,71363486.65,Posição no último mês do trimestre
Fundo,45854066000187,2024_T2,2024-06-30,44005199.8,Posição no último mês do trimestre
Fundo,48967968000118,2024_T2,2024-06-30,32482134.96,Posição no último mês do trimestre
Fundo,27652684000162,2024_T2,2024-06-30,16510843.31,Posição no último mês do trimestre
Fundo,40768766000135,2024_T2,2024-06-30,2522760.46,Posição no último mês do trimestre
Fundo,33775974000104,2024_T2,2024-06-30,94966.16,Posição no último mês do trimestre
Classe,39669186000101,2024_T3,2024-09-30,754766883.68,Posição no último mês do trimestre
Fundo,36113876000191,2024_T3,2024-09-30,89314173796.32,Posição no último mês do trimestre
Fundo,62285390000140,2024_T3,2024-09-30,84346995359.14,Posição no último mês do trimestre
Fundo,30822936000169,2024_T3,2024-09-30,74423629546.47,Posição no último mês do trimestre
Fundo,59281253000123,2024_T3,2024-09-30,68699728025.67,Posição no último mês do trimestre
Fundo,34829992000186,2024_T3,2024-09-30,52334814333.16,Posição no último mês do trimestre
Fundo,45246410000155,2024_T3,2024-09-30,33524276487.42,Posição no último mês do trimestre
Fundo,62232889000190,2024_T3,2024-09-30,30474535212.86,Posição no último mês do trimestre
Fundo,00066670000100,2024_T3,2024-09-30,25709272553.42,Posição no último mês do trimestre
Fundo,13486793000142,2024_T3,2024-09-30,22148503649.05,Posição no último mês do trimestre
Fundo,00329598000167,2024_T3,2024-09-30,15019047835.63,Posição no último mês do trimestre
Fundo,36864992000142,2024_T3,2024-09-30,13338698684.01,Posição no último mês do trimestre
Fundo,39669186000101,2024_T3,2024-09-30,11510616739,Posição no último mês do trimestre
Fundo,03317692000194,2024_T3,2024-09-30,11212738117.66,Posição no último mês do trimestre
Fundo,02671743000119,2024_T3,2024-09-30,10750213199.07,Posição no último mês do trimestre
Fundo,62418140000131,2024_T3,2024-09-30,9845169209.81,Posição no último mês do trimestre
Fundo,67030395000146,2024_T3,2024-09-30,9054490602.2,Posição no último mês do trimestre
Fundo,22610500000188,2024_T3,2024-09-30,7836637571.78,Posição no último mês do trimestre
Fundo,16695922000109,2024_T3,2024-09-30,6418047827.25,Posição no último mês do trimestre
Fundo,02201501000161,2024_T3,2024-09-30,6353836649.37,Posição no último mês do trimestre
Fundo,02332886000104,2024_T3,2024-09-30,6322610411.06,Posição no último mês do trimestre
Fundo,62318407000119,2024_T3,2024-09-30,5853455584.48,Posição no último mês do trimestre
Fundo,11758741000152,2024_T3,2024-09-30,5558580005.7,Posição no último mês do trimestre
Fundo,37678915000160,2024_T3,2024-09-30,5389179539.36,Posição no último mês do trimestre
Fundo,33886862000112,2024_T3,2024-09-30,5032858404.89,Posição no último mês do trimestre
Fundo,42066258000130,2024_T3,2024-09-30,4830739227.96,Posição no último mês do trimestre
Fundo,00806535000154,2024_T3,2024-09-30,3904003927.2,Posição no último mês do trimestre
Fundo,47215387000167,2024_T3,2024-09-30,2837330836.99,Posição no último mês do trimestre
Fundo,24361690000172,2024_T3,2024-09-30,2594499222.66,Posição no último mês do trimestre
Fundo,36266751000100,2024_T3,2024-09-30,2373460765.41,Posição no último mês do trimestre
Fundo,46955383000152,2024_T3,2024-09-30,2160102544.58,Posição no último mês do trimestre
Fundo,03017677000120,2024_T3,2024-09-30,2044546357.33,Posição no último mês do trimestre
Fundo,13673855000125,2024_T3,2024-09-30,1884105747.75,Posição no último mês do trimestre
Fundo,00360305000104,2024_T3,2024-09-30,1551778483.31,Posição no último mês do trimestre
Fundo,40434681000110,2024_T3,2024-09-30,1082030264.82,Posição no último mês do trimestre
Fundo,12063256000127,2024_T3,2024-09-30,1039042525.78,Posição no último mês do trimestre
Fundo,44782130000107,2024_T3,2024-09-30,919098014.96,Posição no último mês do trimestre
Fundo,44077014000189,2024_T3,2024-09-30,591983850.83,Posição no último mês do trimestre
Fundo,18945670000146,2024_T3,2024-09-30,523810154.09,Posição no último mês do trimestre
Fundo,15489568000195,2024_T3,2024-09-30,444744908.74,Posição no último mês do trimestre
Fundo,01522368000182,2024_T3,2024-09-30,289197792.01,Posição no último mês do trimestre
Fundo,71590442000183,2024_T3,2024-09-30,209625532.09,Posição no último mês do trimestre
Fundo,07253654000176,2024_T3,2024-09-30,124610429.66,Posição no último mês do trimestre
Fundo,33851064000155,2024_T3,2024-09-30,68217563.7,Posição no último mês do trimestre
Fundo,48967968000118,2024_T3,2024-09-30,59625143.97,Posição no último mês do trimestre
Fundo,45854066000187,2024_T3,2024-09-30,47058965.77,Posição no último mês do trimestre
Fundo,03384738000198,2024_T3,2024-09-30,40314064.71,Posição no último mês do trimestre
Fundo,27652684000162,2024_T3,2024-09-30,16141933.46,Posição no último mês do trimestre
Fundo,40768766000135,2024_T3,2024-09-30,8015554.43,Posição no último mês do trimestre
Fundo,41592532000142,2024_T3,2024-09-30,935747.41,Posição no último mês do trimestre
Fundo,33775974000104,2024_T3,2024-09-30,9538.62,Posição no último mês do trimestre
Classe,36113876000191,2024_T4,2024-12-31,92840632522.52,Posição no último mês do trimestre
Classe,30822936000169,2024_T4,2024-12-31,91899498292.24,Posição no último mês do trimestre
Classe,62285390000140,2024_T4,2024-12-31,91204793443.61,Posição no último mês do trimestre
Classe,34829992000186,2024_T4,2024-12-31,72819742916.04,Posição no último mês do trimestre
Classe,59281253000123,2024_T4,2024-12-31,72031755368.3,Posição no último mês do trimestre
Classe,62232889000190,2024_T4,2024-12-31,39531050964.24,Posição no último mês do trimestre
Classe,45246410000155,2024_T4,2024-12-31,37308098376.1,Posição no último mês do trimestre
Classe,00066670000100,2024_T4,2024-12-31,24999198749.83,Posição no último mês do trimestre
Classe,13486793000142,2024_T4,2024-12-31,17913391386.44,Posição no último mês do trimestre
Classe,39669186000101,2024_T4,2024-12-31,13590778056.11,Posição no último mês do trimestre
Classe,03317692000194,2024_T4,2024-12-31,13365750623.36,Posição no último mês do trimestre
Classe,02671743000119,2024_T4,2024-12-31,13255617836.59,Posição no último mês do trimestre
Classe,36864992000142,2024_T4,2024-12-31,12306224303.45,Posição no último mês do trimestre
Classe,00329598000167,2024_T4,2024-12-31,12238454615.18,Posição no último mês do trimestre
Classe,62418140000131,2024_T4,2024-12-31,10671598085.67,Posição no último mês do trimestre
Classe,22610500000188,2024_T4,2024-12-31,10443707938.96,Posição no último mês do trimestre
Classe,67030395000146,2024_T4,2024-12-31,9895542450.66,Posição no último mês do trimestre
Classe,02332886000104,2024_T4,2024-12-31,8531185718.97,Posição no último mês do trimestre
Classe,02201501000161,2024_T4,2024-12-31,8522696866.74,Posição no último mês do trimestre
Classe,62318407000119,2024_T4,2024-12-31,7831578241.78,Posição no último mês do trimestre
Classe,37678915000160,2024_T4,2024-12-31,6005242676.38,Posição no último mês do trimestre
Classe,42066258000130,2024_T4,2024-12-31,5215491418.82,Posição no último mês do trimestre
Classe,11758741000152,2024_T4,2024-12-31,4590945812.72,Posição no último mês do trimestre
Classe,24361690000172,2024_T4,2024-12-31,4578830600.85,Posição no último mês do trimestre
Classe,33886862000112,2024_T4,2024-12-31,4469478708.4,Posição no último mês do trimestre
Classe,00806535000154,2024_T4,2024-12-31,4421520771.44,Posição no último mês do trimestre
Classe,47215387000167,2024_T4,2024-12-31,3533797239,Posição no último mês do trimestre
Classe,46955383000152,2024_T4,2024-12-31,3396133489.74,Posição no último mês do trimestre
Classe,16695922000109,2024_T4,2024-12-31,3391733768.21,Posição no último mês do trimestre
Classe,03017677000120,2024_T4,2024-12-31,3325072707.28,Posição no último mês do trimestre
Classe,36266751000100,2024_T4,2024-12-31,2649053633.62,Posição no último mês do trimestre
Classe,13673855000125,2024_T4,2024-12-31,1815170540.73,Posição no último mês do trimestre
Classe,00360305000104,2024_T4,2024-12-31,1441867096.26,Posição no último mês do trimestre
Classe,40434681000110,2024_T4,2024-12-31,1241577320.73,Posição no último mês do trimestre
Classe,12063256000127,2024_T4,2024-12-31,1063317485.83,Posição no último mês do trimestre
Classe,44782130000107,2024_T4,2024-12-31,923308473.66,Posição no último mês do trimestre
Classe,18945670000146,2024_T4,2024-12-31,559555020.43,Posição no último mês do trimestre
Classe,15489568000195,2024_T4,2024-12-31,453592809.86,Posição no último mês do trimestre
Classe,01522368000182,2024_T4,2024-12-31,308141579.53,Posição no último mês do trimestre
Classe,71590442000183,2024_T4,2024-12-31,235716231.95,Posição no último mês do trimestre
Classe,45854066000187,2024_T4,2024-12-31,95114704.96,Posição no último mês do trimestre
Classe,07253654000176,2024_T4,2024-12-31,88935635.56,Posição no último mês do trimestre
Classe,48967968000118,2024_T4,2024-12-31,35522556.69,Posição no último mês do trimestre
Classe,27652684000162,2024_T4,2024-12-31,20980972.73,Posição no último mês do trimestre
Classe,40768766000135,2024_T4,2024-12-31,7658852.63,Posição no último mês do trimestre
Classe,41592532000142,2024_T4,2024-12-31,1816336.9,Posição no último mês do trimestre
Fundo,16695922000109,2024_T4,2024-12-31,5075549282,Posição no último mês do trimestre
Fundo,59281253000123,2024_T4,2024-12-31,3076679856.8,Posição no último mês do trimestre
Fundo,36113876000191,2024_T4,2024-12-31,1887828006.13,Posição no último mês do trimestre
Fundo,34829992000186,2024_T4,2024-12-31,1637235954.16,Posição no último mês do trimestre
Fundo,37678915000160,2024_T4,2024-12-31,1210767691.3,Posição no último mês do trimestre
Fundo,03317692000194,2024_T4,2024-12-31,999181480.09,Posição no último mês do trimestre
Fundo,00066670000100,2024_T4,2024-12-31,944401084.77,Posição no último mês do trimestre
Fundo,44077014000189,2024_T4,2024-12-31,594454625.18,Posição no último mês do trimestre
Fundo,33886862000112,2024_T4,2024-12-31,422836344.3,Posição no último mês do trimestre
Fundo,62285390000140,2024_T4,2024-12-31,406008131.63,Posição no último mês do trimestre
Fundo,02332886000104,2024_T4,2024-12-31,397891838.1,Posição no último mês do trimestre
Fundo,13486793000142,2024_T4,2024-12-31,372046191.52,Posição no último mês do trimestre
Fundo,36864992000142,2024_T4,2024-12-31,284406359.56,Posição no último mês do trimestre
Fundo,62232889000190,2024_T4,2024-12-31,261141925.37,Posição no último mês do trimestre
Fundo,00329598000167,2024_T4,2024-12-31,175082794.46,Posição no último mês do trimestre
Fundo,22610500000188,2024_T4,2024-12-31,145321069.51,Posição no último mês do trimestre
Fundo,46955383000152,2024_T4,2024-12-31,141675076.39,Posição no último mês do trimestre
Fundo,02201501000161,2024_T4,2024-12-31,103039772.41,Posição no último mês do trimestre
Fundo,40434681000110,2024_T4,2024-12-31,86921278.72,Posição no último mês do trimestre
Fundo,27652684000162,2024_T4,2024-12-31,83665585.63,Posição no último mês do trimestre
Fundo,33851064000155,2024_T4,2024-12-31,67434384.04,Posição no último mês do trimestre
Fundo,11758741000152,2024_T4,2024-12-31,52356011.81,Posição no último mês do trimestre
Fundo,07253654000176,2024_T4,2024-12-31,51378462.77,Posição no último mês do trimestre
Fundo,62318407000119,2024_T4,2024-12-31,38389167.69,Posição no último mês do trimestre
Fundo,12063256000127,2024_T4,2024-12-31,27781659.44,Posição no último mês do trimestre
Fundo,48967968000118,2024_T4,2024-12-31,14113073.3,Posição no último mês do trimestre
Fundo,02671743000119,2024_T4,2024-12-31,11569091.68,Posição no último mês do trimestre
Fundo,24361690000172,2024_T4,2024-12-31,7476816.41,Posição no último mês do trimestre
Fundo,15489568000195,2024_T4,2024-12-31,2105731.03,Posição no último mês do trimestre
Fundo,13673855000125,2024_T4,2024-12-31,1876885.63,Posição no último mês do trimestre
Fundo,00806535000154,2024_T4,2024-12-31,15139.34,Posição no último mês do trimestre
Fundo,33775974000104,2024_T4,2024-12-31,2076.68,Posição no último mês do trimestre
Fundo,45246410000155,2024_T4,2024-12-31,0,Posição no último mês do trimestre
Classe,62285390000140,2025_T1,2025-03-31,99998210158.09,Posição no último mês do trimestre
Classe,36113876000191,2025_T1,2025-03-31,91462543958.67,Posição no último mês do trimestre
Classe,59281253000123,2025_T1,2025-03-31,83197003204.98,Posição no último mês do trimestre
Classe,30822936000169,2025_T1,2025-03-31,77373810460.55,Posição no último mês do trimestre
Classe,34829992000186,2025_T1,2025-03-31,74441479288.24,Posição no último mês do trimestre
Classe,62232889000190,2025_T1,2025-03-31,42052977526.34,Posição no último mês do trimestre
Classe,45246410000155,2025_T1,2025-03-31,39461021389.54,Posição no último mês do trimestre
Classe,00066670000100,2025_T1,2025-03-31,25744654387.17,Posição no último mês do trimestre
Classe,13486793000142,2025_T1,2025-03-31,16995252952.61,Posição no último mês do trimestre
Classe,03317692000194,2025_T1,2025-03-31,14696848682.46,Posição no último mês do trimestre
Classe,39669186000101,2025_T1,2025-03-31,14628596986.05,Posição no último mês do trimestre
Classe,02671743000119,2025_T1,2025-03-31,13279018916.12,Posição no último mês do trimestre
Classe,00329598000167,2025_T1,2025-03-31,12233166255.73,Posição no último mês do trimestre
Classe,36864992000142,2025_T1,2025-03-31,11999682234.01,Posição no último mês do trimestre
Classe,62418140000131,2025_T1,2025-03-31,11930471430.95,Posição no último mês do trimestre
Classe,22610500000188,2025_T1,2025-03-31,11871544483.67,Posição no último mês do trimestre
Classe,67030395000146,2025_T1,2025-03-31,10667877152.88,Posição no último mês do trimestre
Classe,02332886000104,2025_T1,2025-03-31,9434461001.95,Posição no último mês do trimestre
Classe,02201501000161,2025_T1,2025-03-31,8951759777.24,Posição no último mês do trimestre
Classe,62318407000119,2025_T1,2025-03-31,6927407193.11,Posição no último mês do trimestre
Classe,37678915000160,2025_T1,2025-03-31,6368114150.05,Posição no último mês do trimestre
Classe,24361690000172,2025_T1,2025-03-31,5980631557.6,Posição no último mês do trimestre
Classe,42066258000130,2025_T1,2025-03-31,5216036838.02,Posição no último mês do trimestre
Classe,33886862000112,2025_T1,2025-03-31,4924570852.72,Posição no último mês do trimestre
Classe,11758741000152,2025_T1,2025-03-31,4846463569.67,Posição no último mês do trimestre
Classe,00806535000154,2025_T1,2025-03-31,4655240273.07,Posição no último mês do trimestre
Classe,46955383000152,2025_T1,2025-03-31,4607627060.51,Posição no último mês do trimestre
Classe,16695922000109,2025_T1,2025-03-31,4412765197.34,Posição no último mês do trimestre
Classe,47215387000167,2025_T1,2025-03-31,4075822046.21,Posição no último mês do trimestre
Classe,03017677000120,2025_T1,2025-03-31,3964270214.2,Posição no último mês do trimestre
Classe,36266751000100,2025_T1,2025-03-31,2842844755.79,Posição no último mês do trimestre
Classe,48967968000118,2025_T1,2025-03-31,2372733710.2,Posição no último mês do trimestre
Classe,13673855000125,2025_T1,2025-03-31,1835838248.12,Posição no último mês do trimestre
Classe,12063256000127,2025_T1,2025-03-31,1472269068.21,Posição no último mês do trimestre
Classe,00360305000104,2025_T1,2025-03-31,1431802537.4,Posição no último mês do trimestre
Classe,40434681000110,2025_T1,2025-03-31,1172724605.78,Posição no último mês do trimestre
Classe,44782130000107,2025_T1,2025-03-31,1003847653.07,Posição no último mês do trimestre
Classe,05389174000101,2025_T1,2025-03-31,931370501.18,Posição no último mês do trimestre
Classe,18945670000146,2025_T1,2025-03-31,677525925.02,Posição no último mês do trimestre
Classe,27652684000162,2025_T1,2025-03-31,584815481.68,Posição no último mês do trimestre
Classe,15489568000195,2025_T1,2025-03-31,368537690.42,Posição no último mês do trimestre
Classe,71590442000183,2025_T1,2025-03-31,273662823.5,Posição no último mês do trimestre
Classe,45854066000187,2025_T1,2025-03-31,112663050.26,Posição no último mês do trimestre
Classe,07253654000176,2025_T1,2025-03-31,89323895.53,Posição no último mês do trimestre
Classe,01522368000182,2025_T1,2025-03-31,62524777.41,Posição no último mês do trimestre
Classe,40768766000135,2025_T1,2025-03-31,7699879.54,Posição no último mês do trimestre
Classe,41592532000142,2025_T1,2025-03-31,1876372.01,Posição no último mês do trimestre
Classe,07397614000106,2025_T1,2025-03-31,150147.57,Posição no último mês do trimestre
Fundo,16695922000109,2025_T1,2025-03-31,5275861452.93,Posição no último mês do trimestre
Fundo,59281253000123,2025_T1,2025-03-31,1313500764.33,Posição no último mês do trimestre
Fundo,37678915000160,2025_T1,2025-03-31,1230335440.91,Posição no último mês do trimestre
Fundo,00066670000100,2025_T1,2025-03-31,1209162482.29,Posição no último mês do trimestre
Fundo,36113876000191,2025_T1,2025-03-31,546903866.95,Posição no último mês do trimestre
Fundo,44077014000189,2025_T1,2025-03-31,507422526.63,Posição no último mês do trimestre
Fundo,62285390000140,2025_T1,2025-03-31,469670735.56,Posição no último mês do trimestre
Fundo,02332886000104,2025_T1,2025-03-31,461076289.36,Posição no último mês do trimestre
Fundo,13486793000142,2025_T1,2025-03-31,350492544.66,Posição no último mês do trimestre
Fundo,34829992000186,2025_T1,2025-03-31,275821837.72,Posição no último mês do trimestre
Fundo,62232889000190,2025_T1,2025-03-31,233209404.64,Posição no último mês do trimestre
Fundo,03317692000194,2025_T1,2025-03-31,216991054.6,Posição no último mês do trimestre
Fundo,36864992000142,2025_T1,2025-03-31,164026150.58,Posição no último mês do trimestre
Fundo,46955383000152,2025_T1,2025-03-31,153244974.38,Posição no último mês do trimestre
Fundo,02201501000161,2025_T1,2025-03-31,146337229.19,Posição no último mês do trimestre
Fundo,22610500000188,2025_T1,2025-03-31,132620340.94,Posição no último mês do trimestre
Fundo,40434681000110,2025_T1,2025-03-31,95024689.49,Posição no último mês do trimestre
Fundo,07253654000176,2025_T1,2025-03-31,68564535.05,Posição no último mês do trimestre
Fundo,33851064000155,2025_T1,2025-03-31,66176587.03,Posição no último mês do trimestre
Fundo,62318407000119,2025_T1,2025-03-31,38095185.51,Posição no último mês do trimestre
Fundo,27652684000162,2025_T1,2025-03-31,17260411.85,Posição no último mês do trimestre
Fundo,12063256000127,2025_T1,2025-03-31,14909220.87,Posição no último mês do trimestre
Fundo,39669186000101,2025_T1,2025-03-31,9330551.67,Posição no último mês do trimestre
Fundo,48967968000118,2025_T1,2025-03-31,7259933.4,Posição no último mês do trimestre
Fundo,13673855000125,2025_T1,2025-03-31,4539940.89,Posição no último mês do trimestre
Fundo,00329598000167,2025_T1,2025-03-31,2633241.86,Posição no último mês do trimestre
Fundo,00806535000154,2025_T1,2025-03-31,26084.64,Posição no último mês do trimestre
Fundo,33775974000104,2025_T1,2025-03-31,12845.04,Posição no último mês do trimestre
Fundo,24361690000172,2025_T1,2025-03-31,0,Posição no último mês do trimestre
Classe,59281253000123,2025_T2,2025-06-30,108261012948.92,Posição no último mês do trimestre
Classe,62285390000140,2025_T2,2025-06-30,104320568307.86,Posição no último mês do trimestre
Classe,36113876000191,2025_T2,2025-06-30,81439933991.02,Posição no último mês do trimestre
Classe,30822936000169,2025_T2,2025-06-30,78112355931.31,Posição no último mês do trimestre
Classe,34829992000186,2025_T2,2025-06-30,77451823073.08,Posição no último mês do trimestre
Classe,62232889000190,2025_T2,2025-06-30,45875790961.53,Posição no último mês do trimestre
Classe,45246410000155,2025_T2,2025-06-30,38010486535.08,Posição no último mês do trimestre
Classe,00066670000100,2025_T2,2025-06-30,37224867941.51,Posição no último mês do trimestre
Classe,62418140000131,2025_T2,2025-06-30,34332461550.71,Posição no último mês do trimestre
Classe,02671743000119,2025_T2,2025-06-30,19324628380,Posição no último mês do trimestre
Classe,13486793000142,2025_T2,2025-06-30,16835901341.97,Posição no último mês do trimestre
Classe,39669186000101,2025_T2,2025-06-30,16670598611.83,Posição no último mês do trimestre
Classe,03317692000194,2025_T2,2025-06-30,14776347363.39,Posição no último mês do trimestre
Classe,22610500000188,2025_T2,2025-06-30,13343198963.32,Posição no último mês do trimestre
Classe,00329598000167,2025_T2,2025-06-30,12997797843.63,Posição no último mês do trimestre
Classe,36864992000142,2025_T2,2025-06-30,11860244657.01,Posição no último mês do trimestre
Classe,67030395000146,2025_T2,2025-06-30,11276658500.66,Posição no último mês do trimestre
Classe,02332886000104,2025_T2,2025-06-30,10668864269.84,Posição no último mês do trimestre
Classe,02201501000161,2025_T2,2025-06-30,10304130057.24,Posição no último mês do trimestre
Classe,62318407000119,2025_T2,2025-06-30,8054666436.28,Posição no último mês do trimestre
Classe,24361690000172,2025_T2,2025-06-30,7326501191.23,Posição no último mês do trimestre
Classe,37678915000160,2025_T2,2025-06-30,6407618219.79,Posição no último mês do trimestre
Classe,16695922000109,2025_T2,2025-06-30,5741327052.78,Posição no último mês do trimestre
Classe,11758741000152,2025_T2,2025-06-30,5429100457.77,Posição no último mês do trimestre
Classe,42066258000130,2025_T2,2025-06-30,5395142608.71,Posição no último mês do trimestre
Classe,27652684000162,2025_T2,2025-06-30,5253473803.83,Posição no último mês do trimestre
Classe,46955383000152,2025_T2,2025-06-30,5211726056.6,Posição no último mês do trimestre
Classe,00806535000154,2025_T2,2025-06-30,5115204148.75,Posição no último mês do trimestre
Classe,03017677000120,2025_T2,2025-06-30,5097951887.77,Posição no último mês do trimestre
Classe,47215387000167,2025_T2,2025-06-30,4780181018.61,Posição no último mês do trimestre
Classe,33886862000112,2025_T2,2025-06-30,4573386644.8,Posição no último mês do trimestre
Classe,48967968000118,2025_T2,2025-06-30,4433282071.29,Posição no último mês do trimestre
Classe,36266751000100,2025_T2,2025-06-30,3257132990.97,Posição no último mês do trimestre
Classe,13673855000125,2025_T2,2025-06-30,1823153815.34,Posição no último mês do trimestre
Classe,12063256000127,2025_T2,2025-06-30,1799825651.1,Posição no último mês do trimestre
Classe,00360305000104,2025_T2,2025-06-30,1424837118.55,Posição no último mês do trimestre
Classe,40434681000110,2025_T2,2025-06-30,1314438378.26,Posição no último mês do trimestre
Classe,44782130000107,2025_T2,2025-06-30,1273549821.01,Posição no último mês do trimestre
Classe,18945670000146,2025_T2,2025-06-30,713495651.98,Posição no último mês do trimestre
Classe,15489568000195,2025_T2,2025-06-30,375691847.59,Posição no último mês do trimestre
Classe,71590442000183,2025_T2,2025-06-30,301938792.13,Posição no último mês do trimestre
Classe,45854066000187,2025_T2,2025-06-30,259249864.29,Posição no último mês do trimestre
Classe,07253654000176,2025_T2,2025-06-30,92026612.95,Posição no último mês do trimestre
Classe,01522368000182,2025_T2,2025-06-30,66278359.02,Posição no último mês do trimestre
Classe,40768766000135,2025_T2,2025-06-30,15349821.12,Posição no último mês do trimestre
Classe,41592532000142,2025_T2,2025-06-30,2460692.13,Posição no último mês do trimestre
Classe,07397614000106,2025_T2,2025-06-30,146610.9,Posição no último mês do trimestre
Classe,33775974000104,2025_T2,2025-06-30,29526.93,Posição no último mês do trimestre
Fundo,62418140000131,2025_T2,2025-06-30,8658050821.66,Posição no último mês do trimestre
Fundo,16695922000109,2025_T2,2025-06-30,6696928882.05,Posição no último mês do trimestre
Fundo,59281253000123,2025_T2,2025-06-30,5270909819.89,Posição no último mês do trimestre
Fundo,67030395000146,2025_T2,2025-06-30,2003240283.38,Posição no último mês do trimestre
Fundo,62285390000140,2025_T2,2025-06-30,1504133446.35,Posição no último mês do trimestre
Fundo,02332886000104,2025_T2,2025-06-30,1361087155.16,Posição no último mês do trimestre
Fundo,37678915000160,2025_T2,2025-06-30,1295539051.79,Posição no último mês do trimestre
Fundo,00066670000100,2025_T2,2025-06-30,945796457.08,Posição no último mês do trimestre
Fundo,02201501000161,2025_T2,2025-06-30,850616895.32,Posição no último mês do trimestre
Fundo,44077014000189,2025_T2,2025-06-30,510143064.09,Posição no último mês do trimestre
Fundo,36113876000191,2025_T2,2025-06-30,498102410.64,Posição no último mês do trimestre
Fundo,34829992000186,2025_T2,2025-06-30,392726928.87,Posição no último mês do trimestre
Fundo,27652684000162,2025_T2,2025-06-30,375112568.24,Posição no último mês do trimestre
Fundo,62232889000190,2025_T2,2025-06-30,373250460.34,Posição no último mês do trimestre
Fundo,13486793000142,2025_T2,2025-06-30,325528940.17,Posição no último mês do trimestre
Fundo,40434681000110,2025_T2,2025-06-30,251564040.94,Posição no último mês do trimestre
Fundo,46955383000152,2025_T2,2025-06-30,201207470.78,Posição no último mês do trimestre
Fundo,03317692000194,2025_T2,2025-06-30,195715976.3,Posição no último mês do trimestre
Fundo,36864992000142,2025_T2,2025-06-30,183698429.79,Posição no último mês do trimestre
Fundo,00806535000154,2025_T2,2025-06-30,75456146.98,Posição no último mês do trimestre
Fundo,33851064000155,2025_T2,2025-06-30,66403337.73,Posição no último mês do trimestre
Fundo,22610500000188,2025_T2,2025-06-30,55549236.28,Posição no último mês do trimestre
Fundo,07253654000176,2025_T2,2025-06-30,54719736.89,Posição no último mês do trimestre
Fundo,12063256000127,2025_T2,2025-06-30,48855022.09,Posição no último mês do trimestre
Fundo,62318407000119,2025_T2,2025-06-30,36520645.29,Posição no último mês do trimestre
Fundo,02671743000119,2025_T2,2025-06-30,14028382.66,Posição no último mês do trimestre
Fundo,45854066000187,2025_T2,2025-06-30,12729806.86,Posição no último mês do trimestre
Fundo,33886862000112,2025_T2,2025-06-30,8619341.38,Posição no último mês do trimestre
Fundo,48967968000118,2025_T2,2025-06-30,7822128.81,Posição no último mês do trimestre
Fundo,36266751000100,2025_T2,2025-06-30,3099301.99,Posição no último mês do trimestre
Fundo,24361690000172,2025_T2,2025-06-30,0,Posição no último mês do trimestre
Classe,59281253000123,2025_T3,2025-09-30,114856758352.57,Posição no último mês do trimestre
Classe,62285390000140,2025_T3,2025-09-30,113628981310.92,Posição no último mês do trimestre
Classe,36113876000191,2025_T3,2025-09-30,84579215118.61,Posição no último mês do trimestre
Classe,34829992000186,2025_T3,2025-09-30,72422725451.72,Posição no último mês do trimestre
Classe,30822936000169,2025_T3,2025-09-30,68419014776.23,Posição no último mês do trimestre
Classe,62232889000190,2025_T3,2025-09-30,48162814475.8,Posição no último mês do trimestre
Classe,00066670000100,2025_T3,2025-09-30,43589154848.51,Posição no último mês do trimestre
Classe,62418140000131,2025_T3,2025-09-30,39845628701.55,Posição no último mês do trimestre
Classe,45246410000155,2025_T3,2025-09-30,38276215595.44,Posição no último mês do trimestre
Classe,13486793000142,2025_T3,2025-09-30,18917859205.86,Posição no último mês do trimestre
Classe,39669186000101,2025_T3,2025-09-30,17829848043.48,Posição no último mês do trimestre
Classe,02671743000119,2025_T3,2025-09-30,17813309108.63,Posição no último mês do trimestre
Classe,03317692000194,2025_T3,2025-09-30,15195340012.02,Posição no último mês do trimestre
Classe,67030395000146,2025_T3,2025-09-30,14640677010.43,Posição no último mês do trimestre
Classe,02332886000104,2025_T3,2025-09-30,13718003856.66,Posição no último mês do trimestre
Classe,00329598000167,2025_T3,2025-09-30,12461870259.29,Posição no último mês do trimestre
Classe,36864992000142,2025_T3,2025-09-30,12204343318.4,Posição no último mês do trimestre
Classe,16695922000109,2025_T3,2025-09-30,12014890576.22,Posição no último mês do trimestre
Classe,22610500000188,2025_T3,2025-09-30,11733755839.96,Posição no último mês do trimestre
Classe,02201501000161,2025_T3,2025-09-30,11370426002.32,Posição no último mês do trimestre
Classe,24361690000172,2025_T3,2025-09-30,8996529767.79,Posição no último mês do trimestre
Classe,62318407000119,2025_T3,2025-09-30,8173486582.69,Posição no último mês do trimestre
Classe,46955383000152,2025_T3,2025-09-30,7664185859.7,Posição no último mês do trimestre
Classe,37678915000160,2025_T3,2025-09-30,7563148005.86,Posição no último mês do trimestre
Classe,27652684000162,2025_T3,2025-09-30,7093737408.48,Posição no último mês do trimestre
Classe,48967968000118,2025_T3,2025-09-30,6663167907.96,Posição no último mês do trimestre
Classe,11758741000152,2025_T3,2025-09-30,5697134959.14,Posição no último mês do trimestre
Classe,00806535000154,2025_T3,2025-09-30,5492464047.14,Posição no último mês do trimestre
Classe,03017677000120,2025_T3,2025-09-30,5368796814.14,Posição no último mês do trimestre
Classe,42066258000130,2025_T3,2025-09-30,5276661772.44,Posição no último mês do trimestre
Classe,47215387000167,2025_T3,2025-09-30,5156310091.63,Posição no último mês do trimestre
Classe,36266751000100,2025_T3,2025-09-30,4103261657.59,Posição no último mês do trimestre
Classe,33886862000112,2025_T3,2025-09-30,4043294660.63,Posição no último mês do trimestre
Classe,62264924000152,2025_T3,2025-09-30,2706802080.11,Posição no último mês do trimestre
Classe,13673855000125,2025_T3,2025-09-30,2553723193.2,Posição no último mês do trimestre
Classe,12063256000127,2025_T3,2025-09-30,2508868722.63,Posição no último mês do trimestre
Classe,40434681000110,2025_T3,2025-09-30,1682700881.62,Posição no último mês do trimestre
Classe,00360305000104,2025_T3,2025-09-30,1565860977.26,Posição no último mês do trimestre
Classe,44782130000107,2025_T3,2025-09-30,1406484605.58,Posição no último mês do trimestre
Classe,18945670000146,2025_T3,2025-09-30,747122069.8,Posição no último mês do trimestre
Classe,15489568000195,2025_T3,2025-09-30,500294748.81,Posição no último mês do trimestre
Classe,71590442000183,2025_T3,2025-09-30,357802351.78,Posição no último mês do trimestre
Classe,45854066000187,2025_T3,2025-09-30,332906530.55,Posição no último mês do trimestre
Classe,40768766000135,2025_T3,2025-09-30,16399150.53,Posição no último mês do trimestre
Classe,41592532000142,2025_T3,2025-09-30,3761721.53,Posição no último mês do trimestre
Classe,01522368000182,2025_T3,2025-09-30,685915.32,Posição no último mês do trimestre
Classe,33775974000104,2025_T3,2025-09-30,235271.12,Posição no último mês do trimestre
Classe,07397614000106,2025_T3,2025-09-30,129900.6,Posição no último mês do trimestre
Fundo,16695922000109,2025_T3,2025-09-30,2938940445.6,Posição no último mês do trimestre
Fundo,59281253000123,2025_T3,2025-09-30,2861222571.01,Posição no último mês do trimestre
Fundo,36113876000191,2025_T3,2025-09-30,1642389058.07,Posição no último mês do trimestre
Fundo,00066670000100,2025_T3,2025-09-30,946567342.12,Posição no último mês do trimestre
Fundo,02332886000104,2025_T3,2025-09-30,540244020.39,Posição no último mês do trimestre
Fundo,44077014000189,2025_T3,2025-09-30,512212034.86,Posição no último mês do trimestre
Fundo,62285390000140,2025_T3,2025-09-30,428682345.97,Posição no último mês do trimestre
Fundo,00806535000154,2025_T3,2025-09-30,243678083.31,Posição no último mês do trimestre
Fundo,03317692000194,2025_T3,2025-09-30,211262303.98,Posição no último mês do trimestre
Fundo,36864992000142,2025_T3,2025-09-30,200283108.53,Posição no último mês do trimestre
Fundo,13486793000142,2025_T3,2025-09-30,105815304.01,Posição no último mês do trimestre
Fundo,22610500000188,2025_T3,2025-09-30,100348895.67,Posição no último mês do trimestre
Fundo,24361690000172,2025_T3,2025-09-30,81154210.78,Posição no último mês do trimestre
Fundo,33851064000155,2025_T3,2025-09-30,66456148.82,Posição no último mês do trimestre
Fundo,37678915000160,2025_T3,2025-09-30,43833432.95,Posição no último mês do trimestre
Fundo,40434681000110,2025_T3,2025-09-30,43727397.48,Posição no último mês do trimestre
Fundo,62318407000119,2025_T3,2025-09-30,36311342.06,Posição no último mês do trimestre
Fundo,12063256000127,2025_T3,2025-09-30,27483287.05,Posição no último mês do trimestre
Fundo,36266751000100,2025_T3,2025-09-30,1494300,Posição no último mês do trimestre
Fundo,44782130000107,2025_T3,2025-09-30,1428641.08,Posição no último mês do trimestre
Fundo,48967968000118,2025_T3,2025-09-30,379620.35,Posição no último mês do trimestre
Fundo,27652684000162,2025_T3,2025-09-30,241666.41,Posição no último mês do trimestre
Fundo,02201501000161,2025_T3,2025-09-30,-15437166.4,Posição no último mês do trimestre
Classe,34829992000186,2025_T4,2025-12-31,82602157015.25,Posição no último mês do trimestre
Classe,30822936000169,2025_T4,2025-12-31,61570059894.57,Posição no último mês do trimestre
Classe,62285390000140,2025_T4,2025-12-31,58112296656.06,Posição no último mês do trimestre
Classe,62232889000190,2025_T4,2025-12-31,31172447035.08,Posição no último mês do trimestre
Classe,39669186000101,2025_T4,2025-12-31,21505878321.76,Posição no último mês do trimestre
Classe,13486793000142,2025_T4,2025-12-31,20344575375.4,Posição no último mês do trimestre
Classe,03317692000194,2025_T4,2025-12-31,16361121682.13,Posição no último mês do trimestre
Classe,16695922000109,2025_T4,2025-12-31,15260498030.8,Posição no último mês do trimestre
Classe,67030395000146,2025_T4,2025-12-31,14104289489.04,Posição no último mês do trimestre
Classe,24361690000172,2025_T4,2025-12-31,11890846775.24,Posição no último mês do trimestre
Classe,22610500000188,2025_T4,2025-12-31,11221422932.41,Posição no último mês do trimestre
Classe,48967968000118,2025_T4,2025-12-31,11124343801.22,Posição no último mês do trimestre
Classe,62418140000131,2025_T4,2025-12-31,10458747940.04,Posição no último mês do trimestre
Classe,00329598000167,2025_T4,2025-12-31,10274973820.1,Posição no último mês do trimestre
Classe,37678915000160,2025_T4,2025-12-31,9453372332.89,Posição no último mês do trimestre
Classe,62318407000119,2025_T4,2025-12-31,9179292815.52,Posição no último mês do trimestre
Classe,45246410000155,2025_T4,2025-12-31,7938310266.62,Posição no último mês do trimestre
Classe,02671743000119,2025_T4,2025-12-31,7412376489.96,Posição no último mês do trimestre
Classe,36864992000142,2025_T4,2025-12-31,6631484713.5,Posição no último mês do trimestre
Classe,42066258000130,2025_T4,2025-12-31,5355350844.66,Posição no último mês do trimestre
Classe,11758741000152,2025_T4,2025-12-31,5135144331.94,Posição no último mês do trimestre
Classe,62264924000152,2025_T4,2025-12-31,3221544638.7,Posição no último mês do trimestre
Classe,03017677000120,2025_T4,2025-12-31,3178538752.25,Posição no último mês do trimestre
Classe,12063256000127,2025_T4,2025-12-31,2753746950.02,Posição no último mês do trimestre
Classe,02332886000104,2025_T4,2025-12-31,2007598295.97,Posição no último mês do trimestre
Classe,33886862000112,2025_T4,2025-12-31,1931930982.88,Posição no último mês do trimestre
Classe,40434681000110,2025_T4,2025-12-31,1929701054.03,Posição no último mês do trimestre
Classe,00066670000100,2025_T4,2025-12-31,1925659555.02,Posição no último mês do trimestre
Classe,44782130000107,2025_T4,2025-12-31,1815615862.71,Posição no último mês do trimestre
Classe,00360305000104,2025_T4,2025-12-31,1615539991.51,Posição no último mês do trimestre
Classe,59281253000123,2025_T4,2025-12-31,1567581058.19,Posição no último mês do trimestre
Classe,00806535000154,2025_T4,2025-12-31,1286296934.29,Posição no último mês do trimestre
Classe,13673855000125,2025_T4,2025-12-31,1132502152.29,Posição no último mês do trimestre
Classe,47215387000167,2025_T4,2025-12-31,921738658.33,Posição no último mês do trimestre
Classe,27652684000162,2025_T4,2025-12-31,808542042.6,Posição no último mês do trimestre
Classe,18945670000146,2025_T4,2025-12-31,775568667.72,Posição no último mês do trimestre
Classe,71590442000183,2025_T4,2025-12-31,567698971.39,Posição no último mês do trimestre
Classe,15489568000195,2025_T4,2025-12-31,502186447.46,Posição no último mês do trimestre
Classe,45854066000187,2025_T4,2025-12-31,454050380.17,Posição no último mês do trimestre
Classe,34978626000199,2025_T4,2025-12-31,388813505.61,Posição no último mês do trimestre
Classe,01522368000182,2025_T4,2025-12-31,71863813.65,Posição no último mês do trimestre
Classe,40768766000135,2025_T4,2025-12-31,45116320.74,Posição no último mês do trimestre
Classe,58006471000197,2025_T4,2025-12-31,36775329.25,Posição no último mês do trimestre
Classe,36266751000100,2025_T4,2025-12-31,36205536.06,Posição no último mês do trimestre
Classe,33775974000104,2025_T4,2025-12-31,25267450.66,Posição no último mês do trimestre
Classe,41592532000142,2025_T4,2025-12-31,13647718.01,Posição no último mês do trimestre
Fundo,59281253000123,2025_T4,2025-12-31,113938026172.88,Posição no último mês do trimestre
Fundo,36113876000191,2025_T4,2025-12-31,86131337619.6,Posição no último mês do trimestre
Fundo,62285390000140,2025_T4,2025-12-31,77735638325.12,Posição no último mês do trimestre
Fundo,00066670000100,2025_T4,2025-12-31,44783866141.23,Posição no último mês do trimestre
Fundo,45246410000155,2025_T4,2025-12-31,30429170318.23,Posição no último mês do trimestre
Fundo,62232889000190,2025_T4,2025-12-31,23843177966.61,Posição no último mês do trimestre
Fundo,62418140000131,2025_T4,2025-12-31,19193454937.68,Posição no último mês do trimestre
Fundo,02332886000104,2025_T4,2025-12-31,14668874673.25,Posição no último mês do trimestre
Fundo,02201501000161,2025_T4,2025-12-31,11975542618.17,Posição no último mês do trimestre
Fundo,00806535000154,2025_T4,2025-12-31,7091837474.85,Posição no último mês do trimestre
Fundo,27652684000162,2025_T4,2025-12-31,6776160380.5,Posição no último mês do trimestre
Fundo,36864992000142,2025_T4,2025-12-31,6061633788.03,Posição no último mês do trimestre
Fundo,47215387000167,2025_T4,2025-12-31,5291004673.5,Posição no último mês do trimestre
Fundo,22610500000188,2025_T4,2025-12-31,4050588995.09,Posição no último mês do trimestre
Fundo,36266751000100,2025_T4,2025-12-31,3387180748.64,Posição no último mês do trimestre
Fundo,03017677000120,2025_T4,2025-12-31,2682114861.11,Posição no último mês do trimestre
Fundo,13486793000142,2025_T4,2025-12-31,2611453609.85,Posição no último mês do trimestre
Fundo,00360305000104,2025_T4,2025-12-31,1388248579.73,Posição no último mês do trimestre
Fundo,13673855000125,2025_T4,2025-12-31,1257823889.49,Posição no último mês do trimestre
Fundo,62264924000152,2025_T4,2025-12-31,1065657532.29,Posição no último mês do trimestre
Fundo,44077014000189,2025_T4,2025-12-31,514474784.99,Posição no último mês do trimestre
Fundo,16695922000109,2025_T4,2025-12-31,246893160.71,Posição no último mês do trimestre
Fundo,33886862000112,2025_T4,2025-12-31,242880782.47,Posição no último mês do trimestre
Fundo,33851064000155,2025_T4,2025-12-31,65948783.88,Posição no último mês do trimestre
Fundo,12063256000127,2025_T4,2025-12-31,47709612.51,Posição no último mês do trimestre
Fundo,48967968000118,2025_T4,2025-12-31,40668215.39,Posição no último mês do trimestre
Fundo,15489568000195,2025_T4,2025-12-31,8933808.46,Posição no último mês do trimestre
Fundo,40434681000110,2025_T4,2025-12-31,3279231.29,Posição no último mês do trimestre
Fundo,18945670000146,2025_T4,2025-12-31,2805866.29,Posição no último mês do trimestre
Fundo,24361690000172,2025_T4,2025-12-31,0,Posição no último mês do trimestre
Fundo,39669186000101,2025_T4,2025-12-31,0,Posição no último mês do trimestre
Classe,62285390000140,2026_T1,2026-03-31,137432805459.28,Posição no último mês do trimestre
Classe,59281253000123,2026_T1,2026-03-31,126246054409.14,Posição no último mês do trimestre
Classe,36113876000191,2026_T1,2026-03-31,91534360425.71,Posição no último mês do trimestre
Classe,30822936000169,2026_T1,2026-03-31,61317892260.26,Posição no último mês do trimestre
Classe,62232889000190,2026_T1,2026-03-31,55947218468.43,Posição no último mês do trimestre
Classe,34829992000186,2026_T1,2026-03-31,50056632031.28,Posição no último mês do trimestre
Classe,00066670000100,2026_T1,2026-03-31,48922513907.49,Posição no último mês do trimestre
Classe,45246410000155,2026_T1,2026-03-31,31103082657.39,Posição no último mês do trimestre
Classe,62418140000131,2026_T1,2026-03-31,29903162378.17,Posição no último mês do trimestre
Classe,39669186000101,2026_T1,2026-03-31,23442783317.05,Posição no último mês do trimestre
Classe,13486793000142,2026_T1,2026-03-31,22663500959.53,Posição no último mês do trimestre
Classe,27652684000162,2026_T1,2026-03-31,18172122836.64,Posição no último mês do trimestre
Classe,02332886000104,2026_T1,2026-03-31,17900499329.8,Posição no último mês do trimestre
Classe,03317692000194,2026_T1,2026-03-31,17596222830.69,Posição no último mês do trimestre
Classe,16695922000109,2026_T1,2026-03-31,16718112022.02,Posição no último mês do trimestre
Classe,22610500000188,2026_T1,2026-03-31,16260079182.57,Posição no último mês do trimestre
Classe,48967968000118,2026_T1,2026-03-31,12897239350.32,Posição no último mês do trimestre
Classe,36864992000142,2026_T1,2026-03-31,12861830446.67,Posição no último mês do trimestre
Classe,00806535000154,2026_T1,2026-03-31,12856344238.01,Posição no último mês do trimestre
Classe,24361690000172,2026_T1,2026-03-31,12804144845.03,Posição no último mês do trimestre
Classe,02201501000161,2026_T1,2026-03-31,12574164578.41,Posição no último mês do trimestre
Classe,67030395000146,2026_T1,2026-03-31,11968652747.59,Posição no último mês do trimestre
Classe,37678915000160,2026_T1,2026-03-31,9880539409.23,Posição no último mês do trimestre
Classe,00329598000167,2026_T1,2026-03-31,9302126887.4,Posição no último mês do trimestre
Classe,62318407000119,2026_T1,2026-03-31,7188708518.73,Posição no último mês do trimestre
Classe,47215387000167,2026_T1,2026-03-31,6901436722.24,Posição no último mês do trimestre
Classe,02671743000119,2026_T1,2026-03-31,6689184845.7,Posição no último mês do trimestre
Classe,03017677000120,2026_T1,2026-03-31,6226993274.69,Posição no último mês do trimestre
Classe,62264924000152,2026_T1,2026-03-31,5397328758.44,Posição no último mês do trimestre
Classe,11758741000152,2026_T1,2026-03-31,5262833855.79,Posição no último mês do trimestre
Classe,42066258000130,2026_T1,2026-03-31,5074737669.69,Posição no último mês do trimestre
Classe,12063256000127,2026_T1,2026-03-31,3149195087.81,Posição no último mês do trimestre
Classe,13673855000125,2026_T1,2026-03-31,2385287401.83,Posição no último mês do trimestre
Classe,44782130000107,2026_T1,2026-03-31,2345891280.19,Posição no último mês do trimestre
Classe,40434681000110,2026_T1,2026-03-31,1997228998.78,Posição no último mês do trimestre
Classe,00360305000104,2026_T1,2026-03-31,1859917227.08,Posição no último mês do trimestre
Classe,33886862000112,2026_T1,2026-03-31,1387080057.07,Posição no último mês do trimestre
Classe,36266751000100,2026_T1,2026-03-31,970545425.04,Posição no último mês do trimestre
Classe,18945670000146,2026_T1,2026-03-31,863591990.22,Posição no último mês do trimestre
Classe,34978626000199,2026_T1,2026-03-31,792060701.05,Posição no último mês do trimestre
Classe,45854066000187,2026_T1,2026-03-31,644223403.07,Posição no último mês do trimestre
Classe,71590442000183,2026_T1,2026-03-31,612031450.18,Posição no último mês do trimestre
Classe,44077014000189,2026_T1,2026-03-31,517021622.36,Posição no último mês do trimestre
Classe,15489568000195,2026_T1,2026-03-31,465426569.15,Posição no último mês do trimestre
Classe,58006471000197,2026_T1,2026-03-31,136908670.92,Posição no último mês do trimestre
Classe,40768766000135,2026_T1,2026-03-31,90901975.59,Posição no último mês do trimestre
Classe,01522368000182,2026_T1,2026-03-31,75253424.32,Posição no último mês do trimestre
Classe,33775974000104,2026_T1,2026-03-31,53641297.22,Posição no último mês do trimestre
Classe,41592532000142,2026_T1,2026-03-31,13886592.67,Posição no último mês do trimestre
Fundo,62285390000140,2026_T1,2026-03-31,1811320637.63,Posição no último mês do trimestre
Fundo,36113876000191,2026_T1,2026-03-31,177401552.7,Posição no último mês do trimestre
Fundo,00806535000154,2026_T1,2026-03-31,158657456.42,Posição no último mês do trimestre
Fundo,33851064000155,2026_T1,2026-03-31,65689776.94,Posição no último mês do trimestre
Fundo,16695922000109,2026_T1,2026-03-31,48221851.62,Posição no último mês do trimestre
Fundo,02332886000104,2026_T1,2026-03-31,23452324.1,Posição no último mês do trimestre
Fundo,00066670000100,2026_T1,2026-03-31,22268978.67,Posição no último mês do trimestre
Fundo,24361690000172,2026_T1,2026-03-31,19954089.62,Posição no último mês do trimestre
Fundo,37678915000160,2026_T1,2026-03-31,10170287.29,Posição no último mês do trimestre
Fundo,40434681000110,2026_T1,2026-03-31,0,Posição no último mês do trimestre
Fundo,48967968000118,2026_T1,2026-03-31,0,Posição no último mês do trimestre
Fundo,13486793000142,2026_T1,2026-03-31,-433899.77,Posição no último mês do trimestre
Fundo,02201501000161,2026_T1,2026-03-31,-20610958.95,Posição no último mês do trimestre
Classe,59281253000123,2026_T2,2026-06-30,161299407275.65,Posição no último mês do trimestre
Classe,62285390000140,2026_T2,2026-06-30,141607990663.7,Posição no último mês do trimestre
Classe,36113876000191,2026_T2,2026-06-30,99916164362.03,Posição no último mês do trimestre
Classe,62232889000190,2026_T2,2026-06-30,61801554125.92,Posição no último mês do trimestre
Classe,30822936000169,2026_T2,2026-06-30,61314429105.2,Posição no último mês do trimestre
Classe,00066670000100,2026_T2,2026-06-30,52413206809.58,Posição no último mês do trimestre
Classe,34829992000186,2026_T2,2026-06-30,51881743525.64,Posição no último mês do trimestre
Classe,27652684000162,2026_T2,2026-06-30,31584050019,Posição no último mês do trimestre
Classe,62418140000131,2026_T2,2026-06-30,29686332813.99,Posição no último mês do trimestre
Classe,39669186000101,2026_T2,2026-06-30,25127596349.12,Posição no último mês do trimestre
Classe,13486793000142,2026_T2,2026-06-30,22550613616.41,Posição no último mês do trimestre
Classe,45246410000155,2026_T2,2026-06-30,20563222716.41,Posição no último mês do trimestre
Classe,02332886000104,2026_T2,2026-06-30,18861582181.74,Posição no último mês do trimestre
Classe,03317692000194,2026_T2,2026-06-30,17829248289.54,Posição no último mês do trimestre
Classe,22610500000188,2026_T2,2026-06-30,17814393021.04,Posição no último mês do trimestre
Classe,16695922000109,2026_T2,2026-06-30,16746383622.99,Posição no último mês do trimestre
Classe,48967968000118,2026_T2,2026-06-30,16003105666.35,Posição no último mês do trimestre
Classe,00806535000154,2026_T2,2026-06-30,13743901590.51,Posição no último mês do trimestre
Classe,24361690000172,2026_T2,2026-06-30,13594376369.84,Posição no último mês do trimestre
Classe,02201501000161,2026_T2,2026-06-30,13378888240.12,Posição no último mês do trimestre
Classe,36864992000142,2026_T2,2026-06-30,13281335095.27,Posição no último mês do trimestre
Classe,67030395000146,2026_T2,2026-06-30,11355494189.79,Posição no último mês do trimestre
Classe,37678915000160,2026_T2,2026-06-30,10212770627.1,Posição no último mês do trimestre
Classe,62318407000119,2026_T2,2026-06-30,8828691758.24,Posição no último mês do trimestre
Classe,00329598000167,2026_T2,2026-06-30,8330793482.69,Posição no último mês do trimestre
Classe,47215387000167,2026_T2,2026-06-30,7357368204.34,Posição no último mês do trimestre
Classe,33886862000112,2026_T2,2026-06-30,6736020234.04,Posição no último mês do trimestre
Classe,03017677000120,2026_T2,2026-06-30,5990325572.94,Posição no último mês do trimestre
Classe,02671743000119,2026_T2,2026-06-30,5596267245.1,Posição no último mês do trimestre
Classe,11758741000152,2026_T2,2026-06-30,5421187786.33,Posição no último mês do trimestre
Classe,62264924000152,2026_T2,2026-06-30,4896036385.5,Posição no último mês do trimestre
Classe,42066258000130,2026_T2,2026-06-30,3924659618.2,Posição no último mês do trimestre
Classe,12063256000127,2026_T2,2026-06-30,3333055188.13,Posição no último mês do trimestre
Classe,44782130000107,2026_T2,2026-06-30,2486065804.29,Posição no último mês do trimestre
Classe,13673855000125,2026_T2,2026-06-30,2359941749.24,Posição no último mês do trimestre
Classe,40434681000110,2026_T2,2026-06-30,2180823340.78,Posição no último mês do trimestre
Classe,00360305000104,2026_T2,2026-06-30,1891102410.28,Posição no último mês do trimestre
Classe,14717397000141,2026_T2,2026-06-30,1839858183.54,Posição no último mês do trimestre
Classe,36266751000100,2026_T2,2026-06-30,1311316405.77,Posição no último mês do trimestre
Classe,18945670000146,2026_T2,2026-06-30,1006891082.26,Posição no último mês do trimestre
Classe,34978626000199,2026_T2,2026-06-30,914500052.52,Posição no último mês do trimestre
Classe,45854066000187,2026_T2,2026-06-30,710118936.5,Posição no último mês do trimestre
Classe,71590442000183,2026_T2,2026-06-30,656288010.83,Posição no último mês do trimestre
Classe,44077014000189,2026_T2,2026-06-30,641969978.44,Posição no último mês do trimestre
Classe,58006471000197,2026_T2,2026-06-30,581348253.01,Posição no último mês do trimestre
Classe,03502968000104,2026_T2,2026-06-30,511741022.82,Posição no último mês do trimestre
Classe,15489568000195,2026_T2,2026-06-30,453054429.64,Posição no último mês do trimestre
Classe,41592532000142,2026_T2,2026-06-30,342480250.75,Posição no último mês do trimestre
Classe,40768766000135,2026_T2,2026-06-30,182189241.85,Posição no último mês do trimestre
Classe,33775974000104,2026_T2,2026-06-30,127486114.25,Posição no último mês do trimestre
Classe,01522368000182,2026_T2,2026-06-30,79700375.04,Posição no último mês do trimestre
Fundo,16695922000109,2026_T2,2026-06-30,124554102.74,Posição no último mês do trimestre
Fundo,62285390000140,2026_T2,2026-06-30,119630503.72,Posição no último mês do trimestre
Fundo,33851064000155,2026_T2,2026-06-30,67228708.26,Posição no último mês do trimestre
Fundo,62232889000190,2026_T2,2026-06-30,11993215.51,Posição no último mês do trimestre
Fundo,27652684000162,2026_T2,2026-06-30,10478306.21,Posição no último mês do trimestre
Fundo,62264924000152,2026_T2,2026-06-30,5574217.9,Posição no último mês do trimestre
Fundo,00066670000100,2026_T2,2026-06-30,2479930.87,Posição no último mês do trimestre
Fundo,45246410000155,2026_T2,2026-06-30,2046668.23,Posição no último mês do trimestre
Fundo,24361690000172,2026_T2,2026-06-30,0,Posição no último mês do trimestre
Fundo,40434681000110,2026_T2,2026-06-30,0,Posição no último mês do trimestre
Fundo,48967968000118,2026_T2,2026-06-30,0,Posição no último mês do trimestre
Fundo,13486793000142,2026_T2,2026-06-30,-485299.08,Posição no último mês do trimestre
Fundo,02201501000161,2026_T2,2026-06-30,-24467457.04,Posição no último mês do trimestre
Classe,62285390000140,2026_T3,2026-09-30,27102672323.64,Posição no último mês do trimestre
Classe,16695922000109,2026_T3,2026-09-30,5119951458.15,Posição no último mês do trimestre
Classe,24361690000172,2026_T3,2026-09-30,4144645861.45,Posição no último mês do trimestre
Classe,62232889000190,2026_T3,2026-09-30,3581072140.66,Posição no último mês do trimestre
Classe,40434681000110,2026_T3,2026-09-30,1658465537.5,Posição no último mês do trimestre
Classe,00806535000154,2026_T3,2026-09-30,643014723.66,Posição no último mês do trimestre
Classe,18945670000146,2026_T3,2026-09-30,194891193.37,Posição no último mês do trimestre
Classe,22610500000188,2026_T3,2026-09-30,145696117.96,Posição no último mês do trimestre
Classe,39669186000101,2026_T3,2026-09-30,0,Posição no último mês do trimestre
Classe,48967968000118,2026_T3,2026-09-30,0,Posição no último mês do trimestre
Fundo,16695922000109,2026_T3,2026-09-30,14661991.44,Posição no último mês do trimestre
Fundo,24361690000172,2026_T3,2026-09-30,0,Posição no último mês do trimestre
Fundo,40434681000110,2026_T3,2026-09-30,0,Posição no último mês do trimestre
Fundo,48967968000118,2026_T3,2026-09-30,0,Posição no último mês do trimestre
