tipo,data,cnpj_admin,valor,fundos_classes,cnpjs,meses,administrador,posicao,denominador,participacao
Classe,2021-02-28,42066258000130,184667262.72,1,1,1,RJI CORRETORA DE TÍTULOS E VALORES MOBILIÁRIOS LTDA.,1,331161238.08,0.557635500430727
Classe,2021-02-28,03317692000194,146493975.36,1,1,1,FINAXIS CORRETORA DE TÍTULOS E VALORES MOBILIÁRIOS S.A.,2,331161238.08,0.442364499569273
Classe,2021-03-31,42066258000130,156198409.97,1,1,1,RJI CORRETORA DE TÍTULOS E VALORES MOBILIÁRIOS LTDA.,1,293268765.31,0.532611817030328
Classe,2021-03-31,03317692000194,137070355.34,1,1,1,FINAXIS CORRETORA DE TÍTULOS E VALORES MOBILIÁRIOS S.A.,2,293268765.31,0.467388182969672
Classe,2021-04-30,42066258000130,157853254.79,1,1,1,RJI CORRETORA DE TÍTULOS E VALORES MOBILIÁRIOS LTDA.,1,296244610.77,0.532847684147594
Classe,2021-04-30,03317692000194,138391355.98,1,1,1,FINAXIS CORRETORA DE TÍTULOS E VALORES MOBILIÁRIOS S.A.,2,296244610.77,0.467152315852406
Classe,2021-05-31,42066258000130,158814694.46,1,1,1,RJI CORRETORA DE TÍTULOS E VALORES MOBILIÁRIOS LTDA.,1,298819860.28,0.531473022948299
Classe,2021-05-31,03317692000194,140005165.82,1,1,1,FINAXIS CORRETORA DE TÍTULOS E VALORES MOBILIÁRIOS S.A.,2,298819860.28,0.468526977051701
Classe,2021-06-30,42066258000130,157454090.37,1,1,1,RJI CORRETORA DE TÍTULOS E VALORES MOBILIÁRIOS LTDA.,1,298741297.22,0.527058333866868
Classe,2021-06-30,03317692000194,141287206.85,1,1,1,FINAXIS CORRETORA DE TÍTULOS E VALORES MOBILIÁRIOS S.A.,2,298741297.22,0.472941666133132
Classe,2021-07-31,42066258000130,221902705.01,1,1,1,RJI CORRETORA DE TÍTULOS E VALORES MOBILIÁRIOS LTDA.,1,381598467.64,0.58150837549836
Classe,2021-07-31,03317692000194,159695762.63,1,1,1,FINAXIS CORRETORA DE TÍTULOS E VALORES MOBILIÁRIOS S.A.,2,381598467.64,0.41849162450164
Classe,2021-08-31,03317692000194,224978055.45,1,1,1,FINAXIS CORRETORA DE TÍTULOS E VALORES MOBILIÁRIOS S.A.,1,448114342.03,0.502055021115433
Classe,2021-08-31,42066258000130,223136286.58,1,1,1,RJI CORRETORA DE TÍTULOS E VALORES MOBILIÁRIOS LTDA.,2,448114342.03,0.497944978884567
Classe,2021-09-30,13486793000142,268344188.1,1,1,1,APEX GROUP DISTRIBUIDORA DE TÍTULOS E VALORES MOBILIÁRIOS S.A.,1,493070459.49,0.544230916566281
Classe,2021-09-30,42066258000130,224726271.39,1,1,1,RJI CORRETORA DE TÍTULOS E VALORES MOBILIÁRIOS LTDA.,2,493070459.49,0.455769083433719
Classe,2021-10-31,13486793000142,312737187.2,1,1,1,APEX GROUP DISTRIBUIDORA DE TÍTULOS E VALORES MOBILIÁRIOS S.A.,1,538620461.71,0.580626265491528
Classe,2021-10-31,42066258000130,225883274.51,1,1,1,RJI CORRETORA DE TÍTULOS E VALORES MOBILIÁRIOS LTDA.,2,538620461.71,0.419373734508472
Classe,2021-11-30,13486793000142,475210462.87,1,1,1,APEX GROUP DISTRIBUIDORA DE TÍTULOS E VALORES MOBILIÁRIOS S.A.,1,702837333.83,0.676131502975826
Classe,2021-11-30,42066258000130,227626870.96,1,1,1,RJI CORRETORA DE TÍTULOS E VALORES MOBILIÁRIOS LTDA.,2,702837333.83,0.323868497024174
Classe,2021-12-31,13486793000142,690252863.79,1,1,1,APEX GROUP DISTRIBUIDORA DE TÍTULOS E VALORES MOBILIÁRIOS S.A.,1,714221337.25,0.966441112565627
Classe,2021-12-31,42066258000130,23968473.46,1,1,1,RJI CORRETORA DE TÍTULOS E VALORES MOBILIÁRIOS LTDA.,2,714221337.25,0.0335588874343729
Classe,2022-01-31,13486793000142,672940225.99,1,1,1,APEX GROUP DISTRIBUIDORA DE TÍTULOS E VALORES MOBILIÁRIOS S.A.,1,697882447.47,0.964260139267835
Classe,2022-01-31,42066258000130,24942221.48,1,1,1,RJI CORRETORA DE TÍTULOS E VALORES MOBILIÁRIOS LTDA.,2,697882447.47,0.0357398607321646
Classe,2022-02-28,13486793000142,640758785.55,1,1,1,APEX GROUP DISTRIBUIDORA DE TÍTULOS E VALORES MOBILIÁRIOS S.A.,1,665930193.19,0.962201131744122
Classe,2022-02-28,42066258000130,25171407.64,1,1,1,RJI CORRETORA DE TÍTULOS E VALORES MOBILIÁRIOS LTDA.,2,665930193.19,0.0377988682558777
Classe,2022-03-31,13486793000142,640942192.86,1,1,1,APEX GROUP DISTRIBUIDORA DE TÍTULOS E VALORES MOBILIÁRIOS S.A.,1,666774079.95,0.961258411406848
Classe,2022-03-31,42066258000130,25831887.09,1,1,1,RJI CORRETORA DE TÍTULOS E VALORES MOBILIÁRIOS LTDA.,2,666774079.95,0.0387415885931515
Classe,2022-04-30,13486793000142,646194119.2,1,1,1,APEX GROUP DISTRIBUIDORA DE TÍTULOS E VALORES MOBILIÁRIOS S.A.,1,672322419.39,0.961137246897543
Classe,2022-04-30,42066258000130,26128300.19,1,1,1,RJI CORRETORA DE TÍTULOS E VALORES MOBILIÁRIOS LTDA.,2,672322419.39,0.0388627531024568
Classe,2023-07-31,39669186000101,960853969.74,1,1,1,HEMERA DISTRIBUIDORA DE TITULOS E VALORES MOBILIARIOS LTDA,1,960853969.74,1
Classe,2023-08-31,39669186000101,976608803.14,1,1,1,HEMERA DISTRIBUIDORA DE TITULOS E VALORES MOBILIARIOS LTDA,1,976608803.14,1
Classe,2023-09-30,39669186000101,981880222.46,1,1,1,HEMERA DISTRIBUIDORA DE TITULOS E VALORES MOBILIARIOS LTDA,1,981880222.46,1
Classe,2023-11-30,39669186000101,956300076.12,1,1,1,HEMERA DISTRIBUIDORA DE TITULOS E VALORES MOBILIARIOS LTDA,1,956300076.12,1
Classe,2023-12-31,39669186000101,974364591.62,1,1,1,HEMERA DISTRIBUIDORA DE TITULOS E VALORES MOBILIARIOS LTDA,1,974364591.62,1
Classe,2024-01-31,39669186000101,963318035.28,1,1,1,HEMERA DISTRIBUIDORA DE TITULOS E VALORES MOBILIARIOS LTDA,1,963318035.28,1
Classe,2024-02-29,39669186000101,909664702.24,1,1,1,HEMERA DISTRIBUIDORA DE TITULOS E VALORES MOBILIARIOS LTDA,1,909664702.24,1
Classe,2024-03-31,39669186000101,944048041.96,1,1,1,HEMERA DISTRIBUIDORA DE TITULOS E VALORES MOBILIARIOS LTDA,1,944048041.96,1
Classe,2024-04-30,39669186000101,918421509.93,1,1,1,HEMERA DISTRIBUIDORA DE TITULOS E VALORES MOBILIARIOS LTDA,1,918421509.93,1
Classe,2024-07-31,39669186000101,787319658.48,1,1,1,HEMERA DISTRIBUIDORA DE TITULOS E VALORES MOBILIARIOS LTDA,1,787319658.48,1
Classe,2024-08-31,39669186000101,731408067.17,1,1,1,HEMERA DISTRIBUIDORA DE TITULOS E VALORES MOBILIARIOS LTDA,1,731408067.17,1
Classe,2024-09-30,39669186000101,754766883.68,1,1,1,HEMERA DISTRIBUIDORA DE TITULOS E VALORES MOBILIARIOS LTDA,1,754766883.68,1
Classe,2024-10-31,62285390000140,60408892344.83,560,560,1,QI CORRETORA DE TÍTULOS E VALORES MOBILIÁRIOS S.A.,1,315900577690.7,0.191227546294571
Classe,2024-10-31,36113876000191,45110080080.88,50,50,1,OLIVEIRA TRUST DTVM S.A.,2,315900577690.7,0.142798346272882
Classe,2024-10-31,34829992000186,36139491214.59,124,124,1,CBSF DISTRIBUIDORA DE TITULOS E VALORES MOBILIARIOS S.A. - EM LIQUIDAÇÃO EXTRAJUDICIAL,3,315900577690.7,0.114401472383423
Classe,2024-10-31,62232889000190,22738231518.69,157,157,1,BANCO DAYCOVAL S.A.,4,315900577690.7,0.0719790754575736
Classe,2024-10-31,59281253000123,20788296880.15,132,132,1,BTG PACTUAL SERVIÇOS FINANCEIROS S/A DTVM,5,315900577690.7,0.0658064541448985
Classe,2024-10-31,45246410000155,18331201320.87,43,43,1,BANCO GENIAL S.A.,6,315900577690.7,0.0580283880924655
Classe,2024-10-31,00066670000100,17785678435.4,17,17,1,BEM - DISTRIBUIDORA DE TITULOS E VALORES MOBILIARIOS LTDA.,7,315900577690.7,0.0563015065227708
Classe,2024-10-31,62418140000131,9853379382.25,7,7,1,INTRAG DTVM LTDA.,8,315900577690.7,0.0311913939957954
Classe,2024-10-31,00329598000167,9726891395.49,15,15,1,SEFER INVESTIMENTOS DISTRIBUIDORA DE TÍTULOS E VALORES MOBILIÁRIOS LTDA.,9,315900577690.7,0.0307909895784162
Classe,2024-10-31,02671743000119,7837497042.54,58,58,1,BANVOX DISTRIBUIDORA DE TITULOS E VALORES MOBILIARIOS LTDA,10,315900577690.7,0.0248100117443082
Classe,2024-10-31,39669186000101,7609861520.53,44,44,1,HEMERA DISTRIBUIDORA DE TITULOS E VALORES MOBILIARIOS LTDA,11,315900577690.7,0.0240894194501311
Classe,2024-10-31,13486793000142,6138301858.3,40,40,1,APEX GROUP DISTRIBUIDORA DE TÍTULOS E VALORES MOBILIÁRIOS S.A.,12,315900577690.7,0.0194311194464166
Classe,2024-10-31,02332886000104,5908424942.53,10,10,1,XP INVESTIMENTOS CCTVM S.A.,13,315900577690.7,0.0187034319016503
Classe,2024-10-31,03317692000194,5748082014.21,15,15,1,FINAXIS CORRETORA DE TÍTULOS E VALORES MOBILIÁRIOS S.A.,14,315900577690.7,0.0181958578747456
Classe,2024-10-31,22610500000188,5376621848.68,63,63,1,VORTX DISTRIBUIDORA DE TITULOS E VALORES MOBILIARIOS LTDA.,15,315900577690.7,0.0170199810585477
Classe,2024-10-31,36864992000142,4934169220.67,14,14,1,APEX DISTRIBUIDORA DE TÍTULOS E VALORES MOBILIÁRIOS S.A.,16,315900577690.7,0.0156193738445805
Classe,2024-10-31,67030395000146,4781393756.82,42,42,1,TRUSTEE DISTRIBUIDORA DE TITULOS E VALORES MOBILIARIOS LTDA.,17,315900577690.7,0.0151357550270183
Classe,2024-10-31,33886862000112,3493565994.85,49,49,1,"MASTER S/A CORRETORA DE CAMBIO, TITULOS E VALORES MOBILIARIOS",18,315900577690.7,0.0110590680789149
Classe,2024-10-31,47215387000167,3094919657.42,40,40,1,CATÁLISE DISTRIBUIDORA DE TITULOS E VALORES MOBILIARIOS LTDA.,19,315900577690.7,0.00979713199654308
Classe,2024-10-31,37678915000160,3026773932.27,21,21,1,FIDD DISTRIBUIDORA DE TITULOS E VALORES MOBILIARIOS LTDA.,20,315900577690.7,0.00958141309647598
Classe,2024-10-31,02201501000161,2702186501.13,16,16,1,BNY MELLON SERVICOS FINANCEIROS DTVM S.A.,21,315900577690.7,0.00855391440206775
Classe,2024-10-31,16695922000109,2221570824.38,53,53,1,ID CORRETORA DE TITULOS E VALORES MOBILIARIOS S.A.,22,315900577690.7,0.00703250003725904
Classe,2024-10-31,46955383000152,2015377376.74,20,20,1,QI DISTRIBUIDORA DE TITULOS E VALORES MOBILIARIOS LTDA.,23,315900577690.7,0.0063797837644769
Classe,2024-10-31,62318407000119,2002270244,4,4,1,S3 CACEIS BRASIL DISTRIBUIDORA DE TITULOS E VALORES MOBILIARIOS S.A,24,315900577690.7,0.00633829244199874
Classe,2024-10-31,24361690000172,1986420023.73,45,45,1,LIMINE TRUST DISTRIBUIDORA DE TITULOS E VALORES MOBILIARIOS S.A.,25,315900577690.7,0.00628811773074665
Classe,2024-10-31,00806535000154,1490563221.13,41,41,1,PLANNER CORRETORA DE VALORES S.A.,26,315900577690.7,0.00471845677531308
Classe,2024-10-31,12063256000127,1057939982.37,36,36,1,MONETAR DISTRIBUIDORA DE TITULOS E VALORES MOBILIARIOS LTDA.,27,315900577690.7,0.00334896501330819
Classe,2024-10-31,44782130000107,955551134.35,33,33,1,ACTUAL DISTRIBUIDORA DE TITULOS E VALORES MOBILIARIOS S.A.,28,315900577690.7,0.00302484769523146
Classe,2024-10-31,40434681000110,786084060.3,37,37,1,AZUMI DISTRIBUIDORA DE TÍTULOS E VALORES MOBILIÁRIOS LTDA.,29,315900577690.7,0.00248839070205709
Classe,2024-10-31,42066258000130,536126897.6,3,3,1,RJI CORRETORA DE TÍTULOS E VALORES MOBILIÁRIOS LTDA.,30,315900577690.7,0.00169713807274175
Classe,2024-10-31,18945670000146,531370131.51,3,3,1,INTER DISTRIBUIDORA DE TÍTULOS E VALORES MOBILIÁRIOS,31,315900577690.7,0.00168208027789765
Classe,2024-10-31,15489568000195,313248388.8,9,9,1,INTRA INVESTIMENTOS DTVM LTDA,32,315900577690.7,0.000991604355680233
Classe,2024-10-31,45854066000187,175438171.24,5,5,1,WNT CAPITAL DISTRIBUIDORA DE TITULOS E VALORES MOBILIARIOS S.A.,33,315900577690.7,0.00055535881739277
Classe,2024-10-31,11758741000152,152719959.68,2,2,1,BANCO FINAXIS S.A.,34,315900577690.7,0.00048344311617413
Classe,2024-10-31,13673855000125,58630863.11,6,6,1,OSLO CAPITAL DISTRIBUIDORA DE TITULOS E VALORES MOBILIARIOS S.A.,35,315900577690.7,0.000185599100636675
Classe,2024-10-31,48967968000118,34471897.69,1,1,1,VERT DISTRIBUIDORA DE TÍTULOS E VALORES MOBILIÁRIOS LTDA.,36,315900577690.7,0.0001091226168119
Classe,2024-10-31,03017677000120,29592999.94,1,1,1,BANCO J. SAFRA S.A.,37,315900577690.7,9.36782077333669e-05
Classe,2024-10-31,36266751000100,18122168.25,3,3,1,FINVEST DISTRIBUIDORA DE TÍTULOS E VALORES MOBILIÁRIOS LTDA.,38,315900577690.7,5.73666828420413e-05
Classe,2024-10-31,41592532000142,1138482.78,1,1,1,MERITO DISTRIBUIDORA DE TITULOS E VALORES MOBILIARIOS LTDA.,39,315900577690.7,3.60392750251535e-06
Classe,2024-11-30,62285390000140,67938986782.61,620,620,1,QI CORRETORA DE TÍTULOS E VALORES MOBILIÁRIOS S.A.,1,385139282734.23,0.17640108352565
Classe,2024-11-30,36113876000191,51424592644.8,61,61,1,OLIVEIRA TRUST DTVM S.A.,2,385139282734.23,0.133522065782851
Classe,2024-11-30,34829992000186,43504215547.53,155,155,1,CBSF DISTRIBUIDORA DE TITULOS E VALORES MOBILIARIOS S.A. - EM LIQUIDAÇÃO EXTRAJUDICIAL,3,385139282734.23,0.112957097595133
Classe,2024-11-30,59281253000123,29999689629.55,159,159,1,BTG PACTUAL SERVIÇOS FINANCEIROS S/A DTVM,4,385139282734.23,0.0778930921213032
Classe,2024-11-30,45246410000155,29873262118.61,59,59,1,BANCO GENIAL S.A.,5,385139282734.23,0.0775648277333071
Classe,2024-11-30,62232889000190,25393778031.38,176,176,1,BANCO DAYCOVAL S.A.,6,385139282734.23,0.0659340118491712
Classe,2024-11-30,00066670000100,17275905613.2,18,18,1,BEM - DISTRIBUIDORA DE TITULOS E VALORES MOBILIARIOS LTDA.,7,385139282734.23,0.0448562543154588
Classe,2024-11-30,62418140000131,10261287954.09,8,8,1,INTRAG DTVM LTDA.,8,385139282734.23,0.0266430572369605
Classe,2024-11-30,39669186000101,10203864471.94,59,59,1,HEMERA DISTRIBUIDORA DE TITULOS E VALORES MOBILIARIOS LTDA,9,385139282734.23,0.0264939592749392
Classe,2024-11-30,00329598000167,9894796245.92,16,16,1,SEFER INVESTIMENTOS DISTRIBUIDORA DE TÍTULOS E VALORES MOBILIÁRIOS LTDA.,10,385139282734.23,0.0256914749793207
Classe,2024-11-30,02671743000119,8994261535.72,79,79,1,BANVOX DISTRIBUIDORA DE TITULOS E VALORES MOBILIARIOS LTDA,11,385139282734.23,0.0233532696843251
Classe,2024-11-30,67030395000146,8843878209.63,75,75,1,TRUSTEE DISTRIBUIDORA DE TITULOS E VALORES MOBILIARIOS LTDA.,12,385139282734.23,0.0229628049022795
Classe,2024-11-30,22610500000188,8061847208.06,80,80,1,VORTX DISTRIBUIDORA DE TITULOS E VALORES MOBILIARIOS LTDA.,13,385139282734.23,0.0209322901336532
Classe,2024-11-30,13486793000142,7572112338.13,57,57,1,APEX GROUP DISTRIBUIDORA DE TÍTULOS E VALORES MOBILIÁRIOS S.A.,14,385139282734.23,0.0196607115336901
Classe,2024-11-30,02332886000104,6536944306.92,11,11,1,XP INVESTIMENTOS CCTVM S.A.,15,385139282734.23,0.016972935766282
Classe,2024-11-30,03317692000194,6155709435.38,22,22,1,FINAXIS CORRETORA DE TÍTULOS E VALORES MOBILIÁRIOS S.A.,16,385139282734.23,0.015983073426524
Classe,2024-11-30,42066258000130,5298275224.37,9,9,1,RJI CORRETORA DE TÍTULOS E VALORES MOBILIÁRIOS LTDA.,17,385139282734.23,0.0137567769944312
Classe,2024-11-30,36864992000142,5220063061.78,18,18,1,APEX DISTRIBUIDORA DE TÍTULOS E VALORES MOBILIÁRIOS S.A.,18,385139282734.23,0.0135537019872942
Classe,2024-11-30,37678915000160,4209122342.56,21,21,1,FIDD DISTRIBUIDORA DE TITULOS E VALORES MOBILIARIOS LTDA.,19,385139282734.23,0.0109288315455075
Classe,2024-11-30,62318407000119,4158166494.7,5,5,1,S3 CACEIS BRASIL DISTRIBUIDORA DE TITULOS E VALORES MOBILIARIOS S.A,20,385139282734.23,0.0107965265583397
Classe,2024-11-30,33886862000112,4066948572.11,57,57,1,"MASTER S/A CORRETORA DE CAMBIO, TITULOS E VALORES MOBILIARIOS",21,385139282734.23,0.0105596825731133
Classe,2024-11-30,47215387000167,3448270598.83,43,43,1,CATÁLISE DISTRIBUIDORA DE TITULOS E VALORES MOBILIARIOS LTDA.,22,385139282734.23,0.00895330794186871
Classe,2024-11-30,02201501000161,2844223964.28,18,18,1,BNY MELLON SERVICOS FINANCEIROS DTVM S.A.,23,385139282734.23,0.00738492304417229
Classe,2024-11-30,16695922000109,2523740643.67,58,58,1,ID CORRETORA DE TITULOS E VALORES MOBILIARIOS S.A.,24,385139282734.23,0.00655279987477034
Classe,2024-11-30,24361690000172,2461194602.74,51,51,1,LIMINE TRUST DISTRIBUIDORA DE TITULOS E VALORES MOBILIARIOS S.A.,25,385139282734.23,0.00639040137704774
Classe,2024-11-30,46955383000152,2133223247.34,23,23,1,QI DISTRIBUIDORA DE TITULOS E VALORES MOBILIARIOS LTDA.,26,385139282734.23,0.00553883580037733
Classe,2024-11-30,00806535000154,1879015756.67,51,51,1,PLANNER CORRETORA DE VALORES S.A.,27,385139282734.23,0.00487879538885323
Classe,2024-11-30,12063256000127,1077100021.03,37,37,1,MONETAR DISTRIBUIDORA DE TITULOS E VALORES MOBILIARIOS LTDA.,28,385139282734.23,0.00279665063865549
Classe,2024-11-30,44782130000107,1007456775.93,35,35,1,ACTUAL DISTRIBUIDORA DE TITULOS E VALORES MOBILIARIOS S.A.,29,385139282734.23,0.00261582451101257
Classe,2024-11-30,40434681000110,975789372.59,45,45,1,AZUMI DISTRIBUIDORA DE TÍTULOS E VALORES MOBILIÁRIOS LTDA.,30,385139282734.23,0.0025336012615035
Classe,2024-11-30,18945670000146,538441769.33,3,3,1,INTER DISTRIBUIDORA DE TÍTULOS E VALORES MOBILIÁRIOS,31,385139282734.23,0.001398044275067
Classe,2024-11-30,15489568000195,441537379.89,14,14,1,INTRA INVESTIMENTOS DTVM LTDA,32,385139282734.23,0.00114643558754999
Classe,2024-11-30,11758741000152,390548865.44,6,6,1,BANCO FINAXIS S.A.,33,385139282734.23,0.00101404578278114
Classe,2024-11-30,03017677000120,302399189.99,2,2,1,BANCO J. SAFRA S.A.,34,385139282734.23,0.000785168388545487
Classe,2024-11-30,13673855000125,109428246.52,8,8,1,OSLO CAPITAL DISTRIBUIDORA DE TITULOS E VALORES MOBILIARIOS S.A.,35,385139282734.23,0.000284126422376687
Classe,2024-11-30,45854066000187,67758518.7,4,4,1,WNT CAPITAL DISTRIBUIDORA DE TITULOS E VALORES MOBILIARIOS S.A.,36,385139282734.23,0.000175932504778427
Classe,2024-11-30,48967968000118,35025411.66,1,1,1,VERT DISTRIBUIDORA DE TÍTULOS E VALORES MOBILIÁRIOS LTDA.,37,385139282734.23,9.09421947596286e-05
Classe,2024-11-30,40768766000135,7687483.63,1,1,1,LIONS TRUST DISTRIBUIDORA DE TÍTULOS E VALORES MOBILIÁRIOS LTDA.,38,385139282734.23,1.99602688550076e-05
Classe,2024-11-30,36266751000100,6929290.61,2,2,1,FINVEST DISTRIBUIDORA DE TÍTULOS E VALORES MOBILIÁRIOS LTDA.,39,385139282734.23,1.79916485298687e-05
Classe,2024-11-30,41592532000142,1803826.39,1,1,1,MERITO DISTRIBUIDORA DE TITULOS E VALORES MOBILIARIOS LTDA.,40,385139282734.23,4.68356896028378e-06
Classe,2024-12-31,36113876000191,92840632522.52,124,124,1,OLIVEIRA TRUST DTVM S.A.,1,715070873201.7,0.129834168894099
Classe,2024-12-31,30822936000169,91899498292.24,2,2,1,BB GESTAO DE RECURSOS DTVM S.A,2,715070873201.7,0.128518027703693
Classe,2024-12-31,62285390000140,91204793443.61,734,734,1,QI CORRETORA DE TÍTULOS E VALORES MOBILIÁRIOS S.A.,3,715070873201.7,0.127546508830998
Classe,2024-12-31,34829992000186,72819742916.04,207,207,1,CBSF DISTRIBUIDORA DE TITULOS E VALORES MOBILIARIOS S.A. - EM LIQUIDAÇÃO EXTRAJUDICIAL,4,715070873201.7,0.101835699991516
Classe,2024-12-31,59281253000123,72031755368.3,247,247,1,BTG PACTUAL SERVIÇOS FINANCEIROS S/A DTVM,5,715070873201.7,0.100733728736259
Classe,2024-12-31,62232889000190,39531050964.24,222,222,1,BANCO DAYCOVAL S.A.,6,715070873201.7,0.0552827033595165
Classe,2024-12-31,45246410000155,37308098376.1,89,89,1,BANCO GENIAL S.A.,7,715070873201.7,0.0521739869071363
Classe,2024-12-31,00066670000100,24999198749.83,21,21,1,BEM - DISTRIBUIDORA DE TITULOS E VALORES MOBILIARIOS LTDA.,8,715070873201.7,0.0349604489382949
Classe,2024-12-31,13486793000142,17913391386.44,103,103,1,APEX GROUP DISTRIBUIDORA DE TÍTULOS E VALORES MOBILIÁRIOS S.A.,9,715070873201.7,0.0250512110865788
Classe,2024-12-31,39669186000101,13590778056.11,83,83,1,HEMERA DISTRIBUIDORA DE TITULOS E VALORES MOBILIARIOS LTDA,10,715070873201.7,0.0190061972392441
Classe,2024-12-31,03317692000194,13365750623.36,59,59,1,FINAXIS CORRETORA DE TÍTULOS E VALORES MOBILIÁRIOS S.A.,11,715070873201.7,0.0186915047504528
Classe,2024-12-31,02671743000119,13255617836.59,100,100,1,BANVOX DISTRIBUIDORA DE TITULOS E VALORES MOBILIARIOS LTDA,12,715070873201.7,0.0185374881474874
Classe,2024-12-31,36864992000142,12306224303.45,46,46,1,APEX DISTRIBUIDORA DE TÍTULOS E VALORES MOBILIÁRIOS S.A.,13,715070873201.7,0.0172097966294577
Classe,2024-12-31,00329598000167,12238454615.18,25,25,1,SEFER INVESTIMENTOS DISTRIBUIDORA DE TÍTULOS E VALORES MOBILIÁRIOS LTDA.,14,715070873201.7,0.0171150232429169
Classe,2024-12-31,62418140000131,10671598085.67,9,9,1,INTRAG DTVM LTDA.,15,715070873201.7,0.0149238327075026
Classe,2024-12-31,22610500000188,10443707938.96,90,90,1,VORTX DISTRIBUIDORA DE TITULOS E VALORES MOBILIARIOS LTDA.,16,715070873201.7,0.0146051368197934
Classe,2024-12-31,67030395000146,9895542450.66,82,82,1,TRUSTEE DISTRIBUIDORA DE TITULOS E VALORES MOBILIARIOS LTDA.,17,715070873201.7,0.0138385477880719
Classe,2024-12-31,02332886000104,8531185718.97,17,17,1,XP INVESTIMENTOS CCTVM S.A.,18,715070873201.7,0.0119305456825167
Classe,2024-12-31,02201501000161,8522696866.74,35,35,1,BNY MELLON SERVICOS FINANCEIROS DTVM S.A.,19,715070873201.7,0.0119186743386428
Classe,2024-12-31,62318407000119,7831578241.78,14,14,1,S3 CACEIS BRASIL DISTRIBUIDORA DE TITULOS E VALORES MOBILIARIOS S.A,20,715070873201.7,0.0109521706662648
Classe,2024-12-31,37678915000160,6005242676.38,25,25,1,FIDD DISTRIBUIDORA DE TITULOS E VALORES MOBILIARIOS LTDA.,21,715070873201.7,0.00839810835741607
Classe,2024-12-31,42066258000130,5215491418.82,10,10,1,RJI CORRETORA DE TÍTULOS E VALORES MOBILIÁRIOS LTDA.,22,715070873201.7,0.00729367061962384
Classe,2024-12-31,11758741000152,4590945812.72,16,16,1,BANCO FINAXIS S.A.,23,715070873201.7,0.00642026683615882
Classe,2024-12-31,24361690000172,4578830600.85,79,79,1,LIMINE TRUST DISTRIBUIDORA DE TITULOS E VALORES MOBILIARIOS S.A.,24,715070873201.7,0.00640332416330773
Classe,2024-12-31,33886862000112,4469478708.4,64,64,1,"MASTER S/A CORRETORA DE CAMBIO, TITULOS E VALORES MOBILIARIOS",25,715070873201.7,0.00625039961198265
Classe,2024-12-31,00806535000154,4421520771.44,81,81,1,PLANNER CORRETORA DE VALORES S.A.,26,715070873201.7,0.00618333222222131
Classe,2024-12-31,47215387000167,3533797239,46,46,1,CATÁLISE DISTRIBUIDORA DE TITULOS E VALORES MOBILIARIOS LTDA.,27,715070873201.7,0.00494188390470664
Classe,2024-12-31,46955383000152,3396133489.74,25,25,1,QI DISTRIBUIDORA DE TITULOS E VALORES MOBILIARIOS LTDA.,28,715070873201.7,0.00474936627544897
Classe,2024-12-31,16695922000109,3391733768.21,73,73,1,ID CORRETORA DE TITULOS E VALORES MOBILIARIOS S.A.,29,715070873201.7,0.0047432134286545
Classe,2024-12-31,03017677000120,3325072707.28,12,12,1,BANCO J. SAFRA S.A.,30,715070873201.7,0.00464999041618368
Classe,2024-12-31,36266751000100,2649053633.62,10,10,1,FINVEST DISTRIBUIDORA DE TÍTULOS E VALORES MOBILIÁRIOS LTDA.,31,715070873201.7,0.00370460290426734
Classe,2024-12-31,13673855000125,1815170540.73,14,14,1,OSLO CAPITAL DISTRIBUIDORA DE TITULOS E VALORES MOBILIARIOS S.A.,32,715070873201.7,0.00253844843742922
Classe,2024-12-31,00360305000104,1441867096.26,3,3,1,CAIXA ECONOMICA FEDERAL,33,715070873201.7,0.00201639746533669
Classe,2024-12-31,40434681000110,1241577320.73,55,55,1,AZUMI DISTRIBUIDORA DE TÍTULOS E VALORES MOBILIÁRIOS LTDA.,34,715070873201.7,0.00173629966938926
Classe,2024-12-31,12063256000127,1063317485.83,37,37,1,MONETAR DISTRIBUIDORA DE TITULOS E VALORES MOBILIARIOS LTDA.,35,715070873201.7,0.00148700992542046
Classe,2024-12-31,44782130000107,923308473.66,32,32,1,ACTUAL DISTRIBUIDORA DE TITULOS E VALORES MOBILIARIOS S.A.,36,715070873201.7,0.00129121253327789
Classe,2024-12-31,18945670000146,559555020.43,3,3,1,INTER DISTRIBUIDORA DE TÍTULOS E VALORES MOBILIÁRIOS,37,715070873201.7,0.000782516868467339
Classe,2024-12-31,15489568000195,453592809.86,17,17,1,INTRA INVESTIMENTOS DTVM LTDA,38,715070873201.7,0.000634332661081631
Classe,2024-12-31,01522368000182,308141579.53,1,1,1,BANCO BNP PARIBAS BRASIL S/A,39,715070873201.7,0.000430924529411062
Classe,2024-12-31,71590442000183,235716231.95,5,5,1,LASTRO RDV DTVM LTDA,40,715070873201.7,0.000329640376616922
Classe,2024-12-31,45854066000187,95114704.96,5,5,1,WNT CAPITAL DISTRIBUIDORA DE TITULOS E VALORES MOBILIARIOS S.A.,41,715070873201.7,0.000133014374553012
Classe,2024-12-31,07253654000176,88935635.56,1,1,1,HEDGE INVESTMENTS DISTRIBUIDORA DE TÍTULOS E VALORES MOBILIÁRIOS LTDA.,42,715070873201.7,0.000124373175992744
Classe,2024-12-31,48967968000118,35522556.69,1,1,1,VERT DISTRIBUIDORA DE TÍTULOS E VALORES MOBILIÁRIOS LTDA.,43,715070873201.7,4.967697332007e-05
Classe,2024-12-31,27652684000162,20980972.73,5,5,1,GENIAL INVESTIMENTOS CORRETORA DE VALORES MOBILIÁRIOS S.A.,44,715070873201.7,2.93411094148732e-05
Classe,2024-12-31,40768766000135,7658852.63,1,1,1,LIONS TRUST DISTRIBUIDORA DE TÍTULOS E VALORES MOBILIÁRIOS LTDA.,45,715070873201.7,1.0710620327336e-05
Classe,2024-12-31,41592532000142,1816336.9,1,1,1,MERITO DISTRIBUIDORA DE TITULOS E VALORES MOBILIARIOS LTDA.,46,715070873201.7,2.5400795474544e-06
Classe,2025-01-31,62285390000140,93207670378.98,733,733,1,QI CORRETORA DE TÍTULOS E VALORES MOBILIÁRIOS S.A.,1,720413143103.45,0.129380857735955
Classe,2025-01-31,36113876000191,92181825770.59,125,125,1,OLIVEIRA TRUST DTVM S.A.,2,720413143103.45,0.127956890644002
Classe,2025-01-31,30822936000169,84302456472.58,2,2,1,BB GESTAO DE RECURSOS DTVM S.A,3,720413143103.45,0.117019598100911
Classe,2025-01-31,59281253000123,77304778955.7,276,276,1,BTG PACTUAL SERVIÇOS FINANCEIROS S/A DTVM,4,720413143103.45,0.107306175207577
Classe,2025-01-31,34829992000186,75002964865.39,220,220,1,CBSF DISTRIBUIDORA DE TITULOS E VALORES MOBILIARIOS S.A. - EM LIQUIDAÇÃO EXTRAJUDICIAL,5,720413143103.45,0.104111044590728
Classe,2025-01-31,62232889000190,40903686327.54,224,224,1,BANCO DAYCOVAL S.A.,6,720413143103.45,0.0567780956234808
Classe,2025-01-31,45246410000155,38398209953.7,91,91,1,BANCO GENIAL S.A.,7,720413143103.45,0.0533002629411858
Classe,2025-01-31,00066670000100,23559757880.53,22,22,1,BEM - DISTRIBUIDORA DE TITULOS E VALORES MOBILIARIOS LTDA.,8,720413143103.45,0.0327031205719506
Classe,2025-01-31,13486793000142,17175825453.6,102,102,1,APEX GROUP DISTRIBUIDORA DE TÍTULOS E VALORES MOBILIÁRIOS S.A.,9,720413143103.45,0.0238416325660144
Classe,2025-01-31,03317692000194,14112394608.84,66,66,1,FINAXIS CORRETORA DE TÍTULOS E VALORES MOBILIÁRIOS S.A.,10,720413143103.45,0.0195893075299065
Classe,2025-01-31,39669186000101,13693021674.18,85,85,1,HEMERA DISTRIBUIDORA DE TITULOS E VALORES MOBILIARIOS LTDA,11,720413143103.45,0.0190071791516631
Classe,2025-01-31,02671743000119,12809476601.03,101,101,1,BANVOX DISTRIBUIDORA DE TITULOS E VALORES MOBILIARIOS LTDA,12,720413143103.45,0.0177807369613613
Classe,2025-01-31,36864992000142,12361271953.55,46,46,1,APEX DISTRIBUIDORA DE TÍTULOS E VALORES MOBILIÁRIOS S.A.,13,720413143103.45,0.0171585875020258
Classe,2025-01-31,00329598000167,12155702274.59,26,26,1,SEFER INVESTIMENTOS DISTRIBUIDORA DE TÍTULOS E VALORES MOBILIÁRIOS LTDA.,14,720413143103.45,0.0168732377955027
Classe,2025-01-31,22610500000188,10910139202.11,92,92,1,VORTX DISTRIBUIDORA DE TITULOS E VALORES MOBILIARIOS LTDA.,15,720413143103.45,0.0151442811760908
Classe,2025-01-31,62418140000131,10894779914.04,9,9,1,INTRAG DTVM LTDA.,16,720413143103.45,0.0151229610652391
Classe,2025-01-31,67030395000146,10265214354.1,81,81,1,TRUSTEE DISTRIBUIDORA DE TITULOS E VALORES MOBILIARIOS LTDA.,17,720413143103.45,0.0142490659038767
Classe,2025-01-31,02201501000161,8602659615.76,35,35,1,BNY MELLON SERVICOS FINANCEIROS DTVM S.A.,18,720413143103.45,0.011941286327316
Classe,2025-01-31,02332886000104,8523004942.46,17,17,1,XP INVESTIMENTOS CCTVM S.A.,19,720413143103.45,0.011830718281657
Classe,2025-01-31,62318407000119,7043895542.99,13,13,1,S3 CACEIS BRASIL DISTRIBUIDORA DE TITULOS E VALORES MOBILIARIOS S.A,20,720413143103.45,0.00977757778355594
Classe,2025-01-31,37678915000160,6111127097.28,27,27,1,FIDD DISTRIBUIDORA DE TITULOS E VALORES MOBILIARIOS LTDA.,21,720413143103.45,0.00848280900450265
Classe,2025-01-31,42066258000130,5230294746.72,11,11,1,RJI CORRETORA DE TÍTULOS E VALORES MOBILIÁRIOS LTDA.,22,720413143103.45,0.00726013232377819
Classe,2025-01-31,33886862000112,4896849404.71,72,72,1,"MASTER S/A CORRETORA DE CAMBIO, TITULOS E VALORES MOBILIARIOS",23,720413143103.45,0.00679727938279275
Classe,2025-01-31,24361690000172,4850932021.62,84,84,1,LIMINE TRUST DISTRIBUIDORA DE TITULOS E VALORES MOBILIARIOS S.A.,24,720413143103.45,0.00673354181285865
Classe,2025-01-31,11758741000152,4743916265.07,17,17,1,BANCO FINAXIS S.A.,25,720413143103.45,0.00658499405581886
Classe,2025-01-31,00806535000154,4476539944.88,82,82,1,PLANNER CORRETORA DE VALORES S.A.,26,720413143103.45,0.00621385102108996
Classe,2025-01-31,16695922000109,3816902260.69,82,82,1,ID CORRETORA DE TITULOS E VALORES MOBILIARIOS S.A.,27,720413143103.45,0.00529821297297168
Classe,2025-01-31,47215387000167,3704920229.64,47,47,1,CATÁLISE DISTRIBUIDORA DE TITULOS E VALORES MOBILIARIOS LTDA.,28,720413143103.45,0.00514277156810281
Classe,2025-01-31,46955383000152,3657812303.09,24,24,1,QI DISTRIBUIDORA DE TITULOS E VALORES MOBILIARIOS LTDA.,29,720413143103.45,0.00507738141385456
Classe,2025-01-31,03017677000120,3306033054.25,12,12,1,BANCO J. SAFRA S.A.,30,720413143103.45,0.00458907931636009
Classe,2025-01-31,36266751000100,2793669327.51,12,12,1,FINVEST DISTRIBUIDORA DE TÍTULOS E VALORES MOBILIÁRIOS LTDA.,31,720413143103.45,0.00387787112749668
Classe,2025-01-31,13673855000125,1795949329.61,15,15,1,OSLO CAPITAL DISTRIBUIDORA DE TITULOS E VALORES MOBILIARIOS S.A.,32,720413143103.45,0.00249294359327382
Classe,2025-01-31,00360305000104,1440227646.15,3,3,1,CAIXA ECONOMICA FEDERAL,33,720413143103.45,0.001999169032294
Classe,2025-01-31,40434681000110,1282408986.36,53,53,1,AZUMI DISTRIBUIDORA DE TÍTULOS E VALORES MOBILIÁRIOS LTDA.,34,720413143103.45,0.00178010215198954
Classe,2025-01-31,12063256000127,1095169069.14,38,38,1,MONETAR DISTRIBUIDORA DE TITULOS E VALORES MOBILIARIOS LTDA.,35,720413143103.45,0.00152019584820753
Classe,2025-01-31,44782130000107,936233169.63,34,34,1,ACTUAL DISTRIBUIDORA DE TITULOS E VALORES MOBILIARIOS S.A.,36,720413143103.45,0.00129957813595241
Classe,2025-01-31,05389174000101,867185448.73,1,1,1,XP SERVIÇOS FINANCEIROS DTVM LTDA.,37,720413143103.45,0.00120373352017743
Classe,2025-01-31,18945670000146,566256142.27,3,3,1,INTER DISTRIBUIDORA DE TÍTULOS E VALORES MOBILIÁRIOS,38,720413143103.45,0.000786015840619785
Classe,2025-01-31,01522368000182,397361920.45,1,1,1,BANCO BNP PARIBAS BRASIL S/A,39,720413143103.45,0.00055157505697108
Classe,2025-01-31,15489568000195,377787209.8,18,18,1,INTRA INVESTIMENTOS DTVM LTDA,40,720413143103.45,0.00052440355012478
Classe,2025-01-31,71590442000183,251962616.6,5,5,1,LASTRO RDV DTVM LTDA,41,720413143103.45,0.000349747390108093
Classe,2025-01-31,27652684000162,134041747.69,9,9,1,GENIAL INVESTIMENTOS CORRETORA DE VALORES MOBILIÁRIOS S.A.,42,720413143103.45,0.000186062329613484
Classe,2025-01-31,45854066000187,93265940.13,5,5,1,WNT CAPITAL DISTRIBUIDORA DE TITULOS E VALORES MOBILIARIOS S.A.,43,720413143103.45,0.000129461741533784
Classe,2025-01-31,07253654000176,90469311.57,1,1,1,HEDGE INVESTMENTS DISTRIBUIDORA DE TÍTULOS E VALORES MOBILIÁRIOS LTDA.,44,720413143103.45,0.000125579762718195
Classe,2025-01-31,48967968000118,77639348.31,3,3,1,VERT DISTRIBUIDORA DE TÍTULOS E VALORES MOBILIÁRIOS LTDA.,45,720413143103.45,0.000107770588381466
Classe,2025-01-31,40768766000135,7612333.71,1,1,1,LIONS TRUST DISTRIBUIDORA DE TÍTULOS E VALORES MOBILIÁRIOS LTDA.,46,720413143103.45,1.05666224761073e-05
Classe,2025-01-31,41592532000142,1839485.58,1,1,1,MERITO DISTRIBUIDORA DE TITULOS E VALORES MOBILIARIOS LTDA.,47,720413143103.45,2.55337593103275e-06
Classe,2025-02-28,62285390000140,97259468609.97,743,743,1,QI CORRETORA DE TÍTULOS E VALORES MOBILIÁRIOS S.A.,1,733638096079.05,0.132571453322525
Classe,2025-02-28,36113876000191,91594929433.86,126,126,1,OLIVEIRA TRUST DTVM S.A.,2,733638096079.05,0.124850290522523
Classe,2025-02-28,30822936000169,82085790918.5,2,2,1,BB GESTAO DE RECURSOS DTVM S.A,3,733638096079.05,0.111888670118427
Classe,2025-02-28,59281253000123,81080628971.74,293,293,1,BTG PACTUAL SERVIÇOS FINANCEIROS S/A DTVM,4,733638096079.05,0.110518564132749
Classe,2025-02-28,34829992000186,72561263201.25,224,224,1,CBSF DISTRIBUIDORA DE TITULOS E VALORES MOBILIARIOS S.A. - EM LIQUIDAÇÃO EXTRAJUDICIAL,5,733638096079.05,0.0989060731565819
Classe,2025-02-28,62232889000190,41655828600.36,238,238,1,BANCO DAYCOVAL S.A.,6,733638096079.05,0.0567798057693443
Classe,2025-02-28,45246410000155,40705119167.29,90,90,1,BANCO GENIAL S.A.,7,733638096079.05,0.055483922365591
Classe,2025-02-28,00066670000100,25248244476.29,23,23,1,BEM - DISTRIBUIDORA DE TITULOS E VALORES MOBILIARIOS LTDA.,8,733638096079.05,0.0344151218580796
Classe,2025-02-28,13486793000142,17268302695.85,102,102,1,APEX GROUP DISTRIBUIDORA DE TÍTULOS E VALORES MOBILIÁRIOS S.A.,9,733638096079.05,0.0235379034814862
Classe,2025-02-28,03317692000194,14252112173.54,66,66,1,FINAXIS CORRETORA DE TÍTULOS E VALORES MOBILIÁRIOS S.A.,10,733638096079.05,0.0194266249935913
Classe,2025-02-28,39669186000101,13992922616.59,85,85,1,HEMERA DISTRIBUIDORA DE TITULOS E VALORES MOBILIARIOS LTDA,11,733638096079.05,0.0190733315123296
Classe,2025-02-28,02671743000119,13084797995.29,100,100,1,BANVOX DISTRIBUIDORA DE TITULOS E VALORES MOBILIARIOS LTDA,12,733638096079.05,0.0178354941833338
Classe,2025-02-28,00329598000167,12277730118.59,26,26,1,SEFER INVESTIMENTOS DISTRIBUIDORA DE TÍTULOS E VALORES MOBILIÁRIOS LTDA.,13,733638096079.05,0.0167354042602322
Classe,2025-02-28,36864992000142,12165277605,46,46,1,APEX DISTRIBUIDORA DE TÍTULOS E VALORES MOBILIÁRIOS S.A.,14,733638096079.05,0.0165821236247377
Classe,2025-02-28,22610500000188,11477903759.91,98,98,1,VORTX DISTRIBUIDORA DE TITULOS E VALORES MOBILIARIOS LTDA.,15,733638096079.05,0.0156451850323122
Classe,2025-02-28,62418140000131,11427043169.44,9,9,1,INTRAG DTVM LTDA.,16,733638096079.05,0.0155758584927802
Classe,2025-02-28,67030395000146,10459205184.79,80,80,1,TRUSTEE DISTRIBUIDORA DE TITULOS E VALORES MOBILIARIOS LTDA.,17,733638096079.05,0.0142566276760838
Classe,2025-02-28,02332886000104,8982102206.48,18,18,1,XP INVESTIMENTOS CCTVM S.A.,18,733638096079.05,0.0122432330797502
Classe,2025-02-28,02201501000161,8776447611.73,37,37,1,BNY MELLON SERVICOS FINANCEIROS DTVM S.A.,19,733638096079.05,0.0119629114936042
Classe,2025-02-28,62318407000119,6958585196.8,13,13,1,S3 CACEIS BRASIL DISTRIBUIDORA DE TITULOS E VALORES MOBILIARIOS S.A,20,733638096079.05,0.00948503796898002
Classe,2025-02-28,37678915000160,6263975066.67,27,27,1,FIDD DISTRIBUIDORA DE TITULOS E VALORES MOBILIARIOS LTDA.,21,733638096079.05,0.00853823581429045
Classe,2025-02-28,24361690000172,5261700304.55,89,89,1,LIMINE TRUST DISTRIBUIDORA DE TITULOS E VALORES MOBILIARIOS S.A.,22,733638096079.05,0.00717206526306541
Classe,2025-02-28,42066258000130,5238785769.81,11,11,1,RJI CORRETORA DE TÍTULOS E VALORES MOBILIÁRIOS LTDA.,23,733638096079.05,0.0071408311506843
Classe,2025-02-28,33886862000112,4894080416.34,71,71,1,"MASTER S/A CORRETORA DE CAMBIO, TITULOS E VALORES MOBILIARIOS",24,733638096079.05,0.00667097366194116
Classe,2025-02-28,11758741000152,4824610374.26,17,17,1,BANCO FINAXIS S.A.,25,733638096079.05,0.00657628113922283
Classe,2025-02-28,00806535000154,4537245260.27,83,83,1,PLANNER CORRETORA DE VALORES S.A.,26,733638096079.05,0.0061845824044845
Classe,2025-02-28,46955383000152,4345169280.3,26,26,1,QI DISTRIBUIDORA DE TITULOS E VALORES MOBILIARIOS LTDA.,27,733638096079.05,0.00592276941931299
Classe,2025-02-28,16695922000109,3989558659.87,85,85,1,ID CORRETORA DE TITULOS E VALORES MOBILIARIOS S.A.,28,733638096079.05,0.00543804728951824
Classe,2025-02-28,47215387000167,3943022380.26,48,48,1,CATÁLISE DISTRIBUIDORA DE TITULOS E VALORES MOBILIARIOS LTDA.,29,733638096079.05,0.00537461508792087
Classe,2025-02-28,03017677000120,3669855625.06,13,13,1,BANCO J. SAFRA S.A.,30,733638096079.05,0.00500226970855746
Classe,2025-02-28,36266751000100,2882944439.7,11,11,1,FINVEST DISTRIBUIDORA DE TÍTULOS E VALORES MOBILIÁRIOS LTDA.,31,733638096079.05,0.00392965476453306
Classe,2025-02-28,13673855000125,1779459905.45,15,15,1,OSLO CAPITAL DISTRIBUIDORA DE TITULOS E VALORES MOBILIARIOS S.A.,32,733638096079.05,0.00242552822019518
Classe,2025-02-28,00360305000104,1438941057.18,3,3,1,CAIXA ECONOMICA FEDERAL,33,733638096079.05,0.00196137723064064
Classe,2025-02-28,40434681000110,1346934620.4,55,55,1,AZUMI DISTRIBUIDORA DE TÍTULOS E VALORES MOBILIÁRIOS LTDA.,34,733638096079.05,0.00183596602684448
Classe,2025-02-28,12063256000127,1230969808.79,40,40,1,MONETAR DISTRIBUIDORA DE TITULOS E VALORES MOBILIARIOS LTDA.,35,733638096079.05,0.00167789788366901
Classe,2025-02-28,44782130000107,968040939.81,34,34,1,ACTUAL DISTRIBUIDORA DE TITULOS E VALORES MOBILIARIOS S.A.,36,733638096079.05,0.00131950745876437
Classe,2025-02-28,05389174000101,914229864.97,1,1,1,XP SERVIÇOS FINANCEIROS DTVM LTDA.,37,733638096079.05,0.00124615920282238
Classe,2025-02-28,18945670000146,665806604.97,3,3,1,INTER DISTRIBUIDORA DE TÍTULOS E VALORES MOBILIÁRIOS,38,733638096079.05,0.000907540936775806
Classe,2025-02-28,48967968000118,463885561.54,4,4,1,VERT DISTRIBUIDORA DE TÍTULOS E VALORES MOBILIÁRIOS LTDA.,39,733638096079.05,0.000632308442022367
Classe,2025-02-28,27652684000162,440228493.21,15,15,1,GENIAL INVESTIMENTOS CORRETORA DE VALORES MOBILIÁRIOS S.A.,40,733638096079.05,0.000600062204461319
Classe,2025-02-28,01522368000182,399374821.85,1,1,1,BANCO BNP PARIBAS BRASIL S/A,41,733638096079.05,0.000544375795074534
Classe,2025-02-28,15489568000195,366111966.91,18,18,1,INTRA INVESTIMENTOS DTVM LTDA,42,733638096079.05,0.000499036199001519
Classe,2025-02-28,71590442000183,267157079.14,5,5,1,LASTRO RDV DTVM LTDA,43,733638096079.05,0.000364153770868537
Classe,2025-02-28,45854066000187,94432089.14,5,5,1,WNT CAPITAL DISTRIBUIDORA DE TITULOS E VALORES MOBILIARIOS S.A.,44,733638096079.05,0.000128717537495251
Classe,2025-02-28,07253654000176,88329304.11,1,1,1,HEDGE INVESTMENTS DISTRIBUIDORA DE TÍTULOS E VALORES MOBILIÁRIOS LTDA.,45,733638096079.05,0.000120399014966751
Classe,2025-02-28,40768766000135,7709471.44,1,1,1,LIONS TRUST DISTRIBUIDORA DE TÍTULOS E VALORES MOBILIÁRIOS LTDA.,46,733638096079.05,1.05085483990042e-05
Classe,2025-02-28,41592532000142,1833199.78,1,1,1,MERITO DISTRIBUIDORA DE TITULOS E VALORES MOBILIARIOS LTDA.,47,733638096079.05,2.49877942516561e-06
Classe,2025-03-31,62285390000140,99998210158.09,746,746,1,QI CORRETORA DE TÍTULOS E VALORES MOBILIÁRIOS S.A.,1,741641540322.44,0.134833615326636
Classe,2025-03-31,36113876000191,91462543958.67,129,129,1,OLIVEIRA TRUST DTVM S.A.,2,741641540322.44,0.123324462002095
Classe,2025-03-31,59281253000123,83197003204.98,302,302,1,BTG PACTUAL SERVIÇOS FINANCEIROS S/A DTVM,3,741641540322.44,0.112179535101026
Classe,2025-03-31,30822936000169,77373810460.55,2,2,1,BB GESTAO DE RECURSOS DTVM S.A,4,741641540322.44,0.104327773262148
Classe,2025-03-31,34829992000186,74441479288.24,227,227,1,CBSF DISTRIBUIDORA DE TITULOS E VALORES MOBILIARIOS S.A. - EM LIQUIDAÇÃO EXTRAJUDICIAL,5,741641540322.44,0.100373934361707
Classe,2025-03-31,62232889000190,42052977526.34,244,244,1,BANCO DAYCOVAL S.A.,6,741641540322.44,0.0567025648375317
Classe,2025-03-31,45246410000155,39461021389.54,90,90,1,BANCO GENIAL S.A.,7,741641540322.44,0.0532076741175848
Classe,2025-03-31,00066670000100,25744654387.17,27,27,1,BEM - DISTRIBUIDORA DE TITULOS E VALORES MOBILIARIOS LTDA.,8,741641540322.44,0.0347130695726363
Classe,2025-03-31,13486793000142,16995252952.61,101,101,1,APEX GROUP DISTRIBUIDORA DE TÍTULOS E VALORES MOBILIÁRIOS S.A.,9,741641540322.44,0.0229157241451457
Classe,2025-03-31,03317692000194,14696848682.46,67,67,1,FINAXIS CORRETORA DE TÍTULOS E VALORES MOBILIÁRIOS S.A.,10,741641540322.44,0.019816647104301
Classe,2025-03-31,39669186000101,14628596986.05,89,89,1,HEMERA DISTRIBUIDORA DE TITULOS E VALORES MOBILIARIOS LTDA,11,741641540322.44,0.0197246192273561
Classe,2025-03-31,02671743000119,13279018916.12,103,103,1,BANVOX DISTRIBUIDORA DE TITULOS E VALORES MOBILIARIOS LTDA,12,741641540322.44,0.0179049017539481
Classe,2025-03-31,00329598000167,12233166255.73,25,25,1,SEFER INVESTIMENTOS DISTRIBUIDORA DE TÍTULOS E VALORES MOBILIÁRIOS LTDA.,13,741641540322.44,0.0164947155608509
Classe,2025-03-31,36864992000142,11999682234.01,46,46,1,APEX DISTRIBUIDORA DE TÍTULOS E VALORES MOBILIÁRIOS S.A.,14,741641540322.44,0.0161798949783651
Classe,2025-03-31,62418140000131,11930471430.95,11,11,1,INTRAG DTVM LTDA.,15,741641540322.44,0.0160865738801026
Classe,2025-03-31,22610500000188,11871544483.67,103,103,1,VORTX DISTRIBUIDORA DE TITULOS E VALORES MOBILIARIOS LTDA.,16,741641540322.44,0.0160071191245688
Classe,2025-03-31,67030395000146,10667877152.88,80,80,1,TRUSTEE DISTRIBUIDORA DE TITULOS E VALORES MOBILIARIOS LTDA.,17,741641540322.44,0.0143841418972324
Classe,2025-03-31,02332886000104,9434461001.95,20,20,1,XP INVESTIMENTOS CCTVM S.A.,18,741641540322.44,0.0127210525422406
Classe,2025-03-31,02201501000161,8951759777.24,38,38,1,BNY MELLON SERVICOS FINANCEIROS DTVM S.A.,19,741641540322.44,0.0120701973804597
Classe,2025-03-31,62318407000119,6927407193.11,13,13,1,S3 CACEIS BRASIL DISTRIBUIDORA DE TITULOS E VALORES MOBILIARIOS S.A,20,741641540322.44,0.00934064074957048
Classe,2025-03-31,37678915000160,6368114150.05,28,28,1,FIDD DISTRIBUIDORA DE TITULOS E VALORES MOBILIARIOS LTDA.,21,741641540322.44,0.00858651222163387
Classe,2025-03-31,24361690000172,5980631557.6,92,92,1,LIMINE TRUST DISTRIBUIDORA DE TITULOS E VALORES MOBILIARIOS S.A.,22,741641540322.44,0.00806404608215423
Classe,2025-03-31,42066258000130,5216036838.02,11,11,1,RJI CORRETORA DE TÍTULOS E VALORES MOBILIÁRIOS LTDA.,23,741641540322.44,0.0070330969267879
Classe,2025-03-31,33886862000112,4924570852.72,73,73,1,"MASTER S/A CORRETORA DE CAMBIO, TITULOS E VALORES MOBILIARIOS",24,741641540322.44,0.00664009576726105
Classe,2025-03-31,11758741000152,4846463569.67,17,17,1,BANCO FINAXIS S.A.,25,741641540322.44,0.00653477900868785
Classe,2025-03-31,00806535000154,4655240273.07,90,90,1,PLANNER CORRETORA DE VALORES S.A.,26,741641540322.44,0.00627694110964451
Classe,2025-03-31,46955383000152,4607627060.51,26,26,1,QI DISTRIBUIDORA DE TITULOS E VALORES MOBILIARIOS LTDA.,27,741641540322.44,0.00621274134470241
Classe,2025-03-31,16695922000109,4412765197.34,89,89,1,ID CORRETORA DE TITULOS E VALORES MOBILIARIOS S.A.,28,741641540322.44,0.00594999734699527
Classe,2025-03-31,47215387000167,4075822046.21,49,49,1,CATÁLISE DISTRIBUIDORA DE TITULOS E VALORES MOBILIARIOS LTDA.,29,741641540322.44,0.00549567658310776
Classe,2025-03-31,03017677000120,3964270214.2,14,14,1,BANCO J. SAFRA S.A.,30,741641540322.44,0.00534526452290749
Classe,2025-03-31,36266751000100,2842844755.79,11,11,1,FINVEST DISTRIBUIDORA DE TÍTULOS E VALORES MOBILIÁRIOS LTDA.,31,741641540322.44,0.00383317897019904
Classe,2025-03-31,48967968000118,2372733710.2,6,6,1,VERT DISTRIBUIDORA DE TÍTULOS E VALORES MOBILIÁRIOS LTDA.,32,741641540322.44,0.00319929990594704
Classe,2025-03-31,13673855000125,1835838248.12,16,16,1,OSLO CAPITAL DISTRIBUIDORA DE TITULOS E VALORES MOBILIARIOS S.A.,33,741641540322.44,0.00247537138672389
Classe,2025-03-31,12063256000127,1472269068.21,41,41,1,MONETAR DISTRIBUIDORA DE TITULOS E VALORES MOBILIARIOS LTDA.,34,741641540322.44,0.00198514914303466
Classe,2025-03-31,00360305000104,1431802537.4,3,3,1,CAIXA ECONOMICA FEDERAL,35,741641540322.44,0.00193058567994654
Classe,2025-03-31,40434681000110,1172724605.78,54,54,1,AZUMI DISTRIBUIDORA DE TÍTULOS E VALORES MOBILIÁRIOS LTDA.,36,741641540322.44,0.00158125528576803
Classe,2025-03-31,44782130000107,1003847653.07,35,35,1,ACTUAL DISTRIBUIDORA DE TITULOS E VALORES MOBILIARIOS S.A.,37,741641540322.44,0.00135354830938079
Classe,2025-03-31,05389174000101,931370501.18,1,1,1,XP SERVIÇOS FINANCEIROS DTVM LTDA.,38,741641540322.44,0.00125582299607311
Classe,2025-03-31,18945670000146,677525925.02,4,4,1,INTER DISTRIBUIDORA DE TÍTULOS E VALORES MOBILIÁRIOS,39,741641540322.44,0.000913549050563478
Classe,2025-03-31,27652684000162,584815481.68,23,23,1,GENIAL INVESTIMENTOS CORRETORA DE VALORES MOBILIÁRIOS S.A.,40,741641540322.44,0.000788541970593695
Classe,2025-03-31,15489568000195,368537690.42,18,18,1,INTRA INVESTIMENTOS DTVM LTDA,41,741641540322.44,0.000496921585945378
Classe,2025-03-31,71590442000183,273662823.5,5,5,1,LASTRO RDV DTVM LTDA,42,741641540322.44,0.000368996083176545
Classe,2025-03-31,45854066000187,112663050.26,6,6,1,WNT CAPITAL DISTRIBUIDORA DE TITULOS E VALORES MOBILIARIOS S.A.,43,741641540322.44,0.00015191038275852
Classe,2025-03-31,07253654000176,89323895.53,1,1,1,HEDGE INVESTMENTS DISTRIBUIDORA DE TÍTULOS E VALORES MOBILIÁRIOS LTDA.,44,741641540322.44,0.000120440793393484
Classe,2025-03-31,01522368000182,62524777.41,1,1,1,BANCO BNP PARIBAS BRASIL S/A,45,741641540322.44,8.43059267996456e-05
Classe,2025-03-31,40768766000135,7699879.54,1,1,1,LIONS TRUST DISTRIBUIDORA DE TÍTULOS E VALORES MOBILIÁRIOS LTDA.,46,741641540322.44,1.03822117847557e-05
Classe,2025-03-31,41592532000142,1876372.01,1,1,1,MERITO DISTRIBUIDORA DE TITULOS E VALORES MOBILIARIOS LTDA.,47,741641540322.44,2.53002550151684e-06
Classe,2025-03-31,07397614000106,150147.57,1,1,1,SICOOB DISTRIBUIDORA DE TÍTULOS E VALORES MOBILIÁRIOS LTDA.,48,741641540322.44,2.02453020545102e-07
Classe,2025-04-30,62285390000140,102673314732.28,744,744,1,QI CORRETORA DE TÍTULOS E VALORES MOBILIÁRIOS S.A.,1,754017763599.96,0.136168296940485
Classe,2025-04-30,36113876000191,92281717158.2,131,131,1,OLIVEIRA TRUST DTVM S.A.,2,754017763599.96,0.122386661976785
Classe,2025-04-30,59281253000123,88849919308.13,311,311,1,BTG PACTUAL SERVIÇOS FINANCEIROS S/A DTVM,3,754017763599.96,0.117835313168124
Classe,2025-04-30,34829992000186,74912043212.71,231,231,1,CBSF DISTRIBUIDORA DE TITULOS E VALORES MOBILIARIOS S.A. - EM LIQUIDAÇÃO EXTRAJUDICIAL,4,754017763599.96,0.0993505018436863
Classe,2025-04-30,30822936000169,73822579557.66,2,2,1,BB GESTAO DE RECURSOS DTVM S.A,5,754017763599.96,0.0979056238744345
Classe,2025-04-30,62232889000190,42827624513.16,251,251,1,BANCO DAYCOVAL S.A.,6,754017763599.96,0.0567992248732776
Classe,2025-04-30,45246410000155,39174901410.97,86,86,1,BANCO GENIAL S.A.,7,754017763599.96,0.0519548786542303
Classe,2025-04-30,00066670000100,25456396241.9,28,28,1,BEM - DISTRIBUIDORA DE TITULOS E VALORES MOBILIARIOS LTDA.,8,754017763599.96,0.0337610033487298
Classe,2025-04-30,13486793000142,16599442090.28,100,100,1,APEX GROUP DISTRIBUIDORA DE TÍTULOS E VALORES MOBILIÁRIOS S.A.,9,754017763599.96,0.022014656539427
Classe,2025-04-30,39669186000101,15054372759.29,92,92,1,HEMERA DISTRIBUIDORA DE TITULOS E VALORES MOBILIARIOS LTDA,10,754017763599.96,0.0199655412458917
Classe,2025-04-30,03317692000194,14979652075.09,68,68,1,FINAXIS CORRETORA DE TÍTULOS E VALORES MOBILIÁRIOS S.A.,11,754017763599.96,0.0198664445298631
Classe,2025-04-30,62418140000131,14154095146.91,16,16,1,INTRAG DTVM LTDA.,12,754017763599.96,0.0187715672364708
Classe,2025-04-30,02671743000119,13256325504.64,102,102,1,BANVOX DISTRIBUIDORA DE TITULOS E VALORES MOBILIARIOS LTDA,13,754017763599.96,0.0175809193689939
Classe,2025-04-30,22610500000188,12381779367.89,106,106,1,VORTX DISTRIBUIDORA DE TITULOS E VALORES MOBILIARIOS LTDA.,14,754017763599.96,0.0164210711811016
Classe,2025-04-30,00329598000167,12357240461.88,27,27,1,SEFER INVESTIMENTOS DISTRIBUIDORA DE TÍTULOS E VALORES MOBILIÁRIOS LTDA.,15,754017763599.96,0.0163885269796324
Classe,2025-04-30,36864992000142,11692158118.68,44,44,1,APEX DISTRIBUIDORA DE TÍTULOS E VALORES MOBILIÁRIOS S.A.,16,754017763599.96,0.0155064756868025
Classe,2025-04-30,67030395000146,10587612466.3,80,80,1,TRUSTEE DISTRIBUIDORA DE TITULOS E VALORES MOBILIARIOS LTDA.,17,754017763599.96,0.0140415955398064
Classe,2025-04-30,02332886000104,9584649170.01,22,22,1,XP INVESTIMENTOS CCTVM S.A.,18,754017763599.96,0.0127114368290865
Classe,2025-04-30,02201501000161,9116786703.62,39,39,1,BNY MELLON SERVICOS FINANCEIROS DTVM S.A.,19,754017763599.96,0.0120909441975121
Classe,2025-04-30,62318407000119,6856633239.13,13,13,1,S3 CACEIS BRASIL DISTRIBUIDORA DE TITULOS E VALORES MOBILIARIOS S.A,20,754017763599.96,0.00909346380169334
Classe,2025-04-30,24361690000172,6463456100.37,97,97,1,LIMINE TRUST DISTRIBUIDORA DE TITULOS E VALORES MOBILIARIOS S.A.,21,754017763599.96,0.00857202099524959
Classe,2025-04-30,37678915000160,5884050216.77,29,29,1,FIDD DISTRIBUIDORA DE TITULOS E VALORES MOBILIARIOS LTDA.,22,754017763599.96,0.00780359628223792
Classe,2025-04-30,42066258000130,5217408113,11,11,1,RJI CORRETORA DE TÍTULOS E VALORES MOBILIÁRIOS LTDA.,23,754017763599.96,0.00691947639017171
Classe,2025-04-30,11758741000152,5014629906.25,17,17,1,BANCO FINAXIS S.A.,24,754017763599.96,0.00665054611221399
Classe,2025-04-30,16695922000109,4909050147.26,92,92,1,ID CORRETORA DE TITULOS E VALORES MOBILIARIOS S.A.,25,754017763599.96,0.00651052320547778
Classe,2025-04-30,00806535000154,4879386467.03,93,93,1,PLANNER CORRETORA DE VALORES S.A.,26,754017763599.96,0.00647118238134603
Classe,2025-04-30,46955383000152,4747051141.69,25,25,1,QI DISTRIBUIDORA DE TITULOS E VALORES MOBILIARIOS LTDA.,27,754017763599.96,0.00629567547457479
Classe,2025-04-30,33886862000112,4637381877.32,71,71,1,"MASTER S/A CORRETORA DE CAMBIO, TITULOS E VALORES MOBILIARIOS",28,754017763599.96,0.00615022894842612
Classe,2025-04-30,03017677000120,4437581627.83,15,15,1,BANCO J. SAFRA S.A.,29,754017763599.96,0.00588524812286032
Classe,2025-04-30,47215387000167,4419264050.47,52,52,1,CATÁLISE DISTRIBUIDORA DE TITULOS E VALORES MOBILIARIOS LTDA.,30,754017763599.96,0.00586095482601205
Classe,2025-04-30,36266751000100,2927131450.88,11,11,1,FINVEST DISTRIBUIDORA DE TÍTULOS E VALORES MOBILIÁRIOS LTDA.,31,754017763599.96,0.00388204574505618
Classe,2025-04-30,48967968000118,2406817223.31,6,6,1,VERT DISTRIBUIDORA DE TÍTULOS E VALORES MOBILIÁRIOS LTDA.,32,754017763599.96,0.00319199008232772
Classe,2025-04-30,13673855000125,1789030110.79,17,17,1,OSLO CAPITAL DISTRIBUIDORA DE TITULOS E VALORES MOBILIARIOS S.A.,33,754017763599.96,0.00237266308189943
Classe,2025-04-30,12063256000127,1636153387.88,43,43,1,MONETAR DISTRIBUIDORA DE TITULOS E VALORES MOBILIARIOS LTDA.,34,754017763599.96,0.00216991358408905
Classe,2025-04-30,27652684000162,1562465102.7,27,27,1,GENIAL INVESTIMENTOS CORRETORA DE VALORES MOBILIÁRIOS S.A.,35,754017763599.96,0.0020721860652728
Classe,2025-04-30,00360305000104,1429647800.31,3,3,1,CAIXA ECONOMICA FEDERAL,36,754017763599.96,0.00189603994670408
Classe,2025-04-30,40434681000110,1300416865.53,58,58,1,AZUMI DISTRIBUIDORA DE TÍTULOS E VALORES MOBILIÁRIOS LTDA.,37,754017763599.96,0.00172465017179612
Classe,2025-04-30,44782130000107,1096759931.87,36,36,1,ACTUAL DISTRIBUIDORA DE TITULOS E VALORES MOBILIARIOS S.A.,38,754017763599.96,0.00145455450098902
Classe,2025-04-30,05389174000101,963955052.01,1,1,1,XP SERVIÇOS FINANCEIROS DTVM LTDA.,39,754017763599.96,0.00127842485753614
Classe,2025-04-30,18945670000146,684321031.83,4,4,1,INTER DISTRIBUIDORA DE TÍTULOS E VALORES MOBILIÁRIOS,40,754017763599.96,0.000907566193882221
Classe,2025-04-30,15489568000195,356380694.57,18,18,1,INTRA INVESTIMENTOS DTVM LTDA,41,754017763599.96,0.000472642306022748
Classe,2025-04-30,71590442000183,282348748.52,5,5,1,LASTRO RDV DTVM LTDA,42,754017763599.96,0.000374459014296908
Classe,2025-04-30,45854066000187,189158857.13,9,9,1,WNT CAPITAL DISTRIBUIDORA DE TITULOS E VALORES MOBILIARIOS S.A.,43,754017763599.96,0.000250867905587377
Classe,2025-04-30,07253654000176,90427999.04,1,1,1,HEDGE INVESTMENTS DISTRIBUIDORA DE TÍTULOS E VALORES MOBILIÁRIOS LTDA.,44,754017763599.96,0.000119928207802775
Classe,2025-04-30,01522368000182,63945091.3,1,1,1,BANCO BNP PARIBAS BRASIL S/A,45,754017763599.96,8.48058154422019e-05
Classe,2025-04-30,40768766000135,8237324.59,1,1,1,LIONS TRUST DISTRIBUIDORA DE TÍTULOS E VALORES MOBILIÁRIOS LTDA.,46,754017763599.96,1.09245762999959e-05
Classe,2025-04-30,41592532000142,1909270.33,1,1,1,MERITO DISTRIBUIDORA DE TITULOS E VALORES MOBILIARIOS LTDA.,47,754017763599.96,2.5321291117658e-06
Classe,2025-04-30,07397614000106,154770.65,1,1,1,SICOOB DISTRIBUIDORA DE TÍTULOS E VALORES MOBILIÁRIOS LTDA.,48,754017763599.96,2.05261278276877e-07
Classe,2025-05-31,62285390000140,102284416786.16,746,746,1,QI CORRETORA DE TÍTULOS E VALORES MOBILIÁRIOS S.A.,1,771381262843.48,0.132599042410127
Classe,2025-05-31,59281253000123,94614627923.98,326,326,1,BTG PACTUAL SERVIÇOS FINANCEIROS S/A DTVM,2,771381262843.48,0.122656113755226
Classe,2025-05-31,36113876000191,91063983924.09,133,133,1,OLIVEIRA TRUST DTVM S.A.,3,771381262843.48,0.118053144807288
Classe,2025-05-31,34829992000186,78929226936.87,233,233,1,CBSF DISTRIBUIDORA DE TITULOS E VALORES MOBILIARIOS S.A. - EM LIQUIDAÇÃO EXTRAJUDICIAL,4,771381262843.48,0.102321939537291
Classe,2025-05-31,30822936000169,74702361700.59,2,2,1,BB GESTAO DE RECURSOS DTVM S.A,5,771381262843.48,0.096842333744562
Classe,2025-05-31,62232889000190,44494717567.62,266,266,1,BANCO DAYCOVAL S.A.,6,771381262843.48,0.0576818749830697
Classe,2025-05-31,45246410000155,40112128687.37,87,87,1,BANCO GENIAL S.A.,7,771381262843.48,0.0520003928271578
Classe,2025-05-31,00066670000100,26378361287.14,32,32,1,BEM - DISTRIBUIDORA DE TITULOS E VALORES MOBILIARIOS LTDA.,8,771381262843.48,0.0341962691573601
Classe,2025-05-31,13486793000142,16677390410.36,103,103,1,APEX GROUP DISTRIBUIDORA DE TÍTULOS E VALORES MOBILIÁRIOS S.A.,9,771381262843.48,0.0216201652978755
Classe,2025-05-31,39669186000101,15393956810.46,96,96,1,HEMERA DISTRIBUIDORA DE TITULOS E VALORES MOBILIARIOS LTDA,10,771381262843.48,0.0199563530409262
Classe,2025-05-31,03317692000194,14816350841.68,68,68,1,FINAXIS CORRETORA DE TÍTULOS E VALORES MOBILIÁRIOS S.A.,11,771381262843.48,0.019207558642355
Classe,2025-05-31,62418140000131,14746258048.56,16,16,1,INTRAG DTVM LTDA.,12,771381262843.48,0.0191166920417565
Classe,2025-05-31,22610500000188,12936146862.37,110,110,1,VORTX DISTRIBUIDORA DE TITULOS E VALORES MOBILIARIOS LTDA.,13,771381262843.48,0.0167701077087153
Classe,2025-05-31,02671743000119,12664929313.23,100,100,1,BANVOX DISTRIBUIDORA DE TITULOS E VALORES MOBILIARIOS LTDA,14,771381262843.48,0.016418507842081
Classe,2025-05-31,00329598000167,12347451299.79,27,27,1,SEFER INVESTIMENTOS DISTRIBUIDORA DE TÍTULOS E VALORES MOBILIÁRIOS LTDA.,15,771381262843.48,0.0160069370291347
Classe,2025-05-31,36864992000142,11817647248.71,44,44,1,APEX DISTRIBUIDORA DE TÍTULOS E VALORES MOBILIÁRIOS S.A.,16,771381262843.48,0.0153201118797565
Classe,2025-05-31,67030395000146,10709163049.97,79,79,1,TRUSTEE DISTRIBUIDORA DE TITULOS E VALORES MOBILIARIOS LTDA.,17,771381262843.48,0.0138830997923046
Classe,2025-05-31,02332886000104,10249116656.96,24,24,1,XP INVESTIMENTOS CCTVM S.A.,18,771381262843.48,0.0132867067825572
Classe,2025-05-31,02201501000161,9311758839.55,39,39,1,BNY MELLON SERVICOS FINANCEIROS DTVM S.A.,19,771381262843.48,0.0120715387942207
Classe,2025-05-31,24361690000172,6754833069.64,104,104,1,LIMINE TRUST DISTRIBUIDORA DE TITULOS E VALORES MOBILIARIOS S.A.,20,771381262843.48,0.00875680210942668
Classe,2025-05-31,62318407000119,6734961561.35,13,13,1,S3 CACEIS BRASIL DISTRIBUIDORA DE TITULOS E VALORES MOBILIARIOS S.A,21,771381262843.48,0.00873104116701443
Classe,2025-05-31,37678915000160,6037209548.32,29,29,1,FIDD DISTRIBUIDORA DE TITULOS E VALORES MOBILIARIOS LTDA.,22,771381262843.48,0.00782649234448025
Classe,2025-05-31,16695922000109,5560566950.17,97,97,1,ID CORRETORA DE TITULOS E VALORES MOBILIARIOS S.A.,23,771381262843.48,0.00720858441605457
Classe,2025-05-31,11758741000152,5228370960.1,17,17,1,BANCO FINAXIS S.A.,24,771381262843.48,0.0067779335744131
Classe,2025-05-31,42066258000130,5212798922.83,10,10,1,RJI CORRETORA DE TÍTULOS E VALORES MOBILIÁRIOS LTDA.,25,771381262843.48,0.00675774636217437
Classe,2025-05-31,46955383000152,4931999906.25,24,24,1,QI DISTRIBUIDORA DE TITULOS E VALORES MOBILIARIOS LTDA.,26,771381262843.48,0.00639372531304374
Classe,2025-05-31,33886862000112,4781732639.67,69,69,1,"MASTER S/A CORRETORA DE CAMBIO, TITULOS E VALORES MOBILIARIOS",27,771381262843.48,0.00619892246545306
Classe,2025-05-31,00806535000154,4764410720.52,97,97,1,PLANNER CORRETORA DE VALORES S.A.,28,771381262843.48,0.00617646674869615
Classe,2025-05-31,03017677000120,4630653883.88,15,15,1,BANCO J. SAFRA S.A.,29,771381262843.48,0.0060030676228904
Classe,2025-05-31,47215387000167,4565690206.67,55,55,1,CATÁLISE DISTRIBUIDORA DE TITULOS E VALORES MOBILIARIOS LTDA.,30,771381262843.48,0.00591885028402151
Classe,2025-05-31,48967968000118,4157829427.65,11,11,1,VERT DISTRIBUIDORA DE TÍTULOS E VALORES MOBILIÁRIOS LTDA.,31,771381262843.48,0.00539010944124224
Classe,2025-05-31,36266751000100,3067585008.02,11,11,1,FINVEST DISTRIBUIDORA DE TÍTULOS E VALORES MOBILIÁRIOS LTDA.,32,771381262843.48,0.00397674296198512
Classe,2025-05-31,13673855000125,1779832365.51,17,17,1,OSLO CAPITAL DISTRIBUIDORA DE TITULOS E VALORES MOBILIARIOS S.A.,33,771381262843.48,0.00230733160272671
Classe,2025-05-31,12063256000127,1727810688.61,45,45,1,MONETAR DISTRIBUIDORA DE TITULOS E VALORES MOBILIARIOS LTDA.,34,771381262843.48,0.00223989195983438
Classe,2025-05-31,27652684000162,1680323912.64,30,30,1,GENIAL INVESTIMENTOS CORRETORA DE VALORES MOBILIÁRIOS S.A.,35,771381262843.48,0.00217833125275296
Classe,2025-05-31,00360305000104,1426885263.81,3,3,1,CAIXA ECONOMICA FEDERAL,36,771381262843.48,0.00184977952219139
Classe,2025-05-31,40434681000110,1290163203.67,59,59,1,AZUMI DISTRIBUIDORA DE TÍTULOS E VALORES MOBILIÁRIOS LTDA.,37,771381262843.48,0.00167253635240526
Classe,2025-05-31,44782130000107,1102219225.54,36,36,1,ACTUAL DISTRIBUIDORA DE TITULOS E VALORES MOBILIARIOS S.A.,38,771381262843.48,0.00142889032782178
Classe,2025-05-31,18945670000146,693543643.85,5,5,1,INTER DISTRIBUIDORA DE TÍTULOS E VALORES MOBILIÁRIOS,39,771381262843.48,0.000899093194581168
Classe,2025-05-31,15489568000195,336903889.13,16,16,1,INTRA INVESTIMENTOS DTVM LTDA,40,771381262843.48,0.00043675404804117
Classe,2025-05-31,71590442000183,294704425.69,5,5,1,LASTRO RDV DTVM LTDA,41,771381262843.48,0.000382047684958869
Classe,2025-05-31,45854066000187,203560297.65,10,10,1,WNT CAPITAL DISTRIBUIDORA DE TITULOS E VALORES MOBILIARIOS S.A.,42,771381262843.48,0.000263890643259382
Classe,2025-05-31,07253654000176,88532834.96,1,1,1,HEDGE INVESTMENTS DISTRIBUIDORA DE TÍTULOS E VALORES MOBILIÁRIOS LTDA.,43,771381262843.48,0.000114771824549703
Classe,2025-05-31,01522368000182,65171678.98,1,1,1,BANCO BNP PARIBAS BRASIL S/A,44,771381262843.48,8.44869873294082e-05
Classe,2025-05-31,40768766000135,10380869.07,1,1,1,LIONS TRUST DISTRIBUIDORA DE TÍTULOS E VALORES MOBILIÁRIOS LTDA.,45,771381262843.48,1.34575074221194e-05
Classe,2025-05-31,41592532000142,2413417.44,1,1,1,MERITO DISTRIBUIDORA DE TITULOS E VALORES MOBILIARIOS LTDA.,46,771381262843.48,3.12869595912094e-06
Classe,2025-05-31,07397614000106,150599.47,1,1,1,SICOOB DISTRIBUIDORA DE TÍTULOS E VALORES MOBILIÁRIOS LTDA.,47,771381262843.48,1.95233508064297e-07
Classe,2025-05-31,33775974000104,29526.93,1,1,1,ATIVA INVESTIMENTOS S.A. C.T.C.V.,48,771381262843.48,3.82779974343132e-08
Classe,2025-06-30,59281253000123,108261012948.92,340,340,1,BTG PACTUAL SERVIÇOS FINANCEIROS S/A DTVM,1,828626838382.39,0.130651106063934
Classe,2025-06-30,62285390000140,104320568307.86,757,757,1,QI CORRETORA DE TÍTULOS E VALORES MOBILIÁRIOS S.A.,2,828626838382.39,0.12589571502597
Classe,2025-06-30,36113876000191,81439933991.02,128,128,1,OLIVEIRA TRUST DTVM S.A.,3,828626838382.39,0.098283002937732
Classe,2025-06-30,30822936000169,78112355931.31,2,2,1,BB GESTAO DE RECURSOS DTVM S.A,4,828626838382.39,0.0942672290023789
Classe,2025-06-30,34829992000186,77451823073.08,232,232,1,CBSF DISTRIBUIDORA DE TITULOS E VALORES MOBILIARIOS S.A. - EM LIQUIDAÇÃO EXTRAJUDICIAL,5,828626838382.39,0.0934700874814508
Classe,2025-06-30,62232889000190,45875790961.53,283,283,1,BANCO DAYCOVAL S.A.,6,828626838382.39,0.0553636315365874
Classe,2025-06-30,45246410000155,38010486535.08,86,86,1,BANCO GENIAL S.A.,7,828626838382.39,0.0458716575114589
Classe,2025-06-30,00066670000100,37224867941.51,34,34,1,BEM - DISTRIBUIDORA DE TITULOS E VALORES MOBILIARIOS LTDA.,8,828626838382.39,0.04492356054286
Classe,2025-06-30,62418140000131,34332461550.71,18,18,1,INTRAG DTVM LTDA.,9,828626838382.39,0.0414329586738131
Classe,2025-06-30,02671743000119,19324628380,102,102,1,BANVOX DISTRIBUIDORA DE TITULOS E VALORES MOBILIARIOS LTDA,10,828626838382.39,0.0233212677708155
Classe,2025-06-30,13486793000142,16835901341.97,102,102,1,APEX GROUP DISTRIBUIDORA DE TÍTULOS E VALORES MOBILIÁRIOS S.A.,11,828626838382.39,0.020317832541891
Classe,2025-06-30,39669186000101,16670598611.83,100,100,1,HEMERA DISTRIBUIDORA DE TITULOS E VALORES MOBILIARIOS LTDA,12,828626838382.39,0.0201183425875677
Classe,2025-06-30,03317692000194,14776347363.39,67,67,1,FINAXIS CORRETORA DE TÍTULOS E VALORES MOBILIÁRIOS S.A.,13,828626838382.39,0.017832330162315
Classe,2025-06-30,22610500000188,13343198963.32,118,118,1,VORTX DISTRIBUIDORA DE TITULOS E VALORES MOBILIARIOS LTDA.,14,828626838382.39,0.0161027839616781
Classe,2025-06-30,00329598000167,12997797843.63,24,24,1,SEFER INVESTIMENTOS DISTRIBUIDORA DE TÍTULOS E VALORES MOBILIÁRIOS LTDA.,15,828626838382.39,0.0156859484167852
Classe,2025-06-30,36864992000142,11860244657.01,44,44,1,APEX DISTRIBUIDORA DE TÍTULOS E VALORES MOBILIÁRIOS S.A.,16,828626838382.39,0.0143131312041052
Classe,2025-06-30,67030395000146,11276658500.66,79,79,1,TRUSTEE DISTRIBUIDORA DE TITULOS E VALORES MOBILIARIOS LTDA.,17,828626838382.39,0.0136088501823979
Classe,2025-06-30,02332886000104,10668864269.84,27,27,1,XP INVESTIMENTOS CCTVM S.A.,18,828626838382.39,0.0128753544727893
Classe,2025-06-30,02201501000161,10304130057.24,42,42,1,BNY MELLON SERVICOS FINANCEIROS DTVM S.A.,19,828626838382.39,0.0124351874449967
Classe,2025-06-30,62318407000119,8054666436.28,13,13,1,S3 CACEIS BRASIL DISTRIBUIDORA DE TITULOS E VALORES MOBILIARIOS S.A,20,828626838382.39,0.00972049909945468
Classe,2025-06-30,24361690000172,7326501191.23,106,106,1,LIMINE TRUST DISTRIBUIDORA DE TITULOS E VALORES MOBILIARIOS S.A.,21,828626838382.39,0.00884173774232619
Classe,2025-06-30,37678915000160,6407618219.79,33,33,1,FIDD DISTRIBUIDORA DE TITULOS E VALORES MOBILIARIOS LTDA.,22,828626838382.39,0.00773281521064256
Classe,2025-06-30,16695922000109,5741327052.78,105,105,1,ID CORRETORA DE TITULOS E VALORES MOBILIARIOS S.A.,23,828626838382.39,0.00692872447142549
Classe,2025-06-30,11758741000152,5429100457.77,17,17,1,BANCO FINAXIS S.A.,24,828626838382.39,0.00655192446864074
Classe,2025-06-30,42066258000130,5395142608.71,12,12,1,RJI CORRETORA DE TÍTULOS E VALORES MOBILIÁRIOS LTDA.,25,828626838382.39,0.00651094359825729
Classe,2025-06-30,27652684000162,5253473803.83,37,37,1,GENIAL INVESTIMENTOS CORRETORA DE VALORES MOBILIÁRIOS S.A.,26,828626838382.39,0.00633997543946996
Classe,2025-06-30,46955383000152,5211726056.6,24,24,1,QI DISTRIBUIDORA DE TITULOS E VALORES MOBILIARIOS LTDA.,27,828626838382.39,0.00628959359652665
Classe,2025-06-30,00806535000154,5115204148.75,106,106,1,PLANNER CORRETORA DE VALORES S.A.,28,828626838382.39,0.00617310942852839
Classe,2025-06-30,03017677000120,5097951887.77,15,15,1,BANCO J. SAFRA S.A.,29,828626838382.39,0.00615228912657717
Classe,2025-06-30,47215387000167,4780181018.61,55,55,1,CATÁLISE DISTRIBUIDORA DE TITULOS E VALORES MOBILIARIOS LTDA.,30,828626838382.39,0.00576879820588682
Classe,2025-06-30,33886862000112,4573386644.8,66,66,1,"MASTER S/A CORRETORA DE CAMBIO, TITULOS E VALORES MOBILIARIOS",31,828626838382.39,0.0055192354784549
Classe,2025-06-30,48967968000118,4433282071.29,12,12,1,VERT DISTRIBUIDORA DE TÍTULOS E VALORES MOBILIÁRIOS LTDA.,32,828626838382.39,0.00535015505887362
Classe,2025-06-30,36266751000100,3257132990.97,12,12,1,FINVEST DISTRIBUIDORA DE TÍTULOS E VALORES MOBILIÁRIOS LTDA.,33,828626838382.39,0.0039307597100384
Classe,2025-06-30,13673855000125,1823153815.34,17,17,1,OSLO CAPITAL DISTRIBUIDORA DE TITULOS E VALORES MOBILIARIOS S.A.,34,828626838382.39,0.00220021091629024
Classe,2025-06-30,12063256000127,1799825651.1,47,47,1,MONETAR DISTRIBUIDORA DE TITULOS E VALORES MOBILIARIOS LTDA.,35,828626838382.39,0.00217205811799862
Classe,2025-06-30,00360305000104,1424837118.55,3,3,1,CAIXA ECONOMICA FEDERAL,36,828626838382.39,0.00171951601438774
Classe,2025-06-30,40434681000110,1314438378.26,60,60,1,AZUMI DISTRIBUIDORA DE TÍTULOS E VALORES MOBILIÁRIOS LTDA.,37,828626838382.39,0.00158628506509153
Classe,2025-06-30,44782130000107,1273549821.01,37,37,1,ACTUAL DISTRIBUIDORA DE TITULOS E VALORES MOBILIARIOS S.A.,38,828626838382.39,0.00153694010623186
Classe,2025-06-30,18945670000146,713495651.98,5,5,1,INTER DISTRIBUIDORA DE TÍTULOS E VALORES MOBILIÁRIOS,39,828626838382.39,0.000861057859739199
Classe,2025-06-30,15489568000195,375691847.59,16,16,1,INTRA INVESTIMENTOS DTVM LTDA,40,828626838382.39,0.000453390875346748
Classe,2025-06-30,71590442000183,301938792.13,5,5,1,LASTRO RDV DTVM LTDA,41,828626838382.39,0.000364384519235983
Classe,2025-06-30,45854066000187,259249864.29,12,12,1,WNT CAPITAL DISTRIBUIDORA DE TITULOS E VALORES MOBILIARIOS S.A.,42,828626838382.39,0.000312866844617411
Classe,2025-06-30,07253654000176,92026612.95,1,1,1,HEDGE INVESTMENTS DISTRIBUIDORA DE TÍTULOS E VALORES MOBILIÁRIOS LTDA.,43,828626838382.39,0.000111059174874966
Classe,2025-06-30,01522368000182,66278359.02,1,1,1,BANCO BNP PARIBAS BRASIL S/A,44,828626838382.39,7.99857739937386e-05
Classe,2025-06-30,40768766000135,15349821.12,1,1,1,LIONS TRUST DISTRIBUIDORA DE TÍTULOS E VALORES MOBILIÁRIOS LTDA.,45,828626838382.39,1.85244073797625e-05
Classe,2025-06-30,41592532000142,2460692.13,1,1,1,MERITO DISTRIBUIDORA DE TITULOS E VALORES MOBILIARIOS LTDA.,46,828626838382.39,2.96960225763826e-06
Classe,2025-06-30,07397614000106,146610.9,1,1,1,SICOOB DISTRIBUIDORA DE TÍTULOS E VALORES MOBILIÁRIOS LTDA.,47,828626838382.39,1.7693235749666e-07
Classe,2025-06-30,33775974000104,29526.93,1,1,1,ATIVA INVESTIMENTOS S.A. C.T.C.V.,48,828626838382.39,3.56335670440523e-08
Classe,2025-07-31,59281253000123,114738591302.12,353,353,1,BTG PACTUAL SERVIÇOS FINANCEIROS S/A DTVM,1,857875787429.78,0.133747324476752
Classe,2025-07-31,62285390000140,106885347953.38,778,778,1,QI CORRETORA DE TÍTULOS E VALORES MOBILIÁRIOS S.A.,2,857875787429.78,0.124593034935292
Classe,2025-07-31,36113876000191,81118635224.57,128,128,1,OLIVEIRA TRUST DTVM S.A.,3,857875787429.78,0.0945575529851515
Classe,2025-07-31,34829992000186,77783434930.75,233,233,1,CBSF DISTRIBUIDORA DE TITULOS E VALORES MOBILIARIOS S.A. - EM LIQUIDAÇÃO EXTRAJUDICIAL,4,857875787429.78,0.0906698103274267
Classe,2025-07-31,30822936000169,77250134881.44,2,2,1,BB GESTAO DE RECURSOS DTVM S.A,5,857875787429.78,0.0900481585019244
Classe,2025-07-31,62232889000190,47152131567.13,293,293,1,BANCO DAYCOVAL S.A.,6,857875787429.78,0.0549638214040276
Classe,2025-07-31,62418140000131,43407190947.4,22,22,1,INTRAG DTVM LTDA.,7,857875787429.78,0.0505984567736189
Classe,2025-07-31,45246410000155,38380309978.23,85,85,1,BANCO GENIAL S.A.,8,857875787429.78,0.0447387728393856
Classe,2025-07-31,00066670000100,36844396095.35,35,35,1,BEM - DISTRIBUIDORA DE TITULOS E VALORES MOBILIARIOS LTDA.,9,857875787429.78,0.0429484042273029
Classe,2025-07-31,02671743000119,18428234945.07,101,101,1,BANVOX DISTRIBUIDORA DE TITULOS E VALORES MOBILIARIOS LTDA,10,857875787429.78,0.0214812391433514
Classe,2025-07-31,13486793000142,17524251605.33,101,101,1,APEX GROUP DISTRIBUIDORA DE TÍTULOS E VALORES MOBILIÁRIOS S.A.,11,857875787429.78,0.0204274929565656
Classe,2025-07-31,39669186000101,17282962029.3,101,101,1,HEMERA DISTRIBUIDORA DE TITULOS E VALORES MOBILIARIOS LTDA,12,857875787429.78,0.0201462289559194
Classe,2025-07-31,03317692000194,14767667210.02,68,68,1,FINAXIS CORRETORA DE TÍTULOS E VALORES MOBILIÁRIOS S.A.,13,857875787429.78,0.0172142254466283
Classe,2025-07-31,00329598000167,13505426005.28,23,23,1,SEFER INVESTIMENTOS DISTRIBUIDORA DE TÍTULOS E VALORES MOBILIÁRIOS LTDA.,14,857875787429.78,0.0157428688432187
Classe,2025-07-31,67030395000146,13427993196.82,80,80,1,TRUSTEE DISTRIBUIDORA DE TITULOS E VALORES MOBILIARIOS LTDA.,15,857875787429.78,0.0156526077476212
Classe,2025-07-31,22610500000188,12475210376.15,121,121,1,VORTX DISTRIBUIDORA DE TITULOS E VALORES MOBILIARIOS LTDA.,16,857875787429.78,0.0145419774738323
Classe,2025-07-31,02332886000104,11947444825.2,30,30,1,XP INVESTIMENTOS CCTVM S.A.,17,857875787429.78,0.0139267770465872
Classe,2025-07-31,36864992000142,11787206252.64,43,43,1,APEX DISTRIBUIDORA DE TÍTULOS E VALORES MOBILIÁRIOS S.A.,18,857875787429.78,0.0137399917626243
Classe,2025-07-31,02201501000161,11236189903.42,45,45,1,BNY MELLON SERVICOS FINANCEIROS DTVM S.A.,19,857875787429.78,0.0130976885792335
Classe,2025-07-31,24361690000172,8018192998.85,110,110,1,LIMINE TRUST DISTRIBUIDORA DE TITULOS E VALORES MOBILIARIOS S.A.,20,857875787429.78,0.00934656638681077
Classe,2025-07-31,62318407000119,7729313400.38,14,14,1,S3 CACEIS BRASIL DISTRIBUIDORA DE TITULOS E VALORES MOBILIARIOS S.A,21,857875787429.78,0.00900982812854206
Classe,2025-07-31,37678915000160,6714490160.48,43,43,1,FIDD DISTRIBUIDORA DE TITULOS E VALORES MOBILIARIOS LTDA.,22,857875787429.78,0.00782687920426896
Classe,2025-07-31,46955383000152,6243329159.45,25,25,1,QI DISTRIBUIDORA DE TITULOS E VALORES MOBILIARIOS LTDA.,23,857875787429.78,0.00727766099816757
Classe,2025-07-31,48967968000118,6136276283.56,16,16,1,VERT DISTRIBUIDORA DE TÍTULOS E VALORES MOBILIÁRIOS LTDA.,24,857875787429.78,0.0071528726809559
Classe,2025-07-31,16695922000109,6056767478.13,110,110,1,ID CORRETORA DE TITULOS E VALORES MOBILIARIOS S.A.,25,857875787429.78,0.00706019165813765
Classe,2025-07-31,27652684000162,5892894788.8,41,41,1,GENIAL INVESTIMENTOS CORRETORA DE VALORES MOBILIÁRIOS S.A.,26,857875787429.78,0.00686917019357229
Classe,2025-07-31,11758741000152,5574729959.73,17,17,1,BANCO FINAXIS S.A.,27,857875787429.78,0.00649829502291007
Classe,2025-07-31,00806535000154,5385127358.15,112,112,1,PLANNER CORRETORA DE VALORES S.A.,28,857875787429.78,0.00627728097360574
Classe,2025-07-31,42066258000130,5282508745.38,12,12,1,RJI CORRETORA DE TÍTULOS E VALORES MOBILIÁRIOS LTDA.,29,857875787429.78,0.00615766154352782
Classe,2025-07-31,03017677000120,5206501439.74,16,16,1,BANCO J. SAFRA S.A.,30,857875787429.78,0.00606906211368761
Classe,2025-07-31,47215387000167,4787542746.48,54,54,1,CATÁLISE DISTRIBUIDORA DE TITULOS E VALORES MOBILIARIOS LTDA.,31,857875787429.78,0.00558069456747767
Classe,2025-07-31,33886862000112,4423068132.98,62,62,1,"MASTER S/A CORRETORA DE CAMBIO, TITULOS E VALORES MOBILIARIOS",32,857875787429.78,0.00515583747413088
Classe,2025-07-31,36266751000100,3404137203.97,13,13,1,FINVEST DISTRIBUIDORA DE TÍTULOS E VALORES MOBILIÁRIOS LTDA.,33,857875787429.78,0.00396810034022395
Classe,2025-07-31,13673855000125,2460660088.46,20,20,1,OSLO CAPITAL DISTRIBUIDORA DE TITULOS E VALORES MOBILIARIOS S.A.,34,857875787429.78,0.002868317447019
Classe,2025-07-31,12063256000127,2256994068.92,56,56,1,MONETAR DISTRIBUIDORA DE TITULOS E VALORES MOBILIARIOS LTDA.,35,857875787429.78,0.00263091009443455
Classe,2025-07-31,00360305000104,1566461749.87,4,4,1,CAIXA ECONOMICA FEDERAL,36,857875787429.78,0.00182597734173518
Classe,2025-07-31,40434681000110,1551251939.33,67,67,1,AZUMI DISTRIBUIDORA DE TÍTULOS E VALORES MOBILIÁRIOS LTDA.,37,857875787429.78,0.00180824772310872
Classe,2025-07-31,44782130000107,1358000589.17,41,41,1,ACTUAL DISTRIBUIDORA DE TITULOS E VALORES MOBILIARIOS S.A.,38,857875787429.78,0.00158298043734118
Classe,2025-07-31,18945670000146,727886103.34,5,5,1,INTER DISTRIBUIDORA DE TÍTULOS E VALORES MOBILIÁRIOS,39,857875787429.78,0.00084847493542249
Classe,2025-07-31,15489568000195,358960988.21,16,16,1,INTRA INVESTIMENTOS DTVM LTDA,40,857875787429.78,0.000418430026199314
Classe,2025-07-31,71590442000183,333280488.1,5,5,1,LASTRO RDV DTVM LTDA,41,857875787429.78,0.000388495039705594
Classe,2025-07-31,45854066000187,285246470.49,14,14,1,WNT CAPITAL DISTRIBUIDORA DE TITULOS E VALORES MOBILIARIOS S.A.,42,857875787429.78,0.000332503230269042
Classe,2025-07-31,07253654000176,94080020.04,1,1,1,HEDGE INVESTMENTS DISTRIBUIDORA DE TÍTULOS E VALORES MOBILIÁRIOS LTDA.,43,857875787429.78,0.00010966624937844
Classe,2025-07-31,01522368000182,67041763.53,1,1,1,BANCO BNP PARIBAS BRASIL S/A,44,857875787429.78,7.8148567091349e-05
Classe,2025-07-31,40768766000135,15465103.71,1,1,1,LIONS TRUST DISTRIBUIDORA DE TÍTULOS E VALORES MOBILIÁRIOS LTDA.,45,857875787429.78,1.8027206195356e-05
Classe,2025-07-31,41592532000142,2516377.35,1,1,1,MERITO DISTRIBUIDORA DE TITULOS E VALORES MOBILIARIOS LTDA.,46,857875787429.78,2.93326538278827e-06
Classe,2025-07-31,33775974000104,160500.75,1,1,1,ATIVA INVESTIMENTOS S.A. C.T.C.V.,47,857875787429.78,1.87090896318294e-07
Classe,2025-07-31,07397614000106,142092.83,1,1,1,SICOOB DISTRIBUIDORA DE TÍTULOS E VALORES MOBILIÁRIOS LTDA.,48,857875787429.78,1.65633337695325e-07
Classe,2025-08-31,59281253000123,110316392248.57,372,372,1,BTG PACTUAL SERVIÇOS FINANCEIROS S/A DTVM,1,863078019514.82,0.127817404399413
Classe,2025-08-31,62285390000140,108913414847.65,778,778,1,QI CORRETORA DE TÍTULOS E VALORES MOBILIÁRIOS S.A.,2,863078019514.82,0.126191853326164
Classe,2025-08-31,36113876000191,82613882193.58,127,127,1,OLIVEIRA TRUST DTVM S.A.,3,863078019514.82,0.0957200627586617
Classe,2025-08-31,34829992000186,78115994847.4,224,224,1,CBSF DISTRIBUIDORA DE TITULOS E VALORES MOBILIARIOS S.A. - EM LIQUIDAÇÃO EXTRAJUDICIAL,4,863078019514.82,0.0905086134522496
Classe,2025-08-31,30822936000169,72344223991.94,2,2,1,BB GESTAO DE RECURSOS DTVM S.A,5,863078019514.82,0.0838211869103194
Classe,2025-08-31,62232889000190,48575306905.88,304,304,1,BANCO DAYCOVAL S.A.,6,863078019514.82,0.056281478391938
Classe,2025-08-31,62418140000131,44985727371.21,25,25,1,INTRAG DTVM LTDA.,7,863078019514.82,0.0521224343037942
Classe,2025-08-31,45246410000155,38824224196.48,84,84,1,BANCO GENIAL S.A.,8,863078019514.82,0.0449834468247785
Classe,2025-08-31,00066670000100,38253977194.45,37,37,1,BEM - DISTRIBUIDORA DE TITULOS E VALORES MOBILIARIOS LTDA.,9,863078019514.82,0.044322733668915
Classe,2025-08-31,02671743000119,18139596115.21,99,99,1,BANVOX DISTRIBUIDORA DE TITULOS E VALORES MOBILIARIOS LTDA,10,863078019514.82,0.0210173306526879
Classe,2025-08-31,13486793000142,18069785732.89,106,106,1,APEX GROUP DISTRIBUIDORA DE TÍTULOS E VALORES MOBILIÁRIOS S.A.,11,863078019514.82,0.020936445285732
Classe,2025-08-31,39669186000101,17170457793.1,102,102,1,HEMERA DISTRIBUIDORA DE TITULOS E VALORES MOBILIARIOS LTDA,12,863078019514.82,0.0198944445401963
Classe,2025-08-31,03317692000194,15016826267.3,70,70,1,FINAXIS CORRETORA DE TÍTULOS E VALORES MOBILIÁRIOS S.A.,13,863078019514.82,0.0173991527159291
Classe,2025-08-31,00329598000167,13556931309.05,23,23,1,SEFER INVESTIMENTOS DISTRIBUIDORA DE TÍTULOS E VALORES MOBILIÁRIOS LTDA.,14,863078019514.82,0.0157076544675197
Classe,2025-08-31,67030395000146,13518081242.14,81,81,1,TRUSTEE DISTRIBUIDORA DE TITULOS E VALORES MOBILIARIOS LTDA.,15,863078019514.82,0.015662641078195
Classe,2025-08-31,22610500000188,12966162211.89,127,127,1,VORTX DISTRIBUIDORA DE TITULOS E VALORES MOBILIARIOS LTDA.,16,863078019514.82,0.0150231635132812
Classe,2025-08-31,02332886000104,12272329372.14,31,31,1,XP INVESTIMENTOS CCTVM S.A.,17,863078019514.82,0.0142192583922354
Classe,2025-08-31,36864992000142,12067223174.82,43,43,1,APEX DISTRIBUIDORA DE TÍTULOS E VALORES MOBILIÁRIOS S.A.,18,863078019514.82,0.0139816133674724
Classe,2025-08-31,02201501000161,11434719646.96,46,46,1,BNY MELLON SERVICOS FINANCEIROS DTVM S.A.,19,863078019514.82,0.0132487670736743
Classe,2025-08-31,24361690000172,8614770715.64,113,113,1,LIMINE TRUST DISTRIBUIDORA DE TITULOS E VALORES MOBILIARIOS S.A.,20,863078019514.82,0.00998145071575661
Classe,2025-08-31,62318407000119,7753447896.81,14,14,1,S3 CACEIS BRASIL DISTRIBUIDORA DE TITULOS E VALORES MOBILIARIOS S.A,21,863078019514.82,0.00898348436815551
Classe,2025-08-31,37678915000160,7025151980.13,46,46,1,FIDD DISTRIBUIDORA DE TITULOS E VALORES MOBILIARIOS LTDA.,22,863078019514.82,0.00813964881654523
Classe,2025-08-31,16695922000109,6950960038.62,121,121,1,ID CORRETORA DE TITULOS E VALORES MOBILIARIOS S.A.,23,863078019514.82,0.00805368678318038
Classe,2025-08-31,46955383000152,6752092614.4,26,26,1,QI DISTRIBUIDORA DE TITULOS E VALORES MOBILIARIOS LTDA.,24,863078019514.82,0.00782327027421657
Classe,2025-08-31,48967968000118,6462185004.33,17,17,1,VERT DISTRIBUIDORA DE TÍTULOS E VALORES MOBILIÁRIOS LTDA.,25,863078019514.82,0.00748737061796884
Classe,2025-08-31,27652684000162,6180167836.49,46,46,1,GENIAL INVESTIMENTOS CORRETORA DE VALORES MOBILIÁRIOS S.A.,26,863078019514.82,0.00716061317372465
Classe,2025-08-31,11758741000152,5655693851.99,17,17,1,BANCO FINAXIS S.A.,27,863078019514.82,0.00655293464102973
Classe,2025-08-31,00806535000154,5532026700.71,115,115,1,PLANNER CORRETORA DE VALORES S.A.,28,863078019514.82,0.0064096484623949
Classe,2025-08-31,42066258000130,5269764231.21,12,12,1,RJI CORRETORA DE TÍTULOS E VALORES MOBILIÁRIOS LTDA.,29,863078019514.82,0.00610577967698958
Classe,2025-08-31,03017677000120,5242053778.26,16,16,1,BANCO J. SAFRA S.A.,30,863078019514.82,0.00607367313236273
Classe,2025-08-31,47215387000167,4954387948.46,55,55,1,CATÁLISE DISTRIBUIDORA DE TITULOS E VALORES MOBILIARIOS LTDA.,31,863078019514.82,0.0057403709009356
Classe,2025-08-31,33886862000112,4336249740.04,60,60,1,"MASTER S/A CORRETORA DE CAMBIO, TITULOS E VALORES MOBILIARIOS",32,863078019514.82,0.00502416889550452
Classe,2025-08-31,36266751000100,3701681764.91,15,15,1,FINVEST DISTRIBUIDORA DE TÍTULOS E VALORES MOBILIÁRIOS LTDA.,33,863078019514.82,0.00428893064266763
Classe,2025-08-31,12063256000127,2507601702.07,61,61,1,MONETAR DISTRIBUIDORA DE TITULOS E VALORES MOBILIARIOS LTDA.,34,863078019514.82,0.00290541717593463
Classe,2025-08-31,13673855000125,2467500964.39,20,20,1,OSLO CAPITAL DISTRIBUIDORA DE TITULOS E VALORES MOBILIARIOS S.A.,35,863078019514.82,0.00285895470467097
Classe,2025-08-31,40434681000110,1631528069.7,69,69,1,AZUMI DISTRIBUIDORA DE TÍTULOS E VALORES MOBILIÁRIOS LTDA.,36,863078019514.82,0.00189035988961596
Classe,2025-08-31,00360305000104,1566750180.32,4,4,1,CAIXA ECONOMICA FEDERAL,37,863078019514.82,0.00181530538942557
Classe,2025-08-31,44782130000107,1371327973.64,41,41,1,ACTUAL DISTRIBUIDORA DE TITULOS E VALORES MOBILIARIOS S.A.,38,863078019514.82,0.0015888806604192
Classe,2025-08-31,18945670000146,735530681.21,5,5,1,INTER DISTRIBUIDORA DE TÍTULOS E VALORES MOBILIÁRIOS,39,863078019514.82,0.000852218066709055
Classe,2025-08-31,15489568000195,348979134.58,16,16,1,INTRA INVESTIMENTOS DTVM LTDA,40,863078019514.82,0.000404342512136016
Classe,2025-08-31,71590442000183,345932647.18,5,5,1,LASTRO RDV DTVM LTDA,41,863078019514.82,0.000400812718384911
Classe,2025-08-31,45854066000187,328440814.25,15,15,1,WNT CAPITAL DISTRIBUIDORA DE TITULOS E VALORES MOBILIARIOS S.A.,42,863078019514.82,0.000380545914533466
Classe,2025-08-31,07253654000176,99853748.16,1,1,1,HEDGE INVESTMENTS DISTRIBUIDORA DE TÍTULOS E VALORES MOBILIÁRIOS LTDA.,43,863078019514.82,0.000115694926648848
Classe,2025-08-31,01522368000182,68179671.83,1,1,1,BANCO BNP PARIBAS BRASIL S/A,44,863078019514.82,7.8995954349906e-05
Classe,2025-08-31,40768766000135,16509513.23,1,1,1,LIONS TRUST DISTRIBUIDORA DE TÍTULOS E VALORES MOBILIÁRIOS LTDA.,45,863078019514.82,1.91286452171275e-05
Classe,2025-08-31,41592532000142,3720646.6,2,2,1,MERITO DISTRIBUIDORA DE TITULOS E VALORES MOBILIARIOS LTDA.,46,863078019514.82,4.31090413134558e-06
Classe,2025-08-31,07397614000106,136788.95,1,1,1,SICOOB DISTRIBUIDORA DE TÍTULOS E VALORES MOBILIÁRIOS LTDA.,47,863078019514.82,1.58489669423972e-07
Classe,2025-08-31,33775974000104,136214.05,1,1,1,ATIVA INVESTIMENTOS S.A. C.T.C.V.,48,863078019514.82,1.57823565100839e-07
Classe,2025-09-30,59281253000123,114856758352.57,378,378,1,BTG PACTUAL SERVIÇOS FINANCEIROS S/A DTVM,1,877356789520.25,0.130912257959929
Classe,2025-09-30,62285390000140,113628981310.92,781,781,1,QI CORRETORA DE TÍTULOS E VALORES MOBILIÁRIOS S.A.,2,877356789520.25,0.129512853457319
Classe,2025-09-30,36113876000191,84579215118.61,133,133,1,OLIVEIRA TRUST DTVM S.A.,3,877356789520.25,0.0964023030640237
Classe,2025-09-30,34829992000186,72422725451.72,209,209,1,CBSF DISTRIBUIDORA DE TITULOS E VALORES MOBILIARIOS S.A. - EM LIQUIDAÇÃO EXTRAJUDICIAL,4,877356789520.25,0.0825464922786107
Classe,2025-09-30,30822936000169,68419014776.23,2,2,1,BB GESTAO DE RECURSOS DTVM S.A,5,877356789520.25,0.0779831142740029
Classe,2025-09-30,62232889000190,48162814475.8,305,305,1,BANCO DAYCOVAL S.A.,6,877356789520.25,0.0548953573404681
Classe,2025-09-30,00066670000100,43589154848.51,37,37,1,BEM - DISTRIBUIDORA DE TITULOS E VALORES MOBILIARIOS LTDA.,7,877356789520.25,0.0496823588409741
Classe,2025-09-30,62418140000131,39845628701.55,28,28,1,INTRAG DTVM LTDA.,8,877356789520.25,0.0454155358201971
Classe,2025-09-30,45246410000155,38276215595.44,84,84,1,BANCO GENIAL S.A.,9,877356789520.25,0.0436267389192599
Classe,2025-09-30,13486793000142,18917859205.86,109,109,1,APEX GROUP DISTRIBUIDORA DE TÍTULOS E VALORES MOBILIÁRIOS S.A.,10,877356789520.25,0.0215623329434819
Classe,2025-09-30,39669186000101,17829848043.48,104,104,1,HEMERA DISTRIBUIDORA DE TITULOS E VALORES MOBILIARIOS LTDA,11,877356789520.25,0.020322231794923
Classe,2025-09-30,02671743000119,17813309108.63,101,101,1,BANVOX DISTRIBUIDORA DE TITULOS E VALORES MOBILIARIOS LTDA,12,877356789520.25,0.0203033809294056
Classe,2025-09-30,03317692000194,15195340012.02,69,69,1,FINAXIS CORRETORA DE TÍTULOS E VALORES MOBILIÁRIOS S.A.,13,877356789520.25,0.0173194533780596
Classe,2025-09-30,67030395000146,14640677010.43,81,81,1,TRUSTEE DISTRIBUIDORA DE TITULOS E VALORES MOBILIARIOS LTDA.,14,877356789520.25,0.0166872556128912
Classe,2025-09-30,02332886000104,13718003856.66,33,33,1,XP INVESTIMENTOS CCTVM S.A.,15,877356789520.25,0.0156356046029588
Classe,2025-09-30,00329598000167,12461870259.29,23,23,1,SEFER INVESTIMENTOS DISTRIBUIDORA DE TÍTULOS E VALORES MOBILIÁRIOS LTDA.,16,877356789520.25,0.0142038796623484
Classe,2025-09-30,36864992000142,12204343318.4,43,43,1,APEX DISTRIBUIDORA DE TÍTULOS E VALORES MOBILIÁRIOS S.A.,17,877356789520.25,0.0139103537627759
Classe,2025-09-30,16695922000109,12014890576.22,158,158,1,ID CORRETORA DE TITULOS E VALORES MOBILIARIOS S.A.,18,877356789520.25,0.0136944179605539
Classe,2025-09-30,22610500000188,11733755839.96,124,124,1,VORTX DISTRIBUIDORA DE TITULOS E VALORES MOBILIARIOS LTDA.,19,877356789520.25,0.0133739841990351
Classe,2025-09-30,02201501000161,11370426002.32,46,46,1,BNY MELLON SERVICOS FINANCEIROS DTVM S.A.,20,877356789520.25,0.0129598655166702
Classe,2025-09-30,24361690000172,8996529767.79,116,116,1,LIMINE TRUST DISTRIBUIDORA DE TITULOS E VALORES MOBILIARIOS S.A.,21,877356789520.25,0.0102541290786721
Classe,2025-09-30,62318407000119,8173486582.69,15,15,1,S3 CACEIS BRASIL DISTRIBUIDORA DE TITULOS E VALORES MOBILIARIOS S.A,22,877356789520.25,0.00931603502739104
Classe,2025-09-30,46955383000152,7664185859.7,24,24,1,QI DISTRIBUIDORA DE TITULOS E VALORES MOBILIARIOS LTDA.,23,877356789520.25,0.00873554060474175
Classe,2025-09-30,37678915000160,7563148005.86,56,56,1,FIDD DISTRIBUIDORA DE TITULOS E VALORES MOBILIARIOS LTDA.,24,877356789520.25,0.00862037895665642
Classe,2025-09-30,27652684000162,7093737408.48,48,48,1,GENIAL INVESTIMENTOS CORRETORA DE VALORES MOBILIÁRIOS S.A.,25,877356789520.25,0.00808535078683206
Classe,2025-09-30,48967968000118,6663167907.96,19,19,1,VERT DISTRIBUIDORA DE TÍTULOS E VALORES MOBILIÁRIOS LTDA.,26,877356789520.25,0.00759459320033701
Classe,2025-09-30,11758741000152,5697134959.14,17,17,1,BANCO FINAXIS S.A.,27,877356789520.25,0.00649352125291612
Classe,2025-09-30,00806535000154,5492464047.14,117,117,1,PLANNER CORRETORA DE VALORES S.A.,28,877356789520.25,0.00626023997619412
Classe,2025-09-30,03017677000120,5368796814.14,17,17,1,BANCO J. SAFRA S.A.,29,877356789520.25,0.00611928565239203
Classe,2025-09-30,42066258000130,5276661772.44,12,12,1,RJI CORRETORA DE TÍTULOS E VALORES MOBILIÁRIOS LTDA.,30,877356789520.25,0.00601427131523693
Classe,2025-09-30,47215387000167,5156310091.63,57,57,1,CATÁLISE DISTRIBUIDORA DE TITULOS E VALORES MOBILIARIOS LTDA.,31,877356789520.25,0.00587709601523633
Classe,2025-09-30,36266751000100,4103261657.59,18,18,1,FINVEST DISTRIBUIDORA DE TÍTULOS E VALORES MOBILIÁRIOS LTDA.,32,877356789520.25,0.0046768449353811
Classe,2025-09-30,33886862000112,4043294660.63,57,57,1,"MASTER S/A CORRETORA DE CAMBIO, TITULOS E VALORES MOBILIARIOS",33,877356789520.25,0.00460849532245704
Classe,2025-09-30,62264924000152,2706802080.11,5,5,1,QORE DISTRIBUIDORA DE TÍTULOS E VALORES MOBILIÁRIOS LTDA.,34,877356789520.25,0.00308517824497616
Classe,2025-09-30,13673855000125,2553723193.2,21,21,1,OSLO CAPITAL DISTRIBUIDORA DE TÍTULOS E VALORES MOBILIÁRIOS S.A.,35,877356789520.25,0.0029107008958082
Classe,2025-09-30,12063256000127,2508868722.63,62,62,1,MONETAR DISTRIBUIDORA DE TITULOS E VALORES MOBILIARIOS LTDA.,36,877356789520.25,0.00285957634635948
Classe,2025-09-30,40434681000110,1682700881.62,72,72,1,AZUMI DISTRIBUIDORA DE TÍTULOS E VALORES MOBILIÁRIOS LTDA.,37,877356789520.25,0.00191792085240501
Classe,2025-09-30,00360305000104,1565860977.26,4,4,1,CAIXA ECONOMICA FEDERAL,38,877356789520.25,0.00178474823009717
Classe,2025-09-30,44782130000107,1406484605.58,41,41,1,ACTUAL DISTRIBUIDORA DE TITULOS E VALORES MOBILIARIOS S.A.,39,877356789520.25,0.00160309308867272
Classe,2025-09-30,18945670000146,747122069.8,5,5,1,INTER DISTRIBUIDORA DE TÍTULOS E VALORES MOBILIÁRIOS,40,877356789520.25,0.000851560139186403
Classe,2025-09-30,15489568000195,500294748.81,17,17,1,INTRA INVESTIMENTOS DTVM LTDA,41,877356789520.25,0.000570229528950893
Classe,2025-09-30,71590442000183,357802351.78,5,5,1,LASTRO RDV DTVM LTDA,42,877356789520.25,0.000407818524976197
Classe,2025-09-30,45854066000187,332906530.55,13,13,1,WNT CAPITAL DISTRIBUIDORA DE TITULOS E VALORES MOBILIARIOS S.A.,43,877356789520.25,0.000379442587698031
Classe,2025-09-30,40768766000135,16399150.53,1,1,1,LIONS TRUST DISTRIBUIDORA DE TÍTULOS E VALORES MOBILIÁRIOS LTDA.,44,877356789520.25,1.86915411448144e-05
Classe,2025-09-30,41592532000142,3761721.53,2,2,1,MERITO DISTRIBUIDORA DE TITULOS E VALORES MOBILIARIOS LTDA.,45,877356789520.25,4.28756188466605e-06
Classe,2025-09-30,01522368000182,685915.32,1,1,1,BANCO BNP PARIBAS BRASIL S/A,46,877356789520.25,7.81797471898596e-07
Classe,2025-09-30,33775974000104,235271.12,1,1,1,ATIVA INVESTIMENTOS S.A. C.T.C.V.,47,877356789520.25,2.6815900077396e-07
Classe,2025-09-30,07397614000106,129900.6,1,1,1,SICOOB DISTRIBUIDORA DE TÍTULOS E VALORES MOBILIÁRIOS LTDA.,48,877356789520.25,1.48059035447861e-07
Classe,2025-10-31,59281253000123,118688904291.37,390,390,1,BTG PACTUAL SERVIÇOS FINANCEIROS S/A DTVM,1,889191502301.71,0.133479575529162
Classe,2025-10-31,62285390000140,117760759491.89,783,783,1,QI CORRETORA DE TÍTULOS E VALORES MOBILIÁRIOS S.A.,2,889191502301.71,0.132435767983681
Classe,2025-10-31,36113876000191,86314261076.73,133,133,1,OLIVEIRA TRUST DTVM S.A.,3,889191502301.71,0.0970704970226345
Classe,2025-10-31,34829992000186,73549149406.46,192,192,1,CBSF DISTRIBUIDORA DE TITULOS E VALORES MOBILIARIOS S.A. - EM LIQUIDAÇÃO EXTRAJUDICIAL,4,889191502301.71,0.0827146337049723
Classe,2025-10-31,30822936000169,66651438743.76,2,2,1,BB GESTAO DE RECURSOS DTVM S.A,5,889191502301.71,0.0749573500997591
Classe,2025-10-31,62232889000190,49276062380.48,315,315,1,BANCO DAYCOVAL S.A.,6,889191502301.71,0.0554167041103371
Classe,2025-10-31,00066670000100,46191530536.02,44,44,1,BEM - DISTRIBUIDORA DE TITULOS E VALORES MOBILIARIOS LTDA.,7,889191502301.71,0.0519477867438581
Classe,2025-10-31,45246410000155,38116624252.69,81,81,1,BANCO GENIAL S.A.,8,889191502301.71,0.0428666087721526
Classe,2025-10-31,62418140000131,28775417548.21,30,30,1,INTRAG DTVM LTDA.,9,889191502301.71,0.0323613276484577
Classe,2025-10-31,13486793000142,19227235246.15,112,112,1,APEX GROUP DISTRIBUIDORA DE TÍTULOS E VALORES MOBILIÁRIOS S.A.,10,889191502301.71,0.0216232782211475
Classe,2025-10-31,39669186000101,18483438873.21,110,110,1,HEMERA DISTRIBUIDORA DE TITULOS E VALORES MOBILIARIOS LTDA,11,889191502301.71,0.0207867920750084
Classe,2025-10-31,67030395000146,17979248737.69,81,81,1,TRUSTEE DISTRIBUIDORA DE TITULOS E VALORES MOBILIARIOS LTDA.,12,889191502301.71,0.0202197712091827
Classe,2025-10-31,02671743000119,16641801005.77,81,81,1,BANVOX DISTRIBUIDORA DE TITULOS E VALORES MOBILIARIOS LTDA,13,889191502301.71,0.018715654572375
Classe,2025-10-31,03317692000194,15559409719.41,69,69,1,FINAXIS CORRETORA DE TÍTULOS E VALORES MOBILIÁRIOS S.A.,14,889191502301.71,0.017498378784698
Classe,2025-10-31,02332886000104,14528333053.61,36,36,1,XP INVESTIMENTOS CCTVM S.A.,15,889191502301.71,0.0163388122985912
Classe,2025-10-31,16695922000109,13871352939.8,210,210,1,ID CORRETORA DE TITULOS E VALORES MOBILIARIOS S.A.,16,889191502301.71,0.0155999612050873
Classe,2025-10-31,22610500000188,12584286043.24,131,131,1,VORTX DISTRIBUIDORA DE TITULOS E VALORES MOBILIARIOS LTDA.,17,889191502301.71,0.0141525037190133
Classe,2025-10-31,36864992000142,12497801216.71,44,44,1,APEX DISTRIBUIDORA DE TÍTULOS E VALORES MOBILIÁRIOS S.A.,18,889191502301.71,0.0140552414011593
Classe,2025-10-31,00329598000167,12477641840.41,22,22,1,SEFER INVESTIMENTOS DISTRIBUIDORA DE TÍTULOS E VALORES MOBILIÁRIOS LTDA.,19,889191502301.71,0.0140325698211365
Classe,2025-10-31,02201501000161,11645234583.09,48,48,1,BNY MELLON SERVICOS FINANCEIROS DTVM S.A.,20,889191502301.71,0.0130964303560547
Classe,2025-10-31,24361690000172,9601672748.77,131,131,1,LIMINE TRUST DISTRIBUIDORA DE TITULOS E VALORES MOBILIARIOS S.A.,21,889191502301.71,0.010798205700252
Classe,2025-10-31,46955383000152,8590770833.6,24,24,1,QI DISTRIBUIDORA DE TITULOS E VALORES MOBILIARIOS LTDA.,22,889191502301.71,0.009661328084403
Classe,2025-10-31,62318407000119,8180106424.18,15,15,1,S3 CACEIS BRASIL DISTRIBUIDORA DE TITULOS E VALORES MOBILIARIOS S.A,23,889191502301.71,0.00919948785273526
Classe,2025-10-31,37678915000160,8093506822.87,67,67,1,FIDD DISTRIBUIDORA DE TITULOS E VALORES MOBILIARIOS LTDA.,24,889191502301.71,0.00910209645719692
Classe,2025-10-31,48967968000118,7041183750.76,21,21,1,VERT DISTRIBUIDORA DE TÍTULOS E VALORES MOBILIÁRIOS LTDA.,25,889191502301.71,0.0079186358984916
Classe,2025-10-31,27652684000162,6870523192.42,47,47,1,GENIAL INVESTIMENTOS CORRETORA DE VALORES MOBILIÁRIOS S.A.,26,889191502301.71,0.00772670811027249
Classe,2025-10-31,00806535000154,5862117489.1,125,125,1,PLANNER CORRETORA DE VALORES S.A.,27,889191502301.71,0.00659263777704315
Classe,2025-10-31,11758741000152,5790317294.77,17,17,1,BANCO FINAXIS S.A.,28,889191502301.71,0.00651189004818593
Classe,2025-10-31,03017677000120,5557609603.14,17,17,1,BANCO J. SAFRA S.A.,29,889191502301.71,0.00625018299067624
Classe,2025-10-31,42066258000130,5377956999.8,12,12,1,RJI CORRETORA DE TÍTULOS E VALORES MOBILIÁRIOS LTDA.,30,889191502301.71,0.00604814259456926
Classe,2025-10-31,47215387000167,5287656292.54,59,59,1,CATÁLISE DISTRIBUIDORA DE TITULOS E VALORES MOBILIARIOS LTDA.,31,889191502301.71,0.0059465888718602
Classe,2025-10-31,33886862000112,3974807052.25,56,56,1,"MASTER S/A CORRETORA DE CAMBIO, TITULOS E VALORES MOBILIARIOS",32,889191502301.71,0.00447013612024074
Classe,2025-10-31,36266751000100,3038138350.99,17,17,1,FINVEST DISTRIBUIDORA DE TÍTULOS E VALORES MOBILIÁRIOS LTDA.,33,889191502301.71,0.00341674244875896
Classe,2025-10-31,62264924000152,2903456700.12,8,8,1,QORE DISTRIBUIDORA DE TÍTULOS E VALORES MOBILIÁRIOS LTDA.,34,889191502301.71,0.00326527715638789
Classe,2025-10-31,12063256000127,2744168812.21,70,70,1,MONETAR DISTRIBUIDORA DE TITULOS E VALORES MOBILIARIOS LTDA.,35,889191502301.71,0.00308613926820781
Classe,2025-10-31,13673855000125,2560991278.59,22,22,1,OSLO CAPITAL DISTRIBUIDORA DE TÍTULOS E VALORES MOBILIÁRIOS S.A.,36,889191502301.71,0.0028801346751074
Classe,2025-10-31,40434681000110,1679040760.77,72,72,1,AZUMI DISTRIBUIDORA DE TÍTULOS E VALORES MOBILIÁRIOS LTDA.,37,889191502301.71,0.00188827801033156
Classe,2025-10-31,00360305000104,1561760523.23,4,4,1,CAIXA ECONOMICA FEDERAL,38,889191502301.71,0.00175638264556883
Classe,2025-10-31,44782130000107,1413455545.73,43,43,1,ACTUAL DISTRIBUIDORA DE TITULOS E VALORES MOBILIARIOS S.A.,39,889191502301.71,0.00158959632663066
Classe,2025-10-31,18945670000146,760910562.54,5,5,1,INTER DISTRIBUIDORA DE TÍTULOS E VALORES MOBILIÁRIOS,40,889191502301.71,0.000855733057019046
Classe,2025-10-31,15489568000195,500355195.67,17,17,1,INTRA INVESTIMENTOS DTVM LTDA,41,889191502301.71,0.000562708026757801
Classe,2025-10-31,45854066000187,406220085.93,18,18,1,WNT CAPITAL DISTRIBUIDORA DE TITULOS E VALORES MOBILIARIOS S.A.,42,889191502301.71,0.000456842069316319
Classe,2025-10-31,71590442000183,373726255.05,5,5,1,LASTRO RDV DTVM LTDA,43,889191502301.71,0.000420298950319019
Classe,2025-10-31,34978626000199,99381019.2,1,1,1,INTEGRAL ACCESS DISTRIBUIDORA DE TÍTULOS E VALORES MOBILIÁRIOS LTDA.,44,889191502301.71,0.000111765597110125
Classe,2025-10-31,01522368000182,69574846.1,1,1,1,BANCO BNP PARIBAS BRASIL S/A,45,889191502301.71,7.82450641058788e-05
Classe,2025-10-31,40768766000135,28075213.1,1,1,1,LIONS TRUST DISTRIBUIDORA DE TÍTULOS E VALORES MOBILIÁRIOS LTDA.,46,889191502301.71,3.15738657278282e-05
Classe,2025-10-31,41592532000142,3801033.47,2,2,1,MERITO DISTRIBUIDORA DE TITULOS E VALORES MOBILIARIOS LTDA.,47,889191502301.71,4.27470737199002e-06
Classe,2025-10-31,33775974000104,161555.62,1,1,1,ATIVA INVESTIMENTOS S.A. C.T.C.V.,48,889191502301.71,1.81688218546631e-07
Classe,2025-10-31,07397614000106,125072.49,1,1,1,SICOOB DISTRIBUIDORA DE TÍTULOS E VALORES MOBILIÁRIOS LTDA.,49,889191502301.71,1.40658665401373e-07
Classe,2025-11-30,34829992000186,74144063457.22,181,181,1,CBSF DISTRIBUIDORA DE TITULOS E VALORES MOBILIARIOS S.A. - EM LIQUIDAÇÃO EXTRAJUDICIAL,1,399721721295.37,0.185489202880801
Classe,2025-11-30,30822936000169,61671108742.61,2,2,1,BB GESTAO DE RECURSOS DTVM S.A,2,399721721295.37,0.154285107506176
Classe,2025-11-30,62285390000140,30877527337.07,170,170,1,QI CORRETORA DE TÍTULOS E VALORES MOBILIÁRIOS S.A.,3,399721721295.37,0.0772475592194636
Classe,2025-11-30,39669186000101,20820759542.73,115,115,1,HEMERA DISTRIBUIDORA DE TITULOS E VALORES MOBILIARIOS LTDA,4,399721721295.37,0.0520881364046382
Classe,2025-11-30,59281253000123,20070966426.27,12,12,1,BTG PACTUAL SERVIÇOS FINANCEIROS S/A DTVM,5,399721721295.37,0.0502123486340108
Classe,2025-11-30,13486793000142,19298293154.38,114,114,1,APEX GROUP DISTRIBUIDORA DE TÍTULOS E VALORES MOBILIÁRIOS S.A.,6,399721721295.37,0.0482793206529793
Classe,2025-11-30,03317692000194,15697440525.01,69,69,1,FINAXIS CORRETORA DE TÍTULOS E VALORES MOBILIÁRIOS S.A.,7,399721721295.37,0.0392709219657606
Classe,2025-11-30,16695922000109,14364392650.98,231,231,1,ID CORRETORA DE TITULOS E VALORES MOBILIARIOS S.A.,8,399721721295.37,0.0359359821738724
Classe,2025-11-30,67030395000146,13604974613.06,66,66,1,TRUSTEE DISTRIBUIDORA DE TITULOS E VALORES MOBILIARIOS LTDA.,9,399721721295.37,0.0340361153478741
Classe,2025-11-30,00329598000167,12704775662.03,26,26,1,SEFER INVESTIMENTOS DISTRIBUIDORA DE TÍTULOS E VALORES MOBILIÁRIOS LTDA.,10,399721721295.37,0.0317840512165761
Classe,2025-11-30,36864992000142,12648184689.56,44,44,1,APEX DISTRIBUIDORA DE TÍTULOS E VALORES MOBILIÁRIOS S.A.,11,399721721295.37,0.0316424752914885
Classe,2025-11-30,62232889000190,10558392297.69,34,34,1,BANCO DAYCOVAL S.A.,12,399721721295.37,0.0264143571269373
Classe,2025-11-30,24361690000172,10381882705.61,137,137,1,LIMINE TRUST DISTRIBUIDORA DE TITULOS E VALORES MOBILIARIOS S.A.,13,399721721295.37,0.0259727759401357
Classe,2025-11-30,62418140000131,9111630085.04,4,4,1,INTRAG DTVM LTDA.,14,399721721295.37,0.0227949335740678
Classe,2025-11-30,37678915000160,8771234795.75,73,73,1,FIDD DISTRIBUIDORA DE TITULOS E VALORES MOBILIARIOS LTDA.,15,399721721295.37,0.0219433529089318
Classe,2025-11-30,62318407000119,8511134323.99,15,15,1,S3 CACEIS BRASIL DISTRIBUIDORA DE TITULOS E VALORES MOBILIARIOS S.A,16,399721721295.37,0.0212926490369554
Classe,2025-11-30,02671743000119,8241400942.95,77,77,1,BANVOX DISTRIBUIDORA DE TITULOS E VALORES MOBILIARIOS LTDA,17,399721721295.37,0.0206178461261556
Classe,2025-11-30,48967968000118,7523346534.79,24,24,1,VERT DISTRIBUIDORA DE TÍTULOS E VALORES MOBILIÁRIOS LTDA.,18,399721721295.37,0.0188214603659997
Classe,2025-11-30,42066258000130,5379271480.28,12,12,1,RJI CORRETORA DE TÍTULOS E VALORES MOBILIÁRIOS LTDA.,19,399721721295.37,0.0134575410684401
Classe,2025-11-30,11758741000152,5068904541.87,17,17,1,BANCO FINAXIS S.A.,20,399721721295.37,0.0126810835434294
Classe,2025-11-30,62264924000152,4363821438.23,12,12,1,QORE DISTRIBUIDORA DE TÍTULOS E VALORES MOBILIÁRIOS LTDA.,21,399721721295.37,0.0109171486205159
Classe,2025-11-30,22610500000188,3281411648.07,46,46,1,VORTX DISTRIBUIDORA DE TITULOS E VALORES MOBILIARIOS LTDA.,22,399721721295.37,0.00820924026204029
Classe,2025-11-30,36266751000100,3251917004.76,22,22,1,FINVEST DISTRIBUIDORA DE TÍTULOS E VALORES MOBILIÁRIOS LTDA.,23,399721721295.37,0.00813545231973279
Classe,2025-11-30,12063256000127,2914140634.03,72,72,1,MONETAR DISTRIBUIDORA DE TITULOS E VALORES MOBILIARIOS LTDA.,24,399721721295.37,0.00729042350910079
Classe,2025-11-30,33886862000112,2837864939.33,45,45,1,"MASTER S/A CORRETORA DE CAMBIO, TITULOS E VALORES MOBILIARIOS",25,399721721295.37,0.00709960151810962
Classe,2025-11-30,03017677000120,2741305115.86,3,3,1,BANCO J. SAFRA S.A.,26,399721721295.37,0.00685803390162613
Classe,2025-11-30,02332886000104,1820011393.05,5,5,1,XP INVESTIMENTOS CCTVM S.A.,27,399721721295.37,0.00455319612642497
Classe,2025-11-30,40434681000110,1702123016.03,74,74,1,AZUMI DISTRIBUIDORA DE TÍTULOS E VALORES MOBILIÁRIOS LTDA.,28,399721721295.37,0.0042582700047272
Classe,2025-11-30,44782130000107,1684346904,48,48,1,ACTUAL DISTRIBUIDORA DE TITULOS E VALORES MOBILIARIOS S.A.,29,399721721295.37,0.00421379878616947
Classe,2025-11-30,00806535000154,1153286372.61,9,9,1,PLANNER CORRETORA DE VALORES S.A.,30,399721721295.37,0.00288522317194214
Classe,2025-11-30,47215387000167,957521949.69,4,4,1,CATÁLISE DISTRIBUIDORA DE TITULOS E VALORES MOBILIARIOS LTDA.,31,399721721295.37,0.00239547139591759
Classe,2025-11-30,18945670000146,763562757.69,5,5,1,INTER DISTRIBUIDORA DE TÍTULOS E VALORES MOBILIÁRIOS,32,399721721295.37,0.00191023583911211
Classe,2025-11-30,15489568000195,501453636.18,17,17,1,INTRA INVESTIMENTOS DTVM LTDA,33,399721721295.37,0.00125450684680069
Classe,2025-11-30,45854066000187,413636261.08,19,19,1,WNT CAPITAL DISTRIBUIDORA DE TITULOS E VALORES MOBILIARIOS S.A.,34,399721721295.37,0.00103481056706035
Classe,2025-11-30,71590442000183,381470099.15,5,5,1,LASTRO RDV DTVM LTDA,35,399721721295.37,0.000954339178550962
Classe,2025-11-30,27652684000162,335412582.82,5,5,1,GENIAL INVESTIMENTOS CORRETORA DE VALORES MOBILIÁRIOS S.A.,36,399721721295.37,0.00083911522679587
Classe,2025-11-30,00360305000104,322219589.02,2,2,1,CAIXA ECONOMICA FEDERAL,37,399721721295.37,0.000806109780513777
Classe,2025-11-30,13673855000125,274019553.17,1,1,1,OSLO CAPITAL DISTRIBUIDORA DE TÍTULOS E VALORES MOBILIÁRIOS S.A.,38,399721721295.37,0.000685525801004735
Classe,2025-11-30,45246410000155,246137298.91,6,6,1,BANCO GENIAL S.A.,39,399721721295.37,0.000615771637609154
Classe,2025-11-30,34978626000199,203712999.69,2,2,1,INTEGRAL ACCESS DISTRIBUIDORA DE TÍTULOS E VALORES MOBILIÁRIOS LTDA.,40,399721721295.37,0.000509637052071705
Classe,2025-11-30,01522368000182,70683950.75,1,1,1,BANCO BNP PARIBAS BRASIL S/A,41,399721721295.37,0.00017683289895014
Classe,2025-11-30,40768766000135,37465848.61,2,2,1,LIONS TRUST DISTRIBUIDORA DE TÍTULOS E VALORES MOBILIÁRIOS LTDA.,42,399721721295.37,9.37298290635425e-05
Classe,2025-11-30,41592532000142,14337628.64,3,3,1,MERITO DISTRIBUIDORA DE TITULOS E VALORES MOBILIARIOS LTDA.,43,399721721295.37,3.58690255649264e-05
Classe,2025-11-30,07397614000106,118604.95,1,1,1,SICOOB DISTRIBUIDORA DE TÍTULOS E VALORES MOBILIÁRIOS LTDA.,44,399721721295.37,2.96718801309169e-07
Classe,2025-11-30,33775974000104,55560.16,1,1,1,ATIVA INVESTIMENTOS S.A. C.T.C.V.,45,399721721295.37,1.38997099832222e-07
Classe,2025-11-30,36113876000191,0,1,1,1,OLIVEIRA TRUST DTVM S.A.,46,399721721295.37,0
Classe,2025-12-31,34829992000186,82602157015.25,151,151,1,CBSF DISTRIBUIDORA DE TITULOS E VALORES MOBILIARIOS S.A. - EM LIQUIDAÇÃO EXTRAJUDICIAL,1,456122721633.7,0.181096343368716
Classe,2025-12-31,30822936000169,61570059894.57,2,2,1,BB GESTAO DE RECURSOS DTVM S.A,2,456122721633.7,0.134985732949334
Classe,2025-12-31,62285390000140,58112296656.06,265,265,1,QI CORRETORA DE TÍTULOS E VALORES MOBILIÁRIOS S.A.,3,456122721633.7,0.127404959016114
Classe,2025-12-31,62232889000190,31172447035.08,170,170,1,BANCO DAYCOVAL S.A.,4,456122721633.7,0.0683422367634511
Classe,2025-12-31,39669186000101,21505878321.76,119,119,1,HEMERA DISTRIBUIDORA DE TITULOS E VALORES MOBILIARIOS LTDA,5,456122721633.7,0.0471493247359661
Classe,2025-12-31,13486793000142,20344575375.4,103,103,1,APEX GROUP DISTRIBUIDORA DE TÍTULOS E VALORES MOBILIÁRIOS S.A.,6,456122721633.7,0.0446032929526764
Classe,2025-12-31,03317692000194,16361121682.13,69,69,1,FINAXIS CORRETORA DE TÍTULOS E VALORES MOBILIÁRIOS S.A.,7,456122721633.7,0.0358699992482926
Classe,2025-12-31,16695922000109,15260498030.8,248,248,1,ID CORRETORA DE TITULOS E VALORES MOBILIARIOS S.A.,8,456122721633.7,0.0334570002918103
Classe,2025-12-31,67030395000146,14104289489.04,57,57,1,TRUSTEE DISTRIBUIDORA DE TITULOS E VALORES MOBILIARIOS LTDA.,9,456122721633.7,0.030922137442578
Classe,2025-12-31,24361690000172,11890846775.24,152,152,1,LIMINE TRUST DISTRIBUIDORA DE TITULOS E VALORES MOBILIARIOS S.A.,10,456122721633.7,0.0260694024026043
Classe,2025-12-31,22610500000188,11221422932.41,96,96,1,VORTX DISTRIBUIDORA DE TITULOS E VALORES MOBILIARIOS LTDA.,11,456122721633.7,0.0246017626401467
Classe,2025-12-31,48967968000118,11124343801.22,35,35,1,VERT DISTRIBUIDORA DE TÍTULOS E VALORES MOBILIÁRIOS LTDA.,12,456122721633.7,0.0243889270882534
Classe,2025-12-31,62418140000131,10458747940.04,7,7,1,INTRAG DTVM LTDA.,13,456122721633.7,0.0229296797637701
Classe,2025-12-31,00329598000167,10274973820.1,27,27,1,SEFER INVESTIMENTOS DISTRIBUIDORA DE TÍTULOS E VALORES MOBILIÁRIOS LTDA.,14,456122721633.7,0.022526774775214
Classe,2025-12-31,37678915000160,9453372332.89,80,80,1,FIDD DISTRIBUIDORA DE TITULOS E VALORES MOBILIARIOS LTDA.,15,456122721633.7,0.02072550189789
Classe,2025-12-31,62318407000119,9179292815.52,13,13,1,S3 CACEIS BRASIL DISTRIBUIDORA DE TITULOS E VALORES MOBILIARIOS S.A,16,456122721633.7,0.0201246120400282
Classe,2025-12-31,45246410000155,7938310266.62,21,21,1,BANCO GENIAL S.A.,17,456122721633.7,0.0174038912996644
Classe,2025-12-31,02671743000119,7412376489.96,68,68,1,BANVOX DISTRIBUIDORA DE TITULOS E VALORES MOBILIARIOS LTDA,18,456122721633.7,0.0162508380714098
Classe,2025-12-31,36864992000142,6631484713.5,36,36,1,APEX DISTRIBUIDORA DE TÍTULOS E VALORES MOBILIÁRIOS S.A.,19,456122721633.7,0.0145388168555777
Classe,2025-12-31,42066258000130,5355350844.66,12,12,1,RJI CORRETORA DE TÍTULOS E VALORES MOBILIÁRIOS LTDA.,20,456122721633.7,0.0117410306276317
Classe,2025-12-31,11758741000152,5135144331.94,17,17,1,BANCO FINAXIS S.A.,21,456122721633.7,0.0112582515371025
Classe,2025-12-31,62264924000152,3221544638.7,13,13,1,QORE DISTRIBUIDORA DE TÍTULOS E VALORES MOBILIÁRIOS LTDA.,22,456122721633.7,0.00706289006423832
Classe,2025-12-31,03017677000120,3178538752.25,7,7,1,BANCO J. SAFRA S.A.,23,456122721633.7,0.0069686042845342
Classe,2025-12-31,12063256000127,2753746950.02,72,72,1,MONETAR DISTRIBUIDORA DE TITULOS E VALORES MOBILIARIOS LTDA.,24,456122721633.7,0.00603729395491826
Classe,2025-12-31,02332886000104,2007598295.97,6,6,1,XP INVESTIMENTOS CCTVM S.A.,25,456122721633.7,0.00440144329749538
Classe,2025-12-31,33886862000112,1931930982.88,17,17,1,"MASTER S/A CORRETORA DE CAMBIO, TITULOS E VALORES MOBILIARIOS",26,456122721633.7,0.00423555085342028
Classe,2025-12-31,40434681000110,1929701054.03,79,79,1,AZUMI DISTRIBUIDORA DE TÍTULOS E VALORES MOBILIÁRIOS LTDA.,27,456122721633.7,0.00423066197430018
Classe,2025-12-31,00066670000100,1925659555.02,1,1,1,BEM - DISTRIBUIDORA DE TITULOS E VALORES MOBILIARIOS LTDA.,28,456122721633.7,0.00422180142248306
Classe,2025-12-31,44782130000107,1815615862.71,55,55,1,ACTUAL DISTRIBUIDORA DE TITULOS E VALORES MOBILIARIOS S.A.,29,456122721633.7,0.00398054246499054
Classe,2025-12-31,00360305000104,1615539991.51,3,3,1,CAIXA ECONOMICA FEDERAL,30,456122721633.7,0.00354189764044992
Classe,2025-12-31,59281253000123,1567581058.19,7,7,1,BTG PACTUAL SERVIÇOS FINANCEIROS S/A DTVM,31,456122721633.7,0.00343675283830496
Classe,2025-12-31,00806535000154,1286296934.29,16,16,1,PLANNER CORRETORA DE VALORES S.A.,32,456122721633.7,0.00282006765565823
Classe,2025-12-31,13673855000125,1132502152.29,16,16,1,OSLO CAPITAL DISTRIBUIDORA DE TÍTULOS E VALORES MOBILIÁRIOS S.A.,33,456122721633.7,0.00248288914052276
Classe,2025-12-31,47215387000167,921738658.33,1,1,1,CATÁLISE DISTRIBUIDORA DE TITULOS E VALORES MOBILIARIOS LTDA.,34,456122721633.7,0.00202081285279672
Classe,2025-12-31,27652684000162,808542042.6,19,19,1,GENIAL INVESTIMENTOS CORRETORA DE VALORES MOBILIÁRIOS S.A.,35,456122721633.7,0.00177264144988006
Classe,2025-12-31,18945670000146,775568667.72,5,5,1,INTER DISTRIBUIDORA DE TÍTULOS E VALORES MOBILIÁRIOS,36,456122721633.7,0.00170035087255056
Classe,2025-12-31,71590442000183,567698971.39,7,7,1,LASTRO RDV DTVM LTDA,37,456122721633.7,0.00124461892482941
Classe,2025-12-31,15489568000195,502186447.46,17,17,1,INTRA INVESTIMENTOS DTVM LTDA,38,456122721633.7,0.00110098976359106
Classe,2025-12-31,45854066000187,454050380.17,20,20,1,WNT CAPITAL DISTRIBUIDORA DE TITULOS E VALORES MOBILIARIOS S.A.,39,456122721633.7,0.000995456614271972
Classe,2025-12-31,34978626000199,388813505.61,3,3,1,INTEGRAL ACCESS DISTRIBUIDORA DE TÍTULOS E VALORES MOBILIÁRIOS LTDA.,40,456122721633.7,0.000852431784624502
Classe,2025-12-31,01522368000182,71863813.65,1,1,1,BANCO BNP PARIBAS BRASIL S/A,41,456122721633.7,0.000157553680712517
Classe,2025-12-31,40768766000135,45116320.74,2,2,1,LIONS TRUST DISTRIBUIDORA DE TÍTULOS E VALORES MOBILIÁRIOS LTDA.,42,456122721633.7,9.89126798559965e-05
Classe,2025-12-31,58006471000197,36775329.25,2,2,1,BARU DISTRIBUIDORA DE TÍTULOS E VALORES MOBILIÁRIOS LTDA.,43,456122721633.7,8.062595329231e-05
Classe,2025-12-31,36266751000100,36205536.06,4,4,1,FINVEST DISTRIBUIDORA DE TÍTULOS E VALORES MOBILIÁRIOS LTDA.,44,456122721633.7,7.93767430184627e-05
Classe,2025-12-31,33775974000104,25267450.66,2,2,1,ATIVA INVESTIMENTOS S.A. C.T.C.V.,45,456122721633.7,5.53961674382265e-05
Classe,2025-12-31,41592532000142,13647718.01,3,3,1,MERITO DISTRIBUIDORA DE TITULOS E VALORES MOBILIARIOS LTDA.,46,456122721633.7,2.99211535902395e-05
Classe,2026-01-31,59281253000123,126894932371.36,413,413,1,BTG PACTUAL SERVIÇOS FINANCEIROS S/A DTVM,1,817281573950.4,0.155264643687001
Classe,2026-01-31,36113876000191,86897631362.51,151,151,1,OLIVEIRA TRUST DTVM S.A.,2,817281573950.4,0.106325205574479
Classe,2026-01-31,30822936000169,61400834644.62,2,2,1,BB GESTAO DE RECURSOS DTVM S.A,3,817281573950.4,0.0751281279324993
Classe,2026-01-31,62285390000140,60774323857.43,342,342,1,QI CORRETORA DE TÍTULOS E VALORES MOBILIÁRIOS S.A.,4,817281573950.4,0.0743615490603466
Classe,2026-01-31,34829992000186,59538090061.93,135,135,1,CBSF DISTRIBUIDORA DE TITULOS E VALORES MOBILIARIOS S.A. - EM LIQUIDAÇÃO EXTRAJUDICIAL,5,817281573950.4,0.0728489323136793
Classe,2026-01-31,00066670000100,44271073773.67,45,45,1,BEM - DISTRIBUIDORA DE TITULOS E VALORES MOBILIARIOS LTDA.,6,817281573950.4,0.0541686918985363
Classe,2026-01-31,45246410000155,38646979575.58,70,70,1,BANCO GENIAL S.A.,7,817281573950.4,0.0472872273245762
Classe,2026-01-31,62232889000190,38484059977.52,230,230,1,BANCO DAYCOVAL S.A.,8,817281573950.4,0.0470878840342674
Classe,2026-01-31,62418140000131,30542181361.63,37,37,1,INTRAG DTVM LTDA.,9,817281573950.4,0.0373704514271645
Classe,2026-01-31,39669186000101,22804700106.56,119,119,1,HEMERA DISTRIBUIDORA DE TITULOS E VALORES MOBILIARIOS LTDA,10,817281573950.4,0.0279031129948661
Classe,2026-01-31,13486793000142,22050142268.6,127,127,1,APEX GROUP DISTRIBUIDORA DE TÍTULOS E VALORES MOBILIÁRIOS S.A.,11,817281573950.4,0.0269798597832308
Classe,2026-01-31,02332886000104,17160037268.33,44,44,1,XP INVESTIMENTOS CCTVM S.A.,12,817281573950.4,0.020996481280479
Classe,2026-01-31,03317692000194,16609283395.58,69,69,1,FINAXIS CORRETORA DE TÍTULOS E VALORES MOBILIÁRIOS S.A.,13,817281573950.4,0.0203225961834642
Classe,2026-01-31,16695922000109,15953564586.49,259,259,1,ID CORRETORA DE TITULOS E VALORES MOBILIARIOS S.A.,14,817281573950.4,0.0195202792953928
Classe,2026-01-31,22610500000188,15297576188.03,157,157,1,VORTX DISTRIBUIDORA DE TITULOS E VALORES MOBILIARIOS LTDA.,15,817281573950.4,0.0187176325462568
Classe,2026-01-31,67030395000146,13173501126.78,54,54,1,TRUSTEE DISTRIBUIDORA DE TITULOS E VALORES MOBILIARIOS LTDA.,16,817281573950.4,0.0161186811824287
Classe,2026-01-31,36864992000142,12722546006.56,43,43,1,APEX DISTRIBUIDORA DE TÍTULOS E VALORES MOBILIÁRIOS S.A.,17,817281573950.4,0.015566906696629
Classe,2026-01-31,02201501000161,12198194229.21,49,49,1,BNY MELLON SERVICOS FINANCEIROS DTVM S.A.,18,817281573950.4,0.0149253263722183
Classe,2026-01-31,24361690000172,11899098406.41,153,153,1,LIMINE TRUST DISTRIBUIDORA DE TITULOS E VALORES MOBILIARIOS S.A.,19,817281573950.4,0.0145593621411219
Classe,2026-01-31,48967968000118,11850796338.63,37,37,1,VERT DISTRIBUIDORA DE TÍTULOS E VALORES MOBILIÁRIOS LTDA.,20,817281573950.4,0.0145002612518819
Classe,2026-01-31,00329598000167,10426315098.42,27,27,1,SEFER INVESTIMENTOS DISTRIBUIDORA DE TÍTULOS E VALORES MOBILIÁRIOS LTDA.,21,817281573950.4,0.0127573108592471
Classe,2026-01-31,37678915000160,9629181145.64,83,83,1,FIDD DISTRIBUIDORA DE TITULOS E VALORES MOBILIARIOS LTDA.,22,817281573950.4,0.0117819628541196
Classe,2026-01-31,00806535000154,9438738396.49,162,162,1,PLANNER CORRETORA DE VALORES S.A.,23,817281573950.4,0.0115489431027633
Classe,2026-01-31,27652684000162,8773362668.62,61,61,1,GENIAL INVESTIMENTOS CORRETORA DE VALORES MOBILIÁRIOS S.A.,24,817281573950.4,0.0107348103129417
Classe,2026-01-31,62318407000119,8748140464,13,13,1,S3 CACEIS BRASIL DISTRIBUIDORA DE TITULOS E VALORES MOBILIARIOS S.A,25,817281573950.4,0.0107039492175446
Classe,2026-01-31,02671743000119,6917627396.91,61,61,1,BANVOX DISTRIBUIDORA DE TITULOS E VALORES MOBILIARIOS LTDA,26,817281573950.4,0.00846419106633355
Classe,2026-01-31,47215387000167,6441229484.89,69,69,1,CATÁLISE DISTRIBUIDORA DE TITULOS E VALORES MOBILIARIOS LTDA.,27,817281573950.4,0.007881285581609
Classe,2026-01-31,03017677000120,6020605728.56,19,19,1,BANCO J. SAFRA S.A.,28,817281573950.4,0.00736662359761629
Classe,2026-01-31,11758741000152,5239087816.02,17,17,1,BANCO FINAXIS S.A.,29,817281573950.4,0.00641038288762149
Classe,2026-01-31,42066258000130,5047466075.1,11,11,1,RJI CORRETORA DE TÍTULOS E VALORES MOBILIÁRIOS LTDA.,30,817281573950.4,0.00617592055905854
Classe,2026-01-31,62264924000152,4703891301.5,35,35,1,QORE DISTRIBUIDORA DE TÍTULOS E VALORES MOBILIÁRIOS LTDA.,31,817281573950.4,0.00575553328427967
Classe,2026-01-31,12063256000127,2878218899.89,77,77,1,MONETAR DISTRIBUIDORA DE TITULOS E VALORES MOBILIARIOS LTDA.,32,817281573950.4,0.00352169801893108
Classe,2026-01-31,13673855000125,2341508683.64,22,22,1,OSLO CAPITAL DISTRIBUIDORA DE TÍTULOS E VALORES MOBILIÁRIOS S.A.,33,817281573950.4,0.00286499629781462
Classe,2026-01-31,44782130000107,1990574003.29,58,58,1,ACTUAL DISTRIBUIDORA DE TITULOS E VALORES MOBILIARIOS S.A.,34,817281573950.4,0.00243560367287909
Classe,2026-01-31,40434681000110,1879899272.16,81,81,1,AZUMI DISTRIBUIDORA DE TÍTULOS E VALORES MOBILIÁRIOS LTDA.,35,817281573950.4,0.00230018555670275
Classe,2026-01-31,00360305000104,1860170659.07,4,4,1,CAIXA ECONOMICA FEDERAL,36,817281573950.4,0.00227604624692406
Classe,2026-01-31,33886862000112,1433924676.01,10,10,1,"MASTER S/A CORRETORA DE CAMBIO, TITULOS E VALORES MOBILIARIOS",37,817281573950.4,0.00175450508333254
Classe,2026-01-31,18945670000146,794309298.73,6,6,1,INTER DISTRIBUIDORA DE TÍTULOS E VALORES MOBILIÁRIOS,38,817281573950.4,0.000971891847372306
Classe,2026-01-31,36266751000100,786764915.1,29,29,1,FINVEST DISTRIBUIDORA DE TÍTULOS E VALORES MOBILIÁRIOS LTDA.,39,817281573950.4,0.000962660777113945
Classe,2026-01-31,71590442000183,577820947.99,8,8,1,LASTRO RDV DTVM LTDA,40,817281573950.4,0.000707003518012835
Classe,2026-01-31,44077014000189,515232177.8,1,1,1,BR-CAPITAL DTVM S.A.,41,817281573950.4,0.00063042186955174
Classe,2026-01-31,15489568000195,502931489.43,23,23,1,INTRA INVESTIMENTOS DTVM LTDA,42,817281573950.4,0.000615371134576102
Classe,2026-01-31,34978626000199,493463282.83,3,3,1,INTEGRAL ACCESS DISTRIBUIDORA DE TÍTULOS E VALORES MOBILIÁRIOS LTDA.,43,817281573950.4,0.000603786135107394
Classe,2026-01-31,45854066000187,465481040.13,20,20,1,WNT CAPITAL DISTRIBUIDORA DE TITULOS E VALORES MOBILIARIOS S.A.,44,817281573950.4,0.000569547944021371
Classe,2026-01-31,01522368000182,73000645.16,1,1,1,BANCO BNP PARIBAS BRASIL S/A,45,817281573950.4,8.93212908338863e-05
Classe,2026-01-31,40768766000135,56871444.48,3,3,1,LIONS TRUST DISTRIBUIDORA DE TÍTULOS E VALORES MOBILIÁRIOS LTDA.,46,817281573950.4,6.95861087447586e-05
Classe,2026-01-31,58006471000197,36968041.66,2,2,1,BARU DISTRIBUIDORA DE TÍTULOS E VALORES MOBILIÁRIOS LTDA.,47,817281573950.4,4.52329317560799e-05
Classe,2026-01-31,33775974000104,25459462.77,2,2,1,ATIVA INVESTIMENTOS S.A. C.T.C.V.,48,817281573950.4,3.11513969988819e-05
Classe,2026-01-31,41592532000142,13782526.68,3,3,1,MERITO DISTRIBUIDORA DE TITULOS E VALORES MOBILIARIOS LTDA.,49,817281573950.4,1.68638656728562e-05
Classe,2026-02-28,62285390000140,137210946539.57,829,829,1,QI CORRETORA DE TÍTULOS E VALORES MOBILIÁRIOS S.A.,1,907440382229.19,0.151206568747251
Classe,2026-02-28,59281253000123,122190408046.17,417,417,1,BTG PACTUAL SERVIÇOS FINANCEIROS S/A DTVM,2,907440382229.19,0.13465392376081
Classe,2026-02-28,36113876000191,89896352337.05,154,154,1,OLIVEIRA TRUST DTVM S.A.,3,907440382229.19,0.0990658495010035
Classe,2026-02-28,30822936000169,61475171888.11,2,2,1,BB GESTAO DE RECURSOS DTVM S.A,4,907440382229.19,0.0677456867602608
Classe,2026-02-28,62232889000190,55573171051.44,371,371,1,BANCO DAYCOVAL S.A.,5,907440382229.19,0.0612416772933564
Classe,2026-02-28,34829992000186,53155457892.29,101,101,1,CBSF DISTRIBUIDORA DE TITULOS E VALORES MOBILIARIOS S.A. - EM LIQUIDAÇÃO EXTRAJUDICIAL,6,907440382229.19,0.0585773555301892
Classe,2026-02-28,00066670000100,43875884881.71,44,44,1,BEM - DISTRIBUIDORA DE TITULOS E VALORES MOBILIARIOS LTDA.,7,907440382229.19,0.0483512589267031
Classe,2026-02-28,45246410000155,39183253870.04,70,70,1,BANCO GENIAL S.A.,8,907440382229.19,0.0431799759382359
Classe,2026-02-28,62418140000131,28536624800.95,34,34,1,INTRAG DTVM LTDA.,9,907440382229.19,0.0314473825055568
Classe,2026-02-28,39669186000101,23028322267.71,119,119,1,HEMERA DISTRIBUIDORA DE TITULOS E VALORES MOBILIARIOS LTDA,10,907440382229.19,0.0253772288722035
Classe,2026-02-28,13486793000142,22162215115.24,128,128,1,APEX GROUP DISTRIBUIDORA DE TÍTULOS E VALORES MOBILIÁRIOS S.A.,11,907440382229.19,0.0244227781232272
Classe,2026-02-28,02332886000104,17493932293.49,45,45,1,XP INVESTIMENTOS CCTVM S.A.,12,907440382229.19,0.0192783268588014
Classe,2026-02-28,03317692000194,16753103254.14,69,69,1,FINAXIS CORRETORA DE TÍTULOS E VALORES MOBILIÁRIOS S.A.,13,907440382229.19,0.018461932686955
Classe,2026-02-28,16695922000109,16364994355.9,266,266,1,ID CORRETORA DE TITULOS E VALORES MOBILIARIOS S.A.,14,907440382229.19,0.0180342363822274
Classe,2026-02-28,22610500000188,15761730332.49,161,161,1,VORTX DISTRIBUIDORA DE TITULOS E VALORES MOBILIARIOS LTDA.,15,907440382229.19,0.0173694389638802
Classe,2026-02-28,00806535000154,12908447850.23,182,182,1,PLANNER CORRETORA DE VALORES S.A.,16,907440382229.19,0.0142251194712313
Classe,2026-02-28,36864992000142,12852298858.9,43,43,1,APEX DISTRIBUIDORA DE TÍTULOS E VALORES MOBILIÁRIOS S.A.,17,907440382229.19,0.0141632432395475
Classe,2026-02-28,24361690000172,12438295542.3,150,150,1,LIMINE TRUST DISTRIBUIDORA DE TITULOS E VALORES MOBILIARIOS S.A.,18,907440382229.19,0.013707011265847
Classe,2026-02-28,02201501000161,12391859080.5,49,49,1,BNY MELLON SERVICOS FINANCEIROS DTVM S.A.,19,907440382229.19,0.0136558382491845
Classe,2026-02-28,48967968000118,12350476345.51,37,37,1,VERT DISTRIBUIDORA DE TÍTULOS E VALORES MOBILIÁRIOS LTDA.,20,907440382229.19,0.0136102344433584
Classe,2026-02-28,67030395000146,11730925308.96,49,49,1,TRUSTEE DISTRIBUIDORA DE TITULOS E VALORES MOBILIARIOS LTDA.,21,907440382229.19,0.0129274887239889
Classe,2026-02-28,00329598000167,10409843214.6,27,27,1,SEFER INVESTIMENTOS DISTRIBUIDORA DE TÍTULOS E VALORES MOBILIÁRIOS LTDA.,22,907440382229.19,0.0114716552386918
Classe,2026-02-28,37678915000160,9890280417.22,82,82,1,FIDD DISTRIBUIDORA DE TITULOS E VALORES MOBILIARIOS LTDA.,23,907440382229.19,0.0108990966358846
Classe,2026-02-28,27652684000162,9557099673.47,65,65,1,GENIAL INVESTIMENTOS CORRETORA DE VALORES MOBILIÁRIOS S.A.,24,907440382229.19,0.010531931199703
Classe,2026-02-28,62318407000119,8333039987.23,13,13,1,S3 CACEIS BRASIL DISTRIBUIDORA DE TITULOS E VALORES MOBILIARIOS S.A,25,907440382229.19,0.00918301648286724
Classe,2026-02-28,02671743000119,6856609438.7,59,59,1,BANVOX DISTRIBUIDORA DE TITULOS E VALORES MOBILIARIOS LTDA,26,907440382229.19,0.00755598888144725
Classe,2026-02-28,47215387000167,6637437937.99,72,72,1,CATÁLISE DISTRIBUIDORA DE TITULOS E VALORES MOBILIARIOS LTDA.,27,907440382229.19,0.00731446171888965
Classe,2026-02-28,03017677000120,6127308627.58,19,19,1,BANCO J. SAFRA S.A.,28,907440382229.19,0.00675229882598771
Classe,2026-02-28,11758741000152,5368213795.78,17,17,1,BANCO FINAXIS S.A.,29,907440382229.19,0.00591577573679564
Classe,2026-02-28,42066258000130,5041750685.05,11,11,1,RJI CORRETORA DE TÍTULOS E VALORES MOBILIÁRIOS LTDA.,30,907440382229.19,0.00555601313737503
Classe,2026-02-28,62264924000152,4493705930.35,35,35,1,QORE DISTRIBUIDORA DE TÍTULOS E VALORES MOBILIÁRIOS LTDA.,31,907440382229.19,0.00495206739566835
Classe,2026-02-28,12063256000127,2992285003.7,83,83,1,MONETAR DISTRIBUIDORA DE TITULOS E VALORES MOBILIARIOS LTDA.,32,907440382229.19,0.00329750037831603
Classe,2026-02-28,13673855000125,2328017257.26,21,21,1,OSLO CAPITAL DISTRIBUIDORA DE TÍTULOS E VALORES MOBILIÁRIOS S.A.,33,907440382229.19,0.00256547681021321
Classe,2026-02-28,44782130000107,2223248628,59,59,1,ACTUAL DISTRIBUIDORA DE TITULOS E VALORES MOBILIARIOS S.A.,34,907440382229.19,0.00245002170009057
Classe,2026-02-28,40434681000110,1973568976.3,87,87,1,AZUMI DISTRIBUIDORA DE TÍTULOS E VALORES MOBILIÁRIOS LTDA.,35,907440382229.19,0.00217487453164889
Classe,2026-02-28,00360305000104,1853198146.71,4,4,1,CAIXA ECONOMICA FEDERAL,36,907440382229.19,0.00204222578474796
Classe,2026-02-28,33886862000112,1391436682.28,9,9,1,"MASTER S/A CORRETORA DE CAMBIO, TITULOS E VALORES MOBILIARIOS",37,907440382229.19,0.00153336429536213
Classe,2026-02-28,18945670000146,823791217.8,6,6,1,INTER DISTRIBUIDORA DE TÍTULOS E VALORES MOBILIÁRIOS,38,907440382229.19,0.000907818556384167
Classe,2026-02-28,36266751000100,785427651.17,29,29,1,FINVEST DISTRIBUIDORA DE TÍTULOS E VALORES MOBILIÁRIOS LTDA.,39,907440382229.19,0.000865541876415663
Classe,2026-02-28,34978626000199,686752673.2,3,3,1,INTEGRAL ACCESS DISTRIBUIDORA DE TÍTULOS E VALORES MOBILIÁRIOS LTDA.,40,907440382229.19,0.000756801974707082
Classe,2026-02-28,71590442000183,592932304.6,8,8,1,LASTRO RDV DTVM LTDA,41,907440382229.19,0.00065341185626258
Classe,2026-02-28,44077014000189,515925419.53,1,1,1,BR-CAPITAL DTVM S.A.,42,907440382229.19,0.000568550209615527
Classe,2026-02-28,15489568000195,481259606.85,26,26,1,INTRA INVESTIMENTOS DTVM LTDA,43,907440382229.19,0.000530348457347416
Classe,2026-02-28,45854066000187,453594240.7,20,20,1,WNT CAPITAL DISTRIBUIDORA DE TITULOS E VALORES MOBILIARIOS S.A.,44,907440382229.19,0.000499861202546127
Classe,2026-02-28,58006471000197,82053873.28,3,3,1,BARU DISTRIBUIDORA DE TÍTULOS E VALORES MOBILIÁRIOS LTDA.,45,907440382229.19,9.04234315409559e-05
Classe,2026-02-28,01522368000182,72691661.52,1,1,1,BANCO BNP PARIBAS BRASIL S/A,46,907440382229.19,8.01062669719722e-05
Classe,2026-02-28,40768766000135,67833544.44,4,4,1,LIONS TRUST DISTRIBUIDORA DE TÍTULOS E VALORES MOBILIÁRIOS LTDA.,47,907440382229.19,7.47526182087711e-05
Classe,2026-02-28,33775974000104,53397115.14,3,3,1,ATIVA INVESTIMENTOS S.A. C.T.C.V.,48,907440382229.19,5.88436620032561e-05
Classe,2026-02-28,41592532000142,13806606.04,3,3,1,MERITO DISTRIBUIDORA DE TITULOS E VALORES MOBILIARIOS LTDA.,49,907440382229.19,1.52148904879934e-05
Classe,2026-03-31,62285390000140,137432805459.28,825,825,1,QI CORRETORA DE TÍTULOS E VALORES MOBILIÁRIOS S.A.,1,921463401797.94,0.149146244105978
Classe,2026-03-31,59281253000123,126246054409.14,421,421,1,BTG PACTUAL SERVIÇOS FINANCEIROS S/A DTVM,2,921463401797.94,0.137006042956032
Classe,2026-03-31,36113876000191,91534360425.71,151,151,1,OLIVEIRA TRUST DTVM S.A.,3,921463401797.94,0.0993358610305196
Classe,2026-03-31,30822936000169,61317892260.26,2,2,1,BB GESTAO DE RECURSOS DTVM S.A,4,921463401797.94,0.0665440343486435
Classe,2026-03-31,62232889000190,55947218468.43,381,381,1,BANCO DAYCOVAL S.A.,5,921463401797.94,0.0607156164414853
Classe,2026-03-31,34829992000186,50056632031.28,71,71,1,CBSF DISTRIBUIDORA DE TITULOS E VALORES MOBILIARIOS S.A. - EM LIQUIDAÇÃO EXTRAJUDICIAL,6,921463401797.94,0.054322973580514
Classe,2026-03-31,00066670000100,48922513907.49,43,43,1,BEM - DISTRIBUIDORA DE TITULOS E VALORES MOBILIARIOS LTDA.,7,921463401797.94,0.0530921942336868
Classe,2026-03-31,45246410000155,31103082657.39,64,64,1,BANCO GENIAL S.A.,8,921463401797.94,0.0337540075891265
Classe,2026-03-31,62418140000131,29903162378.17,38,38,1,INTRAG DTVM LTDA.,9,921463401797.94,0.0324518177497051
Classe,2026-03-31,39669186000101,23442783317.05,123,123,1,HEMERA DISTRIBUIDORA DE TITULOS E VALORES MOBILIARIOS LTDA,10,921463401797.94,0.0254408186709412
Classe,2026-03-31,13486793000142,22663500959.53,133,133,1,APEX GROUP DISTRIBUIDORA DE TÍTULOS E VALORES MOBILIÁRIOS S.A.,11,921463401797.94,0.0245951178476643
Classe,2026-03-31,27652684000162,18172122836.64,69,69,1,GENIAL INVESTIMENTOS CORRETORA DE VALORES MOBILIÁRIOS S.A.,12,921463401797.94,0.0197209382393082
Classe,2026-03-31,02332886000104,17900499329.8,47,47,1,XP INVESTIMENTOS CCTVM S.A.,13,921463401797.94,0.0194261641806641
Classe,2026-03-31,03317692000194,17596222830.69,69,69,1,FINAXIS CORRETORA DE TÍTULOS E VALORES MOBILIÁRIOS S.A.,14,921463401797.94,0.0190959541055636
Classe,2026-03-31,16695922000109,16718112022.02,277,277,1,ID CORRETORA DE TITULOS E VALORES MOBILIARIOS S.A.,15,921463401797.94,0.0181430016530228
Classe,2026-03-31,22610500000188,16260079182.57,169,169,1,VORTX DISTRIBUIDORA DE TITULOS E VALORES MOBILIARIOS LTDA.,16,921463401797.94,0.0176459305392311
Classe,2026-03-31,48967968000118,12897239350.32,38,38,1,VERT DISTRIBUIDORA DE TÍTULOS E VALORES MOBILIÁRIOS LTDA.,17,921463401797.94,0.0139964748737228
Classe,2026-03-31,36864992000142,12861830446.67,43,43,1,APEX DISTRIBUIDORA DE TÍTULOS E VALORES MOBILIÁRIOS S.A.,18,921463401797.94,0.0139580480587447
Classe,2026-03-31,00806535000154,12856344238.01,190,190,1,PLANNER CORRETORA DE VALORES S.A.,19,921463401797.94,0.0139520942588984
Classe,2026-03-31,24361690000172,12804144845.03,154,154,1,LIMINE TRUST DISTRIBUIDORA DE TITULOS E VALORES MOBILIARIOS S.A.,20,921463401797.94,0.0138954458962199
Classe,2026-03-31,02201501000161,12574164578.41,47,47,1,BNY MELLON SERVICOS FINANCEIROS DTVM S.A.,21,921463401797.94,0.0136458643434732
Classe,2026-03-31,67030395000146,11968652747.59,48,48,1,TRUSTEE DISTRIBUIDORA DE TITULOS E VALORES MOBILIARIOS LTDA.,22,921463401797.94,0.012988744560269
Classe,2026-03-31,37678915000160,9880539409.23,85,85,1,FIDD DISTRIBUIDORA DE TITULOS E VALORES MOBILIARIOS LTDA.,23,921463401797.94,0.010722660704648
Classe,2026-03-31,00329598000167,9302126887.4,27,27,1,SEFER INVESTIMENTOS DISTRIBUIDORA DE TÍTULOS E VALORES MOBILIÁRIOS LTDA.,24,921463401797.94,0.010094949912552
Classe,2026-03-31,62318407000119,7188708518.73,13,13,1,S3 CACEIS BRASIL DISTRIBUIDORA DE TITULOS E VALORES MOBILIARIOS S.A,25,921463401797.94,0.00780140427140518
Classe,2026-03-31,47215387000167,6901436722.24,74,74,1,CATÁLISE DISTRIBUIDORA DE TITULOS E VALORES MOBILIARIOS LTDA.,26,921463401797.94,0.00748964821475716
Classe,2026-03-31,02671743000119,6689184845.7,56,56,1,BANVOX DISTRIBUIDORA DE TITULOS E VALORES MOBILIARIOS LTDA,27,921463401797.94,0.00725930604801906
Classe,2026-03-31,03017677000120,6226993274.69,20,20,1,BANCO J. SAFRA S.A.,28,921463401797.94,0.0067577217527468
Classe,2026-03-31,62264924000152,5397328758.44,39,39,1,QORE DISTRIBUIDORA DE TÍTULOS E VALORES MOBILIÁRIOS LTDA.,29,921463401797.94,0.00585734468445393
Classe,2026-03-31,11758741000152,5262833855.79,17,17,1,BANCO FINAXIS S.A.,30,921463401797.94,0.00571138674148237
Classe,2026-03-31,42066258000130,5074737669.69,12,12,1,RJI CORRETORA DE TÍTULOS E VALORES MOBILIÁRIOS LTDA.,31,921463401797.94,0.00550725906182305
Classe,2026-03-31,12063256000127,3149195087.81,83,83,1,MONETAR DISTRIBUIDORA DE TITULOS E VALORES MOBILIARIOS LTDA.,32,921463401797.94,0.00341760191632718
Classe,2026-03-31,13673855000125,2385287401.83,20,20,1,OSLO CAPITAL DISTRIBUIDORA DE TÍTULOS E VALORES MOBILIÁRIOS S.A.,33,921463401797.94,0.00258858615239181
Classe,2026-03-31,44782130000107,2345891280.19,66,66,1,ACTUAL DISTRIBUIDORA DE TITULOS E VALORES MOBILIARIOS S.A.,34,921463401797.94,0.00254583228765543
Classe,2026-03-31,40434681000110,1997228998.78,90,90,1,AZUMI DISTRIBUIDORA DE TÍTULOS E VALORES MOBILIÁRIOS LTDA.,35,921463401797.94,0.00216745341690516
Classe,2026-03-31,00360305000104,1859917227.08,4,4,1,CAIXA ECONOMICA FEDERAL,36,921463401797.94,0.00201843852230156
Classe,2026-03-31,33886862000112,1387080057.07,8,8,1,"MASTER S/A CORRETORA DE CAMBIO, TITULOS E VALORES MOBILIARIOS",37,921463401797.94,0.00150530130047874
Classe,2026-03-31,36266751000100,970545425.04,32,32,1,FINVEST DISTRIBUIDORA DE TÍTULOS E VALORES MOBILIÁRIOS LTDA.,38,921463401797.94,0.00105326529859601
Classe,2026-03-31,18945670000146,863591990.22,7,7,1,INTER DISTRIBUIDORA DE TÍTULOS E VALORES MOBILIÁRIOS,39,921463401797.94,0.000937196190901318
Classe,2026-03-31,34978626000199,792060701.05,4,4,1,INTEGRAL ACCESS DISTRIBUIDORA DE TÍTULOS E VALORES MOBILIÁRIOS LTDA.,40,921463401797.94,0.000859568268804326
Classe,2026-03-31,45854066000187,644223403.07,23,23,1,WNT CAPITAL DISTRIBUIDORA DE TITULOS E VALORES MOBILIARIOS S.A.,41,921463401797.94,0.000699130754203591
Classe,2026-03-31,71590442000183,612031450.18,8,8,1,LASTRO RDV DTVM LTDA,42,921463401797.94,0.000664195071649962
Classe,2026-03-31,44077014000189,517021622.36,1,1,1,BR-CAPITAL DTVM S.A.,43,921463401797.94,0.000561087528111478
Classe,2026-03-31,15489568000195,465426569.15,28,28,1,INTRA INVESTIMENTOS DTVM LTDA,44,921463401797.94,0.000505095013260287
Classe,2026-03-31,58006471000197,136908670.92,6,6,1,BARU DISTRIBUIDORA DE TÍTULOS E VALORES MOBILIÁRIOS LTDA.,45,921463401797.94,0.000148577437424934
Classe,2026-03-31,40768766000135,90901975.59,4,4,1,LIONS TRUST DISTRIBUIDORA DE TÍTULOS E VALORES MOBILIÁRIOS LTDA.,46,921463401797.94,9.86495778482726e-05
Classe,2026-03-31,01522368000182,75253424.32,1,1,1,BANCO BNP PARIBAS BRASIL S/A,47,921463401797.94,8.16672959264222e-05
Classe,2026-03-31,33775974000104,53641297.22,3,3,1,ATIVA INVESTIMENTOS S.A. C.T.C.V.,48,921463401797.94,5.82131608432155e-05
Classe,2026-03-31,41592532000142,13886592.67,3,3,1,MERITO DISTRIBUIDORA DE TITULOS E VALORES MOBILIARIOS LTDA.,49,921463401797.94,1.50701510693803e-05
Classe,2026-04-30,62285390000140,140116028394.04,820,820,1,QI CORRETORA DE TÍTULOS E VALORES MOBILIÁRIOS S.A.,1,964828456799.05,0.14522377258533
Classe,2026-04-30,59281253000123,139644703217.56,430,430,1,BTG PACTUAL SERVIÇOS FINANCEIROS S/A DTVM,2,964828456799.05,0.144735265873946
Classe,2026-04-30,36113876000191,95557482904.46,155,155,1,OLIVEIRA TRUST DTVM S.A.,3,964828456799.05,0.0990409043504842
Classe,2026-04-30,30822936000169,61119993577.82,3,3,1,BB GESTAO DE RECURSOS DTVM S.A,4,964828456799.05,0.0633480419727605
Classe,2026-04-30,34829992000186,58059531168.22,90,90,1,CBSF DISTRIBUIDORA DE TITULOS E VALORES MOBILIARIOS S.A. - EM LIQUIDAÇÃO EXTRAJUDICIAL,5,964828456799.05,0.0601760144604777
Classe,2026-04-30,62232889000190,57433360528.41,391,391,1,BANCO DAYCOVAL S.A.,6,964828456799.05,0.0595270175995358
Classe,2026-04-30,00066670000100,50389311392.52,44,44,1,BEM - DISTRIBUIDORA DE TITULOS E VALORES MOBILIARIOS LTDA.,7,964828456799.05,0.0522261869842577
Classe,2026-04-30,62418140000131,30964593896.51,39,39,1,INTRAG DTVM LTDA.,8,964828456799.05,0.0320933671455331
Classe,2026-04-30,45246410000155,30907038743.18,60,60,1,BANCO GENIAL S.A.,9,964828456799.05,0.0320337138953367
Classe,2026-04-30,39669186000101,24021996865.78,126,126,1,HEMERA DISTRIBUIDORA DE TITULOS E VALORES MOBILIARIOS LTDA,10,964828456799.05,0.0248976869375062
Classe,2026-04-30,13486793000142,22215855845.97,136,136,1,APEX GROUP DISTRIBUIDORA DE TÍTULOS E VALORES MOBILIÁRIOS S.A.,11,964828456799.05,0.0230257054395702
Classe,2026-04-30,27652684000162,19079615309.4,72,72,1,GENIAL INVESTIMENTOS CORRETORA DE VALORES MOBILIÁRIOS S.A.,12,964828456799.05,0.0197751374090885
Classe,2026-04-30,02332886000104,17828111187.89,47,47,1,XP INVESTIMENTOS CCTVM S.A.,13,964828456799.05,0.0184780113628045
Classe,2026-04-30,03317692000194,17723640883.92,69,69,1,FINAXIS CORRETORA DE TÍTULOS E VALORES MOBILIÁRIOS S.A.,14,964828456799.05,0.0183697327323041
Classe,2026-04-30,16695922000109,16721542515.47,286,286,1,ID CORRETORA DE TITULOS E VALORES MOBILIARIOS S.A.,15,964828456799.05,0.0173311041953986
Classe,2026-04-30,22610500000188,16602641885.44,169,169,1,VORTX DISTRIBUIDORA DE TITULOS E VALORES MOBILIARIOS LTDA.,16,964828456799.05,0.0172078692004188
Classe,2026-04-30,48967968000118,14473103500.79,40,40,1,VERT DISTRIBUIDORA DE TÍTULOS E VALORES MOBILIÁRIOS LTDA.,17,964828456799.05,0.01500070131514
Classe,2026-04-30,24361690000172,13172357083.19,157,157,1,LIMINE TRUST DISTRIBUIDORA DE TITULOS E VALORES MOBILIARIOS S.A.,18,964828456799.05,0.0136525379100976
Classe,2026-04-30,00806535000154,13068205991.33,193,193,1,PLANNER CORRETORA DE VALORES S.A.,19,964828456799.05,0.0135445901281618
Classe,2026-04-30,36864992000142,13052505366.27,43,43,1,APEX DISTRIBUIDORA DE TÍTULOS E VALORES MOBILIÁRIOS S.A.,20,964828456799.05,0.0135283171576152
Classe,2026-04-30,02201501000161,12744135374.3,41,41,1,BNY MELLON SERVICOS FINANCEIROS DTVM S.A.,21,964828456799.05,0.0132087059461123
Classe,2026-04-30,67030395000146,11893731339.68,45,45,1,TRUSTEE DISTRIBUIDORA DE TITULOS E VALORES MOBILIARIOS LTDA.,22,964828456799.05,0.012327301559014
Classe,2026-04-30,37678915000160,10071710310.69,87,87,1,FIDD DISTRIBUIDORA DE TITULOS E VALORES MOBILIARIOS LTDA.,23,964828456799.05,0.0104388611672009
Classe,2026-04-30,00329598000167,10024505600.74,26,26,1,SEFER INVESTIMENTOS DISTRIBUIDORA DE TÍTULOS E VALORES MOBILIÁRIOS LTDA.,24,964828456799.05,0.0103899356720859
Classe,2026-04-30,62318407000119,7517970732.45,13,13,1,S3 CACEIS BRASIL DISTRIBUIDORA DE TITULOS E VALORES MOBILIARIOS S.A,25,964828456799.05,0.00779202839579576
Classe,2026-04-30,47215387000167,7076418443.42,76,76,1,CATÁLISE DISTRIBUIDORA DE TITULOS E VALORES MOBILIARIOS LTDA.,26,964828456799.05,0.00733437990303166
Classe,2026-04-30,62264924000152,6604618138.8,41,41,1,QORE DISTRIBUIDORA DE TÍTULOS E VALORES MOBILIÁRIOS LTDA.,27,964828456799.05,0.00684538074334138
Classe,2026-04-30,02671743000119,6528150393.94,54,54,1,BANVOX DISTRIBUIDORA DE TITULOS E VALORES MOBILIARIOS LTDA,28,964828456799.05,0.00676612546814594
Classe,2026-04-30,03017677000120,5943905233.23,19,19,1,BANCO J. SAFRA S.A.,29,964828456799.05,0.00616058242410233
Classe,2026-04-30,11758741000152,5359915414.04,17,17,1,BANCO FINAXIS S.A.,30,964828456799.05,0.00555530402971555
Classe,2026-04-30,42066258000130,5006048658.88,18,18,1,RJI CORRETORA DE TÍTULOS E VALORES MOBILIÁRIOS LTDA.,31,964828456799.05,0.00518853753079408
Classe,2026-04-30,33886862000112,4395328473.4,14,14,1,"MASTER S/A CORRETORA DE CAMBIO, TITULOS E VALORES MOBILIARIOS",32,964828456799.05,0.00455555435002622
Classe,2026-04-30,12063256000127,3063888612.02,81,81,1,MONETAR DISTRIBUIDORA DE TITULOS E VALORES MOBILIARIOS LTDA.,33,964828456799.05,0.00317557861237309
Classe,2026-04-30,13673855000125,2393587172.54,21,21,1,OSLO CAPITAL DISTRIBUIDORA DE TÍTULOS E VALORES MOBILIÁRIOS S.A.,34,964828456799.05,0.00248084222192311
Classe,2026-04-30,44782130000107,2374002012.95,67,67,1,ACTUAL DISTRIBUIDORA DE TITULOS E VALORES MOBILIARIOS S.A.,35,964828456799.05,0.00246054311128641
Classe,2026-04-30,40434681000110,1973102447.73,91,91,1,AZUMI DISTRIBUIDORA DE TÍTULOS E VALORES MOBILIÁRIOS LTDA.,36,964828456799.05,0.00204502928352262
Classe,2026-04-30,00360305000104,1862720053.78,4,4,1,CAIXA ECONOMICA FEDERAL,37,964828456799.05,0.00193062304563428
Classe,2026-04-30,14717397000141,1800909934.43,1,1,1,BFL ADMINISTRAÇÃO DE RECURSOS LTDA,38,964828456799.05,0.00186655972026858
Classe,2026-04-30,36266751000100,994338221.31,32,32,1,FINVEST DISTRIBUIDORA DE TÍTULOS E VALORES MOBILIÁRIOS LTDA.,39,964828456799.05,0.00103058550388206
Classe,2026-04-30,18945670000146,881822320.19,7,7,1,INTER DISTRIBUIDORA DE TÍTULOS E VALORES MOBILIÁRIOS,40,964828456799.05,0.000913967984646271
Classe,2026-04-30,34978626000199,808752520,4,4,1,INTEGRAL ACCESS DISTRIBUIDORA DE TÍTULOS E VALORES MOBILIÁRIOS LTDA.,41,964828456799.05,0.000838234521692226
Classe,2026-04-30,71590442000183,626104501.57,8,8,1,LASTRO RDV DTVM LTDA,42,964828456799.05,0.000648928311719979
Classe,2026-04-30,45854066000187,624900271.66,23,23,1,WNT CAPITAL DISTRIBUIDORA DE TITULOS E VALORES MOBILIARIOS S.A.,43,964828456799.05,0.000647680183203957
Classe,2026-04-30,44077014000189,517876137.5,1,1,1,BR-CAPITAL DTVM S.A.,44,964828456799.05,0.000536754626017276
Classe,2026-04-30,03502968000104,502686970.32,1,1,1,SANTANDER DISTRIBUIDORA DE TÍTULOS E VALORES MOBILIÁRIOS S.A.,45,964828456799.05,0.000521011757870132
Classe,2026-04-30,15489568000195,437846419,27,27,1,INTRA INVESTIMENTOS DTVM LTDA,46,964828456799.05,0.000453807530151645
Classe,2026-04-30,58006471000197,281089832.21,9,9,1,BARU DISTRIBUIDORA DE TÍTULOS E VALORES MOBILIÁRIOS LTDA.,47,964828456799.05,0.000291336589659217
Classe,2026-04-30,40768766000135,220618584.18,5,5,1,LIONS TRUST DISTRIBUIDORA DE TÍTULOS E VALORES MOBILIÁRIOS LTDA.,48,964828456799.05,0.000228660942393773
Classe,2026-04-30,01522368000182,76758651.6,1,1,1,BANCO BNP PARIBAS BRASIL S/A,49,964828456799.05,7.9556786555257e-05
Classe,2026-04-30,33775974000104,53472150.52,3,3,1,ATIVA INVESTIMENTOS S.A. C.T.C.V.,50,964828456799.05,5.54214069280265e-05
Classe,2026-04-30,41592532000142,15921613.8,3,3,1,MERITO DISTRIBUIDORA DE TITULOS E VALORES MOBILIARIOS LTDA.,51,964828456799.05,1.65020151383409e-05
Classe,2026-05-31,59281253000123,148105133541.86,435,435,1,BTG PACTUAL SERVIÇOS FINANCEIROS S/A DTVM,1,974616518982.56,0.151962470014845
Classe,2026-05-31,62285390000140,139365765216.01,818,818,1,QI CORRETORA DE TÍTULOS E VALORES MOBILIÁRIOS S.A.,2,974616518982.56,0.142995488483511
Classe,2026-05-31,36113876000191,97498049940.38,155,155,1,OLIVEIRA TRUST DTVM S.A.,3,974616518982.56,0.10003734601396
Classe,2026-05-31,30822936000169,60900746443.31,3,3,1,BB GESTAO DE RECURSOS DTVM S.A,4,974616518982.56,0.0624868810010389
Classe,2026-05-31,62232889000190,57681921404.46,398,398,1,BANCO DAYCOVAL S.A.,5,974616518982.56,0.059184223005656
Classe,2026-05-31,34829992000186,51775410225.02,82,82,1,CBSF DISTRIBUIDORA DE TITULOS E VALORES MOBILIARIOS S.A. - EM LIQUIDAÇÃO EXTRAJUDICIAL,6,974616518982.56,0.0531238792043771
Classe,2026-05-31,00066670000100,51381347211.62,45,45,1,BEM - DISTRIBUIDORA DE TITULOS E VALORES MOBILIARIOS LTDA.,7,974616518982.56,0.0527195529840383
Classe,2026-05-31,62418140000131,31609797760.03,40,40,1,INTRAG DTVM LTDA.,8,974616518982.56,0.0324330617677491
Classe,2026-05-31,27652684000162,30739721793.35,81,81,1,GENIAL INVESTIMENTOS CORRETORA DE VALORES MOBILIÁRIOS S.A.,9,974616518982.56,0.031540325035164
Classe,2026-05-31,39669186000101,24546744869.45,127,127,1,HEMERA DISTRIBUIDORA DE TITULOS E VALORES MOBILIARIOS LTDA,10,974616518982.56,0.0251860546085093
Classe,2026-05-31,13486793000142,22512284632.66,138,138,1,APEX GROUP DISTRIBUIDORA DE TÍTULOS E VALORES MOBILIÁRIOS S.A.,11,974616518982.56,0.0230986077028137
Classe,2026-05-31,45246410000155,19336498837.17,51,51,1,BANCO GENIAL S.A.,12,974616518982.56,0.0198401098899453
Classe,2026-05-31,02332886000104,18688992927.27,48,48,1,XP INVESTIMENTOS CCTVM S.A.,13,974616518982.56,0.019175739958502
Classe,2026-05-31,03317692000194,17689084841.81,68,68,1,FINAXIS CORRETORA DE TÍTULOS E VALORES MOBILIÁRIOS S.A.,14,974616518982.56,0.0181497896837172
Classe,2026-05-31,22610500000188,17075134494.27,178,178,1,VORTX DISTRIBUIDORA DE TITULOS E VALORES MOBILIARIOS LTDA.,15,974616518982.56,0.0175198492552695
Classe,2026-05-31,16695922000109,16532364526.02,292,292,1,ID CORRETORA DE TITULOS E VALORES MOBILIARIOS S.A.,16,974616518982.56,0.0169629430694226
Classe,2026-05-31,48967968000118,15387367344.93,43,43,1,VERT DISTRIBUIDORA DE TÍTULOS E VALORES MOBILIÁRIOS LTDA.,17,974616518982.56,0.0157881249139851
Classe,2026-05-31,00806535000154,14106891125.24,197,197,1,PLANNER CORRETORA DE VALORES S.A.,18,974616518982.56,0.0144742992248548
Classe,2026-05-31,36864992000142,13227802357.82,43,43,1,APEX DISTRIBUIDORA DE TÍTULOS E VALORES MOBILIÁRIOS S.A.,19,974616518982.56,0.013572314956891
Classe,2026-05-31,24361690000172,13195036735.31,160,160,1,LIMINE TRUST DISTRIBUIDORA DE TITULOS E VALORES MOBILIARIOS S.A.,20,974616518982.56,0.0135386959673994
Classe,2026-05-31,02201501000161,13077349553.81,42,42,1,BNY MELLON SERVICOS FINANCEIROS DTVM S.A.,21,974616518982.56,0.0134179436723091
Classe,2026-05-31,67030395000146,11313928025.8,41,41,1,TRUSTEE DISTRIBUIDORA DE TITULOS E VALORES MOBILIARIOS LTDA.,22,974616518982.56,0.0116085945655949
Classe,2026-05-31,37678915000160,10116257684.9,87,87,1,FIDD DISTRIBUIDORA DE TITULOS E VALORES MOBILIARIOS LTDA.,23,974616518982.56,0.0103797313998543
Classe,2026-05-31,00329598000167,8008728255.19,25,25,1,SEFER INVESTIMENTOS DISTRIBUIDORA DE TÍTULOS E VALORES MOBILIÁRIOS LTDA.,24,974616518982.56,0.00821731224456427
Classe,2026-05-31,62318407000119,7915269947.64,13,13,1,S3 CACEIS BRASIL DISTRIBUIDORA DE TITULOS E VALORES MOBILIARIOS S.A,25,974616518982.56,0.00812141985434749
Classe,2026-05-31,47215387000167,7210660572.37,79,79,1,CATÁLISE DISTRIBUIDORA DE TITULOS E VALORES MOBILIARIOS LTDA.,26,974616518982.56,0.00739845922157926
Classe,2026-05-31,62264924000152,6701330238.14,40,40,1,QORE DISTRIBUIDORA DE TÍTULOS E VALORES MOBILIÁRIOS LTDA.,27,974616518982.56,0.00687586359108276
Classe,2026-05-31,33886862000112,6694362068.52,15,15,1,"MASTER S/A CORRETORA DE CAMBIO, TITULOS E VALORES MOBILIARIOS",28,974616518982.56,0.00686871393838933
Classe,2026-05-31,02671743000119,6405709837.68,54,54,1,BANVOX DISTRIBUIDORA DE TITULOS E VALORES MOBILIARIOS LTDA,29,974616518982.56,0.00657254388050715
Classe,2026-05-31,03017677000120,5973797326.39,19,19,1,BANCO J. SAFRA S.A.,30,974616518982.56,0.00612938238788142
Classe,2026-05-31,11758741000152,5337533438.6,17,17,1,BANCO FINAXIS S.A.,31,974616518982.56,0.00547654727232826
Classe,2026-05-31,42066258000130,3951789316.1,18,18,1,RJI CORRETORA DE TÍTULOS E VALORES MOBILIÁRIOS LTDA.,32,974616518982.56,0.00405471202173489
Classe,2026-05-31,12063256000127,3196333259.71,81,81,1,MONETAR DISTRIBUIDORA DE TITULOS E VALORES MOBILIARIOS LTDA.,33,974616518982.56,0.00327958042722975
Classe,2026-05-31,44782130000107,2432376603.39,68,68,1,ACTUAL DISTRIBUIDORA DE TITULOS E VALORES MOBILIARIOS S.A.,34,974616518982.56,0.00249572683821248
Classe,2026-05-31,13673855000125,2397272549.62,21,21,1,OSLO CAPITAL DISTRIBUIDORA DE TÍTULOS E VALORES MOBILIÁRIOS S.A.,35,974616518982.56,0.00245970851399339
Classe,2026-05-31,40434681000110,2052258523.44,94,94,1,AZUMI DISTRIBUIDORA DE TÍTULOS E VALORES MOBILIÁRIOS LTDA.,36,974616518982.56,0.00210570874130313
Classe,2026-05-31,00360305000104,1865099983.25,4,4,1,CAIXA ECONOMICA FEDERAL,37,974616518982.56,0.00191367573494142
Classe,2026-05-31,14717397000141,1839334026.6,2,2,1,BFL ADMINISTRAÇÃO DE RECURSOS LTDA,38,974616518982.56,0.0018872387146897
Classe,2026-05-31,36266751000100,1047476681.53,33,33,1,FINVEST DISTRIBUIDORA DE TÍTULOS E VALORES MOBILIÁRIOS LTDA.,39,974616518982.56,0.00107475777511292
Classe,2026-05-31,18945670000146,958433386.06,8,8,1,INTER DISTRIBUIDORA DE TÍTULOS E VALORES MOBILIÁRIOS,40,974616518982.56,0.00098339538412559
Classe,2026-05-31,34978626000199,889201023.08,4,4,1,INTEGRAL ACCESS DISTRIBUIDORA DE TÍTULOS E VALORES MOBILIÁRIOS LTDA.,41,974616518982.56,0.000912359893107775
Classe,2026-05-31,45854066000187,738462903.84,23,23,1,WNT CAPITAL DISTRIBUIDORA DE TITULOS E VALORES MOBILIARIOS S.A.,42,974616518982.56,0.000757695862379708
Classe,2026-05-31,44077014000189,640384800.38,1,1,1,BR-CAPITAL DTVM S.A.,43,974616518982.56,0.000657063355593975
Classe,2026-05-31,71590442000183,639716187.72,8,8,1,LASTRO RDV DTVM LTDA,44,974616518982.56,0.000656377329195923
Classe,2026-05-31,03502968000104,507114261.73,1,1,1,SANTANDER DISTRIBUIDORA DE TÍTULOS E VALORES MOBILIÁRIOS S.A.,45,974616518982.56,0.0005203218413119
Classe,2026-05-31,15489568000195,444284369.98,26,26,1,INTRA INVESTIMENTOS DTVM LTDA,46,974616518982.56,0.000455855571218725
Classe,2026-05-31,58006471000197,344831175.65,10,10,1,BARU DISTRIBUIDORA DE TÍTULOS E VALORES MOBILIÁRIOS LTDA.,47,974616518982.56,0.000353812159894419
Classe,2026-05-31,41592532000142,202382263.35,4,4,1,MERITO DISTRIBUIDORA DE TITULOS E VALORES MOBILIARIOS LTDA.,48,974616518982.56,0.00020765322504617
Classe,2026-05-31,40768766000135,182357206.23,4,4,1,LIONS TRUST DISTRIBUIDORA DE TÍTULOS E VALORES MOBILIÁRIOS LTDA.,49,974616518982.56,0.000187106623659909
Classe,2026-05-31,33775974000104,98331024.34,4,4,1,ATIVA INVESTIMENTOS S.A. C.T.C.V.,50,974616518982.56,0.000100892014884635
Classe,2026-05-31,01522368000182,78056259.53,1,1,1,BANCO BNP PARIBAS BRASIL S/A,51,974616518982.56,8.00892022756663e-05
Classe,2026-06-30,59281253000123,161299407275.65,441,441,1,BTG PACTUAL SERVIÇOS FINANCEIROS S/A DTVM,1,1001259071394.26,0.16109657518612
Classe,2026-06-30,62285390000140,141607990663.7,815,815,1,QI CORRETORA DE TÍTULOS E VALORES MOBILIÁRIOS S.A.,2,1001259071394.26,0.141429920296762
Classe,2026-06-30,36113876000191,99916164362.03,159,159,1,OLIVEIRA TRUST DTVM S.A.,3,1001259071394.26,0.0997905209716563
Classe,2026-06-30,62232889000190,61801554125.92,416,416,1,BANCO DAYCOVAL S.A.,4,1001259071394.26,0.0617238394053808
Classe,2026-06-30,30822936000169,61314429105.2,3,3,1,BB GESTAO DE RECURSOS DTVM S.A,5,1001259071394.26,0.0612373269385907
Classe,2026-06-30,00066670000100,52413206809.58,46,46,1,BEM - DISTRIBUIDORA DE TITULOS E VALORES MOBILIARIOS LTDA.,6,1001259071394.26,0.0523472978243226
Classe,2026-06-30,34829992000186,51881743525.64,85,85,1,CBSF DISTRIBUIDORA DE TITULOS E VALORES MOBILIARIOS S.A. - EM LIQUIDAÇÃO EXTRAJUDICIAL,7,1001259071394.26,0.051816502849152
Classe,2026-06-30,27652684000162,31584050019,86,86,1,GENIAL INVESTIMENTOS CORRETORA DE VALORES MOBILIÁRIOS S.A.,8,1001259071394.26,0.0315443334511007
Classe,2026-06-30,62418140000131,29686332813.99,41,41,1,INTRAG DTVM LTDA.,9,1001259071394.26,0.0296490026029443
Classe,2026-06-30,39669186000101,25127596349.12,131,131,1,HEMERA DISTRIBUIDORA DE TITULOS E VALORES MOBILIARIOS LTDA,10,1001259071394.26,0.0250959986950527
Classe,2026-06-30,13486793000142,22550613616.41,141,141,1,APEX GROUP DISTRIBUIDORA DE TÍTULOS E VALORES MOBILIÁRIOS S.A.,11,1001259071394.26,0.0225222564875324
Classe,2026-06-30,45246410000155,20563222716.41,52,52,1,BANCO GENIAL S.A.,12,1001259071394.26,0.0205373647079927
Classe,2026-06-30,02332886000104,18861582181.74,48,48,1,XP INVESTIMENTOS CCTVM S.A.,13,1001259071394.26,0.0188378639660913
Classe,2026-06-30,03317692000194,17829248289.54,66,66,1,FINAXIS CORRETORA DE TÍTULOS E VALORES MOBILIÁRIOS S.A.,14,1001259071394.26,0.0178068282215038
Classe,2026-06-30,22610500000188,17814393021.04,185,185,1,VORTX DISTRIBUIDORA DE TITULOS E VALORES MOBILIARIOS LTDA.,15,1001259071394.26,0.0177919916333276
Classe,2026-06-30,16695922000109,16746383622.99,296,296,1,ID CORRETORA DE TITULOS E VALORES MOBILIARIOS S.A.,16,1001259071394.26,0.0167253252444151
Classe,2026-06-30,48967968000118,16003105666.35,50,50,1,VERT DISTRIBUIDORA DE TÍTULOS E VALORES MOBILIÁRIOS LTDA.,17,1001259071394.26,0.0159829819509805
Classe,2026-06-30,00806535000154,13743901590.51,191,191,1,PLANNER CORRETORA DE VALORES S.A.,18,1001259071394.26,0.0137266187974422
Classe,2026-06-30,24361690000172,13594376369.84,165,165,1,LIMINE TRUST DISTRIBUIDORA DE TITULOS E VALORES MOBILIARIOS S.A.,19,1001259071394.26,0.0135772816029619
Classe,2026-06-30,02201501000161,13378888240.12,45,45,1,BNY MELLON SERVICOS FINANCEIROS DTVM S.A.,20,1001259071394.26,0.0133620644470065
Classe,2026-06-30,36864992000142,13281335095.27,43,43,1,APEX DISTRIBUIDORA DE TÍTULOS E VALORES MOBILIÁRIOS S.A.,21,1001259071394.26,0.0132646339740779
Classe,2026-06-30,67030395000146,11355494189.79,40,40,1,TRUSTEE DISTRIBUIDORA DE TITULOS E VALORES MOBILIARIOS LTDA.,22,1001259071394.26,0.0113412147906709
Classe,2026-06-30,37678915000160,10212770627.1,87,87,1,FIDD DISTRIBUIDORA DE TITULOS E VALORES MOBILIARIOS LTDA.,23,1001259071394.26,0.0101999281892934
Classe,2026-06-30,62318407000119,8828691758.24,15,15,1,S3 CACEIS BRASIL DISTRIBUIDORA DE TITULOS E VALORES MOBILIARIOS S.A,24,1001259071394.26,0.00881758978317768
Classe,2026-06-30,00329598000167,8330793482.69,25,25,1,SEFER INVESTIMENTOS DISTRIBUIDORA DE TÍTULOS E VALORES MOBILIÁRIOS LTDA.,25,1001259071394.26,0.00832031760879761
Classe,2026-06-30,47215387000167,7357368204.34,80,80,1,CATÁLISE DISTRIBUIDORA DE TITULOS E VALORES MOBILIARIOS LTDA.,26,1001259071394.26,0.00734811640117759
Classe,2026-06-30,33886862000112,6736020234.04,16,16,1,"MASTER S/A CORRETORA DE CAMBIO, TITULOS E VALORES MOBILIARIOS",27,1001259071394.26,0.00672754976857293
Classe,2026-06-30,03017677000120,5990325572.94,19,19,1,BANCO J. SAFRA S.A.,28,1001259071394.26,0.00598279280965558
Classe,2026-06-30,02671743000119,5596267245.1,44,44,1,BANVOX DISTRIBUIDORA DE TITULOS E VALORES MOBILIARIOS LTDA,29,1001259071394.26,0.00558923000548416
Classe,2026-06-30,11758741000152,5421187786.33,17,17,1,BANCO FINAXIS S.A.,30,1001259071394.26,0.00541437070705483
Classe,2026-06-30,62264924000152,4896036385.5,42,42,1,QORE DISTRIBUIDORA DE TÍTULOS E VALORES MOBILIÁRIOS LTDA.,31,1001259071394.26,0.00488987967787621
Classe,2026-06-30,42066258000130,3924659618.2,18,18,1,RJI CORRETORA DE TÍTULOS E VALORES MOBILIÁRIOS LTDA.,32,1001259071394.26,0.00391972440532787
Classe,2026-06-30,12063256000127,3333055188.13,83,83,1,MONETAR DISTRIBUIDORA DE TITULOS E VALORES MOBILIARIOS LTDA.,33,1001259071394.26,0.00332886391080452
Classe,2026-06-30,44782130000107,2486065804.29,70,70,1,ACTUAL DISTRIBUIDORA DE TITULOS E VALORES MOBILIARIOS S.A.,34,1001259071394.26,0.00248293960605834
Classe,2026-06-30,13673855000125,2359941749.24,21,21,1,OSLO CAPITAL DISTRIBUIDORA DE TÍTULOS E VALORES MOBILIÁRIOS S.A.,35,1001259071394.26,0.00235697415051008
Classe,2026-06-30,40434681000110,2180823340.78,96,96,1,AZUMI DISTRIBUIDORA DE TÍTULOS E VALORES MOBILIÁRIOS LTDA.,36,1001259071394.26,0.00217808098132204
Classe,2026-06-30,00360305000104,1891102410.28,4,4,1,CAIXA ECONOMICA FEDERAL,37,1001259071394.26,0.00188872437145226
Classe,2026-06-30,14717397000141,1839858183.54,2,2,1,BFL ADMINISTRAÇÃO DE RECURSOS LTDA,38,1001259071394.26,0.00183754458371896
Classe,2026-06-30,36266751000100,1311316405.77,38,38,1,FINVEST DISTRIBUIDORA DE TÍTULOS E VALORES MOBILIÁRIOS LTDA.,39,1001259071394.26,0.00130966744095909
Classe,2026-06-30,18945670000146,1006891082.26,9,9,1,INTER DISTRIBUIDORA DE TÍTULOS E VALORES MOBILIÁRIOS,40,1001259071394.26,0.00100562492867895
Classe,2026-06-30,34978626000199,914500052.52,4,4,1,INTEGRAL ACCESS DISTRIBUIDORA DE TÍTULOS E VALORES MOBILIÁRIOS LTDA.,41,1001259071394.26,0.000913350079561878
Classe,2026-06-30,45854066000187,710118936.5,22,22,1,WNT CAPITAL DISTRIBUIDORA DE TITULOS E VALORES MOBILIARIOS S.A.,42,1001259071394.26,0.000709225970368643
Classe,2026-06-30,71590442000183,656288010.83,8,8,1,LASTRO RDV DTVM LTDA,43,1001259071394.26,0.000655462736448534
Classe,2026-06-30,44077014000189,641969978.44,1,1,1,BR-CAPITAL DTVM S.A.,44,1001259071394.26,0.000641162708814266
Classe,2026-06-30,58006471000197,581348253.01,15,15,1,BARU DISTRIBUIDORA DE TÍTULOS E VALORES MOBILIÁRIOS LTDA.,45,1001259071394.26,0.000580617214484228
Classe,2026-06-30,03502968000104,511741022.82,1,1,1,SANTANDER DISTRIBUIDORA DE TÍTULOS E VALORES MOBILIÁRIOS S.A.,46,1001259071394.26,0.000511097514559741
Classe,2026-06-30,15489568000195,453054429.64,24,24,1,INTRA INVESTIMENTOS DTVM LTDA,47,1001259071394.26,0.000452484719073874
Classe,2026-06-30,41592532000142,342480250.75,13,13,1,MERITO DISTRIBUIDORA DE TITULOS E VALORES MOBILIARIOS LTDA.,48,1001259071394.26,0.000342049585900974
Classe,2026-06-30,40768766000135,182189241.85,4,4,1,LIONS TRUST DISTRIBUIDORA DE TÍTULOS E VALORES MOBILIÁRIOS LTDA.,49,1001259071394.26,0.000181960141041519
Classe,2026-06-30,33775974000104,127486114.25,4,4,1,ATIVA INVESTIMENTOS S.A. C.T.C.V.,50,1001259071394.26,0.000127325801974982
Classe,2026-06-30,01522368000182,79700375.04,1,1,1,BANCO BNP PARIBAS BRASIL S/A,51,1001259071394.26,7.96001527646753e-05
Classe,2026-07-31,59281253000123,168950255780.57,465,465,1,BTG PACTUAL SERVIÇOS FINANCEIROS S/A DTVM,1,1015491808627.77,0.166372839588802
Classe,2026-07-31,62285390000140,142115681628.96,808,808,1,QI CORRETORA DE TÍTULOS E VALORES MOBILIÁRIOS S.A.,2,1015491808627.77,0.139947639578699
Classe,2026-07-31,36113876000191,101374749873.45,161,161,1,OLIVEIRA TRUST DTVM S.A.,3,1015491808627.77,0.0998282300380515
Classe,2026-07-31,62232889000190,64391952746.01,438,438,1,BANCO DAYCOVAL S.A.,4,1015491808627.77,0.0634096230013146
Classe,2026-07-31,30822936000169,62036313353.62,3,3,1,BB GESTAO DE RECURSOS DTVM S.A,5,1015491808627.77,0.0610899200038348
Classe,2026-07-31,00066670000100,54488916232.74,48,48,1,BEM - DISTRIBUIDORA DE TITULOS E VALORES MOBILIARIOS LTDA.,6,1015491808627.77,0.0536576620015977
Classe,2026-07-31,34829992000186,48047937238.76,59,59,1,CBSF DISTRIBUIDORA DE TITULOS E VALORES MOBILIARIOS S.A. - EM LIQUIDAÇÃO EXTRAJUDICIAL,7,1015491808627.77,0.0473149431935714
Classe,2026-07-31,27652684000162,32949446368.89,94,94,1,GENIAL INVESTIMENTOS CORRETORA DE VALORES MOBILIÁRIOS S.A.,8,1015491808627.77,0.0324467869548002
Classe,2026-07-31,62418140000131,29570936691.76,43,43,1,INTRAG DTVM LTDA.,9,1015491808627.77,0.0291198180433568
Classe,2026-07-31,39669186000101,25581077625.91,133,133,1,HEMERA DISTRIBUIDORA DE TITULOS E VALORES MOBILIARIOS LTDA,10,1015491808627.77,0.0251908261677439
Classe,2026-07-31,13486793000142,22724294315.83,145,145,1,APEX GROUP DISTRIBUIDORA DE TÍTULOS E VALORES MOBILIÁRIOS S.A.,11,1015491808627.77,0.0223776244404544
Classe,2026-07-31,02332886000104,19774551178.18,52,52,1,XP INVESTIMENTOS CCTVM S.A.,12,1015491808627.77,0.019472881031804
Classe,2026-07-31,45246410000155,18989565690.88,48,48,1,BANCO GENIAL S.A.,13,1015491808627.77,0.018699870869998
Classe,2026-07-31,03317692000194,18365845310.57,75,75,1,FINAXIS CORRETORA DE TÍTULOS E VALORES MOBILIÁRIOS S.A.,14,1015491808627.77,0.0180856656395759
Classe,2026-07-31,22610500000188,18031130561.8,191,191,1,VORTX DISTRIBUIDORA DE TITULOS E VALORES MOBILIARIOS LTDA.,15,1015491808627.77,0.0177560571228688
Classe,2026-07-31,16695922000109,16934008212.81,299,299,1,ID CORRETORA DE TITULOS E VALORES MOBILIARIOS S.A.,16,1015491808627.77,0.0166756718950721
Classe,2026-07-31,48967968000118,16659880116.38,54,54,1,VERT DISTRIBUIDORA DE TÍTULOS E VALORES MOBILIÁRIOS LTDA.,17,1015491808627.77,0.0164057257526207
Classe,2026-07-31,00806535000154,13865974640.91,191,191,1,PLANNER CORRETORA DE VALORES S.A.,18,1015491808627.77,0.013654442628786
Classe,2026-07-31,24361690000172,13714381628.57,169,169,1,LIMINE TRUST DISTRIBUIDORA DE TITULOS E VALORES MOBILIARIOS S.A.,19,1015491808627.77,0.0135051622396661
Classe,2026-07-31,02201501000161,13596675100.9,45,45,1,BNY MELLON SERVICOS FINANCEIROS DTVM S.A.,20,1015491808627.77,0.0133892513808389
Classe,2026-07-31,36864992000142,13184106015.56,43,43,1,APEX DISTRIBUIDORA DE TÍTULOS E VALORES MOBILIÁRIOS S.A.,21,1015491808627.77,0.0129829762323496
Classe,2026-07-31,37678915000160,9562189947.81,80,80,1,FIDD DISTRIBUIDORA DE TITULOS E VALORES MOBILIARIOS LTDA.,22,1015491808627.77,0.00941631421008836
Classe,2026-07-31,67030395000146,9539472417.28,38,38,1,TRUSTEE DISTRIBUIDORA DE TITULOS E VALORES MOBILIARIOS LTDA.,23,1015491808627.77,0.00939394324624898
Classe,2026-07-31,62318407000119,8343143346.7,14,14,1,S3 CACEIS BRASIL DISTRIBUIDORA DE TITULOS E VALORES MOBILIARIOS S.A,24,1015491808627.77,0.00821586474239911
Classe,2026-07-31,00329598000167,7920066490.87,24,24,1,SEFER INVESTIMENTOS DISTRIBUIDORA DE TÍTULOS E VALORES MOBILIÁRIOS LTDA.,25,1015491808627.77,0.00779924212443659
Classe,2026-07-31,47215387000167,7555480068.02,82,82,1,CATÁLISE DISTRIBUIDORA DE TITULOS E VALORES MOBILIARIOS LTDA.,26,1015491808627.77,0.00744021764018923
Classe,2026-07-31,33886862000112,6703302561.93,8,8,1,"MASTER S/A CORRETORA DE CAMBIO, TITULOS E VALORES MOBILIARIOS",27,1015491808627.77,0.00660104050567197
Classe,2026-07-31,03017677000120,6036653736.62,19,19,1,BANCO J. SAFRA S.A.,28,1015491808627.77,0.00594456172401558
Classe,2026-07-31,62264924000152,5409756231.86,44,44,1,QORE DISTRIBUIDORA DE TÍTULOS E VALORES MOBILIÁRIOS LTDA.,29,1015491808627.77,0.0053272278376821
Classe,2026-07-31,11758741000152,5286362564.06,14,14,1,BANCO FINAXIS S.A.,30,1015491808627.77,0.00520571659874188
Classe,2026-07-31,02671743000119,5191139372.99,32,32,1,BANVOX DISTRIBUIDORA DE TITULOS E VALORES MOBILIARIOS LTDA,31,1015491808627.77,0.00511194608256345
Classe,2026-07-31,42066258000130,3916284115.32,14,14,1,RJI CORRETORA DE TÍTULOS E VALORES MOBILIÁRIOS LTDA.,32,1015491808627.77,0.00385653934580926
Classe,2026-07-31,12063256000127,3915634938.52,90,90,1,MONETAR DISTRIBUIDORA DE TITULOS E VALORES MOBILIARIOS LTDA.,33,1015491808627.77,0.00385590007250889
Classe,2026-07-31,36266751000100,3266116546.89,39,39,1,FINVEST DISTRIBUIDORA DE TÍTULOS E VALORES MOBILIÁRIOS LTDA.,34,1015491808627.77,0.0032162903916512
Classe,2026-07-31,44782130000107,2513069538.34,70,70,1,ACTUAL DISTRIBUIDORA DE TITULOS E VALORES MOBILIARIOS S.A.,35,1015491808627.77,0.0024747314719711
Classe,2026-07-31,40434681000110,2327275808.48,93,93,1,AZUMI DISTRIBUIDORA DE TÍTULOS E VALORES MOBILIÁRIOS LTDA.,36,1015491808627.77,0.00229177211347952
Classe,2026-07-31,13673855000125,2303911225.78,21,21,1,OSLO CAPITAL DISTRIBUIDORA DE TÍTULOS E VALORES MOBILIÁRIOS S.A.,37,1015491808627.77,0.00226876396855753
Classe,2026-07-31,00360305000104,1896860246.34,4,4,1,CAIXA ECONOMICA FEDERAL,38,1015491808627.77,0.00186792274464845
Classe,2026-07-31,14717397000141,1839532754.18,2,2,1,BFL ADMINISTRAÇÃO DE RECURSOS LTDA,39,1015491808627.77,0.00181146981054013
Classe,2026-07-31,18945670000146,1040864249.34,9,9,1,INTER DISTRIBUIDORA DE TÍTULOS E VALORES MOBILIÁRIOS,40,1015491808627.77,0.00102498537210902
Classe,2026-07-31,34978626000199,951578803.5,4,4,1,INTEGRAL ACCESS DISTRIBUIDORA DE TÍTULOS E VALORES MOBILIÁRIOS LTDA.,41,1015491808627.77,0.000937062018044109
Classe,2026-07-31,41592532000142,746198732.54,23,23,1,MERITO DISTRIBUIDORA DE TITULOS E VALORES MOBILIARIOS LTDA.,42,1015491808627.77,0.000734815117364989
Classe,2026-07-31,71590442000183,690549536.52,8,8,1,LASTRO RDV DTVM LTDA,43,1015491808627.77,0.000680014876193966
Classe,2026-07-31,44077014000189,643326138.48,1,1,1,BR-CAPITAL DTVM S.A.,44,1015491808627.77,0.000633511893463054
Classe,2026-07-31,45854066000187,618664744.77,21,21,1,WNT CAPITAL DISTRIBUIDORA DE TITULOS E VALORES MOBILIARIOS S.A.,45,1015491808627.77,0.000609226720997385
Classe,2026-07-31,58006471000197,571092019.99,17,17,1,BARU DISTRIBUIDORA DE TÍTULOS E VALORES MOBILIÁRIOS LTDA.,46,1015491808627.77,0.000562379740671384
Classe,2026-07-31,03502968000104,517099115.64,1,1,1,SANTANDER DISTRIBUIDORA DE TÍTULOS E VALORES MOBILIÁRIOS S.A.,47,1015491808627.77,0.000509210523656271
Classe,2026-07-31,15489568000195,450404594.97,24,24,1,INTRA INVESTIMENTOS DTVM LTDA,48,1015491808627.77,0.000443533459495483
Classe,2026-07-31,40768766000135,181828811.05,4,4,1,LIONS TRUST DISTRIBUIDORA DE TÍTULOS E VALORES MOBILIÁRIOS LTDA.,49,1015491808627.77,0.000179054926396407
Classe,2026-07-31,33775974000104,124966361.21,4,4,1,ATIVA INVESTIMENTOS S.A. C.T.C.V.,50,1015491808627.77,0.000123059940167185
Classe,2026-07-31,01522368000182,81303294.71,1,1,1,BANCO BNP PARIBAS BRASIL S/A,51,1015491808627.77,8.00629744319305e-05
Classe,2026-08-31,59281253000123,175045857899.84,477,477,1,BTG PACTUAL SERVIÇOS FINANCEIROS S/A DTVM,1,989163538888.79,0.17696351616082
Classe,2026-08-31,62285390000140,144426068297.94,801,801,1,QI CORRETORA DE TÍTULOS E VALORES MOBILIÁRIOS S.A.,2,989163538888.79,0.146008281360821
Classe,2026-08-31,36113876000191,98913081790.77,169,169,1,OLIVEIRA TRUST DTVM S.A.,3,989163538888.79,0.0999966920554788
Classe,2026-08-31,62232889000190,68984721557.53,445,445,1,BANCO DAYCOVAL S.A.,4,989163538888.79,0.06974046135488
Classe,2026-08-31,30822936000169,58875744756.13,3,3,1,BB GESTAO DE RECURSOS DTVM S.A,5,989163538888.79,0.0595207389288429
Classe,2026-08-31,00066670000100,54975230168.01,47,47,1,BEM - DISTRIBUIDORA DE TITULOS E VALORES MOBILIARIOS LTDA.,6,989163538888.79,0.0555774935151454
Classe,2026-08-31,27652684000162,34234643726.17,94,94,1,GENIAL INVESTIMENTOS CORRETORA DE VALORES MOBILIÁRIOS S.A.,7,989163538888.79,0.0346096902890584
Classe,2026-08-31,62418140000131,31283661054.76,44,44,1,INTRAG DTVM LTDA.,8,989163538888.79,0.031626379081768
Classe,2026-08-31,39669186000101,25954925031.67,142,142,1,HEMERA DISTRIBUIDORA DE TITULOS E VALORES MOBILIARIOS LTDA,9,989163538888.79,0.0262392658152638
Classe,2026-08-31,13486793000142,22898874529.66,157,157,1,APEX GROUP DISTRIBUIDORA DE TÍTULOS E VALORES MOBILIÁRIOS S.A.,10,989163538888.79,0.0231497357407494
Classe,2026-08-31,02332886000104,20072391139.32,52,52,1,XP INVESTIMENTOS CCTVM S.A.,11,989163538888.79,0.0202922877261216
Classe,2026-08-31,45246410000155,19091490212.32,48,48,1,BANCO GENIAL S.A.,12,989163538888.79,0.0193006408563816
Classe,2026-08-31,03317692000194,18344871684.34,76,76,1,FINAXIS CORRETORA DE TÍTULOS E VALORES MOBILIÁRIOS S.A.,13,989163538888.79,0.0185458429906831
Classe,2026-08-31,22610500000188,17897188733.52,193,193,1,VORTX DISTRIBUIDORA DE TITULOS E VALORES MOBILIARIOS LTDA.,14,989163538888.79,0.0180932555941411
Classe,2026-08-31,48967968000118,17185056691.17,57,57,1,VERT DISTRIBUIDORA DE TÍTULOS E VALORES MOBILIÁRIOS LTDA.,15,989163538888.79,0.017373322019608
Classe,2026-08-31,16695922000109,16401073726.42,301,301,1,ID CORRETORA DE TITULOS E VALORES MOBILIARIOS S.A.,16,989163538888.79,0.0165807503831416
Classe,2026-08-31,34829992000186,14955562506.59,33,33,1,CBSF DISTRIBUIDORA DE TITULOS E VALORES MOBILIARIOS S.A. - EM LIQUIDAÇÃO EXTRAJUDICIAL,17,989163538888.79,0.0151194033328309
Classe,2026-08-31,24361690000172,14353309704.39,171,171,1,LIMINE TRUST DISTRIBUIDORA DE TITULOS E VALORES MOBILIARIOS S.A.,18,989163538888.79,0.0145105527449124
Classe,2026-08-31,00806535000154,13832531488.23,188,188,1,PLANNER CORRETORA DE VALORES S.A.,19,989163538888.79,0.0139840693115005
Classe,2026-08-31,02201501000161,13784253689.48,45,45,1,BNY MELLON SERVICOS FINANCEIROS DTVM S.A.,20,989163538888.79,0.0139352626209464
Classe,2026-08-31,36864992000142,13249151010.52,43,43,1,APEX DISTRIBUIDORA DE TÍTULOS E VALORES MOBILIÁRIOS S.A.,21,989163538888.79,0.0133942977977169
Classe,2026-08-31,67030395000146,9558260371.76,37,37,1,TRUSTEE DISTRIBUIDORA DE TITULOS E VALORES MOBILIARIOS LTDA.,22,989163538888.79,0.00966297280073383
Classe,2026-08-31,37678915000160,8526722535.29,77,77,1,FIDD DISTRIBUIDORA DE TITULOS E VALORES MOBILIARIOS LTDA.,23,989163538888.79,0.00862013428524547
Classe,2026-08-31,00329598000167,7943993949.48,24,24,1,SEFER INVESTIMENTOS DISTRIBUIDORA DE TÍTULOS E VALORES MOBILIÁRIOS LTDA.,24,989163538888.79,0.00803102180495265
Classe,2026-08-31,62318407000119,7776151197.6,14,14,1,S3 CACEIS BRASIL DISTRIBUIDORA DE TITULOS E VALORES MOBILIARIOS S.A,25,989163538888.79,0.00786134030610914
Classe,2026-08-31,47215387000167,7696066767.29,87,87,1,CATÁLISE DISTRIBUIDORA DE TITULOS E VALORES MOBILIARIOS LTDA.,26,989163538888.79,0.00778037853673381
Classe,2026-08-31,33886862000112,6705847419.65,8,8,1,"MASTER S/A CORRETORA DE CAMBIO, TITULOS E VALORES MOBILIARIOS",27,989163538888.79,0.00677931116141143
Classe,2026-08-31,03017677000120,5862388713.73,17,17,1,BANCO J. SAFRA S.A.,28,989163538888.79,0.00592661221653571
Classe,2026-08-31,11758741000152,5460525511.16,14,14,1,BANCO FINAXIS S.A.,29,989163538888.79,0.00552034653167085
Classe,2026-08-31,62264924000152,5375305965.34,44,44,1,QORE DISTRIBUIDORA DE TÍTULOS E VALORES MOBILIÁRIOS LTDA.,30,989163538888.79,0.005434193390689
Classe,2026-08-31,42066258000130,3910537065.63,13,13,1,RJI CORRETORA DE TÍTULOS E VALORES MOBILIÁRIOS LTDA.,31,989163538888.79,0.00395337768921713
Classe,2026-08-31,12063256000127,3840880541.63,89,89,1,MONETAR DISTRIBUIDORA DE TITULOS E VALORES MOBILIARIOS LTDA.,32,989163538888.79,0.00388295806570548
Classe,2026-08-31,36266751000100,3396512872.49,43,43,1,FINVEST DISTRIBUIDORA DE TÍTULOS E VALORES MOBILIÁRIOS LTDA.,33,989163538888.79,0.00343372227033923
Classe,2026-08-31,44782130000107,2870494332.32,71,71,1,ACTUAL DISTRIBUIDORA DE TITULOS E VALORES MOBILIARIOS S.A.,34,989163538888.79,0.00290194110424315
Classe,2026-08-31,40434681000110,2384074916.62,91,91,1,AZUMI DISTRIBUIDORA DE TÍTULOS E VALORES MOBILIÁRIOS LTDA.,35,989163538888.79,0.0024101928780131
Classe,2026-08-31,13673855000125,2289902342.29,25,25,1,OSLO CAPITAL DISTRIBUIDORA DE TÍTULOS E VALORES MOBILIÁRIOS S.A.,36,989163538888.79,0.00231498862651411
Classe,2026-08-31,00360305000104,1898645427.54,4,4,1,CAIXA ECONOMICA FEDERAL,37,989163538888.79,0.00191944542322386
Classe,2026-08-31,14717397000141,1875098030.32,3,3,1,BFL ADMINISTRAÇÃO DE RECURSOS LTDA,38,989163538888.79,0.00189564006011226
Classe,2026-08-31,18945670000146,1057847813.87,9,9,1,INTER DISTRIBUIDORA DE TÍTULOS E VALORES MOBILIÁRIOS,39,989163538888.79,0.0010694367233333
Classe,2026-08-31,34978626000199,963523089.65,4,4,1,INTEGRAL ACCESS DISTRIBUIDORA DE TÍTULOS E VALORES MOBILIÁRIOS LTDA.,40,989163538888.79,0.000974078655115418
Classe,2026-08-31,58006471000197,800866615.73,24,24,1,BARU DISTRIBUIDORA DE TÍTULOS E VALORES MOBILIÁRIOS LTDA.,41,989163538888.79,0.000809640250822104
Classe,2026-08-31,71590442000183,733065289.19,9,9,1,LASTRO RDV DTVM LTDA,42,989163538888.79,0.000741096148785987
Classe,2026-08-31,41592532000142,678473619.37,26,26,1,MERITO DISTRIBUIDORA DE TITULOS E VALORES MOBILIARIOS LTDA.,43,989163538888.79,0.000685906417590145
Classe,2026-08-31,44077014000189,644270871.62,1,1,1,BR-CAPITAL DTVM S.A.,44,989163538888.79,0.000651328972703304
Classe,2026-08-31,45854066000187,619480415.91,20,20,1,WNT CAPITAL DISTRIBUIDORA DE TITULOS E VALORES MOBILIARIOS S.A.,45,989163538888.79,0.000626266933176605
Classe,2026-08-31,03502968000104,522045238.22,1,1,1,SANTANDER DISTRIBUIDORA DE TÍTULOS E VALORES MOBILIÁRIOS S.A.,46,989163538888.79,0.000527764335922103
Classe,2026-08-31,15489568000195,437233676.49,24,24,1,INTRA INVESTIMENTOS DTVM LTDA,47,989163538888.79,0.000442023648567942
Classe,2026-08-31,60746948000112,200136828.44,1,1,1,BANCO BRADESCO S.A.,48,989163538888.79,0.00020232936271067
Classe,2026-08-31,40768766000135,169655592.32,4,4,1,LIONS TRUST DISTRIBUIDORA DE TÍTULOS E VALORES MOBILIÁRIOS LTDA.,49,989163538888.79,0.000171514199270414
Classe,2026-08-31,33775974000104,123129615.73,4,4,1,ATIVA INVESTIMENTOS S.A. C.T.C.V.,50,989163538888.79,0.000124478522397137
Classe,2026-08-31,01522368000182,82712863.33,1,1,1,BANCO BNP PARIBAS BRASIL S/A,51,989163538888.79,8.36189973428643e-05
Classe,2026-09-30,62285390000140,27102672323.64,123,123,1,QI CORRETORA DE TÍTULOS E VALORES MOBILIÁRIOS S.A.,1,42590409356.39,0.636356229799273
Classe,2026-09-30,16695922000109,5119951458.15,84,84,1,ID CORRETORA DE TITULOS E VALORES MOBILIARIOS S.A.,2,42590409356.39,0.12021371795953
Classe,2026-09-30,24361690000172,4144645861.45,82,82,1,LIMINE TRUST DISTRIBUIDORA DE TITULOS E VALORES MOBILIARIOS S.A.,3,42590409356.39,0.0973140649287552
Classe,2026-09-30,62232889000190,3581072140.66,43,43,1,BANCO DAYCOVAL S.A.,4,42590409356.39,0.0840816558181946
Classe,2026-09-30,40434681000110,1658465537.5,74,74,1,AZUMI DISTRIBUIDORA DE TÍTULOS E VALORES MOBILIÁRIOS LTDA.,5,42590409356.39,0.0389398825360474
Classe,2026-09-30,00806535000154,643014723.66,9,9,1,PLANNER CORRETORA DE VALORES S.A.,6,42590409356.39,0.0150976413088532
Classe,2026-09-30,18945670000146,194891193.37,4,4,1,INTER DISTRIBUIDORA DE TÍTULOS E VALORES MOBILIÁRIOS,7,42590409356.39,0.00457594083539279
Classe,2026-09-30,22610500000188,145696117.96,1,1,1,VORTX DISTRIBUIDORA DE TITULOS E VALORES MOBILIARIOS LTDA.,8,42590409356.39,0.00342086681395422
Classe,2026-09-30,39669186000101,0,1,1,1,HEMERA DISTRIBUIDORA DE TITULOS E VALORES MOBILIARIOS LTDA,9,42590409356.39,0
Classe,2026-09-30,48967968000118,0,1,1,1,VERT DISTRIBUIDORA DE TÍTULOS E VALORES MOBILIÁRIOS LTDA.,10,42590409356.39,0
Fundo,2020-11-30,36113876000191,40956199839.65,82,82,1,OLIVEIRA TRUST DTVM S.A.,1,214066948534.41,0.191324256827375
Fundo,2020-11-30,62285390000140,27483415048.8,390,390,1,QI CORRETORA DE TÍTULOS E VALORES MOBILIÁRIOS S.A.,2,214066948534.41,0.12838700806903
Fundo,2020-11-30,30822936000169,23534954634.99,3,3,1,BB GESTAO DE RECURSOS DTVM S.A,3,214066948534.41,0.109942028865829
Fundo,2020-11-30,13486793000142,17312081073.52,133,133,1,APEX GROUP DISTRIBUIDORA DE TÍTULOS E VALORES MOBILIÁRIOS S.A.,4,214066948534.41,0.0808722747348229
Fundo,2020-11-30,03751794000113,10822546727.68,40,40,1,TERRA INVESTIMENTOS DISTRIBUIDORA DE TITULOS E VALORES MOBILIARIOS LTDA,5,214066948534.41,0.0505568318779503
Fundo,2020-11-30,00066670000100,10635820942.7,17,17,1,BEM - DISTRIBUIDORA DE TITULOS E VALORES MOBILIARIOS LTDA.,6,214066948534.41,0.0496845543673005
Fundo,2020-11-30,05389174000101,10209170256.66,56,56,1,XP SERVIÇOS FINANCEIROS DTVM LTDA.,7,214066948534.41,0.0476914830923511
Fundo,2020-11-30,62418140000131,8647898908.14,11,11,1,INTRAG DTVM LTDA.,8,214066948534.41,0.0403981042722712
Fundo,2020-11-30,67030395000146,8231760677.41,62,62,1,TRUSTEE DISTRIBUIDORA DE TITULOS E VALORES MOBILIARIOS LTDA.,9,214066948534.41,0.03845414125706
Fundo,2020-11-30,45246410000155,6026583770.76,16,16,1,BANCO GENIAL S.A.,10,214066948534.41,0.0281527989819095
Fundo,2020-11-30,42066258000130,5843063448,10,10,1,RJI CORRETORA DE TÍTULOS E VALORES MOBILIÁRIOS LTDA.,11,214066948534.41,0.0272954955821252
Fundo,2020-11-30,03317692000194,5797893774.32,57,57,1,FINAXIS CORRETORA DE TÍTULOS E VALORES MOBILIÁRIOS S.A.,12,214066948534.41,0.027084488352895
Fundo,2020-11-30,62318407000119,5652407336.52,10,10,1,S3 CACEIS BRASIL DISTRIBUIDORA DE TITULOS E VALORES MOBILIARIOS S.A,13,214066948534.41,0.0264048578036857
Fundo,2020-11-30,59281253000123,5438616678.8,23,23,1,BTG PACTUAL SERVIÇOS FINANCEIROS S/A DTVM,14,214066948534.41,0.0254061484784783
Fundo,2020-11-30,02671743000119,4418082618.3,51,51,1,BANVOX DISTRIBUIDORA DE TITULOS E VALORES MOBILIARIOS LTDA,15,214066948534.41,0.0206387891664173
Fundo,2020-11-30,22610500000188,3192829230.78,41,41,1,VORTX DISTRIBUIDORA DE TITULOS E VALORES MOBILIARIOS LTDA.,16,214066948534.41,0.0149150966678388
Fundo,2020-11-30,11758741000152,2946033848.06,29,29,1,BANCO FINAXIS S.A.,17,214066948534.41,0.0137622078897735
Fundo,2020-11-30,52904364000108,2481192916.57,11,11,1,NECTON INVESTIMENTOS S.A. CORRETORA DE VALORES MOBILIÁRIOS E COMMODITIES,18,214066948534.41,0.0115907333362636
Fundo,2020-11-30,03384738000198,2400797433.34,5,5,1,TIVIO CAPITAL DISTRIBUIDORA DE TITULOS E VALORES MOBILIARIOS S.A.,19,214066948534.41,0.0112151710003662
Fundo,2020-11-30,34829992000186,2083116894.37,17,17,1,CBSF DISTRIBUIDORA DE TITULOS E VALORES MOBILIARIOS S.A. - EM LIQUIDAÇÃO EXTRAJUDICIAL,20,214066948534.41,0.00973114676801754
Fundo,2020-11-30,02201501000161,1961204749.6,14,14,1,BNY MELLON SERVICOS FINANCEIROS DTVM S.A.,21,214066948534.41,0.00916164201445955
Fundo,2020-11-30,00360305000104,1833210069.89,4,4,1,CAIXA ECONOMICA FEDERAL,22,214066948534.41,0.00856372308962643
Fundo,2020-11-30,33886862000112,1160111070.9,32,32,1,"MASTER S/A CORRETORA DE CAMBIO, TITULOS E VALORES MOBILIARIOS",23,214066948534.41,0.00541938435074913
Fundo,2020-11-30,62232889000190,1153797448.83,13,13,1,BANCO DAYCOVAL S.A.,24,214066948534.41,0.00538989067078953
Fundo,2020-11-30,03017677000120,809306847.84,12,12,1,BANCO J. SAFRA S.A.,25,214066948534.41,0.00378062495579465
Fundo,2020-11-30,15489568000195,776633854.28,15,15,1,INTRA INVESTIMENTOS DTVM LTDA,26,214066948534.41,0.00362799516505072
Fundo,2020-11-30,01638542000157,531914166.05,1,1,1,SAFRA DISTRIBUIDORA DE TÍTULOS E VALORES MOBILIÁRIOS LTDA.,27,214066948534.41,0.0024848028604682
Fundo,2020-11-30,44077014000189,372350639.57,1,1,1,BR-CAPITAL DTVM S.A.,28,214066948534.41,0.0017394120956984
Fundo,2020-11-30,00806535000154,302280636.44,6,6,1,PLANNER CORRETORA DE VALORES S.A.,29,214066948534.41,0.00141208457685568
Fundo,2020-11-30,30723886000162,236337813.65,4,4,1,BANCO MODAL S.A.,30,214066948534.41,0.00110403691587172
Fundo,2020-11-30,01522368000182,197118425.67,1,1,1,BANCO BNP PARIBAS BRASIL S/A,31,214066948534.41,0.000920826064086742
Fundo,2020-11-30,24361690000172,181007717.25,10,10,1,LIMINE TRUST DISTRIBUIDORA DE TITULOS E VALORES MOBILIARIOS S.A.,32,214066948534.41,0.000845565924535539
Fundo,2020-11-30,00329598000167,144149385.54,5,5,1,SEFER INVESTIMENTOS DISTRIBUIDORA DE TÍTULOS E VALORES MOBILIÁRIOS LTDA.,33,214066948534.41,0.000673384595459064
Fundo,2020-11-30,50657675000186,95433020.73,4,4,1,SLW CVC LTDA,34,214066948534.41,0.000445809226428337
Fundo,2020-11-30,13673855000125,83561178.85,4,4,1,OSLO CAPITAL DISTRIBUIDORA DE TITULOS E VALORES MOBILIARIOS S.A.,35,214066948534.41,0.000390350679645289
Fundo,2020-11-30,02685483000130,75653954.12,2,2,1,CM CAPITAL MARKETS CCTVM LTDA,36,214066948534.41,0.000353412587220764
Fundo,2020-11-30,27652684000162,23108958.52,4,4,1,GENIAL INVESTIMENTOS CORRETORA DE VALORES MOBILIÁRIOS S.A.,37,214066948534.41,0.000107952015377495
Fundo,2020-11-30,29292189000115,15302537.31,1,1,1,FUNDO DE INVESTIMENTO EM DIREITOS CREDITORIOS HENDRIKSEN,38,214066948534.41,7.1484820121777e-05
Fundo,2020-12-31,36113876000191,42362729725.78,83,83,1,OLIVEIRA TRUST DTVM S.A.,1,217375532796.92,0.194882695309397
Fundo,2020-12-31,62285390000140,27926136959.27,393,393,1,QI CORRETORA DE TÍTULOS E VALORES MOBILIÁRIOS S.A.,2,217375532796.92,0.128469550367288
Fundo,2020-12-31,30822936000169,20858678823.54,3,3,1,BB GESTAO DE RECURSOS DTVM S.A,3,217375532796.92,0.0959568841771485
Fundo,2020-12-31,13486793000142,18446862410.77,137,137,1,APEX GROUP DISTRIBUIDORA DE TÍTULOS E VALORES MOBILIÁRIOS S.A.,4,217375532796.92,0.0848617237341229
Fundo,2020-12-31,03751794000113,11039198330.86,43,43,1,TERRA INVESTIMENTOS DISTRIBUIDORA DE TITULOS E VALORES MOBILIARIOS LTDA,5,217375532796.92,0.0507839966569431
Fundo,2020-12-31,00066670000100,10511386228.81,17,17,1,BEM - DISTRIBUIDORA DE TITULOS E VALORES MOBILIARIOS LTDA.,6,217375532796.92,0.0483558848301024
Fundo,2020-12-31,62418140000131,9232141155.03,10,10,1,INTRAG DTVM LTDA.,7,217375532796.92,0.0424709305423762
Fundo,2020-12-31,05389174000101,8845183836.42,59,59,1,XP SERVIÇOS FINANCEIROS DTVM LTDA.,8,217375532796.92,0.0406907977296759
Fundo,2020-12-31,59281253000123,8230287758.23,30,30,1,BTG PACTUAL SERVIÇOS FINANCEIROS S/A DTVM,9,217375532796.92,0.0378620705482941
Fundo,2020-12-31,45246410000155,7375267815.01,19,19,1,BANCO GENIAL S.A.,10,217375532796.92,0.033928693446379
Fundo,2020-12-31,67030395000146,6872494707.97,65,65,1,TRUSTEE DISTRIBUIDORA DE TITULOS E VALORES MOBILIARIOS LTDA.,11,217375532796.92,0.0316157693533547
Fundo,2020-12-31,03317692000194,5857743079.21,56,56,1,FINAXIS CORRETORA DE TÍTULOS E VALORES MOBILIÁRIOS S.A.,12,217375532796.92,0.0269475731874687
Fundo,2020-12-31,42066258000130,5841051000.34,10,10,1,RJI CORRETORA DE TÍTULOS E VALORES MOBILIÁRIOS LTDA.,13,217375532796.92,0.0268707840536815
Fundo,2020-12-31,62318407000119,5589643463.49,10,10,1,S3 CACEIS BRASIL DISTRIBUIDORA DE TITULOS E VALORES MOBILIARIOS S.A,14,217375532796.92,0.0257142254768482
Fundo,2020-12-31,02671743000119,4003805774.74,52,52,1,BANVOX DISTRIBUIDORA DE TITULOS E VALORES MOBILIARIOS LTDA,15,217375532796.92,0.0184188428349041
Fundo,2020-12-31,34829992000186,3312306549.1,22,22,1,CBSF DISTRIBUIDORA DE TITULOS E VALORES MOBILIARIOS S.A. - EM LIQUIDAÇÃO EXTRAJUDICIAL,16,217375532796.92,0.0152377156089341
Fundo,2020-12-31,22610500000188,3106849963.72,40,40,1,VORTX DISTRIBUIDORA DE TITULOS E VALORES MOBILIARIOS LTDA.,17,217375532796.92,0.0142925467450034
Fundo,2020-12-31,11758741000152,2957310879.22,29,29,1,BANCO FINAXIS S.A.,18,217375532796.92,0.0136046170475995
Fundo,2020-12-31,52904364000108,2454177749.85,11,11,1,NECTON INVESTIMENTOS S.A. CORRETORA DE VALORES MOBILIÁRIOS E COMMODITIES,19,217375532796.92,0.0112900367316996
Fundo,2020-12-31,03384738000198,2349192807.53,5,5,1,TIVIO CAPITAL DISTRIBUIDORA DE TITULOS E VALORES MOBILIARIOS S.A.,20,217375532796.92,0.0108070709582789
Fundo,2020-12-31,00360305000104,2192778530.05,5,5,1,CAIXA ECONOMICA FEDERAL,21,217375532796.92,0.0100875130785698
Fundo,2020-12-31,02201501000161,1917611697.44,14,14,1,BNY MELLON SERVICOS FINANCEIROS DTVM S.A.,22,217375532796.92,0.00882165381156996
Fundo,2020-12-31,62232889000190,1272758822.54,12,12,1,BANCO DAYCOVAL S.A.,23,217375532796.92,0.00585511536723435
Fundo,2020-12-31,33886862000112,1255810061.84,33,33,1,"MASTER S/A CORRETORA DE CAMBIO, TITULOS E VALORES MOBILIARIOS",24,217375532796.92,0.00577714541136156
Fundo,2020-12-31,03017677000120,860702176.72,12,12,1,BANCO J. SAFRA S.A.,25,217375532796.92,0.00395951727246184
Fundo,2020-12-31,15489568000195,684911492.53,14,14,1,INTRA INVESTIMENTOS DTVM LTDA,26,217375532796.92,0.00315082145500648
Fundo,2020-12-31,01638542000157,511972430.68,1,1,1,SAFRA DISTRIBUIDORA DE TÍTULOS E VALORES MOBILIÁRIOS LTDA.,27,217375532796.92,0.00235524405204473
Fundo,2020-12-31,44077014000189,372352867.77,1,1,1,BR-CAPITAL DTVM S.A.,28,217375532796.92,0.00171294746459743
Fundo,2020-12-31,30723886000162,282333734.84,4,4,1,BANCO MODAL S.A.,29,217375532796.92,0.00129882940921307
Fundo,2020-12-31,00806535000154,215853934.49,6,6,1,PLANNER CORRETORA DE VALORES S.A.,30,217375532796.92,0.000993000139954382
Fundo,2020-12-31,01522368000182,201455397.78,1,1,1,BANCO BNP PARIBAS BRASIL S/A,31,217375532796.92,0.000926762065573437
Fundo,2020-12-31,00329598000167,188855701.1,6,6,1,SEFER INVESTIMENTOS DISTRIBUIDORA DE TÍTULOS E VALORES MOBILIÁRIOS LTDA.,32,217375532796.92,0.000868799255693767
Fundo,2020-12-31,13673855000125,94234815.32,4,4,1,OSLO CAPITAL DISTRIBUIDORA DE TITULOS E VALORES MOBILIARIOS S.A.,33,217375532796.92,0.000433511601363331
Fundo,2020-12-31,02685483000130,73983569.52,2,2,1,CM CAPITAL MARKETS CCTVM LTDA,34,217375532796.92,0.000340349111825378
Fundo,2020-12-31,29292189000115,28480345.23,1,1,1,FUNDO DE INVESTIMENTO EM DIREITOS CREDITORIOS HENDRIKSEN,35,217375532796.92,0.000131019093379784
Fundo,2020-12-31,50657675000186,26122008.28,3,3,1,SLW CVC LTDA,36,217375532796.92,0.000120169956314284
Fundo,2020-12-31,27652684000162,22866191.9,4,4,1,GENIAL INVESTIMENTOS CORRETORA DE VALORES MOBILIÁRIOS S.A.,37,217375532796.92,0.000105192114336816
Fundo,2021-01-31,36113876000191,42197174277.83,83,83,1,OLIVEIRA TRUST DTVM S.A.,1,215532325076.56,0.195781186245919
Fundo,2021-01-31,62285390000140,28253931403.98,396,396,1,QI CORRETORA DE TÍTULOS E VALORES MOBILIÁRIOS S.A.,2,215532325076.56,0.131089067006278
Fundo,2021-01-31,30822936000169,24205998086.7,3,3,1,BB GESTAO DE RECURSOS DTVM S.A,3,215532325076.56,0.112307970872127
Fundo,2021-01-31,13486793000142,19000333952.79,141,141,1,APEX GROUP DISTRIBUIDORA DE TÍTULOS E VALORES MOBILIÁRIOS S.A.,4,215532325076.56,0.0881553796909156
Fundo,2021-01-31,00066670000100,10577974573.81,17,17,1,BEM - DISTRIBUIDORA DE TITULOS E VALORES MOBILIARIOS LTDA.,5,215532325076.56,0.0490783671082867
Fundo,2021-01-31,62418140000131,9223540326.62,11,11,1,INTRAG DTVM LTDA.,6,215532325076.56,0.0427942320176042
Fundo,2021-01-31,59281253000123,8978639227.39,35,35,1,BTG PACTUAL SERVIÇOS FINANCEIROS S/A DTVM,7,215532325076.56,0.0416579704422558
Fundo,2021-01-31,45246410000155,8132740183.43,18,18,1,BANCO GENIAL S.A.,8,215532325076.56,0.0377332735613609
Fundo,2021-01-31,05389174000101,6981053432.44,51,51,1,XP SERVIÇOS FINANCEIROS DTVM LTDA.,9,215532325076.56,0.0323898210162222
Fundo,2021-01-31,67030395000146,6233384680.28,65,65,1,TRUSTEE DISTRIBUIDORA DE TITULOS E VALORES MOBILIARIOS LTDA.,10,215532325076.56,0.0289208807916205
Fundo,2021-01-31,03317692000194,5982744249.47,54,54,1,FINAXIS CORRETORA DE TÍTULOS E VALORES MOBILIÁRIOS S.A.,11,215532325076.56,0.0277579905814353
Fundo,2021-01-31,42066258000130,5838857419.38,10,10,1,RJI CORRETORA DE TÍTULOS E VALORES MOBILIÁRIOS LTDA.,12,215532325076.56,0.0270904024132156
Fundo,2021-01-31,62318407000119,5589794398.95,10,10,1,S3 CACEIS BRASIL DISTRIBUIDORA DE TITULOS E VALORES MOBILIARIOS S.A,13,215532325076.56,0.0259348308749717
Fundo,2021-01-31,34829992000186,4264177064.62,23,23,1,CBSF DISTRIBUIDORA DE TITULOS E VALORES MOBILIARIOS S.A. - EM LIQUIDAÇÃO EXTRAJUDICIAL,14,215532325076.56,0.0197843969024382
Fundo,2021-01-31,02671743000119,4023185759.59,49,49,1,BANVOX DISTRIBUIDORA DE TITULOS E VALORES MOBILIARIOS LTDA,15,215532325076.56,0.0186662755025767
Fundo,2021-01-31,22610500000188,2993617759.95,39,39,1,VORTX DISTRIBUIDORA DE TITULOS E VALORES MOBILIARIOS LTDA.,16,215532325076.56,0.0138894143089053
Fundo,2021-01-31,11758741000152,2950835714.64,28,28,1,BANCO FINAXIS S.A.,17,215532325076.56,0.0136909195109913
Fundo,2021-01-31,12063256000127,2676234409.88,17,17,1,MONETAR DISTRIBUIDORA DE TITULOS E VALORES MOBILIARIOS LTDA.,18,215532325076.56,0.0124168586263307
Fundo,2021-01-31,03751794000113,2641115893.31,23,23,1,TERRA INVESTIMENTOS DISTRIBUIDORA DE TITULOS E VALORES MOBILIARIOS LTDA,19,215532325076.56,0.0122539201132445
Fundo,2021-01-31,03384738000198,2495744554.71,5,5,1,TIVIO CAPITAL DISTRIBUIDORA DE TITULOS E VALORES MOBILIARIOS S.A.,20,215532325076.56,0.0115794443075927
Fundo,2021-01-31,52904364000108,2370281059.84,11,11,1,NECTON INVESTIMENTOS S.A. CORRETORA DE VALORES MOBILIÁRIOS E COMMODITIES,21,215532325076.56,0.0109973344323087
Fundo,2021-01-31,00360305000104,2156868615.49,5,5,1,CAIXA ECONOMICA FEDERAL,22,215532325076.56,0.0100071699905054
Fundo,2021-01-31,02201501000161,1904214785.79,14,14,1,BNY MELLON SERVICOS FINANCEIROS DTVM S.A.,23,215532325076.56,0.00883493826326792
Fundo,2021-01-31,33886862000112,1287361189.53,34,34,1,"MASTER S/A CORRETORA DE CAMBIO, TITULOS E VALORES MOBILIARIOS",24,215532325076.56,0.00597293788332081
Fundo,2021-01-31,62232889000190,1233444886.2,12,12,1,BANCO DAYCOVAL S.A.,25,215532325076.56,0.00572278374374639
Fundo,2021-01-31,03017677000120,860498238.53,12,12,1,BANCO J. SAFRA S.A.,26,215532325076.56,0.00399243240300191
Fundo,2021-01-31,15489568000195,633889296.56,12,12,1,INTRA INVESTIMENTOS DTVM LTDA,27,215532325076.56,0.00294104049745129
Fundo,2021-01-31,01638542000157,511879732.59,1,1,1,SAFRA DISTRIBUIDORA DE TÍTULOS E VALORES MOBILIÁRIOS LTDA.,28,215532325076.56,0.0023749557399716
Fundo,2021-01-31,44077014000189,372353167.5,1,1,1,BR-CAPITAL DTVM S.A.,29,215532325076.56,0.00172759778547248
Fundo,2021-01-31,00806535000154,226166477.68,8,8,1,PLANNER CORRETORA DE VALORES S.A.,30,215532325076.56,0.00104933901492346
Fundo,2021-01-31,30723886000162,161245090.74,2,2,1,BANCO MODAL S.A.,31,215532325076.56,0.000748124861005065
Fundo,2021-01-31,01522368000182,157944622.25,1,1,1,BANCO BNP PARIBAS BRASIL S/A,32,215532325076.56,0.000732811758950292
Fundo,2021-01-31,00329598000167,155702467.57,7,7,1,SEFER INVESTIMENTOS DISTRIBUIDORA DE TÍTULOS E VALORES MOBILIÁRIOS LTDA.,33,215532325076.56,0.000722408889314827
Fundo,2021-01-31,13673855000125,101152451.67,4,4,1,OSLO CAPITAL DISTRIBUIDORA DE TITULOS E VALORES MOBILIARIOS S.A.,34,215532325076.56,0.000469314529196812
Fundo,2021-01-31,02685483000130,73257917.74,2,2,1,CM CAPITAL MARKETS CCTVM LTDA,35,215532325076.56,0.000339892949765089
Fundo,2021-01-31,26199830000183,33350547.08,1,1,1,SAINT JOHN FUNDO DE INVESTIMENTO EM DIREITOS CREDITORIOS NÃO PADRONIZADOS - FIDC-NP,36,215532325076.56,0.000154735708753448
Fundo,2021-01-31,29292189000115,28649634.21,1,1,1,FUNDO DE INVESTIMENTO EM DIREITOS CREDITORIOS HENDRIKSEN,37,215532325076.56,0.000132924999532313
Fundo,2021-01-31,27652684000162,22987525.82,4,4,1,GENIAL INVESTIMENTOS CORRETORA DE VALORES MOBILIÁRIOS S.A.,38,215532325076.56,0.000106654655220903
Fundo,2021-02-28,36113876000191,42879317667.47,83,83,1,OLIVEIRA TRUST DTVM S.A.,1,222357953993.97,0.192839144709133
Fundo,2021-02-28,62285390000140,28826106439.73,397,397,1,QI CORRETORA DE TÍTULOS E VALORES MOBILIÁRIOS S.A.,2,222357953993.97,0.129638296818074
Fundo,2021-02-28,30822936000169,25952104947.84,3,3,1,BB GESTAO DE RECURSOS DTVM S.A,3,222357953993.97,0.116713184672242
Fundo,2021-02-28,13486793000142,20350069136.14,142,142,1,APEX GROUP DISTRIBUIDORA DE TÍTULOS E VALORES MOBILIÁRIOS S.A.,4,222357953993.97,0.0915194116990835
Fundo,2021-02-28,00066670000100,10452888492.78,16,16,1,BEM - DISTRIBUIDORA DE TITULOS E VALORES MOBILIARIOS LTDA.,5,222357953993.97,0.0470092852764038
Fundo,2021-02-28,59281253000123,9245891455.83,35,35,1,BTG PACTUAL SERVIÇOS FINANCEIROS S/A DTVM,6,222357953993.97,0.0415811140989395
Fundo,2021-02-28,62418140000131,9078192779.78,11,11,1,INTRAG DTVM LTDA.,7,222357953993.97,0.0408269307066307
Fundo,2021-02-28,05389174000101,8928264979.52,58,58,1,XP SERVIÇOS FINANCEIROS DTVM LTDA.,8,222357953993.97,0.0401526674407254
Fundo,2021-02-28,45246410000155,8587507370.09,18,18,1,BANCO GENIAL S.A.,9,222357953993.97,0.0386201942221634
Fundo,2021-02-28,67030395000146,6110668851.41,62,62,1,TRUSTEE DISTRIBUIDORA DE TITULOS E VALORES MOBILIARIOS LTDA.,10,222357953993.97,0.0274812244925392
Fundo,2021-02-28,03317692000194,5812294974.56,53,53,1,FINAXIS CORRETORA DE TÍTULOS E VALORES MOBILIÁRIOS S.A.,11,222357953993.97,0.0261393616471108
Fundo,2021-02-28,42066258000130,5657353340.91,9,9,1,RJI CORRETORA DE TÍTULOS E VALORES MOBILIÁRIOS LTDA.,12,222357953993.97,0.0254425499034022
Fundo,2021-02-28,62318407000119,5554045371.18,10,10,1,S3 CACEIS BRASIL DISTRIBUIDORA DE TITULOS E VALORES MOBILIARIOS S.A,13,222357953993.97,0.0249779478153078
Fundo,2021-02-28,34829992000186,4289991910.66,24,24,1,CBSF DISTRIBUIDORA DE TITULOS E VALORES MOBILIARIOS S.A. - EM LIQUIDAÇÃO EXTRAJUDICIAL,14,222357953993.97,0.0192931794595319
Fundo,2021-02-28,02671743000119,4099817799.44,50,50,1,BANVOX DISTRIBUIDORA DE TITULOS E VALORES MOBILIARIOS LTDA,15,222357953993.97,0.0184379183465197
Fundo,2021-02-28,22610500000188,3195190474.91,42,42,1,VORTX DISTRIBUIDORA DE TITULOS E VALORES MOBILIARIOS LTDA.,16,222357953993.97,0.0143695802984257
Fundo,2021-02-28,11758741000152,2986688282,26,26,1,BANCO FINAXIS S.A.,17,222357953993.97,0.0134318931630437
Fundo,2021-02-28,12063256000127,2702737513.62,17,17,1,MONETAR DISTRIBUIDORA DE TITULOS E VALORES MOBILIARIOS LTDA.,18,222357953993.97,0.0121548946870292
Fundo,2021-02-28,03751794000113,2641564463.15,23,23,1,TERRA INVESTIMENTOS DISTRIBUIDORA DE TITULOS E VALORES MOBILIARIOS LTDA,19,222357953993.97,0.0118797839955913
Fundo,2021-02-28,03384738000198,2498809973.96,5,5,1,TIVIO CAPITAL DISTRIBUIDORA DE TITULOS E VALORES MOBILIARIOS S.A.,20,222357953993.97,0.0112377809252003
Fundo,2021-02-28,52904364000108,2312642892.64,11,11,1,NECTON INVESTIMENTOS S.A. CORRETORA DE VALORES MOBILIÁRIOS E COMMODITIES,21,222357953993.97,0.0104005404398653
Fundo,2021-02-28,00360305000104,2151284253.56,5,5,1,CAIXA ECONOMICA FEDERAL,22,222357953993.97,0.00967486979853367
Fundo,2021-02-28,02201501000161,1909017368.51,14,14,1,BNY MELLON SERVICOS FINANCEIROS DTVM S.A.,23,222357953993.97,0.00858533429643704
Fundo,2021-02-28,62232889000190,1377328030.88,12,12,1,BANCO DAYCOVAL S.A.,24,222357953993.97,0.00619419276954379
Fundo,2021-02-28,33886862000112,1308786231.1,34,34,1,"MASTER S/A CORRETORA DE CAMBIO, TITULOS E VALORES MOBILIARIOS",25,222357953993.97,0.00588594294735907
Fundo,2021-02-28,03017677000120,975530621.57,12,12,1,BANCO J. SAFRA S.A.,26,222357953993.97,0.00438720812117409
Fundo,2021-02-28,15489568000195,593297163.57,11,11,1,INTRA INVESTIMENTOS DTVM LTDA,27,222357953993.97,0.00266820751366551
Fundo,2021-02-28,01638542000157,541802468.33,1,1,1,SAFRA DISTRIBUIDORA DE TÍTULOS E VALORES MOBILIÁRIOS LTDA.,28,222357953993.97,0.00243662283537963
Fundo,2021-02-28,44077014000189,372307923.12,1,1,1,BR-CAPITAL DTVM S.A.,29,222357953993.97,0.00167436296490701
Fundo,2021-02-28,00806535000154,226184785.18,9,9,1,PLANNER CORRETORA DE VALORES S.A.,30,222357953993.97,0.00101721022845054
Fundo,2021-02-28,30723886000162,161799150.4,2,2,1,BANCO MODAL S.A.,31,222357953993.97,0.000727651732235258
Fundo,2021-02-28,01522368000182,160573650.13,1,1,1,BANCO BNP PARIBAS BRASIL S/A,32,222357953993.97,0.000722140347335425
Fundo,2021-02-28,00329598000167,135852061.14,7,7,1,SEFER INVESTIMENTOS DISTRIBUIDORA DE TÍTULOS E VALORES MOBILIÁRIOS LTDA.,33,222357953993.97,0.000610961104380751
Fundo,2021-02-28,13673855000125,96328793.6,4,4,1,OSLO CAPITAL DISTRIBUIDORA DE TITULOS E VALORES MOBILIARIOS S.A.,34,222357953993.97,0.000433214966542696
Fundo,2021-02-28,02685483000130,72210788.8,2,2,1,CM CAPITAL MARKETS CCTVM LTDA,35,222357953993.97,0.000324750194463285
Fundo,2021-02-28,26199830000183,33348729.76,1,1,1,SAINT JOHN FUNDO DE INVESTIMENTO EM DIREITOS CREDITORIOS NÃO PADRONIZADOS - FIDC-NP,36,222357953993.97,0.00014997767860782
Fundo,2021-02-28,29292189000115,28801121.31,1,1,1,FUNDO DE INVESTIMENTO EM DIREITOS CREDITORIOS HENDRIKSEN,37,222357953993.97,0.000129525932365707
Fundo,2021-02-28,50657675000186,28640277.79,3,3,1,SLW CVC LTDA,38,222357953993.97,0.00012880257834526
Fundo,2021-02-28,27652684000162,22711457.6,4,4,1,GENIAL INVESTIMENTOS CORRETORA DE VALORES MOBILIÁRIOS S.A.,39,222357953993.97,0.000102139173310688
Fundo,2021-03-31,36113876000191,46785853765.19,88,88,1,OLIVEIRA TRUST DTVM S.A.,1,246067458478.41,0.190134258526082
Fundo,2021-03-31,30822936000169,36867376647.23,3,3,1,BB GESTAO DE RECURSOS DTVM S.A,2,246067458478.41,0.149826299158792
Fundo,2021-03-31,62285390000140,29605652783.92,408,408,1,QI CORRETORA DE TÍTULOS E VALORES MOBILIÁRIOS S.A.,3,246067458478.41,0.120315189042023
Fundo,2021-03-31,13486793000142,20782912490.11,152,152,1,APEX GROUP DISTRIBUIDORA DE TÍTULOS E VALORES MOBILIÁRIOS S.A.,4,246067458478.41,0.0844602233006503
Fundo,2021-03-31,00066670000100,10641036285.47,16,16,1,BEM - DISTRIBUIDORA DE TITULOS E VALORES MOBILIARIOS LTDA.,5,246067458478.41,0.0432443865242086
Fundo,2021-03-31,59281253000123,9871473689.23,38,38,1,BTG PACTUAL SERVIÇOS FINANCEIROS S/A DTVM,6,246067458478.41,0.0401169409001561
Fundo,2021-03-31,45246410000155,9236373019.73,19,19,1,BANCO GENIAL S.A.,7,246067458478.41,0.0375359386277418
Fundo,2021-03-31,34829992000186,9077774268.66,24,24,1,CBSF DISTRIBUIDORA DE TITULOS E VALORES MOBILIARIOS S.A. - EM LIQUIDAÇÃO EXTRAJUDICIAL,8,246067458478.41,0.0368914050024883
Fundo,2021-03-31,05389174000101,8897848487.51,54,54,1,XP SERVIÇOS FINANCEIROS DTVM LTDA.,9,246067458478.41,0.0361601999001859
Fundo,2021-03-31,62418140000131,8772820795.49,11,11,1,INTRAG DTVM LTDA.,10,246067458478.41,0.0356520965825301
Fundo,2021-03-31,67030395000146,6640815934.77,67,67,1,TRUSTEE DISTRIBUIDORA DE TITULOS E VALORES MOBILIARIOS LTDA.,11,246067458478.41,0.026987786096684
Fundo,2021-03-31,03317692000194,6061095256.66,53,53,1,FINAXIS CORRETORA DE TÍTULOS E VALORES MOBILIÁRIOS S.A.,12,246067458478.41,0.0246318440241532
Fundo,2021-03-31,42066258000130,5500898224.88,9,9,1,RJI CORRETORA DE TÍTULOS E VALORES MOBILIÁRIOS LTDA.,13,246067458478.41,0.0223552446101387
Fundo,2021-03-31,62318407000119,5463239873.51,10,10,1,S3 CACEIS BRASIL DISTRIBUIDORA DE TITULOS E VALORES MOBILIARIOS S.A,14,246067458478.41,0.0222022038480531
Fundo,2021-03-31,02671743000119,4662855785.15,52,52,1,BANVOX DISTRIBUIDORA DE TITULOS E VALORES MOBILIARIOS LTDA,15,246067458478.41,0.0189495019535837
Fundo,2021-03-31,22610500000188,3285398944.83,44,44,1,VORTX DISTRIBUIDORA DE TITULOS E VALORES MOBILIARIOS LTDA.,16,246067458478.41,0.0133516189631319
Fundo,2021-03-31,11758741000152,3059382042.17,26,26,1,BANCO FINAXIS S.A.,17,246067458478.41,0.0124331029429413
Fundo,2021-03-31,12063256000127,2753616060.55,17,17,1,MONETAR DISTRIBUIDORA DE TITULOS E VALORES MOBILIARIOS LTDA.,18,246067458478.41,0.0111904925485773
Fundo,2021-03-31,03751794000113,2507251682.67,21,21,1,TERRA INVESTIMENTOS DISTRIBUIDORA DE TITULOS E VALORES MOBILIARIOS LTDA,19,246067458478.41,0.0101892858900316
Fundo,2021-03-31,03384738000198,2501969316.93,5,5,1,TIVIO CAPITAL DISTRIBUIDORA DE TITULOS E VALORES MOBILIARIOS S.A.,20,246067458478.41,0.0101678187453199
Fundo,2021-03-31,52904364000108,2269959167.12,11,11,1,NECTON INVESTIMENTOS S.A. CORRETORA DE VALORES MOBILIÁRIOS E COMMODITIES,21,246067458478.41,0.00922494661080578
Fundo,2021-03-31,00360305000104,2133869341.43,5,5,1,CAIXA ECONOMICA FEDERAL,22,246067458478.41,0.00867188759791749
Fundo,2021-03-31,02201501000161,1916430041.55,15,15,1,BNY MELLON SERVICOS FINANCEIROS DTVM S.A.,23,246067458478.41,0.00778823032269481
Fundo,2021-03-31,62232889000190,1452013392.17,12,12,1,BANCO DAYCOVAL S.A.,24,246067458478.41,0.00590087531747885
Fundo,2021-03-31,33886862000112,1335027516.57,34,34,1,"MASTER S/A CORRETORA DE CAMBIO, TITULOS E VALORES MOBILIARIOS",25,246067458478.41,0.00542545334854643
Fundo,2021-03-31,03017677000120,1136307403.81,13,13,1,BANCO J. SAFRA S.A.,26,246067458478.41,0.00461786946895174
Fundo,2021-03-31,15489568000195,608410379.93,10,10,1,INTRA INVESTIMENTOS DTVM LTDA,27,246067458478.41,0.00247253490442086
Fundo,2021-03-31,01638542000157,581308550.97,1,1,1,SAFRA DISTRIBUIDORA DE TÍTULOS E VALORES MOBILIÁRIOS LTDA.,28,246067458478.41,0.00236239507070377
Fundo,2021-03-31,44077014000189,436015936.1,1,1,1,BR-CAPITAL DTVM S.A.,29,246067458478.41,0.00177193660143507
Fundo,2021-03-31,00806535000154,245402702.55,10,10,1,PLANNER CORRETORA DE VALORES S.A.,30,246067458478.41,0.000997298480942907
Fundo,2021-03-31,24361690000172,201378061.12,13,13,1,LIMINE TRUST DISTRIBUIDORA DE TITULOS E VALORES MOBILIARIOS S.A.,31,246067458478.41,0.000818385585665197
Fundo,2021-03-31,01522368000182,162540853.12,1,1,1,BANCO BNP PARIBAS BRASIL S/A,32,246067458478.41,0.000660554037194079
Fundo,2021-03-31,30723886000162,162328116.39,2,2,1,BANCO MODAL S.A.,33,246067458478.41,0.000659689490815961
Fundo,2021-03-31,00329598000167,150928472.86,8,8,1,SEFER INVESTIMENTOS DISTRIBUIDORA DE TÍTULOS E VALORES MOBILIÁRIOS LTDA.,34,246067458478.41,0.000613362180408924
Fundo,2021-03-31,13673855000125,102626739.22,4,4,1,OSLO CAPITAL DISTRIBUIDORA DE TITULOS E VALORES MOBILIARIOS S.A.,35,246067458478.41,0.000417067497891049
Fundo,2021-03-31,02685483000130,71016835.34,2,2,1,CM CAPITAL MARKETS CCTVM LTDA,36,246067458478.41,0.000288607180238874
Fundo,2021-03-31,26199830000183,44608873.76,1,1,1,SAINT JOHN FUNDO DE INVESTIMENTO EM DIREITOS CREDITORIOS NÃO PADRONIZADOS - FIDC-NP,37,246067458478.41,0.000181287172370718
Fundo,2021-03-31,50657675000186,30520510.23,3,3,1,SLW CVC LTDA,38,246067458478.41,0.000124033102218097
Fundo,2021-03-31,29292189000115,29003508.03,1,1,1,FUNDO DE INVESTIMENTO EM DIREITOS CREDITORIOS HENDRIKSEN,39,246067458478.41,0.00011786811717952
Fundo,2021-03-31,27652684000162,21118626.46,4,4,1,GENIAL INVESTIMENTOS CORRETORA DE VALORES MOBILIÁRIOS S.A.,40,246067458478.41,8.58245401102192e-05
Fundo,2021-03-31,92875780000131,998095.02,1,1,1,WARREN CORRETORA DE VALORES MOBILIÁRIOS E CÂMBIO LTDA.,41,246067458478.41,4.05618453643505e-06
Fundo,2021-04-30,30822936000169,52121972341.05,3,3,1,BB GESTAO DE RECURSOS DTVM S.A,1,266896735562.31,0.195288909140223
Fundo,2021-04-30,36113876000191,45872934756.5,89,89,1,OLIVEIRA TRUST DTVM S.A.,2,266896735562.31,0.171875218555419
Fundo,2021-04-30,62285390000140,30236304312.55,416,416,1,QI CORRETORA DE TÍTULOS E VALORES MOBILIÁRIOS S.A.,3,266896735562.31,0.113288400657456
Fundo,2021-04-30,13486793000142,21042908241.66,154,154,1,APEX GROUP DISTRIBUIDORA DE TÍTULOS E VALORES MOBILIÁRIOS S.A.,4,266896735562.31,0.0788428835494217
Fundo,2021-04-30,34829992000186,13314671090.74,28,28,1,CBSF DISTRIBUIDORA DE TITULOS E VALORES MOBILIARIOS S.A. - EM LIQUIDAÇÃO EXTRAJUDICIAL,5,266896735562.31,0.0498869761845834
Fundo,2021-04-30,00066670000100,10499959555.73,16,16,1,BEM - DISTRIBUIDORA DE TITULOS E VALORES MOBILIARIOS LTDA.,6,266896735562.31,0.0393409066379482
Fundo,2021-04-30,59281253000123,10150842117.82,43,43,1,BTG PACTUAL SERVIÇOS FINANCEIROS S/A DTVM,7,266896735562.31,0.0380328447870812
Fundo,2021-04-30,45246410000155,9310220418.49,19,19,1,BANCO GENIAL S.A.,8,266896735562.31,0.0348832307704132
Fundo,2021-04-30,05389174000101,9117110010.73,52,52,1,XP SERVIÇOS FINANCEIROS DTVM LTDA.,9,266896735562.31,0.034159690981314
Fundo,2021-04-30,62418140000131,8800818805.54,11,11,1,INTRAG DTVM LTDA.,10,266896735562.31,0.0329746213905466
Fundo,2021-04-30,03317692000194,6426419848.44,54,54,1,FINAXIS CORRETORA DE TÍTULOS E VALORES MOBILIÁRIOS S.A.,11,266896735562.31,0.024078300676479
Fundo,2021-04-30,67030395000146,6309644790.02,66,66,1,TRUSTEE DISTRIBUIDORA DE TITULOS E VALORES MOBILIARIOS LTDA.,12,266896735562.31,0.0236407716891949
Fundo,2021-04-30,42066258000130,5499334355.95,9,9,1,RJI CORRETORA DE TÍTULOS E VALORES MOBILIÁRIOS LTDA.,13,266896735562.31,0.0206047269344219
Fundo,2021-04-30,62318407000119,5417937347.96,10,10,1,S3 CACEIS BRASIL DISTRIBUIDORA DE TITULOS E VALORES MOBILIARIOS S.A,14,266896735562.31,0.0202997512747589
Fundo,2021-04-30,02671743000119,5066666817.26,56,56,1,BANVOX DISTRIBUIDORA DE TITULOS E VALORES MOBILIARIOS LTDA,15,266896735562.31,0.0189836222859201
Fundo,2021-04-30,22610500000188,3604862808.59,47,47,1,VORTX DISTRIBUIDORA DE TITULOS E VALORES MOBILIARIOS LTDA.,16,266896735562.31,0.0135065826151643
Fundo,2021-04-30,11758741000152,3128644125.1,26,26,1,BANCO FINAXIS S.A.,17,266896735562.31,0.0117223019551304
Fundo,2021-04-30,12063256000127,2789076290.26,17,17,1,MONETAR DISTRIBUIDORA DE TITULOS E VALORES MOBILIARIOS LTDA.,18,266896735562.31,0.0104500202461594
Fundo,2021-04-30,03751794000113,2507979428.42,17,17,1,TERRA INVESTIMENTOS DISTRIBUIDORA DE TITULOS E VALORES MOBILIARIOS LTDA,19,266896735562.31,0.00939681567530632
Fundo,2021-04-30,03384738000198,2440933400.54,5,5,1,TIVIO CAPITAL DISTRIBUIDORA DE TITULOS E VALORES MOBILIARIOS S.A.,20,266896735562.31,0.00914560980072436
Fundo,2021-04-30,52904364000108,2216660780.15,11,11,1,NECTON INVESTIMENTOS S.A. CORRETORA DE VALORES MOBILIÁRIOS E COMMODITIES,21,266896735562.31,0.00830531244782683
Fundo,2021-04-30,00360305000104,2109890687.66,5,5,1,CAIXA ECONOMICA FEDERAL,22,266896735562.31,0.00790526974117832
Fundo,2021-04-30,02201501000161,1907490120.59,15,15,1,BNY MELLON SERVICOS FINANCEIROS DTVM S.A.,23,266896735562.31,0.00714692188561698
Fundo,2021-04-30,62232889000190,1605282985.45,12,12,1,BANCO DAYCOVAL S.A.,24,266896735562.31,0.00601462203000692
Fundo,2021-04-30,33886862000112,1378262536.45,35,35,1,"MASTER S/A CORRETORA DE CAMBIO, TITULOS E VALORES MOBILIARIOS",25,266896735562.31,0.00516402920232881
Fundo,2021-04-30,03017677000120,1144165246.67,13,13,1,BANCO J. SAFRA S.A.,26,266896735562.31,0.00428692109800227
Fundo,2021-04-30,01638542000157,581319835.16,1,1,1,SAFRA DISTRIBUIDORA DE TÍTULOS E VALORES MOBILIÁRIOS LTDA.,27,266896735562.31,0.00217807023355025
Fundo,2021-04-30,15489568000195,568189501.21,9,9,1,INTRA INVESTIMENTOS DTVM LTDA,28,266896735562.31,0.00212887392576351
Fundo,2021-04-30,44077014000189,435971315.22,1,1,1,BR-CAPITAL DTVM S.A.,29,266896735562.31,0.00163348313085013
Fundo,2021-04-30,00806535000154,256530472.13,10,10,1,PLANNER CORRETORA DE VALORES S.A.,30,266896735562.31,0.000961160021644814
Fundo,2021-04-30,24361690000172,205193469.26,13,13,1,LIMINE TRUST DISTRIBUIDORA DE TITULOS E VALORES MOBILIARIOS S.A.,31,266896735562.31,0.000768812210564094
Fundo,2021-04-30,00329598000167,167054328.74,7,7,1,SEFER INVESTIMENTOS DISTRIBUIDORA DE TÍTULOS E VALORES MOBILIÁRIOS LTDA.,32,266896735562.31,0.000625913720480854
Fundo,2021-04-30,01522368000182,164868407.68,1,1,1,BANCO BNP PARIBAS BRASIL S/A,33,266896735562.31,0.000617723582615755
Fundo,2021-04-30,30723886000162,163184818.45,2,2,1,BANCO MODAL S.A.,34,266896735562.31,0.000611415565297923
Fundo,2021-04-30,13673855000125,116299835.77,4,4,1,OSLO CAPITAL DISTRIBUIDORA DE TITULOS E VALORES MOBILIARIOS S.A.,35,266896735562.31,0.000435748438529884
Fundo,2021-04-30,02685483000130,75706424.85,2,2,1,CM CAPITAL MARKETS CCTVM LTDA,36,266896735562.31,0.000283654368010528
Fundo,2021-04-30,27652684000162,38475961.59,4,4,1,GENIAL INVESTIMENTOS CORRETORA DE VALORES MOBILIÁRIOS S.A.,37,266896735562.31,0.00014416048030313
Fundo,2021-04-30,50657675000186,31609988.6,3,3,1,SLW CVC LTDA,38,266896735562.31,0.000118435276225476
Fundo,2021-04-30,29292189000115,29178698.77,1,1,1,FUNDO DE INVESTIMENTO EM DIREITOS CREDITORIOS HENDRIKSEN,39,266896735562.31,0.000109325798640905
Fundo,2021-04-30,37678915000160,25254068.28,1,1,1,FIDD DISTRIBUIDORA DE TITULOS E VALORES MOBILIARIOS LTDA.,40,266896735562.31,9.46211208870487e-05
Fundo,2021-04-30,92875780000131,11907866.28,2,2,1,WARREN CORRETORA DE VALORES MOBILIÁRIOS E CÂMBIO LTDA.,41,266896735562.31,4.46160057181365e-05
Fundo,2021-04-30,33851064000155,4997350,1,1,1,DILLON S/A DTVM,42,266896735562.31,1.87239082916146e-05
Fundo,2021-05-31,36113876000191,54719810488.1,95,95,1,OLIVEIRA TRUST DTVM S.A.,1,281419362186.66,0.194442237601993
Fundo,2021-05-31,30822936000169,53858879969.6,3,3,1,BB GESTAO DE RECURSOS DTVM S.A,2,281419362186.66,0.191382993519389
Fundo,2021-05-31,62285390000140,31299357434.94,427,427,1,QI CORRETORA DE TÍTULOS E VALORES MOBILIÁRIOS S.A.,3,281419362186.66,0.111219630347182
Fundo,2021-05-31,13486793000142,21452847490.69,157,157,1,APEX GROUP DISTRIBUIDORA DE TÍTULOS E VALORES MOBILIÁRIOS S.A.,4,281419362186.66,0.0762308866170365
Fundo,2021-05-31,34829992000186,13358294487.68,30,30,1,CBSF DISTRIBUIDORA DE TITULOS E VALORES MOBILIARIOS S.A. - EM LIQUIDAÇÃO EXTRAJUDICIAL,5,281419362186.66,0.0474675743128851
Fundo,2021-05-31,59281253000123,11143888476.37,52,52,1,BTG PACTUAL SERVIÇOS FINANCEIROS S/A DTVM,6,281419362186.66,0.0395988690677882
Fundo,2021-05-31,45246410000155,10446833846.42,21,21,1,BANCO GENIAL S.A.,7,281419362186.66,0.0371219441521256
Fundo,2021-05-31,00066670000100,10340393996.97,16,16,1,BEM - DISTRIBUIDORA DE TITULOS E VALORES MOBILIARIOS LTDA.,8,281419362186.66,0.0367437191123737
Fundo,2021-05-31,05389174000101,8952345815.44,47,47,1,XP SERVIÇOS FINANCEIROS DTVM LTDA.,9,281419362186.66,0.0318114068125209
Fundo,2021-05-31,62418140000131,8801130749.87,11,11,1,INTRAG DTVM LTDA.,10,281419362186.66,0.0312740768136358
Fundo,2021-05-31,67030395000146,6369309067.9,67,67,1,TRUSTEE DISTRIBUIDORA DE TITULOS E VALORES MOBILIARIOS LTDA.,11,281419362186.66,0.022632803295444
Fundo,2021-05-31,03317692000194,6297345737.99,51,51,1,FINAXIS CORRETORA DE TÍTULOS E VALORES MOBILIÁRIOS S.A.,12,281419362186.66,0.0223770876639721
Fundo,2021-05-31,62318407000119,5361540959.95,10,10,1,S3 CACEIS BRASIL DISTRIBUIDORA DE TITULOS E VALORES MOBILIARIOS S.A,13,281419362186.66,0.0190517842066382
Fundo,2021-05-31,42066258000130,5191303158.57,9,9,1,RJI CORRETORA DE TÍTULOS E VALORES MOBILIÁRIOS LTDA.,14,281419362186.66,0.0184468585183087
Fundo,2021-05-31,02671743000119,5086967189.28,56,56,1,BANVOX DISTRIBUIDORA DE TITULOS E VALORES MOBILIARIOS LTDA,15,281419362186.66,0.0180761094394987
Fundo,2021-05-31,22610500000188,3695820139.36,49,49,1,VORTX DISTRIBUIDORA DE TITULOS E VALORES MOBILIARIOS LTDA.,16,281419362186.66,0.0131327855718351
Fundo,2021-05-31,11758741000152,3184842000.33,26,26,1,BANCO FINAXIS S.A.,17,281419362186.66,0.0113170677937133
Fundo,2021-05-31,12063256000127,2936371145.17,19,19,1,MONETAR DISTRIBUIDORA DE TITULOS E VALORES MOBILIARIOS LTDA.,18,281419362186.66,0.0104341475382293
Fundo,2021-05-31,03751794000113,2508282352.39,17,17,1,TERRA INVESTIMENTOS DISTRIBUIDORA DE TITULOS E VALORES MOBILIARIOS LTDA,19,281419362186.66,0.00891297007036178
Fundo,2021-05-31,03384738000198,2445487554.18,5,5,1,TIVIO CAPITAL DISTRIBUIDORA DE TITULOS E VALORES MOBILIARIOS S.A.,20,281419362186.66,0.0086898340440341
Fundo,2021-05-31,52904364000108,2392391594.88,12,12,1,NECTON INVESTIMENTOS S.A. CORRETORA DE VALORES MOBILIÁRIOS E COMMODITIES,21,281419362186.66,0.00850116202485447
Fundo,2021-05-31,00360305000104,2083996454.67,5,5,1,CAIXA ECONOMICA FEDERAL,22,281419362186.66,0.00740530586977781
Fundo,2021-05-31,02201501000161,1948324126.38,15,15,1,BNY MELLON SERVICOS FINANCEIROS DTVM S.A.,23,281419362186.66,0.00692320567867578
Fundo,2021-05-31,62232889000190,1728449895.1,13,13,1,BANCO DAYCOVAL S.A.,24,281419362186.66,0.00614190111749864
Fundo,2021-05-31,33886862000112,1448494885.8,36,36,1,"MASTER S/A CORRETORA DE CAMBIO, TITULOS E VALORES MOBILIARIOS",25,281419362186.66,0.00514710457214114
Fundo,2021-05-31,03017677000120,1145731940.66,13,13,1,BANCO J. SAFRA S.A.,26,281419362186.66,0.00407126194785439
Fundo,2021-05-31,15489568000195,710554167.86,10,10,1,INTRA INVESTIMENTOS DTVM LTDA,27,281419362186.66,0.00252489438657992
Fundo,2021-05-31,01638542000157,566609245.26,1,1,1,SAFRA DISTRIBUIDORA DE TÍTULOS E VALORES MOBILIÁRIOS LTDA.,28,281419362186.66,0.0020133982283855
Fundo,2021-05-31,44077014000189,442297548.67,3,3,1,BR-CAPITAL DTVM S.A.,29,281419362186.66,0.00157166708514048
Fundo,2021-05-31,00806535000154,264619596.92,11,11,1,PLANNER CORRETORA DE VALORES S.A.,30,281419362186.66,0.000940303449143926
Fundo,2021-05-31,24361690000172,216832895.58,14,14,1,LIMINE TRUST DISTRIBUIDORA DE TITULOS E VALORES MOBILIARIOS S.A.,31,281419362186.66,0.000770497430934333
Fundo,2021-05-31,37678915000160,210462534.21,4,4,1,FIDD DISTRIBUIDORA DE TITULOS E VALORES MOBILIARIOS LTDA.,32,281419362186.66,0.00074786088837201
Fundo,2021-05-31,00329598000167,175312860.87,8,8,1,SEFER INVESTIMENTOS DISTRIBUIDORA DE TÍTULOS E VALORES MOBILIÁRIOS LTDA.,33,281419362186.66,0.000622959484762525
Fundo,2021-05-31,01522368000182,167910452.2,1,1,1,BANCO BNP PARIBAS BRASIL S/A,34,281419362186.66,0.000596655649047446
Fundo,2021-05-31,30723886000162,163651885.62,2,2,1,BANCO MODAL S.A.,35,281419362186.66,0.000581523191398085
Fundo,2021-05-31,13673855000125,116556110.07,4,4,1,OSLO CAPITAL DISTRIBUIDORA DE TITULOS E VALORES MOBILIARIOS S.A.,36,281419362186.66,0.000414172319787615
Fundo,2021-05-31,02685483000130,75741012.95,2,2,1,CM CAPITAL MARKETS CCTVM LTDA,37,281419362186.66,0.000269139309966037
Fundo,2021-05-31,50657675000186,33181503.04,3,3,1,SLW CVC LTDA,38,281419362186.66,0.000117907676224464
Fundo,2021-05-31,29292189000115,26812008.72,1,1,1,FUNDO DE INVESTIMENTO EM DIREITOS CREDITORIOS HENDRIKSEN,39,281419362186.66,9.52742146512866e-05
Fundo,2021-05-31,27652684000162,21115008.4,4,4,1,GENIAL INVESTIMENTOS CORRETORA DE VALORES MOBILIÁRIOS S.A.,40,281419362186.66,7.50304038639489e-05
Fundo,2021-05-31,92875780000131,13464055.2,2,2,1,WARREN CORRETORA DE VALORES MOBILIÁRIOS E CÂMBIO LTDA.,41,281419362186.66,4.78433860960482e-05
Fundo,2021-05-31,36266751000100,10802992.4,1,1,1,FINVEST DISTRIBUIDORA DE TÍTULOS E VALORES MOBILIÁRIOS LTDA.,42,281419362186.66,3.8387523573572e-05
Fundo,2021-05-31,33851064000155,4997350,1,1,1,DILLON S/A DTVM,43,281419362186.66,1.77576623057135e-05
Fundo,2021-05-31,31999785000181,0,1,1,1,BISMUT FUNDO DE INVESTIMENTO EM DIREITOS CREDITÓRIOS,44,281419362186.66,0
Fundo,2021-06-30,30822936000169,66344853898.34,3,3,1,BB GESTAO DE RECURSOS DTVM S.A,1,297366595173.24,0.223107958241539
Fundo,2021-06-30,36113876000191,55288794800.47,95,95,1,OLIVEIRA TRUST DTVM S.A.,2,297366595173.24,0.185928062189567
Fundo,2021-06-30,62285390000140,32277575806.58,431,431,1,QI CORRETORA DE TÍTULOS E VALORES MOBILIÁRIOS S.A.,3,297366595173.24,0.108544726712749
Fundo,2021-06-30,13486793000142,21504602547.38,158,158,1,APEX GROUP DISTRIBUIDORA DE TÍTULOS E VALORES MOBILIÁRIOS S.A.,4,297366595173.24,0.0723168065829716
Fundo,2021-06-30,34829992000186,13416924651.87,31,31,1,CBSF DISTRIBUIDORA DE TITULOS E VALORES MOBILIARIOS S.A. - EM LIQUIDAÇÃO EXTRAJUDICIAL,5,297366595173.24,0.0451191386983247
Fundo,2021-06-30,59281253000123,11076739131.59,53,53,1,BTG PACTUAL SERVIÇOS FINANCEIROS S/A DTVM,6,297366595173.24,0.0372494399552072
Fundo,2021-06-30,45246410000155,10444517668.65,22,22,1,BANCO GENIAL S.A.,7,297366595173.24,0.0351233724237426
Fundo,2021-06-30,00066670000100,10311370196.77,16,16,1,BEM - DISTRIBUIDORA DE TITULOS E VALORES MOBILIARIOS LTDA.,8,297366595173.24,0.0346756171141644
Fundo,2021-06-30,05389174000101,9019243477.96,47,47,1,XP SERVIÇOS FINANCEIROS DTVM LTDA.,9,297366595173.24,0.0303303855387844
Fundo,2021-06-30,62418140000131,8994730241.4,11,11,1,INTRAG DTVM LTDA.,10,297366595173.24,0.0302479511397702
Fundo,2021-06-30,03317692000194,6452360371.32,52,52,1,FINAXIS CORRETORA DE TÍTULOS E VALORES MOBILIÁRIOS S.A.,11,297366595173.24,0.0216983362491035
Fundo,2021-06-30,67030395000146,6263293191.73,68,68,1,TRUSTEE DISTRIBUIDORA DE TITULOS E VALORES MOBILIARIOS LTDA.,12,297366595173.24,0.0210625312102764
Fundo,2021-06-30,62318407000119,5329128857.91,10,10,1,S3 CACEIS BRASIL DISTRIBUIDORA DE TITULOS E VALORES MOBILIARIOS S.A,13,297366595173.24,0.0179210743385798
Fundo,2021-06-30,02671743000119,5222549729.1,54,54,1,BANVOX DISTRIBUIDORA DE TITULOS E VALORES MOBILIARIOS LTDA,14,297366595173.24,0.0175626644480946
Fundo,2021-06-30,42066258000130,5219188291.43,9,9,1,RJI CORRETORA DE TÍTULOS E VALORES MOBILIÁRIOS LTDA.,15,297366595173.24,0.0175513604289998
Fundo,2021-06-30,22610500000188,4157001739.09,50,50,1,VORTX DISTRIBUIDORA DE TITULOS E VALORES MOBILIARIOS LTDA.,16,297366595173.24,0.0139793837188344
Fundo,2021-06-30,11758741000152,3109448613.21,26,26,1,BANCO FINAXIS S.A.,17,297366595173.24,0.0104566170635222
Fundo,2021-06-30,12063256000127,2909230756.11,20,20,1,MONETAR DISTRIBUIDORA DE TITULOS E VALORES MOBILIARIOS LTDA.,18,297366595173.24,0.00978331394087873
Fundo,2021-06-30,03751794000113,2512164818.76,17,17,1,TERRA INVESTIMENTOS DISTRIBUIDORA DE TITULOS E VALORES MOBILIARIOS LTDA,19,297366595173.24,0.00844803975811897
Fundo,2021-06-30,52904364000108,2342741231.22,12,12,1,NECTON INVESTIMENTOS S.A. CORRETORA DE VALORES MOBILIÁRIOS E COMMODITIES,20,297366595173.24,0.00787829322205867
Fundo,2021-06-30,62232889000190,2275194506.66,15,15,1,BANCO DAYCOVAL S.A.,21,297366595173.24,0.00765114355004978
Fundo,2021-06-30,03384738000198,2229458747.47,5,5,1,TIVIO CAPITAL DISTRIBUIDORA DE TITULOS E VALORES MOBILIARIOS S.A.,22,297366595173.24,0.00749734093760989
Fundo,2021-06-30,00360305000104,2057894553.05,5,5,1,CAIXA ECONOMICA FEDERAL,23,297366595173.24,0.00692039585633723
Fundo,2021-06-30,02201501000161,1970856201.15,16,16,1,BNY MELLON SERVICOS FINANCEIROS DTVM S.A.,24,297366595173.24,0.00662769871646752
Fundo,2021-06-30,33886862000112,1514965475.23,38,38,1,"MASTER S/A CORRETORA DE CAMBIO, TITULOS E VALORES MOBILIARIOS",25,297366595173.24,0.0050946054460065
Fundo,2021-06-30,03017677000120,1192065749.73,13,13,1,BANCO J. SAFRA S.A.,26,297366595173.24,0.00400874129468216
Fundo,2021-06-30,15489568000195,694139951.99,9,9,1,INTRA INVESTIMENTOS DTVM LTDA,27,297366595173.24,0.00233429027758013
Fundo,2021-06-30,01638542000157,581852559.57,1,1,1,SAFRA DISTRIBUIDORA DE TÍTULOS E VALORES MOBILIÁRIOS LTDA.,28,297366595173.24,0.00195668433850488
Fundo,2021-06-30,00806535000154,473648475.77,13,13,1,PLANNER CORRETORA DE VALORES S.A.,29,297366595173.24,0.00159280996405821
Fundo,2021-06-30,44077014000189,445156062.53,3,3,1,BR-CAPITAL DTVM S.A.,30,297366595173.24,0.00149699418077091
Fundo,2021-06-30,36266751000100,345666165.69,4,4,1,FINVEST DISTRIBUIDORA DE TÍTULOS E VALORES MOBILIÁRIOS LTDA.,31,297366595173.24,0.0011624243317869
Fundo,2021-06-30,00329598000167,298931863.92,14,14,1,SEFER INVESTIMENTOS DISTRIBUIDORA DE TÍTULOS E VALORES MOBILIÁRIOS LTDA.,32,297366595173.24,0.00100526376792877
Fundo,2021-06-30,37678915000160,241433782.03,5,5,1,FIDD DISTRIBUIDORA DE TITULOS E VALORES MOBILIARIOS LTDA.,33,297366595173.24,0.00081190619911206
Fundo,2021-06-30,24361690000172,224563368.68,14,14,1,LIMINE TRUST DISTRIBUIDORA DE TITULOS E VALORES MOBILIARIOS S.A.,34,297366595173.24,0.00075517348728822
Fundo,2021-06-30,01522368000182,169188590.68,1,1,1,BANCO BNP PARIBAS BRASIL S/A,35,297366595173.24,0.000568956276280576
Fundo,2021-06-30,30723886000162,164473617.77,2,2,1,BANCO MODAL S.A.,36,297366595173.24,0.000553100517810956
Fundo,2021-06-30,13673855000125,122692091.07,4,4,1,OSLO CAPITAL DISTRIBUIDORA DE TITULOS E VALORES MOBILIARIOS S.A.,37,297366595173.24,0.000412595406012306
Fundo,2021-06-30,36864992000142,35389867.58,2,2,1,APEX DISTRIBUIDORA DE TÍTULOS E VALORES MOBILIÁRIOS S.A.,38,297366595173.24,0.00011901090490471
Fundo,2021-06-30,50657675000186,35016718.8,3,3,1,SLW CVC LTDA,39,297366595173.24,0.000117756060594499
Fundo,2021-06-30,02685483000130,31284733.77,2,2,1,CM CAPITAL MARKETS CCTVM LTDA,40,297366595173.24,0.000105205945381236
Fundo,2021-06-30,29292189000115,26561255.81,1,1,1,FUNDO DE INVESTIMENTO EM DIREITOS CREDITORIOS HENDRIKSEN,41,297366595173.24,8.9321585682904e-05
Fundo,2021-06-30,27652684000162,20172965.45,4,4,1,GENIAL INVESTIMENTOS CORRETORA DE VALORES MOBILIÁRIOS S.A.,42,297366595173.24,6.78387074319751e-05
Fundo,2021-06-30,92875780000131,14809750.76,3,3,1,WARREN CORRETORA DE VALORES MOBILIÁRIOS E CÂMBIO LTDA.,43,297366595173.24,4.9803007467507e-05
Fundo,2021-06-30,33851064000155,4718097.19,1,1,1,DILLON S/A DTVM,44,297366595173.24,1.58662649624492e-05
Fundo,2021-06-30,31999785000181,0,1,1,1,BISMUT FUNDO DE INVESTIMENTO EM DIREITOS CREDITÓRIOS,45,297366595173.24,0
Fundo,2021-07-31,30822936000169,72739187173.16,3,3,1,BB GESTAO DE RECURSOS DTVM S.A,1,291507816197,0.249527399032083
Fundo,2021-07-31,36113876000191,54176714296.51,97,97,1,OLIVEIRA TRUST DTVM S.A.,2,291507816197,0.185849954225233
Fundo,2021-07-31,62285390000140,33244206890.42,438,438,1,QI CORRETORA DE TÍTULOS E VALORES MOBILIÁRIOS S.A.,3,291507816197,0.114042248760677
Fundo,2021-07-31,13486793000142,21527203774.2,158,158,1,APEX GROUP DISTRIBUIDORA DE TÍTULOS E VALORES MOBILIÁRIOS S.A.,4,291507816197,0.0738477755246603
Fundo,2021-07-31,59281253000123,13452266122.14,54,54,1,BTG PACTUAL SERVIÇOS FINANCEIROS S/A DTVM,5,291507816197,0.0461471884275275
Fundo,2021-07-31,45246410000155,10732759767.22,23,23,1,BANCO GENIAL S.A.,6,291507816197,0.036818085728332
Fundo,2021-07-31,00066670000100,10077380056.91,16,16,1,BEM - DISTRIBUIDORA DE TITULOS E VALORES MOBILIARIOS LTDA.,7,291507816197,0.0345698451190061
Fundo,2021-07-31,62418140000131,9113319514.09,11,11,1,INTRAG DTVM LTDA.,8,291507816197,0.0312626935118997
Fundo,2021-07-31,03317692000194,6478283379.14,51,51,1,FINAXIS CORRETORA DE TÍTULOS E VALORES MOBILIÁRIOS S.A.,9,291507816197,0.0222233608129464
Fundo,2021-07-31,05389174000101,5917652888.73,40,40,1,XP SERVIÇOS FINANCEIROS DTVM LTDA.,10,291507816197,0.0203001516938087
Fundo,2021-07-31,62318407000119,5273781094.76,11,11,1,S3 CACEIS BRASIL DISTRIBUIDORA DE TITULOS E VALORES MOBILIARIOS S.A,11,291507816197,0.0180913882981306
Fundo,2021-07-31,02671743000119,5250414368.85,55,55,1,BANVOX DISTRIBUIDORA DE TITULOS E VALORES MOBILIARIOS LTDA,12,291507816197,0.018011230152751
Fundo,2021-07-31,42066258000130,5215480763.66,9,9,1,RJI CORRETORA DE TÍTULOS E VALORES MOBILIÁRIOS LTDA.,13,291507816197,0.0178913925249105
Fundo,2021-07-31,22610500000188,4346973114.51,52,52,1,VORTX DISTRIBUIDORA DE TITULOS E VALORES MOBILIARIOS LTDA.,14,291507816197,0.0149120293624385
Fundo,2021-07-31,34829992000186,3683923994.79,34,34,1,CBSF DISTRIBUIDORA DE TITULOS E VALORES MOBILIARIOS S.A. - EM LIQUIDAÇÃO EXTRAJUDICIAL,15,291507816197,0.0126374793062167
Fundo,2021-07-31,11758741000152,3133954558.06,26,26,1,BANCO FINAXIS S.A.,16,291507816197,0.0107508422893954
Fundo,2021-07-31,12063256000127,2986814844.97,21,21,1,MONETAR DISTRIBUIDORA DE TITULOS E VALORES MOBILIARIOS LTDA.,17,291507816197,0.0102460883688673
Fundo,2021-07-31,67030395000146,2870837158.01,65,65,1,TRUSTEE DISTRIBUIDORA DE TITULOS E VALORES MOBILIARIOS LTDA.,18,291507816197,0.0098482339014536
Fundo,2021-07-31,62232889000190,2512748558.82,16,16,1,BANCO DAYCOVAL S.A.,19,291507816197,0.00861983253691521
Fundo,2021-07-31,03384738000198,2146235816.73,5,5,1,TIVIO CAPITAL DISTRIBUIDORA DE TITULOS E VALORES MOBILIARIOS S.A.,20,291507816197,0.00736253265771639
Fundo,2021-07-31,03751794000113,2136075245.67,13,13,1,TERRA INVESTIMENTOS DISTRIBUIDORA DE TITULOS E VALORES MOBILIARIOS LTDA,21,291507816197,0.00732767743087358
Fundo,2021-07-31,52904364000108,2100563745.2,11,11,1,NECTON INVESTIMENTOS S.A. CORRETORA DE VALORES MOBILIÁRIOS E COMMODITIES,22,291507816197,0.00720585736809351
Fundo,2021-07-31,00360305000104,2028522500.86,5,5,1,CAIXA ECONOMICA FEDERAL,23,291507816197,0.00695872421989924
Fundo,2021-07-31,02201501000161,1997959639.04,17,17,1,BNY MELLON SERVICOS FINANCEIROS DTVM S.A.,24,291507816197,0.00685388016385052
Fundo,2021-07-31,33886862000112,1555807849.08,38,38,1,"MASTER S/A CORRETORA DE CAMBIO, TITULOS E VALORES MOBILIARIOS",25,291507816197,0.00533710508821688
Fundo,2021-07-31,03017677000120,1164233466.82,13,13,1,BANCO J. SAFRA S.A.,26,291507816197,0.00399383276238883
Fundo,2021-07-31,36266751000100,1161656603.56,5,5,1,FINVEST DISTRIBUIDORA DE TÍTULOS E VALORES MOBILIÁRIOS LTDA.,27,291507816197,0.00398499298823245
Fundo,2021-07-31,00329598000167,1087951576.78,17,17,1,SEFER INVESTIMENTOS DISTRIBUIDORA DE TÍTULOS E VALORES MOBILIÁRIOS LTDA.,28,291507816197,0.00373215233462133
Fundo,2021-07-31,15489568000195,687565316.88,9,9,1,INTRA INVESTIMENTOS DTVM LTDA,29,291507816197,0.00235865139346845
Fundo,2021-07-31,01638542000157,582113936.42,1,1,1,SAFRA DISTRIBUIDORA DE TÍTULOS E VALORES MOBILIÁRIOS LTDA.,30,291507816197,0.00199690678628874
Fundo,2021-07-31,00806535000154,490371417.81,15,15,1,PLANNER CORRETORA DE VALORES S.A.,31,291507816197,0.00168218960372098
Fundo,2021-07-31,44077014000189,445085551.54,3,3,1,BR-CAPITAL DTVM S.A.,32,291507816197,0.0015268391679735
Fundo,2021-07-31,37678915000160,301293058.43,9,9,1,FIDD DISTRIBUIDORA DE TITULOS E VALORES MOBILIARIOS LTDA.,33,291507816197,0.0010335676839155
Fundo,2021-07-31,24361690000172,241792602.05,16,16,1,LIMINE TRUST DISTRIBUIDORA DE TITULOS E VALORES MOBILIARIOS S.A.,34,291507816197,0.000829454953230473
Fundo,2021-07-31,01522368000182,171673806.53,1,1,1,BANCO BNP PARIBAS BRASIL S/A,35,291507816197,0.000588916649884899
Fundo,2021-07-31,30723886000162,165229701.5,2,2,1,BANCO MODAL S.A.,36,291507816197,0.000566810535839418
Fundo,2021-07-31,13673855000125,110365859.31,4,4,1,OSLO CAPITAL DISTRIBUIDORA DE TITULOS E VALORES MOBILIARIOS S.A.,37,291507816197,0.000378603430775301
Fundo,2021-07-31,36864992000142,75346091.14,2,2,1,APEX DISTRIBUIDORA DE TÍTULOS E VALORES MOBILIÁRIOS S.A.,38,291507816197,0.00025847022602331
Fundo,2021-07-31,50657675000186,36819221.2,2,2,1,SLW CVC LTDA,39,291507816197,0.000126306119953633
Fundo,2021-07-31,02685483000130,24732888.18,2,2,1,CM CAPITAL MARKETS CCTVM LTDA,40,291507816197,8.48446827349754e-05
Fundo,2021-07-31,29292189000115,23217734.58,1,1,1,FUNDO DE INVESTIMENTO EM DIREITOS CREDITORIOS HENDRIKSEN,41,291507816197,7.96470395987926e-05
Fundo,2021-07-31,27652684000162,19895605.73,4,4,1,GENIAL INVESTIMENTOS CORRETORA DE VALORES MOBILIÁRIOS S.A.,42,291507816197,6.82506767384742e-05
Fundo,2021-07-31,16695922000109,12512782.87,1,1,1,ID CORRETORA DE TITULOS E VALORES MOBILIARIOS S.A.,43,291507816197,4.2924347735307e-05
Fundo,2021-07-31,33851064000155,4958677.15,1,1,1,DILLON S/A DTVM,44,291507816197,1.70104432007715e-05
Fundo,2021-07-31,44782130000107,1897633.92,1,1,1,ACTUAL DISTRIBUIDORA DE TITULOS E VALORES MOBILIARIOS S.A.,45,291507816197,6.50971882934894e-06
Fundo,2021-07-31,92875780000131,35549.07,1,1,1,WARREN CORRETORA DE VALORES MOBILIÁRIOS E CÂMBIO LTDA.,46,291507816197,1.21948942789157e-07
Fundo,2021-07-31,31999785000181,0,1,1,1,BISMUT FUNDO DE INVESTIMENTO EM DIREITOS CREDITÓRIOS,47,291507816197,0
Fundo,2021-08-31,30822936000169,65125053084.66,3,3,1,BB GESTAO DE RECURSOS DTVM S.A,1,296986505418.41,0.219286236567916
Fundo,2021-08-31,36113876000191,57505702420.03,109,109,1,OLIVEIRA TRUST DTVM S.A.,2,296986505418.41,0.193630691532644
Fundo,2021-08-31,62285390000140,33778821894.18,443,443,1,QI CORRETORA DE TÍTULOS E VALORES MOBILIÁRIOS S.A.,3,296986505418.41,0.11373857491131
Fundo,2021-08-31,13486793000142,22460732898.1,163,163,1,APEX GROUP DISTRIBUIDORA DE TÍTULOS E VALORES MOBILIÁRIOS S.A.,4,296986505418.41,0.0756287995862174
Fundo,2021-08-31,59281253000123,13723742907.5,56,56,1,BTG PACTUAL SERVIÇOS FINANCEIROS S/A DTVM,5,296986505418.41,0.0462099881884037
Fundo,2021-08-31,34829992000186,13455042343.44,33,33,1,CBSF DISTRIBUIDORA DE TITULOS E VALORES MOBILIARIOS S.A. - EM LIQUIDAÇÃO EXTRAJUDICIAL,6,296986505418.41,0.0453052313756945
Fundo,2021-08-31,45246410000155,11213678985.32,24,24,1,BANCO GENIAL S.A.,7,296986505418.41,0.0377582104935091
Fundo,2021-08-31,00066670000100,9662202546.1,16,16,1,BEM - DISTRIBUIDORA DE TITULOS E VALORES MOBILIARIOS LTDA.,8,296986505418.41,0.0325341467366923
Fundo,2021-08-31,62418140000131,8995003181,11,11,1,INTRAG DTVM LTDA.,9,296986505418.41,0.0302875821523519
Fundo,2021-08-31,03317692000194,6327898841.91,52,52,1,FINAXIS CORRETORA DE TÍTULOS E VALORES MOBILIÁRIOS S.A.,10,296986505418.41,0.0213070248191746
Fundo,2021-08-31,02671743000119,5775775387.96,62,62,1,BANVOX DISTRIBUIDORA DE TITULOS E VALORES MOBILIARIOS LTDA,11,296986505418.41,0.0194479388207312
Fundo,2021-08-31,62318407000119,5231633415.66,12,12,1,S3 CACEIS BRASIL DISTRIBUIDORA DE TITULOS E VALORES MOBILIARIOS S.A,12,296986505418.41,0.017615727718973
Fundo,2021-08-31,42066258000130,5213781317.03,9,9,1,RJI CORRETORA DE TÍTULOS E VALORES MOBILIÁRIOS LTDA.,13,296986505418.41,0.0175556169115649
Fundo,2021-08-31,22610500000188,4633639425.24,52,52,1,VORTX DISTRIBUIDORA DE TITULOS E VALORES MOBILIARIOS LTDA.,14,296986505418.41,0.0156021884520035
Fundo,2021-08-31,05389174000101,3809292808.79,45,45,1,XP SERVIÇOS FINANCEIROS DTVM LTDA.,15,296986505418.41,0.0128264845011165
Fundo,2021-08-31,11758741000152,3223400735.99,26,26,1,BANCO FINAXIS S.A.,16,296986505418.41,0.0108536942830069
Fundo,2021-08-31,12063256000127,3030902786.4,23,23,1,MONETAR DISTRIBUIDORA DE TITULOS E VALORES MOBILIARIOS LTDA.,17,296986505418.41,0.0102055235881169
Fundo,2021-08-31,67030395000146,3009225374.76,67,67,1,TRUSTEE DISTRIBUIDORA DE TITULOS E VALORES MOBILIARIOS LTDA.,18,296986505418.41,0.0101325323536854
Fundo,2021-08-31,62232889000190,2772341678.57,18,18,1,BANCO DAYCOVAL S.A.,19,296986505418.41,0.00933490790992063
Fundo,2021-08-31,03751794000113,2481579292.57,14,14,1,TERRA INVESTIMENTOS DISTRIBUIDORA DE TITULOS E VALORES MOBILIARIOS LTDA,20,296986505418.41,0.00835586549319412
Fundo,2021-08-31,02201501000161,2145627703.15,17,17,1,BNY MELLON SERVICOS FINANCEIROS DTVM S.A.,21,296986505418.41,0.00722466396285289
Fundo,2021-08-31,03384738000198,2133863687.37,5,5,1,TIVIO CAPITAL DISTRIBUIDORA DE TITULOS E VALORES MOBILIARIOS S.A.,22,296986505418.41,0.00718505268232206
Fundo,2021-08-31,00360305000104,1839198341.07,4,4,1,CAIXA ECONOMICA FEDERAL,23,296986505418.41,0.00619286838800585
Fundo,2021-08-31,33886862000112,1622106221.8,39,39,1,"MASTER S/A CORRETORA DE CAMBIO, TITULOS E VALORES MOBILIARIOS",24,296986505418.41,0.00546188527830479
Fundo,2021-08-31,36266751000100,1483036035.43,7,7,1,FINVEST DISTRIBUIDORA DE TÍTULOS E VALORES MOBILIÁRIOS LTDA.,25,296986505418.41,0.00499361421604198
Fundo,2021-08-31,03017677000120,1163950492.27,13,13,1,BANCO J. SAFRA S.A.,26,296986505418.41,0.00391920330060171
Fundo,2021-08-31,00329598000167,1120332698.83,17,17,1,SEFER INVESTIMENTOS DISTRIBUIDORA DE TÍTULOS E VALORES MOBILIÁRIOS LTDA.,27,296986505418.41,0.00377233537009238
Fundo,2021-08-31,15489568000195,690961909.07,11,11,1,INTRA INVESTIMENTOS DTVM LTDA,28,296986505418.41,0.0023265767853544
Fundo,2021-08-31,01638542000157,567446492.57,1,1,1,SAFRA DISTRIBUIDORA DE TÍTULOS E VALORES MOBILIÁRIOS LTDA.,29,296986505418.41,0.00191068106535868
Fundo,2021-08-31,00806535000154,522383013.56,16,16,1,PLANNER CORRETORA DE VALORES S.A.,30,296986505418.41,0.00175894528549046
Fundo,2021-08-31,44077014000189,450299133.44,3,3,1,BR-CAPITAL DTVM S.A.,31,296986505418.41,0.00151622759022534
Fundo,2021-08-31,52904364000108,421836553.73,1,1,1,NECTON INVESTIMENTOS S.A. CORRETORA DE VALORES MOBILIÁRIOS E COMMODITIES,32,296986505418.41,0.00142038963398588
Fundo,2021-08-31,37678915000160,320259235.19,10,10,1,FIDD DISTRIBUIDORA DE TITULOS E VALORES MOBILIARIOS LTDA.,33,296986505418.41,0.00107836292002158
Fundo,2021-08-31,30723886000162,296642803.04,2,2,1,BANCO MODAL S.A.,34,296986505418.41,0.00099884270035123
Fundo,2021-08-31,24361690000172,266139200.62,16,16,1,LIMINE TRUST DISTRIBUIDORA DE TITULOS E VALORES MOBILIARIOS S.A.,35,296986505418.41,0.000896132301516695
Fundo,2021-08-31,01522368000182,174631353.99,1,1,1,BANCO BNP PARIBAS BRASIL S/A,36,296986505418.41,0.000588011073917215
Fundo,2021-08-31,13673855000125,155270245.05,4,4,1,OSLO CAPITAL DISTRIBUIDORA DE TITULOS E VALORES MOBILIARIOS S.A.,37,296986505418.41,0.000522819192849343
Fundo,2021-08-31,36864992000142,78916117.41,2,2,1,APEX DISTRIBUIDORA DE TÍTULOS E VALORES MOBILIÁRIOS S.A.,38,296986505418.41,0.000265722906496438
Fundo,2021-08-31,50657675000186,38180068.18,2,2,1,SLW CVC LTDA,39,296986505418.41,0.000128558259326328
Fundo,2021-08-31,27652684000162,19788903.7,4,4,1,GENIAL INVESTIMENTOS CORRETORA DE VALORES MOBILIÁRIOS S.A.,40,296986505418.41,6.66323329139833e-05
Fundo,2021-08-31,29292189000115,14477037.08,1,1,1,FUNDO DE INVESTIMENTO EM DIREITOS CREDITORIOS HENDRIKSEN,41,296986505418.41,4.87464474508833e-05
Fundo,2021-08-31,16695922000109,12876618.79,2,2,1,ID CORRETORA DE TITULOS E VALORES MOBILIARIOS S.A.,42,296986505418.41,4.33575888300337e-05
Fundo,2021-08-31,02685483000130,11222538.93,1,1,1,CM CAPITAL MARKETS CCTVM LTDA,43,296986505418.41,3.77880433125711e-05
Fundo,2021-08-31,33851064000155,4725384.34,1,1,1,DILLON S/A DTVM,44,296986505418.41,1.59111079250643e-05
Fundo,2021-08-31,44782130000107,2850535.42,1,1,1,ACTUAL DISTRIBUIDORA DE TITULOS E VALORES MOBILIARIOS S.A.,45,296986505418.41,9.59819846354304e-06
Fundo,2021-08-31,92875780000131,31769.17,1,1,1,WARREN CORRETORA DE VALORES MOBILIÁRIOS E CÂMBIO LTDA.,46,296986505418.41,1.06971762758183e-07
Fundo,2021-08-31,31999785000181,0,1,1,1,BISMUT FUNDO DE INVESTIMENTO EM DIREITOS CREDITÓRIOS,47,296986505418.41,0
Fundo,2021-09-30,30822936000169,67320601881.74,3,3,1,BB GESTAO DE RECURSOS DTVM S.A,1,303333563041.78,0.221935882091846
Fundo,2021-09-30,36113876000191,57488647194.02,109,109,1,OLIVEIRA TRUST DTVM S.A.,2,303333563041.78,0.189522869205548
Fundo,2021-09-30,62285390000140,34308688124.79,451,451,1,QI CORRETORA DE TÍTULOS E VALORES MOBILIÁRIOS S.A.,3,303333563041.78,0.113105479593976
Fundo,2021-09-30,13486793000142,21645055213.7,164,164,1,APEX GROUP DISTRIBUIDORA DE TÍTULOS E VALORES MOBILIÁRIOS S.A.,4,303333563041.78,0.0713572708428533
Fundo,2021-09-30,59281253000123,15217152961.55,58,58,1,BTG PACTUAL SERVIÇOS FINANCEIROS S/A DTVM,5,303333563041.78,0.0501664003447388
Fundo,2021-09-30,34829992000186,13546566953.43,34,34,1,CBSF DISTRIBUIDORA DE TITULOS E VALORES MOBILIARIOS S.A. - EM LIQUIDAÇÃO EXTRAJUDICIAL,6,303333563041.78,0.0446589781150072
Fundo,2021-09-30,45246410000155,11190707123.7,26,26,1,BANCO GENIAL S.A.,7,303333563041.78,0.0368924131292344
Fundo,2021-09-30,00066670000100,9351570429.08,16,16,1,BEM - DISTRIBUIDORA DE TITULOS E VALORES MOBILIARIOS LTDA.,8,303333563041.78,0.030829329716448
Fundo,2021-09-30,62418140000131,8915521159.74,10,10,1,INTRAG DTVM LTDA.,9,303333563041.78,0.0293918057412988
Fundo,2021-09-30,05389174000101,7079059289.84,51,51,1,XP SERVIÇOS FINANCEIROS DTVM LTDA.,10,303333563041.78,0.0233375404253072
Fundo,2021-09-30,02671743000119,6472563622.14,65,65,1,BANVOX DISTRIBUIDORA DE TITULOS E VALORES MOBILIARIOS LTDA,11,303333563041.78,0.0213381056722974
Fundo,2021-09-30,03317692000194,6330047504.86,51,51,1,FINAXIS CORRETORA DE TÍTULOS E VALORES MOBILIÁRIOS S.A.,12,303333563041.78,0.0208682726744225
Fundo,2021-09-30,62318407000119,4941893894.39,12,12,1,S3 CACEIS BRASIL DISTRIBUIDORA DE TITULOS E VALORES MOBILIARIOS S.A,13,303333563041.78,0.0162919455560192
Fundo,2021-09-30,22610500000188,4626937218.26,53,53,1,VORTX DISTRIBUIDORA DE TITULOS E VALORES MOBILIARIOS LTDA.,14,303333563041.78,0.0152536276298007
Fundo,2021-09-30,42066258000130,4065482252.42,9,9,1,RJI CORRETORA DE TÍTULOS E VALORES MOBILIÁRIOS LTDA.,15,303333563041.78,0.0134026785946534
Fundo,2021-09-30,11758741000152,3299231193.21,26,26,1,BANCO FINAXIS S.A.,16,303333563041.78,0.0108765781146202
Fundo,2021-09-30,12063256000127,3078734838.54,22,22,1,MONETAR DISTRIBUIDORA DE TITULOS E VALORES MOBILIARIOS LTDA.,17,303333563041.78,0.0101496676057438
Fundo,2021-09-30,67030395000146,3047632232.46,67,67,1,TRUSTEE DISTRIBUIDORA DE TITULOS E VALORES MOBILIARIOS LTDA.,18,303333563041.78,0.0100471316193923
Fundo,2021-09-30,62232889000190,3036062782.82,18,18,1,BANCO DAYCOVAL S.A.,19,303333563041.78,0.0100089906055065
Fundo,2021-09-30,03751794000113,2470140398.59,13,13,1,TERRA INVESTIMENTOS DISTRIBUIDORA DE TITULOS E VALORES MOBILIARIOS LTDA,20,303333563041.78,0.00814331382857812
Fundo,2021-09-30,03384738000198,2329630445.88,5,5,1,TIVIO CAPITAL DISTRIBUIDORA DE TITULOS E VALORES MOBILIARIOS S.A.,21,303333563041.78,0.00768009455504641
Fundo,2021-09-30,02201501000161,2184317962.43,17,17,1,BNY MELLON SERVICOS FINANCEIROS DTVM S.A.,22,303333563041.78,0.00720104277458126
Fundo,2021-09-30,00360305000104,1798231377.93,4,4,1,CAIXA ECONOMICA FEDERAL,23,303333563041.78,0.00592823082252299
Fundo,2021-09-30,33886862000112,1700664943.25,40,40,1,"MASTER S/A CORRETORA DE CAMBIO, TITULOS E VALORES MOBILIARIOS",24,303333563041.78,0.00560658347924314
Fundo,2021-09-30,36266751000100,1396855949.04,7,7,1,FINVEST DISTRIBUIDORA DE TÍTULOS E VALORES MOBILIÁRIOS LTDA.,25,303333563041.78,0.00460501612493044
Fundo,2021-09-30,00329598000167,1193899246.59,20,20,1,SEFER INVESTIMENTOS DISTRIBUIDORA DE TÍTULOS E VALORES MOBILIÁRIOS LTDA.,26,303333563041.78,0.00393592860156249
Fundo,2021-09-30,03017677000120,1163893247.08,13,13,1,BANCO J. SAFRA S.A.,27,303333563041.78,0.0038370077989678
Fundo,2021-09-30,15489568000195,667696772.22,9,9,1,INTRA INVESTIMENTOS DTVM LTDA,28,303333563041.78,0.00220119648325245
Fundo,2021-09-30,00806535000154,558177002.39,18,18,1,PLANNER CORRETORA DE VALORES S.A.,29,303333563041.78,0.00184014257041882
Fundo,2021-09-30,01638542000157,557453560.17,1,1,1,SAFRA DISTRIBUIDORA DE TÍTULOS E VALORES MOBILIÁRIOS LTDA.,30,303333563041.78,0.00183775759787326
Fundo,2021-09-30,44077014000189,435977060.3,1,1,1,BR-CAPITAL DTVM S.A.,31,303333563041.78,0.00143728592354929
Fundo,2021-09-30,52904364000108,424314040.33,1,1,1,NECTON INVESTIMENTOS S.A. CORRETORA DE VALORES MOBILIÁRIOS E COMMODITIES,32,303333563041.78,0.00139883643628172
Fundo,2021-09-30,37678915000160,348548529.55,9,9,1,FIDD DISTRIBUIDORA DE TITULOS E VALORES MOBILIARIOS LTDA.,33,303333563041.78,0.00114906021626757
Fundo,2021-09-30,30723886000162,299251722.74,2,2,1,BANCO MODAL S.A.,34,303333563041.78,0.000986543393810932
Fundo,2021-09-30,24361690000172,272280445.46,16,16,1,LIMINE TRUST DISTRIBUIDORA DE TITULOS E VALORES MOBILIARIOS S.A.,35,303333563041.78,0.000897627162420194
Fundo,2021-09-30,13673855000125,178969599.72,6,6,1,OSLO CAPITAL DISTRIBUIDORA DE TITULOS E VALORES MOBILIARIOS S.A.,36,303333563041.78,0.000590009222604059
Fundo,2021-09-30,01522368000182,176560618.79,1,1,1,BANCO BNP PARIBAS BRASIL S/A,37,303333563041.78,0.00058206753324452
Fundo,2021-09-30,02685483000130,45106910.27,1,1,1,CM CAPITAL MARKETS CCTVM LTDA,38,303333563041.78,0.000148703987180565
Fundo,2021-09-30,50657675000186,39955381.43,2,2,1,SLW CVC LTDA,39,303333563041.78,0.000131720937931609
Fundo,2021-09-30,36864992000142,38664306.59,1,1,1,APEX DISTRIBUIDORA DE TÍTULOS E VALORES MOBILIÁRIOS S.A.,40,303333563041.78,0.000127464650473494
Fundo,2021-09-30,16695922000109,36788232.91,6,6,1,ID CORRETORA DE TITULOS E VALORES MOBILIARIOS S.A.,41,303333563041.78,0.000121279796871449
Fundo,2021-09-30,27652684000162,18965211.52,4,4,1,GENIAL INVESTIMENTOS CORRETORA DE VALORES MOBILIÁRIOS S.A.,42,303333563041.78,6.25226279934865e-05
Fundo,2021-09-30,39669186000101,16030400.83,1,1,1,HEMERA DISTRIBUIDORA DE TITULOS E VALORES MOBILIARIOS LTDA,43,303333563041.78,5.28474352433991e-05
Fundo,2021-09-30,32582247000150,10451350.56,3,3,1,FIDD ADMINISTRAÇÃO DE RECURSOS LTDA,44,303333563041.78,3.44549757540694e-05
Fundo,2021-09-30,44782130000107,4641557.93,1,1,1,ACTUAL DISTRIBUIDORA DE TITULOS E VALORES MOBILIARIOS S.A.,45,303333563041.78,1.53018277418931e-05
Fundo,2021-09-30,92875780000131,4151831.74,2,2,1,WARREN CORRETORA DE VALORES MOBILIÁRIOS E CÂMBIO LTDA.,46,303333563041.78,1.36873470194531e-05
Fundo,2021-09-30,31999785000181,0,1,1,1,BISMUT FUNDO DE INVESTIMENTO EM DIREITOS CREDITÓRIOS,47,303333563041.78,0
Fundo,2021-09-30,29292189000115,-210935.15,1,1,1,FUNDO DE INVESTIMENTO EM DIREITOS CREDITORIOS HENDRIKSEN,48,303333563041.78,-6.95390077790194e-07
Fundo,2021-10-31,30822936000169,79772651806.88,3,3,1,BB GESTAO DE RECURSOS DTVM S.A,1,308618205171.88,0.258483299008404
Fundo,2021-10-31,36113876000191,58032559446.27,111,111,1,OLIVEIRA TRUST DTVM S.A.,2,308618205171.88,0.188039974550269
Fundo,2021-10-31,62285390000140,35409328500.41,456,456,1,QI CORRETORA DE TÍTULOS E VALORES MOBILIÁRIOS S.A.,3,308618205171.88,0.114735060689921
Fundo,2021-10-31,13486793000142,22126371442.94,165,165,1,APEX GROUP DISTRIBUIDORA DE TÍTULOS E VALORES MOBILIÁRIOS S.A.,4,308618205171.88,0.0716949650802909
Fundo,2021-10-31,59281253000123,15611807613.51,64,64,1,BTG PACTUAL SERVIÇOS FINANCEIROS S/A DTVM,5,308618205171.88,0.0505861525726107
Fundo,2021-10-31,45246410000155,11581830799.64,29,29,1,BANCO GENIAL S.A.,6,308618205171.88,0.0375280220205729
Fundo,2021-10-31,00066670000100,10104277616.32,17,17,1,BEM - DISTRIBUIDORA DE TITULOS E VALORES MOBILIARIOS LTDA.,7,308618205171.88,0.0327403809852779
Fundo,2021-10-31,62418140000131,8591978639.37,9,9,1,INTRAG DTVM LTDA.,8,308618205171.88,0.0278401549078572
Fundo,2021-10-31,05389174000101,7245553615.63,48,48,1,XP SERVIÇOS FINANCEIROS DTVM LTDA.,9,308618205171.88,0.0234774018324509
Fundo,2021-10-31,02671743000119,6734317689.47,67,67,1,BANVOX DISTRIBUIDORA DE TITULOS E VALORES MOBILIARIOS LTDA,10,308618205171.88,0.0218208698534794
Fundo,2021-10-31,03317692000194,6357277025.82,51,51,1,FINAXIS CORRETORA DE TÍTULOS E VALORES MOBILIÁRIOS S.A.,11,308618205171.88,0.0205991640132811
Fundo,2021-10-31,62318407000119,5070859357.5,11,11,1,S3 CACEIS BRASIL DISTRIBUIDORA DE TITULOS E VALORES MOBILIARIOS S.A,12,308618205171.88,0.0164308497441875
Fundo,2021-10-31,22610500000188,4281575030.29,50,50,1,VORTX DISTRIBUIDORA DE TITULOS E VALORES MOBILIARIOS LTDA.,13,308618205171.88,0.013873371559223
Fundo,2021-10-31,34829992000186,4203636345.31,36,36,1,CBSF DISTRIBUIDORA DE TITULOS E VALORES MOBILIARIOS S.A. - EM LIQUIDAÇÃO EXTRAJUDICIAL,14,308618205171.88,0.0136208307703975
Fundo,2021-10-31,42066258000130,4046313858.16,7,7,1,RJI CORRETORA DE TÍTULOS E VALORES MOBILIÁRIOS LTDA.,15,308618205171.88,0.0131110666524241
Fundo,2021-10-31,11758741000152,3334854488.87,26,26,1,BANCO FINAXIS S.A.,16,308618205171.88,0.0108057607522301
Fundo,2021-10-31,62232889000190,3187379731.36,19,19,1,BANCO DAYCOVAL S.A.,17,308618205171.88,0.0103279057357774
Fundo,2021-10-31,67030395000146,3053707660.65,66,66,1,TRUSTEE DISTRIBUIDORA DE TITULOS E VALORES MOBILIARIOS LTDA.,18,308618205171.88,0.00989477486899804
Fundo,2021-10-31,03751794000113,2464556682.74,12,12,1,TERRA INVESTIMENTOS DISTRIBUIDORA DE TITULOS E VALORES MOBILIARIOS LTDA,19,308618205171.88,0.00798577867876396
Fundo,2021-10-31,03384738000198,2340978814.59,5,5,1,TIVIO CAPITAL DISTRIBUIDORA DE TITULOS E VALORES MOBILIARIOS S.A.,20,308618205171.88,0.00758535554727314
Fundo,2021-10-31,02201501000161,2237415132.68,17,17,1,BNY MELLON SERVICOS FINANCEIROS DTVM S.A.,21,308618205171.88,0.00724978337371221
Fundo,2021-10-31,00329598000167,2078192497.74,21,21,1,SEFER INVESTIMENTOS DISTRIBUIDORA DE TÍTULOS E VALORES MOBILIÁRIOS LTDA.,22,308618205171.88,0.0067338623027199
Fundo,2021-10-31,33886862000112,1815734469.03,42,42,1,"MASTER S/A CORRETORA DE CAMBIO, TITULOS E VALORES MOBILIARIOS",23,308618205171.88,0.00588343279366412
Fundo,2021-10-31,00360305000104,1623722684.13,3,3,1,CAIXA ECONOMICA FEDERAL,24,308618205171.88,0.00526126669431472
Fundo,2021-10-31,36266751000100,1445352247.68,9,9,1,FINVEST DISTRIBUIDORA DE TÍTULOS E VALORES MOBILIÁRIOS LTDA.,25,308618205171.88,0.00468330196812283
Fundo,2021-10-31,03017677000120,1162876071.25,13,13,1,BANCO J. SAFRA S.A.,26,308618205171.88,0.00376800866495337
Fundo,2021-10-31,12063256000127,1148777657.88,22,22,1,MONETAR DISTRIBUIDORA DE TITULOS E VALORES MOBILIARIOS LTDA.,27,308618205171.88,0.00372232628739515
Fundo,2021-10-31,15489568000195,656466058.88,9,9,1,INTRA INVESTIMENTOS DTVM LTDA,28,308618205171.88,0.00212711385096155
Fundo,2021-10-31,00806535000154,553607542.08,18,18,1,PLANNER CORRETORA DE VALORES S.A.,29,308618205171.88,0.00179382658833
Fundo,2021-10-31,44077014000189,435987472.32,1,1,1,BR-CAPITAL DTVM S.A.,30,308618205171.88,0.00141270821038306
Fundo,2021-10-31,52904364000108,427274703.32,1,1,1,NECTON INVESTIMENTOS S.A. CORRETORA DE VALORES MOBILIÁRIOS E COMMODITIES,31,308618205171.88,0.0013844766645637
Fundo,2021-10-31,37678915000160,425565010.34,15,15,1,FIDD DISTRIBUIDORA DE TITULOS E VALORES MOBILIARIOS LTDA.,32,308618205171.88,0.001378936832657
Fundo,2021-10-31,24361690000172,393250342.24,20,20,1,LIMINE TRUST DISTRIBUIDORA DE TITULOS E VALORES MOBILIARIOS S.A.,33,308618205171.88,0.0012742292439326
Fundo,2021-10-31,01522368000182,180833792.1,1,1,1,BANCO BNP PARIBAS BRASIL S/A,34,308618205171.88,0.000585946613224866
Fundo,2021-10-31,13673855000125,180720000.58,6,6,1,OSLO CAPITAL DISTRIBUIDORA DE TITULOS E VALORES MOBILIARIOS S.A.,35,308618205171.88,0.000585577900303551
Fundo,2021-10-31,36864992000142,156615109.55,2,2,1,APEX DISTRIBUIDORA DE TÍTULOS E VALORES MOBILIÁRIOS S.A.,36,308618205171.88,0.000507472038024379
Fundo,2021-10-31,16695922000109,51389228.84,9,9,1,ID CORRETORA DE TITULOS E VALORES MOBILIARIOS S.A.,37,308618205171.88,0.000166513925552057
Fundo,2021-10-31,50657675000186,41752545.41,2,2,1,SLW CVC LTDA,38,308618205171.88,0.000135288666417934
Fundo,2021-10-31,27652684000162,17815829.42,4,4,1,GENIAL INVESTIMENTOS CORRETORA DE VALORES MOBILIÁRIOS S.A.,39,308618205171.88,5.77277332362093e-05
Fundo,2021-10-31,02685483000130,17061076.5,1,1,1,CM CAPITAL MARKETS CCTVM LTDA,40,308618205171.88,5.52821454278697e-05
Fundo,2021-10-31,71590442000183,13499323.39,1,1,1,LASTRO RDV DTVM LTDA,41,308618205171.88,4.37411765209436e-05
Fundo,2021-10-31,92875780000131,2076310.88,1,1,1,WARREN CORRETORA DE VALORES MOBILIÁRIOS E CÂMBIO LTDA.,42,308618205171.88,6.72776539168722e-06
Fundo,2021-10-31,30723886000162,656373.31,1,1,1,BANCO MODAL S.A.,43,308618205171.88,2.126813321445e-06
Fundo,2021-10-31,31999785000181,0,1,1,1,BISMUT FUNDO DE INVESTIMENTO EM DIREITOS CREDITÓRIOS,44,308618205171.88,0
Fundo,2021-10-31,29292189000115,-252473.4,1,1,1,FUNDO DE INVESTIMENTO EM DIREITOS CREDITORIOS HENDRIKSEN,45,308618205171.88,-8.18076820385204e-07
Fundo,2021-11-30,30822936000169,101873163051.21,3,3,1,BB GESTAO DE RECURSOS DTVM S.A,1,329791381869.99,0.308901835073939
Fundo,2021-11-30,36113876000191,55673929918.57,111,111,1,OLIVEIRA TRUST DTVM S.A.,2,329791381869.99,0.168815599737284
Fundo,2021-11-30,62285390000140,36566913285.3,459,459,1,QI CORRETORA DE TÍTULOS E VALORES MOBILIÁRIOS S.A.,3,329791381869.99,0.110878923148196
Fundo,2021-11-30,13486793000142,23622261191.27,171,171,1,APEX GROUP DISTRIBUIDORA DE TÍTULOS E VALORES MOBILIÁRIOS S.A.,4,329791381869.99,0.0716278911150636
Fundo,2021-11-30,59281253000123,16181567739.12,65,65,1,BTG PACTUAL SERVIÇOS FINANCEIROS S/A DTVM,5,329791381869.99,0.0490660721555759
Fundo,2021-11-30,45246410000155,12405277537.13,30,30,1,BANCO GENIAL S.A.,6,329791381869.99,0.037615529753353
Fundo,2021-11-30,00066670000100,10967277121.19,18,18,1,BEM - DISTRIBUIDORA DE TITULOS E VALORES MOBILIARIOS LTDA.,7,329791381869.99,0.0332551962364908
Fundo,2021-11-30,02671743000119,7264945268.64,66,66,1,BANVOX DISTRIBUIDORA DE TITULOS E VALORES MOBILIARIOS LTDA,8,329791381869.99,0.0220289118152395
Fundo,2021-11-30,05389174000101,7107709266.76,44,44,1,XP SERVIÇOS FINANCEIROS DTVM LTDA.,9,329791381869.99,0.02155213767703
Fundo,2021-11-30,03317692000194,6549100077.01,51,51,1,FINAXIS CORRETORA DE TÍTULOS E VALORES MOBILIÁRIOS S.A.,10,329791381869.99,0.019858311760226
Fundo,2021-11-30,62318407000119,5004840479.38,11,11,1,S3 CACEIS BRASIL DISTRIBUIDORA DE TITULOS E VALORES MOBILIARIOS S.A,11,329791381869.99,0.0151757770351713
Fundo,2021-11-30,22610500000188,4417607350.25,53,53,1,VORTX DISTRIBUIDORA DE TITULOS E VALORES MOBILIARIOS LTDA.,12,329791381869.99,0.0133951570389778
Fundo,2021-11-30,34829992000186,4272638704,36,36,1,CBSF DISTRIBUIDORA DE TITULOS E VALORES MOBILIARIOS S.A. - EM LIQUIDAÇÃO EXTRAJUDICIAL,13,329791381869.99,0.0129555802209663
Fundo,2021-11-30,42066258000130,4045226512.21,7,7,1,RJI CORRETORA DE TÍTULOS E VALORES MOBILIÁRIOS LTDA.,14,329791381869.99,0.0122660164412808
Fundo,2021-11-30,62232889000190,3562758697.5,20,20,1,BANCO DAYCOVAL S.A.,15,329791381869.99,0.0108030679191748
Fundo,2021-11-30,11758741000152,3400560456.36,26,26,1,BANCO FINAXIS S.A.,16,329791381869.99,0.0103112471801964
Fundo,2021-11-30,67030395000146,3036553759.21,64,64,1,TRUSTEE DISTRIBUIDORA DE TITULOS E VALORES MOBILIARIOS LTDA.,17,329791381869.99,0.00920749881938112
Fundo,2021-11-30,00329598000167,2488644932.19,20,20,1,SEFER INVESTIMENTOS DISTRIBUIDORA DE TÍTULOS E VALORES MOBILIÁRIOS LTDA.,18,329791381869.99,0.00754611875567771
Fundo,2021-11-30,03751794000113,2461393737.81,11,11,1,TERRA INVESTIMENTOS DISTRIBUIDORA DE TITULOS E VALORES MOBILIARIOS LTDA,19,329791381869.99,0.00746348714103247
Fundo,2021-11-30,03384738000198,2359538061.04,5,5,1,TIVIO CAPITAL DISTRIBUIDORA DE TITULOS E VALORES MOBILIARIOS S.A.,20,329791381869.99,0.00715463832820888
Fundo,2021-11-30,02201501000161,2252448180.15,17,17,1,BNY MELLON SERVICOS FINANCEIROS DTVM S.A.,21,329791381869.99,0.00682991825734839
Fundo,2021-11-30,33886862000112,1729529489.18,43,43,1,"MASTER S/A CORRETORA DE CAMBIO, TITULOS E VALORES MOBILIARIOS",22,329791381869.99,0.00524431378216491
Fundo,2021-11-30,36266751000100,1653823975.82,10,10,1,FINVEST DISTRIBUIDORA DE TÍTULOS E VALORES MOBILIÁRIOS LTDA.,23,329791381869.99,0.0050147580159386
Fundo,2021-11-30,00360305000104,1619968645.54,3,3,1,CAIXA ECONOMICA FEDERAL,24,329791381869.99,0.00491210120881395
Fundo,2021-11-30,62418140000131,1576897034.19,5,5,1,INTRAG DTVM LTDA.,25,329791381869.99,0.00478149861057207
Fundo,2021-11-30,36864992000142,1468018993.57,6,6,1,APEX DISTRIBUIDORA DE TÍTULOS E VALORES MOBILIÁRIOS S.A.,26,329791381869.99,0.00445135644614486
Fundo,2021-11-30,12063256000127,1214650062.29,22,22,1,MONETAR DISTRIBUIDORA DE TITULOS E VALORES MOBILIARIOS LTDA.,27,329791381869.99,0.00368308612372666
Fundo,2021-11-30,03017677000120,1170483262.99,13,13,1,BANCO J. SAFRA S.A.,28,329791381869.99,0.00354916267475851
Fundo,2021-11-30,52904364000108,800584308.21,1,1,1,NECTON INVESTIMENTOS S.A. CORRETORA DE VALORES MOBILIÁRIOS E COMMODITIES,29,329791381869.99,0.00242754769294003
Fundo,2021-11-30,15489568000195,597310152.15,9,9,1,INTRA INVESTIMENTOS DTVM LTDA,30,329791381869.99,0.00181117574620392
Fundo,2021-11-30,00806535000154,575881063.93,20,20,1,PLANNER CORRETORA DE VALORES S.A.,31,329791381869.99,0.00174619803787663
Fundo,2021-11-30,37678915000160,456362749.86,18,18,1,FIDD DISTRIBUIDORA DE TITULOS E VALORES MOBILIARIOS LTDA.,32,329791381869.99,0.00138379222426105
Fundo,2021-11-30,24361690000172,455546923.86,20,20,1,LIMINE TRUST DISTRIBUIDORA DE TITULOS E VALORES MOBILIARIOS S.A.,33,329791381869.99,0.00138131846040654
Fundo,2021-11-30,44077014000189,436051560.78,1,1,1,BR-CAPITAL DTVM S.A.,34,329791381869.99,0.00132220423198293
Fundo,2021-11-30,13673855000125,195694771.46,6,6,1,OSLO CAPITAL DISTRIBUIDORA DE TITULOS E VALORES MOBILIARIOS S.A.,35,329791381869.99,0.000593389585714361
Fundo,2021-11-30,01522368000182,184288752.15,1,1,1,BANCO BNP PARIBAS BRASIL S/A,36,329791381869.99,0.000558804026669958
Fundo,2021-11-30,16695922000109,73575425.66,12,12,1,ID CORRETORA DE TITULOS E VALORES MOBILIARIOS S.A.,37,329791381869.99,0.000223096871855205
Fundo,2021-11-30,71590442000183,17232844.61,1,1,1,LASTRO RDV DTVM LTDA,38,329791381869.99,5.22537748327017e-05
Fundo,2021-11-30,27652684000162,17121917.59,4,4,1,GENIAL INVESTIMENTOS CORRETORA DE VALORES MOBILIÁRIOS S.A.,39,329791381869.99,5.19174197121676e-05
Fundo,2021-11-30,02685483000130,16444861.83,1,1,1,CM CAPITAL MARKETS CCTVM LTDA,40,329791381869.99,4.98644377447161e-05
Fundo,2021-11-30,29292189000115,14804264.59,1,1,1,FUNDO DE INVESTIMENTO EM DIREITOS CREDITORIOS HENDRIKSEN,41,329791381869.99,4.48897861007057e-05
Fundo,2021-11-30,92875780000131,2108080.05,2,2,1,WARREN CORRETORA DE VALORES MOBILIÁRIOS E CÂMBIO LTDA.,42,329791381869.99,6.39216233622213e-06
Fundo,2021-11-30,30723886000162,647403.38,1,1,1,BANCO MODAL S.A.,43,329791381869.99,1.96306942991985e-06
Fundo,2021-11-30,31999785000181,0,1,1,1,BISMUT FUNDO DE INVESTIMENTO EM DIREITOS CREDITÓRIOS,44,329791381869.99,0
Fundo,2021-12-31,30822936000169,67015631768.11,3,3,1,BB GESTAO DE RECURSOS DTVM S.A,1,308121582629.32,0.217497363203966
Fundo,2021-12-31,36113876000191,59104691897.87,112,112,1,OLIVEIRA TRUST DTVM S.A.,2,308121582629.32,0.191822628565993
Fundo,2021-12-31,62285390000140,37237728797.75,463,463,1,QI CORRETORA DE TÍTULOS E VALORES MOBILIÁRIOS S.A.,3,308121582629.32,0.120854009900852
Fundo,2021-12-31,13486793000142,25067240979.4,180,180,1,APEX GROUP DISTRIBUIDORA DE TÍTULOS E VALORES MOBILIÁRIOS S.A.,4,308121582629.32,0.0813550312363438
Fundo,2021-12-31,59281253000123,17506868024.4,72,72,1,BTG PACTUAL SERVIÇOS FINANCEIROS S/A DTVM,5,308121582629.32,0.0568180517411574
Fundo,2021-12-31,45246410000155,13327015206.13,34,34,1,BANCO GENIAL S.A.,6,308121582629.32,0.0432524560350672
Fundo,2021-12-31,00066670000100,12613062685.88,18,18,1,BEM - DISTRIBUIDORA DE TITULOS E VALORES MOBILIARIOS LTDA.,7,308121582629.32,0.0409353430494803
Fundo,2021-12-31,02671743000119,7433720922.59,68,68,1,BANVOX DISTRIBUIDORA DE TITULOS E VALORES MOBILIARIOS LTDA,8,308121582629.32,0.0241259338575221
Fundo,2021-12-31,03317692000194,6616393479.6,51,51,1,FINAXIS CORRETORA DE TÍTULOS E VALORES MOBILIÁRIOS S.A.,9,308121582629.32,0.0214733204442862
Fundo,2021-12-31,62318407000119,5201793472.03,11,11,1,S3 CACEIS BRASIL DISTRIBUIDORA DE TITULOS E VALORES MOBILIARIOS S.A,10,308121582629.32,0.0168822755862835
Fundo,2021-12-31,05389174000101,5064386022,30,30,1,XP SERVIÇOS FINANCEIROS DTVM LTDA.,11,308121582629.32,0.0164363235408037
Fundo,2021-12-31,22610500000188,4629253135.35,56,56,1,VORTX DISTRIBUIDORA DE TITULOS E VALORES MOBILIARIOS LTDA.,12,308121582629.32,0.0150241118971505
Fundo,2021-12-31,62232889000190,4603701847.08,22,22,1,BANCO DAYCOVAL S.A.,13,308121582629.32,0.0149411859039371
Fundo,2021-12-31,34829992000186,4324149802.61,40,40,1,CBSF DISTRIBUIDORA DE TITULOS E VALORES MOBILIARIOS S.A. - EM LIQUIDAÇÃO EXTRAJUDICIAL,14,308121582629.32,0.0140339075429587
Fundo,2021-12-31,42066258000130,4043920988.42,7,7,1,RJI CORRETORA DE TÍTULOS E VALORES MOBILIÁRIOS LTDA.,15,308121582629.32,0.0131244327447356
Fundo,2021-12-31,11758741000152,3604120718.27,27,27,1,BANCO FINAXIS S.A.,16,308121582629.32,0.0116970732381505
Fundo,2021-12-31,00329598000167,3350273549.48,21,21,1,SEFER INVESTIMENTOS DISTRIBUIDORA DE TÍTULOS E VALORES MOBILIÁRIOS LTDA.,17,308121582629.32,0.0108732193340396
Fundo,2021-12-31,67030395000146,3345198224.06,69,69,1,TRUSTEE DISTRIBUIDORA DE TITULOS E VALORES MOBILIARIOS LTDA.,18,308121582629.32,0.0108567475069878
Fundo,2021-12-31,36864992000142,3076505503.04,21,21,1,APEX DISTRIBUIDORA DE TÍTULOS E VALORES MOBILIÁRIOS S.A.,19,308121582629.32,0.00998471277729718
Fundo,2021-12-31,36266751000100,2802934708.53,16,16,1,FINVEST DISTRIBUIDORA DE TÍTULOS E VALORES MOBILIÁRIOS LTDA.,20,308121582629.32,0.00909684639619036
Fundo,2021-12-31,03751794000113,2411384102.97,11,11,1,TERRA INVESTIMENTOS DISTRIBUIDORA DE TITULOS E VALORES MOBILIARIOS LTDA,21,308121582629.32,0.0078260798298929
Fundo,2021-12-31,03384738000198,2393577997.64,5,5,1,TIVIO CAPITAL DISTRIBUIDORA DE TITULOS E VALORES MOBILIARIOS S.A.,22,308121582629.32,0.00776829061182498
Fundo,2021-12-31,02201501000161,2168601473.78,17,17,1,BNY MELLON SERVICOS FINANCEIROS DTVM S.A.,23,308121582629.32,0.00703813558035919
Fundo,2021-12-31,33886862000112,1804859156.66,43,43,1,"MASTER S/A CORRETORA DE CAMBIO, TITULOS E VALORES MOBILIARIOS",24,308121582629.32,0.00585762003835772
Fundo,2021-12-31,62418140000131,1600622310.62,5,5,1,INTRAG DTVM LTDA.,25,308121582629.32,0.00519477505263109
Fundo,2021-12-31,00360305000104,1550481826.21,3,3,1,CAIXA ECONOMICA FEDERAL,26,308121582629.32,0.0050320455093705
Fundo,2021-12-31,12063256000127,1311462362.33,22,22,1,MONETAR DISTRIBUIDORA DE TITULOS E VALORES MOBILIARIOS LTDA.,27,308121582629.32,0.00425631450786014
Fundo,2021-12-31,03017677000120,1129571913.63,14,14,1,BANCO J. SAFRA S.A.,28,308121582629.32,0.00366599413124822
Fundo,2021-12-31,52904364000108,808489412.85,1,1,1,NECTON INVESTIMENTOS S.A. CORRETORA DE VALORES MOBILIÁRIOS E COMMODITIES,29,308121582629.32,0.00262392983299271
Fundo,2021-12-31,15489568000195,564057428.15,9,9,1,INTRA INVESTIMENTOS DTVM LTDA,30,308121582629.32,0.0018306326461674
Fundo,2021-12-31,37678915000160,532276693.1,18,18,1,FIDD DISTRIBUIDORA DE TITULOS E VALORES MOBILIARIOS LTDA.,31,308121582629.32,0.00172748915722774
Fundo,2021-12-31,24361690000172,495038930.27,20,20,1,LIMINE TRUST DISTRIBUIDORA DE TITULOS E VALORES MOBILIARIOS S.A.,32,308121582629.32,0.00160663503687617
Fundo,2021-12-31,44077014000189,434236758.52,1,1,1,BR-CAPITAL DTVM S.A.,33,308121582629.32,0.00140930328480884
Fundo,2021-12-31,00806535000154,357000177.97,19,19,1,PLANNER CORRETORA DE VALORES S.A.,34,308121582629.32,0.00115863411749213
Fundo,2021-12-31,01522368000182,186703670.44,1,1,1,BANCO BNP PARIBAS BRASIL S/A,35,308121582629.32,0.000605941553482835
Fundo,2021-12-31,13673855000125,184935612.19,6,6,1,OSLO CAPITAL DISTRIBUIDORA DE TITULOS E VALORES MOBILIARIOS S.A.,36,308121582629.32,0.000600203369760318
Fundo,2021-12-31,16695922000109,74091716.75,15,15,1,ID CORRETORA DE TITULOS E VALORES MOBILIARIOS S.A.,37,308121582629.32,0.000240462599593793
Fundo,2021-12-31,33851064000155,66074189.95,1,1,1,DILLON S/A DTVM,38,308121582629.32,0.000214441940049001
Fundo,2021-12-31,02685483000130,31341530.86,1,1,1,CM CAPITAL MARKETS CCTVM LTDA,39,308121582629.32,0.000101718063994579
Fundo,2021-12-31,71590442000183,20795252.56,1,1,1,LASTRO RDV DTVM LTDA,40,308121582629.32,6.7490412007319e-05
Fundo,2021-12-31,27652684000162,16970736.21,4,4,1,GENIAL INVESTIMENTOS CORRETORA DE VALORES MOBILIÁRIOS S.A.,41,308121582629.32,5.50780508953063e-05
Fundo,2021-12-31,29292189000115,8312500.46,1,1,1,FUNDO DE INVESTIMENTO EM DIREITOS CREDITORIOS HENDRIKSEN,42,308121582629.32,2.69779883287183e-05
Fundo,2021-12-31,92875780000131,2049051.26,1,1,1,WARREN CORRETORA DE VALORES MOBILIÁRIOS E CÂMBIO LTDA.,43,308121582629.32,6.65013869692171e-06
Fundo,2021-12-31,30723886000162,56091.34,1,1,1,BANCO MODAL S.A.,44,308121582629.32,1.82042879052324e-07
Fundo,2021-12-31,31999785000181,0,1,1,1,BISMUT FUNDO DE INVESTIMENTO EM DIREITOS CREDITÓRIOS,45,308121582629.32,0
Fundo,2022-01-31,30822936000169,61378926810.62,3,3,1,BB GESTAO DE RECURSOS DTVM S.A,1,305918813120.45,0.200637960720818
Fundo,2022-01-31,36113876000191,58771823082.7,109,109,1,OLIVEIRA TRUST DTVM S.A.,2,305918813120.45,0.192115752814325
Fundo,2022-01-31,62285390000140,38192624058.13,468,468,1,QI CORRETORA DE TÍTULOS E VALORES MOBILIÁRIOS S.A.,3,305918813120.45,0.124845620537539
Fundo,2022-01-31,13486793000142,24674456073.31,177,177,1,APEX GROUP DISTRIBUIDORA DE TÍTULOS E VALORES MOBILIÁRIOS S.A.,4,305918813120.45,0.0806568769721099
Fundo,2022-01-31,59281253000123,19155284264.8,76,76,1,BTG PACTUAL SERVIÇOS FINANCEIROS S/A DTVM,5,305918813120.45,0.0626155811387054
Fundo,2022-01-31,45246410000155,14758139402.8,36,36,1,BANCO GENIAL S.A.,6,305918813120.45,0.0482420131415365
Fundo,2022-01-31,00066670000100,12254859302.23,18,18,1,BEM - DISTRIBUIDORA DE TITULOS E VALORES MOBILIARIOS LTDA.,7,305918813120.45,0.040059188178809
Fundo,2022-01-31,02671743000119,7474841965.84,67,67,1,BANVOX DISTRIBUIDORA DE TITULOS E VALORES MOBILIARIOS LTDA,8,305918813120.45,0.0244340708882684
Fundo,2022-01-31,03317692000194,6652737706.66,52,52,1,FINAXIS CORRETORA DE TÍTULOS E VALORES MOBILIÁRIOS S.A.,9,305918813120.45,0.0217467426694043
Fundo,2022-01-31,05389174000101,6560371370.07,30,30,1,XP SERVIÇOS FINANCEIROS DTVM LTDA.,10,305918813120.45,0.0214448117889597
Fundo,2022-01-31,62318407000119,5185785289.35,11,11,1,S3 CACEIS BRASIL DISTRIBUIDORA DE TITULOS E VALORES MOBILIARIOS S.A,11,305918813120.45,0.0169515082660451
Fundo,2022-01-31,22610500000188,4757263028.67,57,57,1,VORTX DISTRIBUIDORA DE TITULOS E VALORES MOBILIARIOS LTDA.,12,305918813120.45,0.0155507370734892
Fundo,2022-01-31,62232889000190,4537562068.24,23,23,1,BANCO DAYCOVAL S.A.,13,305918813120.45,0.014832569536851
Fundo,2022-01-31,34829992000186,4351985255.65,39,39,1,CBSF DISTRIBUIDORA DE TITULOS E VALORES MOBILIARIOS S.A. - EM LIQUIDAÇÃO EXTRAJUDICIAL,14,305918813120.45,0.0142259484183357
Fundo,2022-01-31,42066258000130,4043755774.4,7,7,1,RJI CORRETORA DE TÍTULOS E VALORES MOBILIÁRIOS LTDA.,15,305918813120.45,0.0132183952113067
Fundo,2022-01-31,11758741000152,3601005841.93,26,26,1,BANCO FINAXIS S.A.,16,305918813120.45,0.0117711160199624
Fundo,2022-01-31,00329598000167,3405777698.38,21,21,1,SEFER INVESTIMENTOS DISTRIBUIDORA DE TÍTULOS E VALORES MOBILIÁRIOS LTDA.,17,305918813120.45,0.0111329462338069
Fundo,2022-01-31,67030395000146,3405266790.9,69,69,1,TRUSTEE DISTRIBUIDORA DE TITULOS E VALORES MOBILIARIOS LTDA.,18,305918813120.45,0.0111312761584206
Fundo,2022-01-31,36266751000100,3208442035.22,16,16,1,FINVEST DISTRIBUIDORA DE TÍTULOS E VALORES MOBILIÁRIOS LTDA.,19,305918813120.45,0.0104878873008596
Fundo,2022-01-31,36864992000142,2946901894.91,20,20,1,APEX DISTRIBUIDORA DE TÍTULOS E VALORES MOBILIÁRIOS S.A.,20,305918813120.45,0.00963295413201577
Fundo,2022-01-31,03384738000198,2405226329.04,5,5,1,TIVIO CAPITAL DISTRIBUIDORA DE TITULOS E VALORES MOBILIARIOS S.A.,21,305918813120.45,0.00786230276100406
Fundo,2022-01-31,02201501000161,2108892931.86,17,17,1,BNY MELLON SERVICOS FINANCEIROS DTVM S.A.,22,305918813120.45,0.00689363596291694
Fundo,2022-01-31,33886862000112,1899536727.83,44,44,1,"MASTER S/A CORRETORA DE CAMBIO, TITULOS E VALORES MOBILIARIOS",23,305918813120.45,0.0062092837915205
Fundo,2022-01-31,62418140000131,1790852317.21,5,5,1,INTRAG DTVM LTDA.,24,305918813120.45,0.00585401171945867
Fundo,2022-01-31,00360305000104,1542666227.78,3,3,1,CAIXA ECONOMICA FEDERAL,25,305918813120.45,0.00504273082143727
Fundo,2022-01-31,12063256000127,1277186501.14,22,22,1,MONETAR DISTRIBUIDORA DE TITULOS E VALORES MOBILIARIOS LTDA.,26,305918813120.45,0.00417491977074692
Fundo,2022-01-31,03017677000120,1111922568.99,14,14,1,BANCO J. SAFRA S.A.,27,305918813120.45,0.00363469823136441
Fundo,2022-01-31,52904364000108,806007880.48,1,1,1,NECTON INVESTIMENTOS S.A. CORRETORA DE VALORES MOBILIÁRIOS E COMMODITIES,28,305918813120.45,0.00263471171406071
Fundo,2022-01-31,24361690000172,613041243.37,22,22,1,LIMINE TRUST DISTRIBUIDORA DE TITULOS E VALORES MOBILIARIOS S.A.,29,305918813120.45,0.00200393443318122
Fundo,2022-01-31,37678915000160,561419601.09,18,18,1,FIDD DISTRIBUIDORA DE TITULOS E VALORES MOBILIARIOS LTDA.,30,305918813120.45,0.00183519148549047
Fundo,2022-01-31,15489568000195,560622665.47,9,9,1,INTRA INVESTIMENTOS DTVM LTDA,31,305918813120.45,0.00183258642955464
Fundo,2022-01-31,44077014000189,434233905.38,1,1,1,BR-CAPITAL DTVM S.A.,32,305918813120.45,0.00141944165169413
Fundo,2022-01-31,39669186000101,369870482.41,4,4,1,HEMERA DISTRIBUIDORA DE TITULOS E VALORES MOBILIARIOS LTDA,33,305918813120.45,0.0012090478471632
Fundo,2022-01-31,00806535000154,356790303.68,19,19,1,PLANNER CORRETORA DE VALORES S.A.,34,305918813120.45,0.00116629082089018
Fundo,2022-01-31,13673855000125,255287713.91,7,7,1,OSLO CAPITAL DISTRIBUIDORA DE TITULOS E VALORES MOBILIARIOS S.A.,35,305918813120.45,0.000834494980240019
Fundo,2022-01-31,01522368000182,190128601.78,1,1,1,BANCO BNP PARIBAS BRASIL S/A,36,305918813120.45,0.000621500194252978
Fundo,2022-01-31,16695922000109,98131461.6,16,16,1,ID CORRETORA DE TITULOS E VALORES MOBILIARIOS S.A.,37,305918813120.45,0.00032077615822
Fundo,2022-01-31,33851064000155,66044126.08,1,1,1,DILLON S/A DTVM,38,305918813120.45,0.000215887755990987
Fundo,2022-01-31,03751794000113,64925747.54,6,6,1,TERRA INVESTIMENTOS DISTRIBUIDORA DE TITULOS E VALORES MOBILIARIOS LTDA,39,305918813120.45,0.000212231954216025
Fundo,2022-01-31,02685483000130,32182592.47,1,1,1,CM CAPITAL MARKETS CCTVM LTDA,40,305918813120.45,0.000105199782065475
Fundo,2022-01-31,71590442000183,21280236.99,1,1,1,LASTRO RDV DTVM LTDA,41,305918813120.45,6.95617140146961e-05
Fundo,2022-01-31,27652684000162,16927702.15,4,4,1,GENIAL INVESTIMENTOS CORRETORA DE VALORES MOBILIÁRIOS S.A.,42,305918813120.45,5.53339690924305e-05
Fundo,2022-01-31,29292189000115,15737728.05,1,1,1,FUNDO DE INVESTIMENTO EM DIREITOS CREDITORIOS HENDRIKSEN,43,305918813120.45,5.1444132805927e-05
Fundo,2022-01-31,92875780000131,2040190.53,1,1,1,WARREN CORRETORA DE VALORES MOBILIÁRIOS E CÂMBIO LTDA.,44,305918813120.45,6.66905872571071e-06
Fundo,2022-01-31,30723886000162,47618.81,1,1,1,BANCO MODAL S.A.,45,305918813120.45,1.55658324881285e-07
Fundo,2022-01-31,31999785000181,0,1,1,1,BISMUT FUNDO DE INVESTIMENTO EM DIREITOS CREDITÓRIOS,46,305918813120.45,0
Fundo,2022-02-28,30822936000169,61043223580.61,3,3,1,BB GESTAO DE RECURSOS DTVM S.A,1,311527205688.5,0.195948291083277
Fundo,2022-02-28,36113876000191,59965775139.61,110,110,1,OLIVEIRA TRUST DTVM S.A.,2,311527205688.5,0.192489689647108
Fundo,2022-02-28,62285390000140,38769758170.93,475,475,1,QI CORRETORA DE TÍTULOS E VALORES MOBILIÁRIOS S.A.,3,311527205688.5,0.124450633726341
Fundo,2022-02-28,13486793000142,25608782155.25,181,181,1,APEX GROUP DISTRIBUIDORA DE TÍTULOS E VALORES MOBILIÁRIOS S.A.,4,311527205688.5,0.0822039991616544
Fundo,2022-02-28,59281253000123,20072295868.42,80,80,1,BTG PACTUAL SERVIÇOS FINANCEIROS S/A DTVM,5,311527205688.5,0.0644319195944978
Fundo,2022-02-28,45246410000155,15320885820.39,38,38,1,BANCO GENIAL S.A.,6,311527205688.5,0.0491799288814266
Fundo,2022-02-28,00066670000100,12226846723.6,19,19,1,BEM - DISTRIBUIDORA DE TITULOS E VALORES MOBILIARIOS LTDA.,7,311527205688.5,0.0392480865245066
Fundo,2022-02-28,05389174000101,8410258566.01,44,44,1,XP SERVIÇOS FINANCEIROS DTVM LTDA.,8,311527205688.5,0.0269968670871703
Fundo,2022-02-28,02671743000119,7432663124.03,66,66,1,BANVOX DISTRIBUIDORA DE TITULOS E VALORES MOBILIARIOS LTDA,9,311527205688.5,0.0238587930309432
Fundo,2022-02-28,03317692000194,6751585702.29,53,53,1,FINAXIS CORRETORA DE TÍTULOS E VALORES MOBILIÁRIOS S.A.,10,311527205688.5,0.0216725396016969
Fundo,2022-02-28,62318407000119,5188638031.22,11,11,1,S3 CACEIS BRASIL DISTRIBUIDORA DE TITULOS E VALORES MOBILIARIOS S.A,11,311527205688.5,0.0166554892685944
Fundo,2022-02-28,34829992000186,4759354650.24,41,41,1,CBSF DISTRIBUIDORA DE TITULOS E VALORES MOBILIARIOS S.A. - EM LIQUIDAÇÃO EXTRAJUDICIAL,12,311527205688.5,0.0152774928267387
Fundo,2022-02-28,22610500000188,4685239763.23,52,52,1,VORTX DISTRIBUIDORA DE TITULOS E VALORES MOBILIARIOS LTDA.,13,311527205688.5,0.0150395845938246
Fundo,2022-02-28,62232889000190,4626392571.69,24,24,1,BANCO DAYCOVAL S.A.,14,311527205688.5,0.0148506855491651
Fundo,2022-02-28,42066258000130,4043338513.79,7,7,1,RJI CORRETORA DE TÍTULOS E VALORES MOBILIÁRIOS LTDA.,15,311527205688.5,0.012979086384619
Fundo,2022-02-28,36266751000100,3865025681.91,17,17,1,FINVEST DISTRIBUIDORA DE TÍTULOS E VALORES MOBILIÁRIOS LTDA.,16,311527205688.5,0.0124067035280851
Fundo,2022-02-28,00329598000167,3741903099.97,21,21,1,SEFER INVESTIMENTOS DISTRIBUIDORA DE TÍTULOS E VALORES MOBILIÁRIOS LTDA.,17,311527205688.5,0.0120114809610291
Fundo,2022-02-28,11758741000152,3605412090.7,26,26,1,BANCO FINAXIS S.A.,18,311527205688.5,0.0115733458422411
Fundo,2022-02-28,67030395000146,3540653841.09,70,70,1,TRUSTEE DISTRIBUIDORA DE TITULOS E VALORES MOBILIARIOS LTDA.,19,311527205688.5,0.0113654723453923
Fundo,2022-02-28,03384738000198,2621651462.51,5,5,1,TIVIO CAPITAL DISTRIBUIDORA DE TITULOS E VALORES MOBILIARIOS S.A.,20,311527205688.5,0.00841548158439627
Fundo,2022-02-28,02201501000161,2124229376.43,17,17,1,BNY MELLON SERVICOS FINANCEIROS DTVM S.A.,21,311527205688.5,0.00681876040885509
Fundo,2022-02-28,33886862000112,1966645121.61,44,44,1,"MASTER S/A CORRETORA DE CAMBIO, TITULOS E VALORES MOBILIARIOS",22,311527205688.5,0.00631291612963162
Fundo,2022-02-28,62418140000131,1806588492.7,5,5,1,INTRAG DTVM LTDA.,23,311527205688.5,0.00579913554807291
Fundo,2022-02-28,00360305000104,1511035051.14,3,3,1,CAIXA ECONOMICA FEDERAL,24,311527205688.5,0.00485041121143976
Fundo,2022-02-28,12063256000127,1239907159.14,22,22,1,MONETAR DISTRIBUIDORA DE TITULOS E VALORES MOBILIARIOS LTDA.,25,311527205688.5,0.00398009270618823
Fundo,2022-02-28,03017677000120,1119803312.13,14,14,1,BANCO J. SAFRA S.A.,26,311527205688.5,0.00359456025567701
Fundo,2022-02-28,36864992000142,1026778868.1,6,6,1,APEX DISTRIBUIDORA DE TÍTULOS E VALORES MOBILIÁRIOS S.A.,27,311527205688.5,0.00329595248617448
Fundo,2022-02-28,52904364000108,813553770.41,1,1,1,NECTON INVESTIMENTOS S.A. CORRETORA DE VALORES MOBILIÁRIOS E COMMODITIES,28,311527205688.5,0.00261150151753835
Fundo,2022-02-28,24361690000172,625816229.53,22,22,1,LIMINE TRUST DISTRIBUIDORA DE TITULOS E VALORES MOBILIARIOS S.A.,29,311527205688.5,0.00200886541561241
Fundo,2022-02-28,37678915000160,578320201.17,17,17,1,FIDD DISTRIBUIDORA DE TITULOS E VALORES MOBILIARIOS LTDA.,30,311527205688.5,0.00185640351985268
Fundo,2022-02-28,44077014000189,434229228.62,1,1,1,BR-CAPITAL DTVM S.A.,31,311527205688.5,0.00139387257578457
Fundo,2022-02-28,16695922000109,394097028.41,19,19,1,ID CORRETORA DE TITULOS E VALORES MOBILIARIOS S.A.,32,311527205688.5,0.00126504851330404
Fundo,2022-02-28,00806535000154,378220151.81,20,20,1,PLANNER CORRETORA DE VALORES S.A.,33,311527205688.5,0.00121408385817895
Fundo,2022-02-28,15489568000195,268506476.02,10,10,1,INTRA INVESTIMENTOS DTVM LTDA,34,311527205688.5,0.000861903779564225
Fundo,2022-02-28,13673855000125,260782749.05,8,8,1,OSLO CAPITAL DISTRIBUIDORA DE TITULOS E VALORES MOBILIARIOS S.A.,35,311527205688.5,0.00083711067376491
Fundo,2022-02-28,39669186000101,232251089.16,1,1,1,HEMERA DISTRIBUIDORA DE TITULOS E VALORES MOBILIARIOS LTDA,36,311527205688.5,0.000745524258938177
Fundo,2022-02-28,01522368000182,193155864.71,1,1,1,BANCO BNP PARIBAS BRASIL S/A,37,311527205688.5,0.000620028880890547
Fundo,2022-02-28,33851064000155,69125213.08,1,1,1,DILLON S/A DTVM,38,311527205688.5,0.000221891416922088
Fundo,2022-02-28,03751794000113,65827690.48,6,6,1,TERRA INVESTIMENTOS DISTRIBUIDORA DE TITULOS E VALORES MOBILIARIOS LTDA,39,311527205688.5,0.000211306394041944
Fundo,2022-02-28,40434681000110,48336028.77,5,5,1,AZUMI DISTRIBUIDORA DE TÍTULOS E VALORES MOBILIÁRIOS LTDA.,40,311527205688.5,0.000155158290792528
Fundo,2022-02-28,02685483000130,31714839.75,1,1,1,CM CAPITAL MARKETS CCTVM LTDA,41,311527205688.5,0.000101804398366774
Fundo,2022-02-28,29292189000115,27861929.99,1,1,1,FUNDO DE INVESTIMENTO EM DIREITOS CREDITORIOS HENDRIKSEN,42,311527205688.5,8.94365868573915e-05
Fundo,2022-02-28,71590442000183,27027008.13,1,1,1,LASTRO RDV DTVM LTDA,43,311527205688.5,8.67564939321051e-05
Fundo,2022-02-28,92875780000131,2045131.32,1,1,1,WARREN CORRETORA DE VALORES MOBILIÁRIOS E CÂMBIO LTDA.,44,311527205688.5,6.56485623937754e-06
Fundo,2022-02-28,27652684000162,1624129.15,4,4,1,GENIAL INVESTIMENTOS CORRETORA DE VALORES MOBILIÁRIOS S.A.,45,311527205688.5,5.21344242282322e-06
Fundo,2022-02-28,30723886000162,38990.2,1,1,1,BANCO MODAL S.A.,46,311527205688.5,1.25158250348725e-07
Fundo,2022-02-28,31999785000181,0,1,1,1,BISMUT FUNDO DE INVESTIMENTO EM DIREITOS CREDITÓRIOS,47,311527205688.5,0
Fundo,2022-03-31,30822936000169,71734896247.59,3,3,1,BB GESTAO DE RECURSOS DTVM S.A,1,326325171825.83,0.219826426034573
Fundo,2022-03-31,36113876000191,59795248431.84,105,105,1,OLIVEIRA TRUST DTVM S.A.,2,326325171825.83,0.183238234725437
Fundo,2022-03-31,62285390000140,41096109364.57,492,492,1,QI CORRETORA DE TÍTULOS E VALORES MOBILIÁRIOS S.A.,3,326325171825.83,0.125936069027811
Fundo,2022-03-31,13486793000142,23273299180.52,153,153,1,APEX GROUP DISTRIBUIDORA DE TÍTULOS E VALORES MOBILIÁRIOS S.A.,4,326325171825.83,0.0713193501141913
Fundo,2022-03-31,59281253000123,21580812635.58,85,85,1,BTG PACTUAL SERVIÇOS FINANCEIROS S/A DTVM,5,326325171825.83,0.0661328469233086
Fundo,2022-03-31,45246410000155,15338105568.72,37,37,1,BANCO GENIAL S.A.,6,326325171825.83,0.0470025204703069
Fundo,2022-03-31,00066670000100,12019926389.45,20,20,1,BEM - DISTRIBUIDORA DE TITULOS E VALORES MOBILIARIOS LTDA.,7,326325171825.83,0.0368341992197446
Fundo,2022-03-31,36864992000142,7808838891.21,45,45,1,APEX DISTRIBUIDORA DE TÍTULOS E VALORES MOBILIÁRIOS S.A.,8,326325171825.83,0.0239296246977166
Fundo,2022-03-31,02671743000119,7520232770.26,68,68,1,BANVOX DISTRIBUIDORA DE TITULOS E VALORES MOBILIARIOS LTDA,9,326325171825.83,0.0230452120140882
Fundo,2022-03-31,03317692000194,7061360032.28,51,51,1,FINAXIS CORRETORA DE TÍTULOS E VALORES MOBILIÁRIOS S.A.,10,326325171825.83,0.0216390295384534
Fundo,2022-03-31,62232889000190,5054891412.68,25,25,1,BANCO DAYCOVAL S.A.,11,326325171825.83,0.0154903508803726
Fundo,2022-03-31,62318407000119,4869666316.63,11,11,1,S3 CACEIS BRASIL DISTRIBUIDORA DE TITULOS E VALORES MOBILIARIOS S.A,12,326325171825.83,0.0149227419061288
Fundo,2022-03-31,22610500000188,4844794268.18,54,54,1,VORTX DISTRIBUIDORA DE TITULOS E VALORES MOBILIARIOS LTDA.,13,326325171825.83,0.0148465233039571
Fundo,2022-03-31,34829992000186,4550215790.44,46,46,1,CBSF DISTRIBUIDORA DE TITULOS E VALORES MOBILIARIOS S.A. - EM LIQUIDAÇÃO EXTRAJUDICIAL,14,326325171825.83,0.0139438087628392
Fundo,2022-03-31,36266751000100,4255115175.04,20,20,1,FINVEST DISTRIBUIDORA DE TÍTULOS E VALORES MOBILIÁRIOS LTDA.,15,326325171825.83,0.0130394941684458
Fundo,2022-03-31,42066258000130,4162805653.95,8,8,1,RJI CORRETORA DE TÍTULOS E VALORES MOBILIÁRIOS LTDA.,16,326325171825.83,0.0127566182855542
Fundo,2022-03-31,11758741000152,3725153890.94,26,26,1,BANCO FINAXIS S.A.,17,326325171825.83,0.0114154659602178
Fundo,2022-03-31,39669186000101,3524970922.39,31,31,1,HEMERA DISTRIBUIDORA DE TITULOS E VALORES MOBILIARIOS LTDA,18,326325171825.83,0.0108020196623734
Fundo,2022-03-31,67030395000146,3504505332.28,69,69,1,TRUSTEE DISTRIBUIDORA DE TITULOS E VALORES MOBILIARIOS LTDA.,19,326325171825.83,0.0107393043346054
Fundo,2022-03-31,00329598000167,3189613429.26,20,20,1,SEFER INVESTIMENTOS DISTRIBUIDORA DE TÍTULOS E VALORES MOBILIÁRIOS LTDA.,20,326325171825.83,0.00977434076388811
Fundo,2022-03-31,03384738000198,2215985033.33,6,6,1,TIVIO CAPITAL DISTRIBUIDORA DE TITULOS E VALORES MOBILIARIOS S.A.,21,326325171825.83,0.00679072662685286
Fundo,2022-03-31,02201501000161,2148134211.26,17,17,1,BNY MELLON SERVICOS FINANCEIROS DTVM S.A.,22,326325171825.83,0.00658280266655778
Fundo,2022-03-31,33886862000112,2029569516.78,45,45,1,"MASTER S/A CORRETORA DE CAMBIO, TITULOS E VALORES MOBILIARIOS",23,326325171825.83,0.00621946969467389
Fundo,2022-03-31,05389174000101,1895518356.71,3,3,1,XP SERVIÇOS FINANCEIROS DTVM LTDA.,24,326325171825.83,0.00580867956371352
Fundo,2022-03-31,62418140000131,1840886558.61,3,3,1,INTRAG DTVM LTDA.,25,326325171825.83,0.00564126435086209
Fundo,2022-03-31,00360305000104,1700216721.44,4,4,1,CAIXA ECONOMICA FEDERAL,26,326325171825.83,0.00521019176034468
Fundo,2022-03-31,12063256000127,1220518660.82,21,21,1,MONETAR DISTRIBUIDORA DE TITULOS E VALORES MOBILIARIOS LTDA.,27,326325171825.83,0.00374019158249744
Fundo,2022-03-31,03017677000120,867732134.13,13,13,1,BANCO J. SAFRA S.A.,28,326325171825.83,0.00265910266521865
Fundo,2022-03-31,24361690000172,627971410.15,21,21,1,LIMINE TRUST DISTRIBUIDORA DE TITULOS E VALORES MOBILIARIOS S.A.,29,326325171825.83,0.00192437318468698
Fundo,2022-03-31,37678915000160,560924790.28,17,17,1,FIDD DISTRIBUIDORA DE TITULOS E VALORES MOBILIARIOS LTDA.,30,326325171825.83,0.0017189136441469
Fundo,2022-03-31,16695922000109,439200153.41,21,21,1,ID CORRETORA DE TITULOS E VALORES MOBILIARIOS S.A.,31,326325171825.83,0.00134589725626319
Fundo,2022-03-31,44077014000189,434232752.31,1,1,1,BR-CAPITAL DTVM S.A.,32,326325171825.83,0.00133067501314843
Fundo,2022-03-31,00806535000154,407408343.08,23,23,1,PLANNER CORRETORA DE VALORES S.A.,33,326325171825.83,0.00124847354189841
Fundo,2022-03-31,13673855000125,292428932.09,8,8,1,OSLO CAPITAL DISTRIBUIDORA DE TITULOS E VALORES MOBILIARIOS S.A.,34,326325171825.83,0.000896127413198999
Fundo,2022-03-31,15489568000195,277319977.57,9,9,1,INTRA INVESTIMENTOS DTVM LTDA,35,326325171825.83,0.00084982710962308
Fundo,2022-03-31,01522368000182,196282637.43,1,1,1,BANCO BNP PARIBAS BRASIL S/A,36,326325171825.83,0.0006014940138751
Fundo,2022-03-31,03751794000113,76551834.47,6,6,1,TERRA INVESTIMENTOS DISTRIBUIDORA DE TITULOS E VALORES MOBILIARIOS LTDA,37,326325171825.83,0.000234587586491361
Fundo,2022-03-31,33851064000155,70081322.51,1,1,1,DILLON S/A DTVM,38,326325171825.83,0.000214759168340849
Fundo,2022-03-31,71590442000183,62088182.62,2,2,1,LASTRO RDV DTVM LTDA,39,326325171825.83,0.000190264766498425
Fundo,2022-03-31,40434681000110,47979189.1,5,5,1,AZUMI DISTRIBUIDORA DE TÍTULOS E VALORES MOBILIÁRIOS LTDA.,40,326325171825.83,0.000147028771429279
Fundo,2022-03-31,92875780000131,1989328.55,1,1,1,WARREN CORRETORA DE VALORES MOBILIÁRIOS E CÂMBIO LTDA.,41,326325171825.83,6.09615414854287e-06
Fundo,2022-03-31,27652684000162,1325062.7,5,5,1,GENIAL INVESTIMENTOS CORRETORA DE VALORES MOBILIÁRIOS S.A.,42,326325171825.83,4.06055926542874e-06
Fundo,2022-03-31,30723886000162,265012.67,1,1,1,BANCO MODAL S.A.,43,326325171825.83,8.12112251461391e-07
Fundo,2022-04-30,30822936000169,121315077480.13,3,3,1,BB GESTAO DE RECURSOS DTVM S.A,1,381247270124.36,0.318205760373203
Fundo,2022-04-30,36113876000191,59964687712.36,105,105,1,OLIVEIRA TRUST DTVM S.A.,2,381247270124.36,0.157285553002911
Fundo,2022-04-30,62285390000140,42472582960.47,499,499,1,QI CORRETORA DE TÍTULOS E VALORES MOBILIÁRIOS S.A.,3,381247270124.36,0.111404293981215
Fundo,2022-04-30,13486793000142,23626449957.43,148,148,1,APEX GROUP DISTRIBUIDORA DE TÍTULOS E VALORES MOBILIÁRIOS S.A.,4,381247270124.36,0.0619714600178599
Fundo,2022-04-30,59281253000123,19616442004.74,87,87,1,BTG PACTUAL SERVIÇOS FINANCEIROS S/A DTVM,5,381247270124.36,0.0514533310581903
Fundo,2022-04-30,45246410000155,16061867745.9,38,38,1,BANCO GENIAL S.A.,6,381247270124.36,0.0421297908327599
Fundo,2022-04-30,00066670000100,11962610594.43,20,20,1,BEM - DISTRIBUIDORA DE TITULOS E VALORES MOBILIARIOS LTDA.,7,381247270124.36,0.0313775639377769
Fundo,2022-04-30,36864992000142,8305552145.23,48,48,1,APEX DISTRIBUIDORA DE TÍTULOS E VALORES MOBILIÁRIOS S.A.,8,381247270124.36,0.0217852107964492
Fundo,2022-04-30,03317692000194,7369501140.36,52,52,1,FINAXIS CORRETORA DE TÍTULOS E VALORES MOBILIÁRIOS S.A.,9,381247270124.36,0.0193299774656908
Fundo,2022-04-30,02671743000119,7263356152.14,68,68,1,BANVOX DISTRIBUIDORA DE TITULOS E VALORES MOBILIARIOS LTDA,10,381247270124.36,0.0190515623882913
Fundo,2022-04-30,34829992000186,5526058447.22,51,51,1,CBSF DISTRIBUIDORA DE TITULOS E VALORES MOBILIARIOS S.A. - EM LIQUIDAÇÃO EXTRAJUDICIAL,11,381247270124.36,0.0144946833204011
Fundo,2022-04-30,62232889000190,5243762008.35,29,29,1,BANCO DAYCOVAL S.A.,12,381247270124.36,0.0137542283427748
Fundo,2022-04-30,22610500000188,5001717122.55,56,56,1,VORTX DISTRIBUIDORA DE TITULOS E VALORES MOBILIARIOS LTDA.,13,381247270124.36,0.0131193519652442
Fundo,2022-04-30,62318407000119,4931834564.58,11,11,1,S3 CACEIS BRASIL DISTRIBUIDORA DE TITULOS E VALORES MOBILIARIOS S.A,14,381247270124.36,0.0129360521400488
Fundo,2022-04-30,36266751000100,4546722055.3,24,24,1,FINVEST DISTRIBUIDORA DE TÍTULOS E VALORES MOBILIÁRIOS LTDA.,15,381247270124.36,0.011925913735243
Fundo,2022-04-30,42066258000130,4162441798.78,8,8,1,RJI CORRETORA DE TÍTULOS E VALORES MOBILIÁRIOS LTDA.,16,381247270124.36,0.010917958304127
Fundo,2022-04-30,39669186000101,3827838806.09,35,35,1,HEMERA DISTRIBUIDORA DE TITULOS E VALORES MOBILIARIOS LTDA,17,381247270124.36,0.0100403048258979
Fundo,2022-04-30,11758741000152,3762022451.46,26,26,1,BANCO FINAXIS S.A.,18,381247270124.36,0.00986767052845482
Fundo,2022-04-30,00329598000167,3704267351.4,25,25,1,SEFER INVESTIMENTOS DISTRIBUIDORA DE TÍTULOS E VALORES MOBILIÁRIOS LTDA.,19,381247270124.36,0.00971618065669479
Fundo,2022-04-30,67030395000146,3629895697.12,72,72,1,TRUSTEE DISTRIBUIDORA DE TITULOS E VALORES MOBILIARIOS LTDA.,20,381247270124.36,0.00952110606834235
Fundo,2022-04-30,03384738000198,2659749379.27,6,6,1,TIVIO CAPITAL DISTRIBUIDORA DE TITULOS E VALORES MOBILIARIOS S.A.,21,381247270124.36,0.00697644176810082
Fundo,2022-04-30,62418140000131,2382199456.51,4,4,1,INTRAG DTVM LTDA.,22,381247270124.36,0.00624843675794175
Fundo,2022-04-30,02201501000161,2175740127.2,17,17,1,BNY MELLON SERVICOS FINANCEIROS DTVM S.A.,23,381247270124.36,0.00570690021331901
Fundo,2022-04-30,33886862000112,2107152363.97,46,46,1,"MASTER S/A CORRETORA DE CAMBIO, TITULOS E VALORES MOBILIARIOS",24,381247270124.36,0.00552699659536621
Fundo,2022-04-30,05389174000101,1723371570.73,2,2,1,XP SERVIÇOS FINANCEIROS DTVM LTDA.,25,381247270124.36,0.00452035124125046
Fundo,2022-04-30,00360305000104,1694632649.94,4,4,1,CAIXA ECONOMICA FEDERAL,26,381247270124.36,0.00444496992565278
Fundo,2022-04-30,12063256000127,1264815440.5,20,20,1,MONETAR DISTRIBUIDORA DE TITULOS E VALORES MOBILIARIOS LTDA.,27,381247270124.36,0.00331757245130549
Fundo,2022-04-30,37678915000160,902087957.67,15,15,1,FIDD DISTRIBUIDORA DE TITULOS E VALORES MOBILIARIOS LTDA.,28,381247270124.36,0.00236614929039556
Fundo,2022-04-30,03017677000120,899857843.86,13,13,1,BANCO J. SAFRA S.A.,29,381247270124.36,0.00236029976966517
Fundo,2022-04-30,24361690000172,688421735.53,22,22,1,LIMINE TRUST DISTRIBUIDORA DE TITULOS E VALORES MOBILIARIOS S.A.,30,381247270124.36,0.00180570928496207
Fundo,2022-04-30,16695922000109,456521566.02,21,21,1,ID CORRETORA DE TITULOS E VALORES MOBILIARIOS S.A.,31,381247270124.36,0.00119744218987086
Fundo,2022-04-30,44077014000189,455866359.23,1,1,1,BR-CAPITAL DTVM S.A.,32,381247270124.36,0.00119572360237832
Fundo,2022-04-30,00806535000154,448901525.72,26,26,1,PLANNER CORRETORA DE VALORES S.A.,33,381247270124.36,0.00117745505580557
Fundo,2022-04-30,13673855000125,298532028.65,8,8,1,OSLO CAPITAL DISTRIBUIDORA DE TITULOS E VALORES MOBILIARIOS S.A.,34,381247270124.36,0.000783040436073473
Fundo,2022-04-30,15489568000195,277044090.69,8,8,1,INTRA INVESTIMENTOS DTVM LTDA,35,381247270124.36,0.000726678228016243
Fundo,2022-04-30,01522368000182,199456038.58,1,1,1,BANCO BNP PARIBAS BRASIL S/A,36,381247270124.36,0.000523167125930997
Fundo,2022-04-30,71590442000183,122558194.25,5,5,1,LASTRO RDV DTVM LTDA,37,381247270124.36,0.000321466417871064
Fundo,2022-04-30,33851064000155,71534014.16,1,1,1,DILLON S/A DTVM,38,381247270124.36,0.000187631544579103
Fundo,2022-04-30,40434681000110,50481194.85,7,7,1,AZUMI DISTRIBUIDORA DE TÍTULOS E VALORES MOBILIÁRIOS LTDA.,39,381247270124.36,0.000132410639513651
Fundo,2022-04-30,03751794000113,46995956.41,2,2,1,TERRA INVESTIMENTOS DISTRIBUIDORA DE TITULOS E VALORES MOBILIARIOS LTDA,40,381247270124.36,0.000123268965033298
Fundo,2022-04-30,07253654000176,23307032.67,1,1,1,HEDGE INVESTMENTS DISTRIBUIDORA DE TÍTULOS E VALORES MOBILIÁRIOS LTDA.,41,381247270124.36,6.11336381828975e-05
Fundo,2022-04-30,92875780000131,1982704.63,1,1,1,WARREN CORRETORA DE VALORES MOBILIÁRIOS E CÂMBIO LTDA.,42,381247270124.36,5.20057397224971e-06
Fundo,2022-04-30,27652684000162,1110924.63,5,5,1,GENIAL INVESTIMENTOS CORRETORA DE VALORES MOBILIÁRIOS S.A.,43,381247270124.36,2.91392153349091e-06
Fundo,2022-04-30,30723886000162,261772.65,1,1,1,BANCO MODAL S.A.,44,381247270124.36,6.86621703322916e-07
Fundo,2022-05-31,30822936000169,102072053607.29,3,3,1,BB GESTAO DE RECURSOS DTVM S.A,1,367125060410.96,0.278030743782597
Fundo,2022-05-31,36113876000191,60281390385.96,107,107,1,OLIVEIRA TRUST DTVM S.A.,2,367125060410.96,0.164198516762874
Fundo,2022-05-31,62285390000140,43131764845.49,502,502,1,QI CORRETORA DE TÍTULOS E VALORES MOBILIÁRIOS S.A.,3,367125060410.96,0.117485210073124
Fundo,2022-05-31,13486793000142,25077459566.05,144,144,1,APEX GROUP DISTRIBUIDORA DE TÍTULOS E VALORES MOBILIÁRIOS S.A.,4,367125060410.96,0.0683076756949751
Fundo,2022-05-31,59281253000123,20259865093.19,92,92,1,BTG PACTUAL SERVIÇOS FINANCEIROS S/A DTVM,5,367125060410.96,0.0551851869510382
Fundo,2022-05-31,45246410000155,16459670784,39,39,1,BANCO GENIAL S.A.,6,367125060410.96,0.0448339613906363
Fundo,2022-05-31,00066670000100,11472001594.61,20,20,1,BEM - DISTRIBUIDORA DE TITULOS E VALORES MOBILIARIOS LTDA.,7,367125060410.96,0.0312482116632633
Fundo,2022-05-31,36864992000142,8222149198.37,46,46,1,APEX DISTRIBUIDORA DE TÍTULOS E VALORES MOBILIÁRIOS S.A.,8,367125060410.96,0.0223960445227196
Fundo,2022-05-31,02671743000119,7514755309.98,64,64,1,BANVOX DISTRIBUIDORA DE TITULOS E VALORES MOBILIARIOS LTDA,9,367125060410.96,0.0204691973399146
Fundo,2022-05-31,03317692000194,7322586476.25,54,54,1,FINAXIS CORRETORA DE TÍTULOS E VALORES MOBILIÁRIOS S.A.,10,367125060410.96,0.0199457549099293
Fundo,2022-05-31,34829992000186,5612786541.67,55,55,1,CBSF DISTRIBUIDORA DE TITULOS E VALORES MOBILIARIOS S.A. - EM LIQUIDAÇÃO EXTRAJUDICIAL,11,367125060410.96,0.0152884865320473
Fundo,2022-05-31,62232889000190,5543790931.23,30,30,1,BANCO DAYCOVAL S.A.,12,367125060410.96,0.0151005516349777
Fundo,2022-05-31,22610500000188,5086799887.32,54,54,1,VORTX DISTRIBUIDORA DE TITULOS E VALORES MOBILIARIOS LTDA.,13,367125060410.96,0.0138557686081845
Fundo,2022-05-31,62318407000119,4714260196.72,11,11,1,S3 CACEIS BRASIL DISTRIBUIDORA DE TITULOS E VALORES MOBILIARIOS S.A,14,367125060410.96,0.0128410198732902
Fundo,2022-05-31,39669186000101,4191857241.48,37,37,1,HEMERA DISTRIBUIDORA DE TITULOS E VALORES MOBILIARIOS LTDA,15,367125060410.96,0.0114180634707629
Fundo,2022-05-31,42066258000130,4125050108.5,10,10,1,RJI CORRETORA DE TÍTULOS E VALORES MOBILIÁRIOS LTDA.,16,367125060410.96,0.0112360896961989
Fundo,2022-05-31,36266751000100,4110430163.23,25,25,1,FINVEST DISTRIBUIDORA DE TÍTULOS E VALORES MOBILIÁRIOS LTDA.,17,367125060410.96,0.0111962669032421
Fundo,2022-05-31,67030395000146,4033410396.05,73,73,1,TRUSTEE DISTRIBUIDORA DE TITULOS E VALORES MOBILIARIOS LTDA.,18,367125060410.96,0.0109864752668614
Fundo,2022-05-31,00329598000167,3902330580.48,25,25,1,SEFER INVESTIMENTOS DISTRIBUIDORA DE TÍTULOS E VALORES MOBILIÁRIOS LTDA.,19,367125060410.96,0.0106294312246397
Fundo,2022-05-31,11758741000152,3824405631.63,26,26,1,BANCO FINAXIS S.A.,20,367125060410.96,0.010417173993377
Fundo,2022-05-31,62418140000131,2433911529.55,4,4,1,INTRAG DTVM LTDA.,21,367125060410.96,0.00662965237738192
Fundo,2022-05-31,02201501000161,2361935769.31,19,19,1,BNY MELLON SERVICOS FINANCEIROS DTVM S.A.,22,367125060410.96,0.0064335999472933
Fundo,2022-05-31,33886862000112,2211031934.63,45,45,1,"MASTER S/A CORRETORA DE CAMBIO, TITULOS E VALORES MOBILIARIOS",23,367125060410.96,0.00602255790480489
Fundo,2022-05-31,03384738000198,2190670281.6,5,5,1,TIVIO CAPITAL DISTRIBUIDORA DE TITULOS E VALORES MOBILIARIOS S.A.,24,367125060410.96,0.00596709546100656
Fundo,2022-05-31,05389174000101,1736622312.17,1,1,1,XP SERVIÇOS FINANCEIROS DTVM LTDA.,25,367125060410.96,0.00473032897897524
Fundo,2022-05-31,37678915000160,1716480477.12,15,15,1,FIDD DISTRIBUIDORA DE TITULOS E VALORES MOBILIARIOS LTDA.,26,367125060410.96,0.00467546529021629
Fundo,2022-05-31,00360305000104,1690670988.43,4,4,1,CAIXA ECONOMICA FEDERAL,27,367125060410.96,0.00460516366422238
Fundo,2022-05-31,12063256000127,1468888005.4,21,21,1,MONETAR DISTRIBUIDORA DE TITULOS E VALORES MOBILIARIOS LTDA.,28,367125060410.96,0.00400105621707144
Fundo,2022-05-31,03017677000120,908656998.1,13,13,1,BANCO J. SAFRA S.A.,29,367125060410.96,0.00247506121506075
Fundo,2022-05-31,24361690000172,745341838.02,23,23,1,LIMINE TRUST DISTRIBUIDORA DE TITULOS E VALORES MOBILIARIOS S.A.,30,367125060410.96,0.00203021236737602
Fundo,2022-05-31,00806535000154,619686880.8,29,29,1,PLANNER CORRETORA DE VALORES S.A.,31,367125060410.96,0.00168794492020327
Fundo,2022-05-31,16695922000109,507242610.15,26,26,1,ID CORRETORA DE TITULOS E VALORES MOBILIARIOS S.A.,32,367125060410.96,0.00138166163209396
Fundo,2022-05-31,44077014000189,456957975.31,1,1,1,BR-CAPITAL DTVM S.A.,33,367125060410.96,0.00124469295231026
Fundo,2022-05-31,13673855000125,305119298.09,8,8,1,OSLO CAPITAL DISTRIBUIDORA DE TITULOS E VALORES MOBILIARIOS S.A.,34,367125060410.96,0.000831104522661704
Fundo,2022-05-31,15489568000195,269286690.21,8,8,1,INTRA INVESTIMENTOS DTVM LTDA,35,367125060410.96,0.000733501248616916
Fundo,2022-05-31,01522368000182,203117115.2,1,1,1,BANCO BNP PARIBAS BRASIL S/A,36,367125060410.96,0.000553264097451235
Fundo,2022-05-31,71590442000183,122249835.55,5,5,1,LASTRO RDV DTVM LTDA,37,367125060410.96,0.000332992347112326
Fundo,2022-05-31,33851064000155,77810584.59,1,1,1,DILLON S/A DTVM,38,367125060410.96,0.000211945718178157
Fundo,2022-05-31,40434681000110,58191917.93,8,8,1,AZUMI DISTRIBUIDORA DE TÍTULOS E VALORES MOBILIÁRIOS LTDA.,39,367125060410.96,0.000158507070764551
Fundo,2022-05-31,03751794000113,48838560.83,2,2,1,TERRA INVESTIMENTOS DISTRIBUIDORA DE TITULOS E VALORES MOBILIARIOS LTDA,40,367125060410.96,0.00013302976586597
Fundo,2022-05-31,07253654000176,31204383.55,1,1,1,HEDGE INVESTMENTS DISTRIBUIDORA DE TÍTULOS E VALORES MOBILIÁRIOS LTDA.,41,367125060410.96,8.49966044678884e-05
Fundo,2022-05-31,92875780000131,1982704.63,1,1,1,WARREN CORRETORA DE VALORES MOBILIÁRIOS E CÂMBIO LTDA.,42,367125060410.96,5.4006245931034e-06
Fundo,2022-05-31,27652684000162,343180.29,5,5,1,GENIAL INVESTIMENTOS CORRETORA DE VALORES MOBILIÁRIOS S.A.,43,367125060410.96,9.34777619418963e-07
Fundo,2022-06-30,30822936000169,88264865460.1,3,3,1,BB GESTAO DE RECURSOS DTVM S.A,1,363442858729.76,0.242857613899988
Fundo,2022-06-30,36113876000191,62733811459.07,107,107,1,OLIVEIRA TRUST DTVM S.A.,2,363442858729.76,0.172609833849332
Fundo,2022-06-30,62285390000140,44410253827.53,510,510,1,QI CORRETORA DE TÍTULOS E VALORES MOBILIÁRIOS S.A.,3,363442858729.76,0.1221932217426
Fundo,2022-06-30,13486793000142,25045763588.27,142,142,1,APEX GROUP DISTRIBUIDORA DE TÍTULOS E VALORES MOBILIÁRIOS S.A.,4,363442858729.76,0.0689125208727596
Fundo,2022-06-30,59281253000123,20886596220.76,101,101,1,BTG PACTUAL SERVIÇOS FINANCEIROS S/A DTVM,5,363442858729.76,0.0574687209256472
Fundo,2022-06-30,45246410000155,16737744701.52,42,42,1,BANCO GENIAL S.A.,6,363442858729.76,0.0460533046653297
Fundo,2022-06-30,00066670000100,11269287996.29,20,20,1,BEM - DISTRIBUIDORA DE TITULOS E VALORES MOBILIARIOS LTDA.,7,363442858729.76,0.0310070420304209
Fundo,2022-06-30,36864992000142,8421297799.9,40,40,1,APEX DISTRIBUIDORA DE TÍTULOS E VALORES MOBILIÁRIOS S.A.,8,363442858729.76,0.023170899077045
Fundo,2022-06-30,02671743000119,7646274980.33,63,63,1,BANVOX DISTRIBUIDORA DE TITULOS E VALORES MOBILIARIOS LTDA,9,363442858729.76,0.0210384515658222
Fundo,2022-06-30,03317692000194,7439322646.06,54,54,1,FINAXIS CORRETORA DE TÍTULOS E VALORES MOBILIÁRIOS S.A.,10,363442858729.76,0.0204690296352516
Fundo,2022-06-30,00329598000167,7035450482.88,28,28,1,SEFER INVESTIMENTOS DISTRIBUIDORA DE TÍTULOS E VALORES MOBILIÁRIOS LTDA.,11,363442858729.76,0.0193577898530433
Fundo,2022-06-30,62232889000190,6509174814.2,40,40,1,BANCO DAYCOVAL S.A.,12,363442858729.76,0.0179097612123944
Fundo,2022-06-30,34829992000186,6048628138.39,55,55,1,CBSF DISTRIBUIDORA DE TITULOS E VALORES MOBILIARIOS S.A. - EM LIQUIDAÇÃO EXTRAJUDICIAL,13,363442858729.76,0.0166425835398997
Fundo,2022-06-30,62318407000119,4895479592.5,11,11,1,S3 CACEIS BRASIL DISTRIBUIDORA DE TITULOS E VALORES MOBILIARIOS S.A,14,363442858729.76,0.0134697366447364
Fundo,2022-06-30,39669186000101,4856601995.75,39,39,1,HEMERA DISTRIBUIDORA DE TITULOS E VALORES MOBILIARIOS LTDA,15,363442858729.76,0.0133627663306521
Fundo,2022-06-30,22610500000188,4169655035.72,48,48,1,VORTX DISTRIBUIDORA DE TITULOS E VALORES MOBILIARIOS LTDA.,16,363442858729.76,0.0114726563903141
Fundo,2022-06-30,42066258000130,4127769968.78,10,10,1,RJI CORRETORA DE TÍTULOS E VALORES MOBILIÁRIOS LTDA.,17,363442858729.76,0.0113574111297898
Fundo,2022-06-30,67030395000146,4005905767.71,73,73,1,TRUSTEE DISTRIBUIDORA DE TITULOS E VALORES MOBILIARIOS LTDA.,18,363442858729.76,0.0110221061481596
Fundo,2022-06-30,11758741000152,3875848622.73,26,26,1,BANCO FINAXIS S.A.,19,363442858729.76,0.0106642585749963
Fundo,2022-06-30,36266751000100,3620141656.29,26,26,1,FINVEST DISTRIBUIDORA DE TÍTULOS E VALORES MOBILIÁRIOS LTDA.,20,363442858729.76,0.00996069002137631
Fundo,2022-06-30,62418140000131,2665011562.92,4,4,1,INTRAG DTVM LTDA.,21,363442858729.76,0.00733268380133886
Fundo,2022-06-30,02201501000161,2405049313.42,19,19,1,BNY MELLON SERVICOS FINANCEIROS DTVM S.A.,22,363442858729.76,0.00661740698888869
Fundo,2022-06-30,33886862000112,2241692579.32,45,45,1,"MASTER S/A CORRETORA DE CAMBIO, TITULOS E VALORES MOBILIARIOS",23,363442858729.76,0.00616793678971919
Fundo,2022-06-30,03384738000198,2146451034.42,6,6,1,TIVIO CAPITAL DISTRIBUIDORA DE TITULOS E VALORES MOBILIARIOS S.A.,24,363442858729.76,0.00590588309238456
Fundo,2022-06-30,37678915000160,1776125685.55,17,17,1,FIDD DISTRIBUIDORA DE TITULOS E VALORES MOBILIARIOS LTDA.,25,363442858729.76,0.00488694616743219
Fundo,2022-06-30,05389174000101,1743965962.88,1,1,1,XP SERVIÇOS FINANCEIROS DTVM LTDA.,26,363442858729.76,0.0047984598431104
Fundo,2022-06-30,00360305000104,1682629465.74,4,4,1,CAIXA ECONOMICA FEDERAL,27,363442858729.76,0.00462969466953024
Fundo,2022-06-30,12063256000127,1473168832.98,21,21,1,MONETAR DISTRIBUIDORA DE TITULOS E VALORES MOBILIARIOS LTDA.,28,363442858729.76,0.00405337124556183
Fundo,2022-06-30,03017677000120,909712281.11,13,13,1,BANCO J. SAFRA S.A.,29,363442858729.76,0.00250304073737881
Fundo,2022-06-30,02332886000104,828345330.48,2,2,1,XP INVESTIMENTOS CCTVM S.A.,30,363442858729.76,0.00227916248891252
Fundo,2022-06-30,24361690000172,746184575.71,23,23,1,LIMINE TRUST DISTRIBUIDORA DE TITULOS E VALORES MOBILIARIOS S.A.,31,363442858729.76,0.00205310011680496
Fundo,2022-06-30,00806535000154,665885836.05,33,33,1,PLANNER CORRETORA DE VALORES S.A.,32,363442858729.76,0.00183216101253794
Fundo,2022-06-30,16695922000109,518101491.91,28,28,1,ID CORRETORA DE TITULOS E VALORES MOBILIARIOS S.A.,33,363442858729.76,0.00142553768622879
Fundo,2022-06-30,44077014000189,463218253.74,1,1,1,BR-CAPITAL DTVM S.A.,34,363442858729.76,0.00127452842341973
Fundo,2022-06-30,13673855000125,333028391,8,8,1,OSLO CAPITAL DISTRIBUIDORA DE TITULOS E VALORES MOBILIARIOS S.A.,35,363442858729.76,0.00091631568209633
Fundo,2022-06-30,15489568000195,271988473.23,8,8,1,INTRA INVESTIMENTOS DTVM LTDA,36,363442858729.76,0.000748366536023311
Fundo,2022-06-30,01522368000182,207337466.31,1,1,1,BANCO BNP PARIBAS BRASIL S/A,37,363442858729.76,0.000570481607575531
Fundo,2022-06-30,71590442000183,121918642.94,6,6,1,LASTRO RDV DTVM LTDA,38,363442858729.76,0.000335454776484282
Fundo,2022-06-30,33851064000155,78264960.84,1,1,1,DILLON S/A DTVM,39,363442858729.76,0.000215343234734444
Fundo,2022-06-30,07253654000176,60114301.07,2,2,1,HEDGE INVESTMENTS DISTRIBUIDORA DE TÍTULOS E VALORES MOBILIÁRIOS LTDA.,40,363442858729.76,0.000165402344897079
Fundo,2022-06-30,40434681000110,58428778.79,8,8,1,AZUMI DISTRIBUIDORA DE TÍTULOS E VALORES MOBILIÁRIOS LTDA.,41,363442858729.76,0.000160764690752791
Fundo,2022-06-30,03751794000113,40079506.94,2,2,1,TERRA INVESTIMENTOS DISTRIBUIDORA DE TITULOS E VALORES MOBILIARIOS LTDA,42,363442858729.76,0.000110277326895564
Fundo,2022-06-30,92875780000131,3965409.26,2,2,1,WARREN CORRETORA DE VALORES MOBILIÁRIOS E CÂMBIO LTDA.,43,363442858729.76,1.09106814585907e-05
Fundo,2022-06-30,27652684000162,2315838.37,5,5,1,GENIAL INVESTIMENTOS CORRETORA DE VALORES MOBILIÁRIOS S.A.,44,363442858729.76,6.37194627538948e-06
Fundo,2022-07-31,30822936000169,63860631362.08,2,2,1,BB GESTAO DE RECURSOS DTVM S.A,1,345925027882.5,0.184608300107651
Fundo,2022-07-31,36113876000191,63337928564.2,109,109,1,OLIVEIRA TRUST DTVM S.A.,2,345925027882.5,0.183097270966222
Fundo,2022-07-31,62285390000140,45365961145.25,521,521,1,QI CORRETORA DE TÍTULOS E VALORES MOBILIÁRIOS S.A.,3,345925027882.5,0.13114391121957
Fundo,2022-07-31,13486793000142,25615502248.99,142,142,1,APEX GROUP DISTRIBUIDORA DE TÍTULOS E VALORES MOBILIÁRIOS S.A.,4,345925027882.5,0.0740492886732983
Fundo,2022-07-31,59281253000123,22241224063.05,104,104,1,BTG PACTUAL SERVIÇOS FINANCEIROS S/A DTVM,5,345925027882.5,0.0642949259820676
Fundo,2022-07-31,45246410000155,17612491749.98,44,44,1,BANCO GENIAL S.A.,6,345925027882.5,0.0509141875561615
Fundo,2022-07-31,00066670000100,11829516757.25,20,20,1,BEM - DISTRIBUIDORA DE TITULOS E VALORES MOBILIARIOS LTDA.,7,345925027882.5,0.0341967646274733
Fundo,2022-07-31,36864992000142,8421151534.39,42,42,1,APEX DISTRIBUIDORA DE TÍTULOS E VALORES MOBILIÁRIOS S.A.,8,345925027882.5,0.0243438631368714
Fundo,2022-07-31,00329598000167,7846316434.67,29,29,1,SEFER INVESTIMENTOS DISTRIBUIDORA DE TÍTULOS E VALORES MOBILIÁRIOS LTDA.,9,345925027882.5,0.0226821299479237
Fundo,2022-07-31,02671743000119,7614742101.31,63,63,1,BANVOX DISTRIBUIDORA DE TITULOS E VALORES MOBILIARIOS LTDA,10,345925027882.5,0.0220126949123106
Fundo,2022-07-31,03317692000194,7567508561.24,55,55,1,FINAXIS CORRETORA DE TÍTULOS E VALORES MOBILIÁRIOS S.A.,11,345925027882.5,0.0218761522043165
Fundo,2022-07-31,62232889000190,7168780132.06,44,44,1,BANCO DAYCOVAL S.A.,12,345925027882.5,0.0207235081426228
Fundo,2022-07-31,34829992000186,6130480182.14,55,55,1,CBSF DISTRIBUIDORA DE TITULOS E VALORES MOBILIARIOS S.A. - EM LIQUIDAÇÃO EXTRAJUDICIAL,13,345925027882.5,0.0177219908593094
Fundo,2022-07-31,39669186000101,5060138771.42,43,43,1,HEMERA DISTRIBUIDORA DE TITULOS E VALORES MOBILIARIOS LTDA,14,345925027882.5,0.0146278481276549
Fundo,2022-07-31,62318407000119,4969101318.9,11,11,1,S3 CACEIS BRASIL DISTRIBUIDORA DE TITULOS E VALORES MOBILIARIOS S.A,15,345925027882.5,0.0143646770784907
Fundo,2022-07-31,22610500000188,4430460020.16,50,50,1,VORTX DISTRIBUIDORA DE TITULOS E VALORES MOBILIARIOS LTDA.,16,345925027882.5,0.0128075729220289
Fundo,2022-07-31,42066258000130,4227229003.69,11,11,1,RJI CORRETORA DE TÍTULOS E VALORES MOBILIÁRIOS LTDA.,17,345925027882.5,0.0122200727410965
Fundo,2022-07-31,67030395000146,4058579518.13,73,73,1,TRUSTEE DISTRIBUIDORA DE TITULOS E VALORES MOBILIARIOS LTDA.,18,345925027882.5,0.0117325408426608
Fundo,2022-07-31,36266751000100,3892184039.09,25,25,1,FINVEST DISTRIBUIDORA DE TÍTULOS E VALORES MOBILIÁRIOS LTDA.,19,345925027882.5,0.011251524825813
Fundo,2022-07-31,11758741000152,3875668945.4,26,26,1,BANCO FINAXIS S.A.,20,345925027882.5,0.0112037829963446
Fundo,2022-07-31,62418140000131,2699247834.23,5,5,1,INTRAG DTVM LTDA.,21,345925027882.5,0.00780298508828003
Fundo,2022-07-31,02201501000161,2470923093.22,19,19,1,BNY MELLON SERVICOS FINANCEIROS DTVM S.A.,22,345925027882.5,0.00714294397356902
Fundo,2022-07-31,33886862000112,2336537783.79,45,45,1,"MASTER S/A CORRETORA DE CAMBIO, TITULOS E VALORES MOBILIARIOS",23,345925027882.5,0.0067544629484966
Fundo,2022-07-31,37678915000160,1864806933.35,17,17,1,FIDD DISTRIBUIDORA DE TITULOS E VALORES MOBILIARIOS LTDA.,24,345925027882.5,0.00539078350232414
Fundo,2022-07-31,03384738000198,1784554185.58,6,6,1,TIVIO CAPITAL DISTRIBUIDORA DE TITULOS E VALORES MOBILIARIOS S.A.,25,345925027882.5,0.00515878887545008
Fundo,2022-07-31,05389174000101,1768520651.04,1,1,1,XP SERVIÇOS FINANCEIROS DTVM LTDA.,26,345925027882.5,0.00511243913707427
Fundo,2022-07-31,00360305000104,1676805087.02,4,4,1,CAIXA ECONOMICA FEDERAL,27,345925027882.5,0.00484730780332425
Fundo,2022-07-31,03017677000120,949649525.17,14,14,1,BANCO J. SAFRA S.A.,28,345925027882.5,0.00274524665353953
Fundo,2022-07-31,02332886000104,843221575.66,2,2,1,XP INVESTIMENTOS CCTVM S.A.,29,345925027882.5,0.00243758475881779
Fundo,2022-07-31,24361690000172,733306926.6,22,22,1,LIMINE TRUST DISTRIBUIDORA DE TITULOS E VALORES MOBILIARIOS S.A.,30,345925027882.5,0.00211984351374854
Fundo,2022-07-31,12063256000127,715758529.18,18,18,1,MONETAR DISTRIBUIDORA DE TITULOS E VALORES MOBILIARIOS LTDA.,31,345925027882.5,0.0020691146100684
Fundo,2022-07-31,00806535000154,688926021.25,35,35,1,PLANNER CORRETORA DE VALORES S.A.,32,345925027882.5,0.00199154720162083
Fundo,2022-07-31,16695922000109,542741240.75,31,31,1,ID CORRETORA DE TITULOS E VALORES MOBILIARIOS S.A.,33,345925027882.5,0.0015689562679875
Fundo,2022-07-31,44077014000189,464078668.01,1,1,1,BR-CAPITAL DTVM S.A.,34,345925027882.5,0.00134155851876561
Fundo,2022-07-31,13673855000125,351577023.45,8,8,1,OSLO CAPITAL DISTRIBUIDORA DE TITULOS E VALORES MOBILIARIOS S.A.,35,345925027882.5,0.00101633878763297
Fundo,2022-07-31,15489568000195,273004498.12,9,9,1,INTRA INVESTIMENTOS DTVM LTDA,36,345925027882.5,0.000789201347445526
Fundo,2022-07-31,01522368000182,211851229.35,1,1,1,BANCO BNP PARIBAS BRASIL S/A,37,345925027882.5,0.000612419490566491
Fundo,2022-07-31,71590442000183,119535711.18,6,6,1,LASTRO RDV DTVM LTDA,38,345925027882.5,0.000345553809482101
Fundo,2022-07-31,07253654000176,91059465.18,2,2,1,HEDGE INVESTMENTS DISTRIBUIDORA DE TÍTULOS E VALORES MOBILIÁRIOS LTDA.,39,345925027882.5,0.000263234683357257
Fundo,2022-07-31,03751794000113,72090869.79,1,1,1,TERRA INVESTIMENTOS DISTRIBUIDORA DE TITULOS E VALORES MOBILIARIOS LTDA,40,345925027882.5,0.000208400271675304
Fundo,2022-07-31,33851064000155,70992343.96,1,1,1,DILLON S/A DTVM,41,345925027882.5,0.000205224653430147
Fundo,2022-07-31,40434681000110,65394377.26,11,11,1,AZUMI DISTRIBUIDORA DE TÍTULOS E VALORES MOBILIÁRIOS LTDA.,42,345925027882.5,0.000189042052436323
Fundo,2022-07-31,92875780000131,3965409.26,2,2,1,WARREN CORRETORA DE VALORES MOBILIÁRIOS E CÂMBIO LTDA.,43,345925027882.5,1.14632042794745e-05
Fundo,2022-07-31,27652684000162,882446.7,5,5,1,GENIAL INVESTIMENTOS CORRETORA DE VALORES MOBILIÁRIOS S.A.,44,345925027882.5,2.55097674025408e-06
Fundo,2022-08-31,36113876000191,65837501892.82,111,111,1,OLIVEIRA TRUST DTVM S.A.,1,339340659180.66,0.19401595450361
Fundo,2022-08-31,30822936000169,47345772144.97,2,2,1,BB GESTAO DE RECURSOS DTVM S.A,2,339340659180.66,0.139522838964499
Fundo,2022-08-31,62285390000140,47183541459.25,530,530,1,QI CORRETORA DE TÍTULOS E VALORES MOBILIÁRIOS S.A.,3,339340659180.66,0.1390447627855
Fundo,2022-08-31,13486793000142,25913225682.04,142,142,1,APEX GROUP DISTRIBUIDORA DE TÍTULOS E VALORES MOBILIÁRIOS S.A.,4,339340659180.66,0.0763634565471984
Fundo,2022-08-31,59281253000123,23257796802.93,109,109,1,BTG PACTUAL SERVIÇOS FINANCEIROS S/A DTVM,5,339340659180.66,0.0685381965694476
Fundo,2022-08-31,45246410000155,18104937884.08,44,44,1,BANCO GENIAL S.A.,6,339340659180.66,0.0533532820022053
Fundo,2022-08-31,00066670000100,14552517696.13,20,20,1,BEM - DISTRIBUIDORA DE TITULOS E VALORES MOBILIARIOS LTDA.,7,339340659180.66,0.0428846862361473
Fundo,2022-08-31,36864992000142,8556154461.94,40,40,1,APEX DISTRIBUIDORA DE TÍTULOS E VALORES MOBILIÁRIOS S.A.,8,339340659180.66,0.0252140562306883
Fundo,2022-08-31,00329598000167,8030186205.39,31,31,1,SEFER INVESTIMENTOS DISTRIBUIDORA DE TÍTULOS E VALORES MOBILIÁRIOS LTDA.,9,339340659180.66,0.0236640850076113
Fundo,2022-08-31,02671743000119,7784049793.36,65,65,1,BANVOX DISTRIBUIDORA DE TITULOS E VALORES MOBILIARIOS LTDA,10,339340659180.66,0.0229387477826991
Fundo,2022-08-31,03317692000194,7668562912.22,54,54,1,FINAXIS CORRETORA DE TÍTULOS E VALORES MOBILIÁRIOS S.A.,11,339340659180.66,0.0225984205097491
Fundo,2022-08-31,62232889000190,7576798140.29,46,46,1,BANCO DAYCOVAL S.A.,12,339340659180.66,0.0223279997115118
Fundo,2022-08-31,34829992000186,6338303272.73,58,58,1,CBSF DISTRIBUIDORA DE TITULOS E VALORES MOBILIARIOS S.A. - EM LIQUIDAÇÃO EXTRAJUDICIAL,13,339340659180.66,0.0186782900936005
Fundo,2022-08-31,39669186000101,5236929717.04,43,43,1,HEMERA DISTRIBUIDORA DE TITULOS E VALORES MOBILIARIOS LTDA,14,339340659180.66,0.0154326620620252
Fundo,2022-08-31,62318407000119,4846442183.93,11,11,1,S3 CACEIS BRASIL DISTRIBUIDORA DE TITULOS E VALORES MOBILIARIOS S.A,15,339340659180.66,0.0142819377896883
Fundo,2022-08-31,22610500000188,4485370276.07,50,50,1,VORTX DISTRIBUIDORA DE TITULOS E VALORES MOBILIARIOS LTDA.,16,339340659180.66,0.0132178981643401
Fundo,2022-08-31,42066258000130,4324817520.67,11,11,1,RJI CORRETORA DE TÍTULOS E VALORES MOBILIÁRIOS LTDA.,17,339340659180.66,0.012744766663424
Fundo,2022-08-31,36266751000100,4164498236.78,26,26,1,FINVEST DISTRIBUIDORA DE TÍTULOS E VALORES MOBILIÁRIOS LTDA.,18,339340659180.66,0.0122723231776446
Fundo,2022-08-31,67030395000146,4088745743.12,72,72,1,TRUSTEE DISTRIBUIDORA DE TITULOS E VALORES MOBILIARIOS LTDA.,19,339340659180.66,0.0120490888212226
Fundo,2022-08-31,11758741000152,3822541792.05,25,25,1,BANCO FINAXIS S.A.,20,339340659180.66,0.0112646147422462
Fundo,2022-08-31,02201501000161,2516193166.43,19,19,1,BNY MELLON SERVICOS FINANCEIROS DTVM S.A.,21,339340659180.66,0.00741494748228922
Fundo,2022-08-31,33886862000112,2475075683.38,50,50,1,"MASTER S/A CORRETORA DE CAMBIO, TITULOS E VALORES MOBILIARIOS",22,339340659180.66,0.00729377873360677
Fundo,2022-08-31,03384738000198,1802151132.52,6,6,1,TIVIO CAPITAL DISTRIBUIDORA DE TITULOS E VALORES MOBILIARIOS S.A.,23,339340659180.66,0.00531074330105713
Fundo,2022-08-31,37678915000160,1791973185.5,16,16,1,FIDD DISTRIBUIDORA DE TITULOS E VALORES MOBILIARIOS LTDA.,24,339340659180.66,0.00528074999862006
Fundo,2022-08-31,05389174000101,1768171963.46,1,1,1,XP SERVIÇOS FINANCEIROS DTVM LTDA.,25,339340659180.66,0.00521061038700538
Fundo,2022-08-31,00360305000104,1677851586.96,4,4,1,CAIXA ECONOMICA FEDERAL,26,339340659180.66,0.00494444606494012
Fundo,2022-08-31,62418140000131,1496922032.37,4,4,1,INTRAG DTVM LTDA.,27,339340659180.66,0.00441126635394747
Fundo,2022-08-31,03017677000120,1072913382.84,14,14,1,BANCO J. SAFRA S.A.,28,339340659180.66,0.00316175899884958
Fundo,2022-08-31,02332886000104,887955178.17,2,2,1,XP INVESTIMENTOS CCTVM S.A.,29,339340659180.66,0.0026167072944161
Fundo,2022-08-31,00806535000154,782361268.46,35,35,1,PLANNER CORRETORA DE VALORES S.A.,30,339340659180.66,0.00230553353184678
Fundo,2022-08-31,24361690000172,774110575.38,23,23,1,LIMINE TRUST DISTRIBUIDORA DE TITULOS E VALORES MOBILIARIOS S.A.,31,339340659180.66,0.00228121963707236
Fundo,2022-08-31,12063256000127,770808793.69,19,19,1,MONETAR DISTRIBUIDORA DE TITULOS E VALORES MOBILIARIOS LTDA.,32,339340659180.66,0.00227148964568856
Fundo,2022-08-31,16695922000109,653733223.47,33,33,1,ID CORRETORA DE TITULOS E VALORES MOBILIARIOS S.A.,33,339340659180.66,0.00192648067888016
Fundo,2022-08-31,44077014000189,464701018.44,1,1,1,BR-CAPITAL DTVM S.A.,34,339340659180.66,0.00136942333866511
Fundo,2022-08-31,13673855000125,396358495.77,9,9,1,OSLO CAPITAL DISTRIBUIDORA DE TITULOS E VALORES MOBILIARIOS S.A.,35,339340659180.66,0.0011680253604947
Fundo,2022-08-31,15489568000195,280017986.67,10,10,1,INTRA INVESTIMENTOS DTVM LTDA,36,339340659180.66,0.000825182538827222
Fundo,2022-08-31,01522368000182,214467857.3,1,1,1,BANCO BNP PARIBAS BRASIL S/A,37,339340659180.66,0.000632013439880249
Fundo,2022-08-31,71590442000183,125741096.52,6,6,1,LASTRO RDV DTVM LTDA,38,339340659180.66,0.000370545329945438
Fundo,2022-08-31,07253654000176,92575189.94,2,2,1,HEDGE INVESTMENTS DISTRIBUIDORA DE TÍTULOS E VALORES MOBILIÁRIOS LTDA.,39,339340659180.66,0.000272809011933681
Fundo,2022-08-31,40434681000110,82168748.77,12,12,1,AZUMI DISTRIBUIDORA DE TÍTULOS E VALORES MOBILIÁRIOS LTDA.,40,339340659180.66,0.000242142362098302
Fundo,2022-08-31,33851064000155,72467830.76,1,1,1,DILLON S/A DTVM,41,339340659180.66,0.000213554812249655
Fundo,2022-08-31,44782130000107,12654436.71,1,1,1,ACTUAL DISTRIBUIDORA DE TITULOS E VALORES MOBILIARIOS S.A.,42,339340659180.66,3.72912480943316e-05
Fundo,2022-08-31,92875780000131,9820890.28,3,3,1,WARREN CORRETORA DE VALORES MOBILIÁRIOS E CÂMBIO LTDA.,43,339340659180.66,2.89410950745266e-05
Fundo,2022-08-31,27652684000162,770639.06,5,5,1,GENIAL INVESTIMENTOS CORRETORA DE VALORES MOBILIÁRIOS S.A.,44,339340659180.66,2.27098945897233e-06
Fundo,2022-09-30,36113876000191,68439891436.13,96,96,1,OLIVEIRA TRUST DTVM S.A.,1,346826952282.83,0.197331525089546
Fundo,2022-09-30,30822936000169,49474198387.21,2,2,1,BB GESTAO DE RECURSOS DTVM S.A,2,346826952282.83,0.142648078707749
Fundo,2022-09-30,62285390000140,47988010717.36,540,540,1,QI CORRETORA DE TÍTULOS E VALORES MOBILIÁRIOS S.A.,3,346826952282.83,0.138362980159128
Fundo,2022-09-30,13486793000142,25715363555.02,140,140,1,APEX GROUP DISTRIBUIDORA DE TÍTULOS E VALORES MOBILIÁRIOS S.A.,4,346826952282.83,0.074144651636098
Fundo,2022-09-30,59281253000123,22733578263.59,108,108,1,BTG PACTUAL SERVIÇOS FINANCEIROS S/A DTVM,5,346826952282.83,0.0655473229919319
Fundo,2022-09-30,45246410000155,18199061855.59,46,46,1,BANCO GENIAL S.A.,6,346826952282.83,0.0524730322594683
Fundo,2022-09-30,00066670000100,13299038079.31,20,20,1,BEM - DISTRIBUIDORA DE TITULOS E VALORES MOBILIARIOS LTDA.,7,346826952282.83,0.0383448806148863
Fundo,2022-09-30,36864992000142,8613484640.36,38,38,1,APEX DISTRIBUIDORA DE TÍTULOS E VALORES MOBILIÁRIOS S.A.,8,346826952282.83,0.024835107489962
Fundo,2022-09-30,03317692000194,8318811485.86,58,58,1,FINAXIS CORRETORA DE TÍTULOS E VALORES MOBILIÁRIOS S.A.,9,346826952282.83,0.0239854816100803
Fundo,2022-09-30,62232889000190,8249699310.53,51,51,1,BANCO DAYCOVAL S.A.,10,346826952282.83,0.0237862117007635
Fundo,2022-09-30,00329598000167,8207078493.62,33,33,1,SEFER INVESTIMENTOS DISTRIBUIDORA DE TÍTULOS E VALORES MOBILIÁRIOS LTDA.,11,346826952282.83,0.0236633238553136
Fundo,2022-09-30,34829992000186,7964651216.4,65,65,1,CBSF DISTRIBUIDORA DE TITULOS E VALORES MOBILIARIOS S.A. - EM LIQUIDAÇÃO EXTRAJUDICIAL,12,346826952282.83,0.0229643375867311
Fundo,2022-09-30,02671743000119,7956754603.75,66,66,1,BANVOX DISTRIBUIDORA DE TITULOS E VALORES MOBILIARIOS LTDA,13,346826952282.83,0.0229415694235361
Fundo,2022-09-30,39669186000101,5292116716.22,44,44,1,HEMERA DISTRIBUIDORA DE TITULOS E VALORES MOBILIARIOS LTDA,14,346826952282.83,0.0152586662639309
Fundo,2022-09-30,22610500000188,4963626087.29,45,45,1,VORTX DISTRIBUIDORA DE TITULOS E VALORES MOBILIARIOS LTDA.,15,346826952282.83,0.0143115350598308
Fundo,2022-09-30,62318407000119,4928122454.62,11,11,1,S3 CACEIS BRASIL DISTRIBUIDORA DE TITULOS E VALORES MOBILIARIOS S.A,16,346826952282.83,0.0142091680654657
Fundo,2022-09-30,42066258000130,4321128317.73,11,11,1,RJI CORRETORA DE TÍTULOS E VALORES MOBILIÁRIOS LTDA.,17,346826952282.83,0.0124590326365588
Fundo,2022-09-30,67030395000146,4183637634.34,74,74,1,TRUSTEE DISTRIBUIDORA DE TITULOS E VALORES MOBILIARIOS LTDA.,18,346826952282.83,0.0120626081877522
Fundo,2022-09-30,11758741000152,3909767649.48,25,25,1,BANCO FINAXIS S.A.,19,346826952282.83,0.0112729637179168
Fundo,2022-09-30,36266751000100,3328232626.63,27,27,1,FINVEST DISTRIBUIDORA DE TÍTULOS E VALORES MOBILIÁRIOS LTDA.,20,346826952282.83,0.00959623410096427
Fundo,2022-09-30,33886862000112,2570584607.33,52,52,1,"MASTER S/A CORRETORA DE CAMBIO, TITULOS E VALORES MOBILIARIOS",21,346826952282.83,0.00741172100498621
Fundo,2022-09-30,02201501000161,2545526527.41,19,19,1,BNY MELLON SERVICOS FINANCEIROS DTVM S.A.,22,346826952282.83,0.00733947148759701
Fundo,2022-09-30,03384738000198,1869545922.42,5,5,1,TIVIO CAPITAL DISTRIBUIDORA DE TITULOS E VALORES MOBILIARIOS S.A.,23,346826952282.83,0.00539042859879997
Fundo,2022-09-30,37678915000160,1796674863.29,15,15,1,FIDD DISTRIBUIDORA DE TITULOS E VALORES MOBILIARIOS LTDA.,24,346826952282.83,0.00518032076649236
Fundo,2022-09-30,05389174000101,1785323090.81,1,1,1,XP SERVIÇOS FINANCEIROS DTVM LTDA.,25,346826952282.83,0.00514759040224217
Fundo,2022-09-30,00360305000104,1666452891.63,4,4,1,CAIXA ECONOMICA FEDERAL,26,346826952282.83,0.00480485406529491
Fundo,2022-09-30,62418140000131,1529653654.63,4,4,1,INTRAG DTVM LTDA.,27,346826952282.83,0.0044104232516007
Fundo,2022-09-30,03017677000120,1072954182.25,14,14,1,BANCO J. SAFRA S.A.,28,346826952282.83,0.00309362976316509
Fundo,2022-09-30,02332886000104,967559016.54,3,3,1,XP INVESTIMENTOS CCTVM S.A.,29,346826952282.83,0.00278974575122113
Fundo,2022-09-30,12063256000127,865127326.83,19,19,1,MONETAR DISTRIBUIDORA DE TITULOS E VALORES MOBILIARIOS LTDA.,30,346826952282.83,0.00249440627706611
Fundo,2022-09-30,00806535000154,834592716.1,38,38,1,PLANNER CORRETORA DE VALORES S.A.,31,346826952282.83,0.00240636637552726
Fundo,2022-09-30,24361690000172,797372291.33,25,25,1,LIMINE TRUST DISTRIBUIDORA DE TITULOS E VALORES MOBILIARIOS S.A.,32,346826952282.83,0.00229904938495022
Fundo,2022-09-30,16695922000109,665667115.66,35,35,1,ID CORRETORA DE TITULOS E VALORES MOBILIARIOS S.A.,33,346826952282.83,0.00191930618793767
Fundo,2022-09-30,44077014000189,464796238.25,1,1,1,BR-CAPITAL DTVM S.A.,34,346826952282.83,0.00134013874985981
Fundo,2022-09-30,13673855000125,399102228.09,10,10,1,OSLO CAPITAL DISTRIBUIDORA DE TITULOS E VALORES MOBILIARIOS S.A.,35,346826952282.83,0.00115072437555124
Fundo,2022-09-30,15489568000195,287459108.31,11,11,1,INTRA INVESTIMENTOS DTVM LTDA,36,346826952282.83,0.000828825748454472
Fundo,2022-09-30,01522368000182,217350155.59,1,1,1,BANCO BNP PARIBAS BRASIL S/A,37,346826952282.83,0.000626681848568549
Fundo,2022-09-30,71590442000183,126850115.25,6,6,1,LASTRO RDV DTVM LTDA,38,346826952282.83,0.000365744687415632
Fundo,2022-09-30,40434681000110,101229895.35,13,13,1,AZUMI DISTRIBUIDORA DE TÍTULOS E VALORES MOBILIÁRIOS LTDA.,39,346826952282.83,0.000291874361792532
Fundo,2022-09-30,07253654000176,92223094.31,2,2,1,HEDGE INVESTMENTS DISTRIBUIDORA DE TÍTULOS E VALORES MOBILIÁRIOS LTDA.,40,346826952282.83,0.000265905212103568
Fundo,2022-09-30,33851064000155,72572264.85,1,1,1,DILLON S/A DTVM,41,346826952282.83,0.000209246324059668
Fundo,2022-09-30,92875780000131,11302109.38,3,3,1,WARREN CORRETORA DE VALORES MOBILIÁRIOS E CÂMBIO LTDA.,42,346826952282.83,3.25871715148117e-05
Fundo,2022-09-30,27652684000162,779336.18,5,5,1,GENIAL INVESTIMENTOS CORRETORA DE VALORES MOBILIÁRIOS S.A.,43,346826952282.83,2.247046185051e-06
Fundo,2022-10-31,36113876000191,69412396858.07,112,112,1,OLIVEIRA TRUST DTVM S.A.,1,350525721260.84,0.198023690268417
Fundo,2022-10-31,30822936000169,49108947647.65,2,2,1,BB GESTAO DE RECURSOS DTVM S.A,2,350525721260.84,0.140100839022612
Fundo,2022-10-31,62285390000140,48107804741.44,545,545,1,QI CORRETORA DE TÍTULOS E VALORES MOBILIÁRIOS S.A.,3,350525721260.84,0.137244720782248
Fundo,2022-10-31,13486793000142,25969941883.85,135,135,1,APEX GROUP DISTRIBUIDORA DE TÍTULOS E VALORES MOBILIÁRIOS S.A.,4,350525721260.84,0.074088548453552
Fundo,2022-10-31,59281253000123,22258994174.43,111,111,1,BTG PACTUAL SERVIÇOS FINANCEIROS S/A DTVM,5,350525721260.84,0.0635017427376355
Fundo,2022-10-31,45246410000155,19090852359.81,47,47,1,BANCO GENIAL S.A.,6,350525721260.84,0.054463484993741
Fundo,2022-10-31,00066670000100,13143197974.41,20,20,1,BEM - DISTRIBUIDORA DE TITULOS E VALORES MOBILIARIOS LTDA.,7,350525721260.84,0.0374956734334187
Fundo,2022-10-31,36864992000142,8976831190.67,38,38,1,APEX DISTRIBUIDORA DE TÍTULOS E VALORES MOBILIÁRIOS S.A.,8,350525721260.84,0.0256096219084305
Fundo,2022-10-31,62232889000190,8456549190.01,55,55,1,BANCO DAYCOVAL S.A.,9,350525721260.84,0.0241253314010504
Fundo,2022-10-31,03317692000194,8397482926.77,59,59,1,FINAXIS CORRETORA DE TÍTULOS E VALORES MOBILIÁRIOS S.A.,10,350525721260.84,0.0239568237576526
Fundo,2022-10-31,00329598000167,8375524800.63,34,34,1,SEFER INVESTIMENTOS DISTRIBUIDORA DE TÍTULOS E VALORES MOBILIÁRIOS LTDA.,11,350525721260.84,0.0238941803486011
Fundo,2022-10-31,02671743000119,8148286136.23,67,67,1,BANVOX DISTRIBUIDORA DE TITULOS E VALORES MOBILIARIOS LTDA,12,350525721260.84,0.0232459007770404
Fundo,2022-10-31,34829992000186,7973377169.84,65,65,1,CBSF DISTRIBUIDORA DE TITULOS E VALORES MOBILIARIOS S.A. - EM LIQUIDAÇÃO EXTRAJUDICIAL,13,350525721260.84,0.0227469103869462
Fundo,2022-10-31,39669186000101,5402539885.35,46,46,1,HEMERA DISTRIBUIDORA DE TITULOS E VALORES MOBILIARIOS LTDA,14,350525721260.84,0.0154126774660561
Fundo,2022-10-31,22610500000188,5170399671.89,46,46,1,VORTX DISTRIBUIDORA DE TITULOS E VALORES MOBILIARIOS LTDA.,15,350525721260.84,0.0147504144725588
Fundo,2022-10-31,62318407000119,4820661265.79,11,11,1,S3 CACEIS BRASIL DISTRIBUIDORA DE TITULOS E VALORES MOBILIARIOS S.A,16,350525721260.84,0.0137526605706711
Fundo,2022-10-31,42066258000130,4321782198.08,10,10,1,RJI CORRETORA DE TÍTULOS E VALORES MOBILIÁRIOS LTDA.,17,350525721260.84,0.0123294295851801
Fundo,2022-10-31,67030395000146,4265598552.69,78,78,1,TRUSTEE DISTRIBUIDORA DE TITULOS E VALORES MOBILIARIOS LTDA.,18,350525721260.84,0.0121691456402875
Fundo,2022-10-31,11758741000152,3970126605.76,24,24,1,BANCO FINAXIS S.A.,19,350525721260.84,0.0113262062238385
Fundo,2022-10-31,36266751000100,3702108756.47,27,27,1,FINVEST DISTRIBUIDORA DE TÍTULOS E VALORES MOBILIÁRIOS LTDA.,20,350525721260.84,0.0105615894410074
Fundo,2022-10-31,33886862000112,2664233803.51,54,54,1,"MASTER S/A CORRETORA DE CAMBIO, TITULOS E VALORES MOBILIARIOS",21,350525721260.84,0.00760067989854428
Fundo,2022-10-31,02201501000161,2568512433.5,19,19,1,BNY MELLON SERVICOS FINANCEIROS DTVM S.A.,22,350525721260.84,0.00732760045186147
Fundo,2022-10-31,03384738000198,2090031766.53,5,5,1,TIVIO CAPITAL DISTRIBUIDORA DE TITULOS E VALORES MOBILIARIOS S.A.,23,350525721260.84,0.00596256320081779
Fundo,2022-10-31,37678915000160,1854161154.93,15,15,1,FIDD DISTRIBUIDORA DE TITULOS E VALORES MOBILIARIOS LTDA.,24,350525721260.84,0.0052896579122941
Fundo,2022-10-31,05389174000101,1783642660.89,1,1,1,XP SERVIÇOS FINANCEIROS DTVM LTDA.,25,350525721260.84,0.00508847868417257
Fundo,2022-10-31,00360305000104,1660431181.29,4,4,1,CAIXA ECONOMICA FEDERAL,26,350525721260.84,0.00473697386690322
Fundo,2022-10-31,62418140000131,1513685497.88,4,4,1,INTRAG DTVM LTDA.,27,350525721260.84,0.004318329315279
Fundo,2022-10-31,03017677000120,1085020587.68,14,14,1,BANCO J. SAFRA S.A.,28,350525721260.84,0.00309540932909911
Fundo,2022-10-31,02332886000104,1019849726.57,4,4,1,XP INVESTIMENTOS CCTVM S.A.,29,350525721260.84,0.00290948613671374
Fundo,2022-10-31,12063256000127,957713746.54,18,18,1,MONETAR DISTRIBUIDORA DE TITULOS E VALORES MOBILIARIOS LTDA.,30,350525721260.84,0.00273222102816052
Fundo,2022-10-31,24361690000172,844421782.58,25,25,1,LIMINE TRUST DISTRIBUIDORA DE TITULOS E VALORES MOBILIARIOS S.A.,31,350525721260.84,0.00240901517738161
Fundo,2022-10-31,00806535000154,811880690.87,37,37,1,PLANNER CORRETORA DE VALORES S.A.,32,350525721260.84,0.00231618007360392
Fundo,2022-10-31,16695922000109,755307345.62,39,39,1,ID CORRETORA DE TITULOS E VALORES MOBILIARIOS S.A.,33,350525721260.84,0.00215478437046834
Fundo,2022-10-31,44077014000189,465116384.11,1,1,1,BR-CAPITAL DTVM S.A.,34,350525721260.84,0.00132691085389391
Fundo,2022-10-31,13673855000125,427854238.09,12,12,1,OSLO CAPITAL DISTRIBUIDORA DE TITULOS E VALORES MOBILIARIOS S.A.,35,350525721260.84,0.00122060725401551
Fundo,2022-10-31,15489568000195,286532812.11,10,10,1,INTRA INVESTIMENTOS DTVM LTDA,36,350525721260.84,0.000817437336921645
Fundo,2022-10-31,01522368000182,215500970.71,1,1,1,BANCO BNP PARIBAS BRASIL S/A,37,350525721260.84,0.000614793601835676
Fundo,2022-10-31,71590442000183,166649304.45,6,6,1,LASTRO RDV DTVM LTDA,38,350525721260.84,0.000475426749998725
Fundo,2022-10-31,40434681000110,97101495.83,12,12,1,AZUMI DISTRIBUIDORA DE TÍTULOS E VALORES MOBILIÁRIOS LTDA.,39,350525721260.84,0.000277016749243754
Fundo,2022-10-31,07253654000176,95501222.81,2,2,1,HEDGE INVESTMENTS DISTRIBUIDORA DE TÍTULOS E VALORES MOBILIÁRIOS LTDA.,40,350525721260.84,0.000272451398049999
Fundo,2022-10-31,33851064000155,73358538.65,1,1,1,DILLON S/A DTVM,41,350525721260.84,0.000209281471231639
Fundo,2022-10-31,92875780000131,12605622.07,3,3,1,WARREN CORRETORA DE VALORES MOBILIÁRIOS E CÂMBIO LTDA.,42,350525721260.84,3.59620458797078e-05
Fundo,2022-10-31,27652684000162,3204303.78,5,5,1,GENIAL INVESTIMENTOS CORRETORA DE VALORES MOBILIÁRIOS S.A.,43,350525721260.84,9.14142268497196e-06
Fundo,2022-11-30,36113876000191,70243160227.39,97,97,1,OLIVEIRA TRUST DTVM S.A.,1,369899221365.09,0.189898102429527
Fundo,2022-11-30,30822936000169,61491390530.67,2,2,1,BB GESTAO DE RECURSOS DTVM S.A,2,369899221365.09,0.166238226465414
Fundo,2022-11-30,62285390000140,49031466677.5,554,554,1,QI CORRETORA DE TÍTULOS E VALORES MOBILIÁRIOS S.A.,3,369899221365.09,0.132553581747354
Fundo,2022-11-30,13486793000142,24650389000.15,134,134,1,APEX GROUP DISTRIBUIDORA DE TÍTULOS E VALORES MOBILIÁRIOS S.A.,4,369899221365.09,0.0666408242471538
Fundo,2022-11-30,59281253000123,22131374991.23,114,114,1,BTG PACTUAL SERVIÇOS FINANCEIROS S/A DTVM,5,369899221365.09,0.0598308234052387
Fundo,2022-11-30,45246410000155,21974239933.69,49,49,1,BANCO GENIAL S.A.,6,369899221365.09,0.0594060183543924
Fundo,2022-11-30,00066670000100,13521639452.85,20,20,1,BEM - DISTRIBUIDORA DE TITULOS E VALORES MOBILIARIOS LTDA.,7,369899221365.09,0.0365549281313684
Fundo,2022-11-30,62232889000190,10049965627.92,61,61,1,BANCO DAYCOVAL S.A.,8,369899221365.09,0.0271694695404636
Fundo,2022-11-30,36864992000142,9039767511.36,38,38,1,APEX DISTRIBUIDORA DE TÍTULOS E VALORES MOBILIÁRIOS S.A.,9,369899221365.09,0.0244384605028345
Fundo,2022-11-30,34829992000186,8668731060.85,73,73,1,CBSF DISTRIBUIDORA DE TITULOS E VALORES MOBILIARIOS S.A. - EM LIQUIDAÇÃO EXTRAJUDICIAL,10,369899221365.09,0.0234353860731542
Fundo,2022-11-30,03317692000194,8553784558.78,60,60,1,FINAXIS CORRETORA DE TÍTULOS E VALORES MOBILIÁRIOS S.A.,11,369899221365.09,0.0231246352106738
Fundo,2022-11-30,00329598000167,8221389024.88,34,34,1,SEFER INVESTIMENTOS DISTRIBUIDORA DE TÍTULOS E VALORES MOBILIÁRIOS LTDA.,12,369899221365.09,0.0222260241439262
Fundo,2022-11-30,02671743000119,8146502960.49,68,68,1,BANVOX DISTRIBUIDORA DE TITULOS E VALORES MOBILIARIOS LTDA,13,369899221365.09,0.0220235742330731
Fundo,2022-11-30,39669186000101,5545990944.12,46,46,1,HEMERA DISTRIBUIDORA DE TITULOS E VALORES MOBILIARIOS LTDA,14,369899221365.09,0.014993248495233
Fundo,2022-11-30,22610500000188,5537617924.6,46,46,1,VORTX DISTRIBUIDORA DE TITULOS E VALORES MOBILIARIOS LTDA.,15,369899221365.09,0.0149706125472873
Fundo,2022-11-30,62318407000119,4969724337.94,11,11,1,S3 CACEIS BRASIL DISTRIBUIDORA DE TITULOS E VALORES MOBILIARIOS S.A,16,369899221365.09,0.0134353468482565
Fundo,2022-11-30,42066258000130,4338476923.84,11,11,1,RJI CORRETORA DE TÍTULOS E VALORES MOBILIÁRIOS LTDA.,17,369899221365.09,0.0117288079380895
Fundo,2022-11-30,67030395000146,4143408733.76,76,76,1,TRUSTEE DISTRIBUIDORA DE TITULOS E VALORES MOBILIARIOS LTDA.,18,369899221365.09,0.0112014529754051
Fundo,2022-11-30,11758741000152,3779992929.43,24,24,1,BANCO FINAXIS S.A.,19,369899221365.09,0.0102189804982021
Fundo,2022-11-30,36266751000100,3583918390.02,26,26,1,FINVEST DISTRIBUIDORA DE TÍTULOS E VALORES MOBILIÁRIOS LTDA.,20,369899221365.09,0.0096889049314399
Fundo,2022-11-30,02201501000161,2938669607.37,20,20,1,BNY MELLON SERVICOS FINANCEIROS DTVM S.A.,21,369899221365.09,0.00794451417476637
Fundo,2022-11-30,33886862000112,2674516783.55,53,53,1,"MASTER S/A CORRETORA DE CAMBIO, TITULOS E VALORES MOBILIARIOS",22,369899221365.09,0.00723039311540009
Fundo,2022-11-30,03384738000198,2033402302.64,5,5,1,TIVIO CAPITAL DISTRIBUIDORA DE TITULOS E VALORES MOBILIARIOS S.A.,23,369899221365.09,0.00549717919149939
Fundo,2022-11-30,37678915000160,1908448370.68,16,16,1,FIDD DISTRIBUIDORA DE TITULOS E VALORES MOBILIARIOS LTDA.,24,369899221365.09,0.00515937385225357
Fundo,2022-11-30,05389174000101,1770247851.08,1,1,1,XP SERVIÇOS FINANCEIROS DTVM LTDA.,25,369899221365.09,0.00478575717068831
Fundo,2022-11-30,00360305000104,1653697181.82,4,4,1,CAIXA ECONOMICA FEDERAL,26,369899221365.09,0.00447066953998209
Fundo,2022-11-30,62418140000131,1542040336.29,4,4,1,INTRAG DTVM LTDA.,27,369899221365.09,0.00416881206345663
Fundo,2022-11-30,03017677000120,1128191704.53,14,14,1,BANCO J. SAFRA S.A.,28,369899221365.09,0.00304999751112338
Fundo,2022-11-30,02332886000104,1041978769.17,4,4,1,XP INVESTIMENTOS CCTVM S.A.,29,369899221365.09,0.00281692609496349
Fundo,2022-11-30,00806535000154,991111354.68,40,40,1,PLANNER CORRETORA DE VALORES S.A.,30,369899221365.09,0.00267940914020409
Fundo,2022-11-30,16695922000109,935735739.93,45,45,1,ID CORRETORA DE TITULOS E VALORES MOBILIARIOS S.A.,31,369899221365.09,0.00252970454081175
Fundo,2022-11-30,12063256000127,880684266.79,17,17,1,MONETAR DISTRIBUIDORA DE TITULOS E VALORES MOBILIARIOS LTDA.,32,369899221365.09,0.00238087623850596
Fundo,2022-11-30,24361690000172,854726309.75,25,25,1,LIMINE TRUST DISTRIBUIDORA DE TITULOS E VALORES MOBILIARIOS S.A.,33,369899221365.09,0.00231070048375794
Fundo,2022-11-30,44077014000189,465723381.05,1,1,1,BR-CAPITAL DTVM S.A.,34,369899221365.09,0.00125905477532847
Fundo,2022-11-30,13673855000125,421152166.62,13,13,1,OSLO CAPITAL DISTRIBUIDORA DE TITULOS E VALORES MOBILIARIOS S.A.,35,369899221365.09,0.00113855921368465
Fundo,2022-11-30,15489568000195,315116291.26,10,10,1,INTRA INVESTIMENTOS DTVM LTDA,36,369899221365.09,0.000851897687421679
Fundo,2022-11-30,01522368000182,216528442.67,1,1,1,BANCO BNP PARIBAS BRASIL S/A,37,369899221365.09,0.000585371447582169
Fundo,2022-11-30,71590442000183,169377509.86,6,6,1,LASTRO RDV DTVM LTDA,38,369899221365.09,0.000457901774529081
Fundo,2022-11-30,40434681000110,138001693.77,19,19,1,AZUMI DISTRIBUIDORA DE TÍTULOS E VALORES MOBILIÁRIOS LTDA.,39,369899221365.09,0.00037307916805208
Fundo,2022-11-30,07253654000176,95003253.69,2,2,1,HEDGE INVESTMENTS DISTRIBUIDORA DE TÍTULOS E VALORES MOBILIÁRIOS LTDA.,40,369899221365.09,0.000256835506004572
Fundo,2022-11-30,33851064000155,74015662.7,1,1,1,DILLON S/A DTVM,41,369899221365.09,0.000200096832934251
Fundo,2022-11-30,92875780000131,13683871.23,3,3,1,WARREN CORRETORA DE VALORES MOBILIÁRIOS E CÂMBIO LTDA.,42,369899221365.09,3.69935118530407e-05
Fundo,2022-11-30,44782130000107,12180406.99,1,1,1,ACTUAL DISTRIBUIDORA DE TITULOS E VALORES MOBILIARIOS S.A.,43,369899221365.09,3.29289879147325e-05
Fundo,2022-11-30,27652684000162,2056365.5,5,5,1,GENIAL INVESTIMENTOS CORRETORA DE VALORES MOBILIÁRIOS S.A.,44,369899221365.09,5.55925879597992e-06
Fundo,2022-12-31,36113876000191,74482510500.88,98,98,1,OLIVEIRA TRUST DTVM S.A.,1,378898513471.24,0.196576412555742
Fundo,2022-12-31,62285390000140,50555148382.88,558,558,1,QI CORRETORA DE TÍTULOS E VALORES MOBILIÁRIOS S.A.,2,378898513471.24,0.13342662107519
Fundo,2022-12-31,30822936000169,48109467851.05,2,2,1,BB GESTAO DE RECURSOS DTVM S.A,3,378898513471.24,0.126971909734615
Fundo,2022-12-31,13486793000142,32442764324.24,135,135,1,APEX GROUP DISTRIBUIDORA DE TÍTULOS E VALORES MOBILIÁRIOS S.A.,4,378898513471.24,0.085623889170266
Fundo,2022-12-31,59281253000123,23710384181.19,118,118,1,BTG PACTUAL SERVIÇOS FINANCEIROS S/A DTVM,5,378898513471.24,0.0625771369857584
Fundo,2022-12-31,45246410000155,21337002395.61,55,55,1,BANCO GENIAL S.A.,6,378898513471.24,0.0563132386034805
Fundo,2022-12-31,00066670000100,15763505885.01,20,20,1,BEM - DISTRIBUIDORA DE TITULOS E VALORES MOBILIARIOS LTDA.,7,378898513471.24,0.0416035041694787
Fundo,2022-12-31,62232889000190,12909706738.27,69,69,1,BANCO DAYCOVAL S.A.,8,378898513471.24,0.0340716742855469
Fundo,2022-12-31,34829992000186,9522007948.94,86,86,1,CBSF DISTRIBUIDORA DE TITULOS E VALORES MOBILIARIOS S.A. - EM LIQUIDAÇÃO EXTRAJUDICIAL,9,378898513471.24,0.025130760904035
Fundo,2022-12-31,36864992000142,9170205931.64,42,42,1,APEX DISTRIBUIDORA DE TÍTULOS E VALORES MOBILIÁRIOS S.A.,10,378898513471.24,0.0242022747664753
Fundo,2022-12-31,03317692000194,8964227553.34,62,62,1,FINAXIS CORRETORA DE TÍTULOS E VALORES MOBILIÁRIOS S.A.,11,378898513471.24,0.0236586506270905
Fundo,2022-12-31,00329598000167,8341617981.47,37,37,1,SEFER INVESTIMENTOS DISTRIBUIDORA DE TÍTULOS E VALORES MOBILIÁRIOS LTDA.,12,378898513471.24,0.0220154412986452
Fundo,2022-12-31,02671743000119,8087882328.55,62,62,1,BANVOX DISTRIBUIDORA DE TITULOS E VALORES MOBILIARIOS LTDA,13,378898513471.24,0.021345774768166
Fundo,2022-12-31,22610500000188,5824629414.86,47,47,1,VORTX DISTRIBUIDORA DE TITULOS E VALORES MOBILIARIOS LTDA.,14,378898513471.24,0.0153725317143587
Fundo,2022-12-31,39669186000101,5484553603.88,49,49,1,HEMERA DISTRIBUIDORA DE TITULOS E VALORES MOBILIARIOS LTDA,15,378898513471.24,0.0144749937222868
Fundo,2022-12-31,62318407000119,5434994081.51,11,11,1,S3 CACEIS BRASIL DISTRIBUIDORA DE TITULOS E VALORES MOBILIARIOS S.A,16,378898513471.24,0.014344194786403
Fundo,2022-12-31,67030395000146,4365330768.9,76,76,1,TRUSTEE DISTRIBUIDORA DE TITULOS E VALORES MOBILIARIOS LTDA.,17,378898513471.24,0.011521108195721
Fundo,2022-12-31,42066258000130,4338163840.55,11,11,1,RJI CORRETORA DE TÍTULOS E VALORES MOBILIÁRIOS LTDA.,18,378898513471.24,0.0114494084466216
Fundo,2022-12-31,11758741000152,3838686822.7,24,24,1,BANCO FINAXIS S.A.,19,378898513471.24,0.0101311741435253
Fundo,2022-12-31,02201501000161,3292476739.15,20,20,1,BNY MELLON SERVICOS FINANCEIROS DTVM S.A.,20,378898513471.24,0.00868960057136754
Fundo,2022-12-31,36266751000100,3221300145.59,26,26,1,FINVEST DISTRIBUIDORA DE TÍTULOS E VALORES MOBILIÁRIOS LTDA.,21,378898513471.24,0.0085017492311553
Fundo,2022-12-31,33886862000112,2786328866.73,56,56,1,"MASTER S/A CORRETORA DE CAMBIO, TITULOS E VALORES MOBILIARIOS",22,378898513471.24,0.00735376035446361
Fundo,2022-12-31,37678915000160,1950973315.39,19,19,1,FIDD DISTRIBUIDORA DE TITULOS E VALORES MOBILIARIOS LTDA.,23,378898513471.24,0.0051490656363794
Fundo,2022-12-31,03384738000198,1907805064.59,5,5,1,TIVIO CAPITAL DISTRIBUIDORA DE TITULOS E VALORES MOBILIARIOS S.A.,24,378898513471.24,0.00503513473070094
Fundo,2022-12-31,05389174000101,1770880075.88,1,1,1,XP SERVIÇOS FINANCEIROS DTVM LTDA.,25,378898513471.24,0.00467375830972854
Fundo,2022-12-31,00360305000104,1600689572.71,4,4,1,CAIXA ECONOMICA FEDERAL,26,378898513471.24,0.00422458657344798
Fundo,2022-12-31,62418140000131,1389467979.43,4,4,1,INTRAG DTVM LTDA.,27,378898513471.24,0.00366712438827097
Fundo,2022-12-31,16695922000109,1169968192.26,51,51,1,ID CORRETORA DE TITULOS E VALORES MOBILIARIOS S.A.,28,378898513471.24,0.00308781415250605
Fundo,2022-12-31,03017677000120,1121243343,14,14,1,BANCO J. SAFRA S.A.,29,378898513471.24,0.00295921811022124
Fundo,2022-12-31,02332886000104,1119760135.87,5,5,1,XP INVESTIMENTOS CCTVM S.A.,30,378898513471.24,0.0029553035867347
Fundo,2022-12-31,00806535000154,1077799783.91,39,39,1,PLANNER CORRETORA DE VALORES S.A.,31,378898513471.24,0.00284456060287977
Fundo,2022-12-31,12063256000127,931337470.62,16,16,1,MONETAR DISTRIBUIDORA DE TITULOS E VALORES MOBILIARIOS LTDA.,32,378898513471.24,0.00245801299690423
Fundo,2022-12-31,24361690000172,899401577.7,26,26,1,LIMINE TRUST DISTRIBUIDORA DE TITULOS E VALORES MOBILIARIOS S.A.,33,378898513471.24,0.00237372685751713
Fundo,2022-12-31,44077014000189,466523564.34,1,1,1,BR-CAPITAL DTVM S.A.,34,378898513471.24,0.00123126258814265
Fundo,2022-12-31,13673855000125,448202594.04,14,14,1,OSLO CAPITAL DISTRIBUIDORA DE TITULOS E VALORES MOBILIARIOS S.A.,35,378898513471.24,0.00118290934935014
Fundo,2022-12-31,15489568000195,321110195.81,10,10,1,INTRA INVESTIMENTOS DTVM LTDA,36,378898513471.24,0.00084748338774988
Fundo,2022-12-31,01522368000182,218190647.88,1,1,1,BANCO BNP PARIBAS BRASIL S/A,37,378898513471.24,0.000575855117195021
Fundo,2022-12-31,71590442000183,165859722.77,7,7,1,LASTRO RDV DTVM LTDA,38,378898513471.24,0.000437741814425433
Fundo,2022-12-31,40434681000110,152484991.27,20,20,1,AZUMI DISTRIBUIDORA DE TÍTULOS E VALORES MOBILIÁRIOS LTDA.,39,378898513471.24,0.000402442833235275
Fundo,2022-12-31,07253654000176,99938954.52,2,2,1,HEDGE INVESTMENTS DISTRIBUIDORA DE TÍTULOS E VALORES MOBILIÁRIOS LTDA.,40,378898513471.24,0.00026376180155583
Fundo,2022-12-31,33851064000155,73976119.1,1,1,1,DILLON S/A DTVM,41,378898513471.24,0.000195239929611429
Fundo,2022-12-31,92875780000131,14326250.5,3,3,1,WARREN CORRETORA DE VALORES MOBILIÁRIOS E CÂMBIO LTDA.,42,378898513471.24,3.78102578676056e-05
Fundo,2022-12-31,44782130000107,12485278.64,1,1,1,ACTUAL DISTRIBUIDORA DE TITULOS E VALORES MOBILIARIOS S.A.,43,378898513471.24,3.29515112783563e-05
Fundo,2022-12-31,27652684000162,3192354.07,4,4,1,GENIAL INVESTIMENTOS CORRETORA DE VALORES MOBILIÁRIOS S.A.,44,378898513471.24,8.42535390480573e-06
Fundo,2023-01-31,36113876000191,74810357206.67,94,94,1,OLIVEIRA TRUST DTVM S.A.,1,375912070231.03,0.199010255671473
Fundo,2023-01-31,62285390000140,50723472616.37,561,561,1,QI CORRETORA DE TÍTULOS E VALORES MOBILIÁRIOS S.A.,2,375912070231.03,0.134934407892772
Fundo,2023-01-31,30822936000169,43544905483.96,2,2,1,BB GESTAO DE RECURSOS DTVM S.A,3,375912070231.03,0.115838008226759
Fundo,2023-01-31,13486793000142,32004328602.97,135,135,1,APEX GROUP DISTRIBUIDORA DE TÍTULOS E VALORES MOBILIÁRIOS S.A.,4,375912070231.03,0.0851378051875286
Fundo,2023-01-31,59281253000123,25213991124.7,129,129,1,BTG PACTUAL SERVIÇOS FINANCEIROS S/A DTVM,5,375912070231.03,0.0670741727159861
Fundo,2023-01-31,45246410000155,22130295613.13,57,57,1,BANCO GENIAL S.A.,6,375912070231.03,0.0588709364919542
Fundo,2023-01-31,00066670000100,15091939883.63,20,20,1,BEM - DISTRIBUIDORA DE TITULOS E VALORES MOBILIARIOS LTDA.,7,375912070231.03,0.0401475267190934
Fundo,2023-01-31,62232889000190,13033072981.5,73,73,1,BANCO DAYCOVAL S.A.,8,375912070231.03,0.0346705360471401
Fundo,2023-01-31,34829992000186,9271331844.97,86,86,1,CBSF DISTRIBUIDORA DE TITULOS E VALORES MOBILIARIOS S.A. - EM LIQUIDAÇÃO EXTRAJUDICIAL,9,375912070231.03,0.0246635651770159
Fundo,2023-01-31,36864992000142,9012808997.54,44,44,1,APEX DISTRIBUIDORA DE TÍTULOS E VALORES MOBILIÁRIOS S.A.,10,375912070231.03,0.023975843584913
Fundo,2023-01-31,03317692000194,8999945619.87,62,62,1,FINAXIS CORRETORA DE TÍTULOS E VALORES MOBILIÁRIOS S.A.,11,375912070231.03,0.0239416244717515
Fundo,2023-01-31,00329598000167,8215064400.74,37,37,1,SEFER INVESTIMENTOS DISTRIBUIDORA DE TÍTULOS E VALORES MOBILIÁRIOS LTDA.,12,375912070231.03,0.0218536861444517
Fundo,2023-01-31,02671743000119,8213216002.19,63,63,1,BANVOX DISTRIBUIDORA DE TITULOS E VALORES MOBILIARIOS LTDA,13,375912070231.03,0.0218487690409682
Fundo,2023-01-31,22610500000188,5827129152.89,47,47,1,VORTX DISTRIBUIDORA DE TITULOS E VALORES MOBILIARIOS LTDA.,14,375912070231.03,0.0155013089877873
Fundo,2023-01-31,39669186000101,5763736179.86,50,50,1,HEMERA DISTRIBUIDORA DE TITULOS E VALORES MOBILIARIOS LTDA,15,375912070231.03,0.0153326712183455
Fundo,2023-01-31,62318407000119,5099176902.38,11,11,1,S3 CACEIS BRASIL DISTRIBUIDORA DE TITULOS E VALORES MOBILIARIOS S.A,16,375912070231.03,0.0135648129075667
Fundo,2023-01-31,67030395000146,4397022657.29,77,77,1,TRUSTEE DISTRIBUIDORA DE TITULOS E VALORES MOBILIARIOS LTDA.,17,375912070231.03,0.0116969445928875
Fundo,2023-01-31,42066258000130,4337235414.59,11,11,1,RJI CORRETORA DE TÍTULOS E VALORES MOBILIÁRIOS LTDA.,18,375912070231.03,0.0115378987749034
Fundo,2023-01-31,02201501000161,3738567450.56,20,20,1,BNY MELLON SERVICOS FINANCEIROS DTVM S.A.,19,375912070231.03,0.00994532431018331
Fundo,2023-01-31,11758741000152,3561612257.99,24,24,1,BANCO FINAXIS S.A.,20,375912070231.03,0.00947458871379439
Fundo,2023-01-31,36266751000100,3287145049.67,26,26,1,FINVEST DISTRIBUIDORA DE TÍTULOS E VALORES MOBILIÁRIOS LTDA.,21,375912070231.03,0.00874445198753466
Fundo,2023-01-31,33886862000112,2992053037.59,56,56,1,"MASTER S/A CORRETORA DE CAMBIO, TITULOS E VALORES MOBILIARIOS",22,375912070231.03,0.00795944922904744
Fundo,2023-01-31,37678915000160,1962933306.91,20,20,1,FIDD DISTRIBUIDORA DE TITULOS E VALORES MOBILIARIOS LTDA.,23,375912070231.03,0.00522178845096304
Fundo,2023-01-31,05389174000101,1783791203.89,1,1,1,XP SERVIÇOS FINANCEIROS DTVM LTDA.,24,375912070231.03,0.00474523524289526
Fundo,2023-01-31,03384738000198,1655549750.55,5,5,1,TIVIO CAPITAL DISTRIBUIDORA DE TITULOS E VALORES MOBILIARIOS S.A.,25,375912070231.03,0.00440408776853726
Fundo,2023-01-31,00360305000104,1595667826.63,4,4,1,CAIXA ECONOMICA FEDERAL,26,375912070231.03,0.00424479007989641
Fundo,2023-01-31,62418140000131,1400740472.39,4,4,1,INTRAG DTVM LTDA.,27,375912070231.03,0.0037262450006703
Fundo,2023-01-31,16695922000109,1209182422.01,48,48,1,ID CORRETORA DE TITULOS E VALORES MOBILIARIOS S.A.,28,375912070231.03,0.0032166629320172
Fundo,2023-01-31,02332886000104,1127587216.94,5,5,1,XP INVESTIMENTOS CCTVM S.A.,29,375912070231.03,0.00299960364732902
Fundo,2023-01-31,03017677000120,1123019908.49,14,14,1,BANCO J. SAFRA S.A.,30,375912070231.03,0.00298745370905438
Fundo,2023-01-31,00806535000154,1092218416.69,40,40,1,PLANNER CORRETORA DE VALORES S.A.,31,375912070231.03,0.00290551568620486
Fundo,2023-01-31,24361690000172,885863861.88,26,26,1,LIMINE TRUST DISTRIBUIDORA DE TITULOS E VALORES MOBILIARIOS S.A.,32,375912070231.03,0.00235657200721318
Fundo,2023-01-31,12063256000127,812705189.51,16,16,1,MONETAR DISTRIBUIDORA DE TITULOS E VALORES MOBILIARIOS LTDA.,33,375912070231.03,0.0021619555578796
Fundo,2023-01-31,44077014000189,467325862.92,1,1,1,BR-CAPITAL DTVM S.A.,34,375912070231.03,0.00124317865779832
Fundo,2023-01-31,13673855000125,425723172.29,14,14,1,OSLO CAPITAL DISTRIBUIDORA DE TITULOS E VALORES MOBILIARIOS S.A.,35,375912070231.03,0.00113250732286504
Fundo,2023-01-31,15489568000195,330154331.76,11,11,1,INTRA INVESTIMENTOS DTVM LTDA,36,375912070231.03,0.000878275421050173
Fundo,2023-01-31,01522368000182,223247259.78,1,1,1,BANCO BNP PARIBAS BRASIL S/A,37,375912070231.03,0.000593881594817627
Fundo,2023-01-31,40434681000110,173416249.23,24,24,1,AZUMI DISTRIBUIDORA DE TÍTULOS E VALORES MOBILIÁRIOS LTDA.,38,375912070231.03,0.000461321311453024
Fundo,2023-01-31,71590442000183,164872070.36,7,7,1,LASTRO RDV DTVM LTDA,39,375912070231.03,0.000438592116126178
Fundo,2023-01-31,07253654000176,105016354.62,2,2,1,HEDGE INVESTMENTS DISTRIBUIDORA DE TÍTULOS E VALORES MOBILIÁRIOS LTDA.,40,375912070231.03,0.000279364146395881
Fundo,2023-01-31,33851064000155,73672824.7,1,1,1,DILLON S/A DTVM,41,375912070231.03,0.000195984195598513
Fundo,2023-01-31,92875780000131,15415390.42,3,3,1,WARREN CORRETORA DE VALORES MOBILIÁRIOS E CÂMBIO LTDA.,42,375912070231.03,4.10079687266385e-05
Fundo,2023-01-31,44782130000107,12943729.6,1,1,1,ACTUAL DISTRIBUIDORA DE TITULOS E VALORES MOBILIARIOS S.A.,43,375912070231.03,3.4432865090086e-05
Fundo,2023-01-31,27652684000162,2614928.4,4,4,1,GENIAL INVESTIMENTOS CORRETORA DE VALORES MOBILIÁRIOS S.A.,44,375912070231.03,6.95622356151773e-06
Fundo,2023-02-28,36113876000191,74285321722.64,94,94,1,OLIVEIRA TRUST DTVM S.A.,1,376974445271.45,0.19705665106596
Fundo,2023-02-28,62285390000140,50899625280.69,568,568,1,QI CORRETORA DE TÍTULOS E VALORES MOBILIÁRIOS S.A.,2,376974445271.45,0.135021420998547
Fundo,2023-02-28,30822936000169,42997371389.43,2,2,1,BB GESTAO DE RECURSOS DTVM S.A,3,376974445271.45,0.114059114427421
Fundo,2023-02-28,13486793000142,31224611435.55,136,136,1,APEX GROUP DISTRIBUIDORA DE TÍTULOS E VALORES MOBILIÁRIOS S.A.,4,376974445271.45,0.0828295175633614
Fundo,2023-02-28,59281253000123,25493396304.53,130,130,1,BTG PACTUAL SERVIÇOS FINANCEIROS S/A DTVM,5,376974445271.45,0.0676263248724269
Fundo,2023-02-28,45246410000155,21922276002.94,59,59,1,BANCO GENIAL S.A.,6,376974445271.45,0.058153215099645
Fundo,2023-02-28,00066670000100,15698376296.38,20,20,1,BEM - DISTRIBUIDORA DE TITULOS E VALORES MOBILIARIOS LTDA.,7,376974445271.45,0.0416430781802092
Fundo,2023-02-28,62232889000190,13416121127.81,75,75,1,BANCO DAYCOVAL S.A.,8,376974445271.45,0.0355889405663808
Fundo,2023-02-28,00329598000167,9194108153.49,36,36,1,SEFER INVESTIMENTOS DISTRIBUIDORA DE TÍTULOS E VALORES MOBILIÁRIOS LTDA.,9,376974445271.45,0.0243892079922541
Fundo,2023-02-28,36864992000142,9093083450.38,43,43,1,APEX DISTRIBUIDORA DE TÍTULOS E VALORES MOBILIÁRIOS S.A.,10,376974445271.45,0.0241212197920533
Fundo,2023-02-28,03317692000194,9078726901.04,64,64,1,FINAXIS CORRETORA DE TÍTULOS E VALORES MOBILIÁRIOS S.A.,11,376974445271.45,0.0240831361778452
Fundo,2023-02-28,34829992000186,8858006502.08,88,88,1,CBSF DISTRIBUIDORA DE TITULOS E VALORES MOBILIARIOS S.A. - EM LIQUIDAÇÃO EXTRAJUDICIAL,12,376974445271.45,0.0234976312404985
Fundo,2023-02-28,02671743000119,8173851608.81,62,62,1,BANVOX DISTRIBUIDORA DE TITULOS E VALORES MOBILIARIOS LTDA,13,376974445271.45,0.0216827737565187
Fundo,2023-02-28,39669186000101,5806416402.95,51,51,1,HEMERA DISTRIBUIDORA DE TITULOS E VALORES MOBILIARIOS LTDA,14,376974445271.45,0.0154026790828459
Fundo,2023-02-28,22610500000188,5782579299.07,48,48,1,VORTX DISTRIBUIDORA DE TITULOS E VALORES MOBILIARIOS LTDA.,15,376974445271.45,0.0153394464044005
Fundo,2023-02-28,62318407000119,5226476429.1,11,11,1,S3 CACEIS BRASIL DISTRIBUIDORA DE TITULOS E VALORES MOBILIARIOS S.A,16,376974445271.45,0.0138642724849334
Fundo,2023-02-28,67030395000146,4452574894.1,77,77,1,TRUSTEE DISTRIBUIDORA DE TITULOS E VALORES MOBILIARIOS LTDA.,17,376974445271.45,0.0118113441108556
Fundo,2023-02-28,42066258000130,4337072440.51,11,11,1,RJI CORRETORA DE TÍTULOS E VALORES MOBILIÁRIOS LTDA.,18,376974445271.45,0.0115049507862184
Fundo,2023-02-28,02201501000161,3878051818.97,20,20,1,BNY MELLON SERVICOS FINANCEIROS DTVM S.A.,19,376974445271.45,0.0102873069185831
Fundo,2023-02-28,11758741000152,3577048531.9,24,24,1,BANCO FINAXIS S.A.,20,376974445271.45,0.0094888355875801
Fundo,2023-02-28,33886862000112,3141586647.99,55,55,1,"MASTER S/A CORRETORA DE CAMBIO, TITULOS E VALORES MOBILIARIOS",21,376974445271.45,0.00833368597632081
Fundo,2023-02-28,36266751000100,3137690458.69,25,25,1,FINVEST DISTRIBUIDORA DE TÍTULOS E VALORES MOBILIÁRIOS LTDA.,22,376974445271.45,0.00832335055611164
Fundo,2023-02-28,37678915000160,2329036384.3,20,20,1,FIDD DISTRIBUIDORA DE TITULOS E VALORES MOBILIARIOS LTDA.,23,376974445271.45,0.00617823413102424
Fundo,2023-02-28,05389174000101,1775696646.37,1,1,1,XP SERVIÇOS FINANCEIROS DTVM LTDA.,24,376974445271.45,0.0047103899711063
Fundo,2023-02-28,00360305000104,1592266560.94,4,4,1,CAIXA ECONOMICA FEDERAL,25,376974445271.45,0.00422380503748324
Fundo,2023-02-28,62418140000131,1514791791.34,4,4,1,INTRAG DTVM LTDA.,26,376974445271.45,0.0040182877389719
Fundo,2023-02-28,03384738000198,1495435973.7,5,5,1,TIVIO CAPITAL DISTRIBUIDORA DE TITULOS E VALORES MOBILIARIOS S.A.,27,376974445271.45,0.00396694256721612
Fundo,2023-02-28,16695922000109,1327421290.44,57,57,1,ID CORRETORA DE TITULOS E VALORES MOBILIARIOS S.A.,28,376974445271.45,0.00352125006639152
Fundo,2023-02-28,02332886000104,1317984868.29,5,5,1,XP INVESTIMENTOS CCTVM S.A.,29,376974445271.45,0.00349621807213206
Fundo,2023-02-28,00806535000154,1224932265.18,40,40,1,PLANNER CORRETORA DE VALORES S.A.,30,376974445271.45,0.00324937745925445
Fundo,2023-02-28,03017677000120,1145895840.17,13,13,1,BANCO J. SAFRA S.A.,31,376974445271.45,0.00303971755789671
Fundo,2023-02-28,24361690000172,867318257.44,26,26,1,LIMINE TRUST DISTRIBUIDORA DE TITULOS E VALORES MOBILIARIOS S.A.,32,376974445271.45,0.00230073488619491
Fundo,2023-02-28,12063256000127,801243369.43,16,16,1,MONETAR DISTRIBUIDORA DE TITULOS E VALORES MOBILIARIOS LTDA.,33,376974445271.45,0.00212545805022153
Fundo,2023-02-28,44077014000189,468141388.42,1,1,1,BR-CAPITAL DTVM S.A.,34,376974445271.45,0.00124183852325296
Fundo,2023-02-28,13673855000125,398703475.09,13,13,1,OSLO CAPITAL DISTRIBUIDORA DE TITULOS E VALORES MOBILIARIOS S.A.,35,376974445271.45,0.0010576405910032
Fundo,2023-02-28,15489568000195,308905480.97,10,10,1,INTRA INVESTIMENTOS DTVM LTDA,36,376974445271.45,0.000819433478435295
Fundo,2023-02-28,01522368000182,226120216.71,1,1,1,BANCO BNP PARIBAS BRASIL S/A,37,376974445271.45,0.000599829032302644
Fundo,2023-02-28,40434681000110,198717814.25,24,24,1,AZUMI DISTRIBUIDORA DE TÍTULOS E VALORES MOBILIÁRIOS LTDA.,38,376974445271.45,0.000527138687363564
Fundo,2023-02-28,07253654000176,106665319.83,2,2,1,HEDGE INVESTMENTS DISTRIBUIDORA DE TÍTULOS E VALORES MOBILIÁRIOS LTDA.,39,376974445271.45,0.000282951062513516
Fundo,2023-02-28,71590442000183,93963477.6,6,6,1,LASTRO RDV DTVM LTDA,40,376974445271.45,0.00024925688936909
Fundo,2023-02-28,33851064000155,73428929.9,1,1,1,DILLON S/A DTVM,41,376974445271.45,0.000194784900730143
Fundo,2023-02-28,92875780000131,17718378.24,2,2,1,WARREN CORRETORA DE VALORES MOBILIÁRIOS E CÂMBIO LTDA.,42,376974445271.45,4.70015367414134e-05
Fundo,2023-02-28,44782130000107,13590538.17,1,1,1,ACTUAL DISTRIBUIDORA DE TITULOS E VALORES MOBILIARIOS S.A.,43,376974445271.45,3.60516166028543e-05
Fundo,2023-02-28,27652684000162,2093905.62,4,4,1,GENIAL INVESTIMENTOS CORRETORA DE VALORES MOBILIÁRIOS S.A.,44,376974445271.45,5.55450282178207e-06
Fundo,2023-03-31,36113876000191,75384037759.13,92,92,1,OLIVEIRA TRUST DTVM S.A.,1,384935976856.76,0.195835261683481
Fundo,2023-03-31,62285390000140,51574998768.91,578,578,1,QI CORRETORA DE TÍTULOS E VALORES MOBILIÁRIOS S.A.,2,384935976856.76,0.133983316368742
Fundo,2023-03-31,30822936000169,45089038144.94,2,2,1,BB GESTAO DE RECURSOS DTVM S.A,3,384935976856.76,0.117133863436512
Fundo,2023-03-31,13486793000142,31368844339.58,135,135,1,APEX GROUP DISTRIBUIDORA DE TÍTULOS E VALORES MOBILIÁRIOS S.A.,4,384935976856.76,0.0814910692311121
Fundo,2023-03-31,59281253000123,24833821017.37,134,134,1,BTG PACTUAL SERVIÇOS FINANCEIROS S/A DTVM,5,384935976856.76,0.0645141595237564
Fundo,2023-03-31,45246410000155,21448300138.38,62,62,1,BANCO GENIAL S.A.,6,384935976856.76,0.0557191362405734
Fundo,2023-03-31,00066670000100,17982086037.54,20,20,1,BEM - DISTRIBUIDORA DE TITULOS E VALORES MOBILIARIOS LTDA.,7,384935976856.76,0.0467144853135704
Fundo,2023-03-31,62232889000190,14021676531.64,79,79,1,BANCO DAYCOVAL S.A.,8,384935976856.76,0.0364259964634526
Fundo,2023-03-31,36864992000142,9248119969.46,43,43,1,APEX DISTRIBUIDORA DE TÍTULOS E VALORES MOBILIÁRIOS S.A.,9,384935976856.76,0.0240250860545086
Fundo,2023-03-31,03317692000194,9208567082.3,67,67,1,FINAXIS CORRETORA DE TÍTULOS E VALORES MOBILIÁRIOS S.A.,10,384935976856.76,0.0239223341956593
Fundo,2023-03-31,00329598000167,9175915157.97,36,36,1,SEFER INVESTIMENTOS DISTRIBUIDORA DE TÍTULOS E VALORES MOBILIÁRIOS LTDA.,11,384935976856.76,0.0238375098968328
Fundo,2023-03-31,34829992000186,9025673170.73,91,91,1,CBSF DISTRIBUIDORA DE TITULOS E VALORES MOBILIARIOS S.A. - EM LIQUIDAÇÃO EXTRAJUDICIAL,12,384935976856.76,0.0234472060637984
Fundo,2023-03-31,02671743000119,8374215574.25,66,66,1,BANVOX DISTRIBUIDORA DE TITULOS E VALORES MOBILIARIOS LTDA,13,384935976856.76,0.0217548269783215
Fundo,2023-03-31,39669186000101,6217428696.36,53,53,1,HEMERA DISTRIBUIDORA DE TITULOS E VALORES MOBILIARIOS LTDA,14,384935976856.76,0.0161518513991058
Fundo,2023-03-31,22610500000188,5944340436.83,50,50,1,VORTX DISTRIBUIDORA DE TITULOS E VALORES MOBILIARIOS LTDA.,15,384935976856.76,0.0154424132692642
Fundo,2023-03-31,62318407000119,5416916567.7,11,11,1,S3 CACEIS BRASIL DISTRIBUIDORA DE TITULOS E VALORES MOBILIARIOS S.A,16,384935976856.76,0.014072253292437
Fundo,2023-03-31,67030395000146,4781510244.06,81,81,1,TRUSTEE DISTRIBUIDORA DE TITULOS E VALORES MOBILIARIOS LTDA.,17,384935976856.76,0.0124215727589403
Fundo,2023-03-31,42066258000130,4341197084.01,11,11,1,RJI CORRETORA DE TÍTULOS E VALORES MOBILIÁRIOS LTDA.,18,384935976856.76,0.0112777119963131
Fundo,2023-03-31,02201501000161,3919297789.07,20,20,1,BNY MELLON SERVICOS FINANCEIROS DTVM S.A.,19,384935976856.76,0.0101816874096142
Fundo,2023-03-31,11758741000152,3701708291.89,24,24,1,BANCO FINAXIS S.A.,20,384935976856.76,0.00961642588493997
Fundo,2023-03-31,33886862000112,3254206360.33,58,58,1,"MASTER S/A CORRETORA DE CAMBIO, TITULOS E VALORES MOBILIARIOS",21,384935976856.76,0.00845388988294262
Fundo,2023-03-31,36266751000100,2774951442.11,25,25,1,FINVEST DISTRIBUIDORA DE TÍTULOS E VALORES MOBILIÁRIOS LTDA.,22,384935976856.76,0.00720886487350232
Fundo,2023-03-31,37678915000160,2379998190.4,22,22,1,FIDD DISTRIBUIDORA DE TITULOS E VALORES MOBILIARIOS LTDA.,23,384935976856.76,0.0061828416502769
Fundo,2023-03-31,05389174000101,1788402586.23,1,1,1,XP SERVIÇOS FINANCEIROS DTVM LTDA.,24,384935976856.76,0.00464597411973132
Fundo,2023-03-31,16695922000109,1700704567.57,62,62,1,ID CORRETORA DE TITULOS E VALORES MOBILIARIOS S.A.,25,384935976856.76,0.00441814917238265
Fundo,2023-03-31,03384738000198,1617851327.12,5,5,1,TIVIO CAPITAL DISTRIBUIDORA DE TITULOS E VALORES MOBILIARIOS S.A.,26,384935976856.76,0.004202910157504
Fundo,2023-03-31,00360305000104,1594650566.65,4,4,1,CAIXA ECONOMICA FEDERAL,27,384935976856.76,0.00414263841917637
Fundo,2023-03-31,62418140000131,1522714377.37,4,4,1,INTRAG DTVM LTDA.,28,384935976856.76,0.00395576009757234
Fundo,2023-03-31,02332886000104,1365389173.05,5,5,1,XP INVESTIMENTOS CCTVM S.A.,29,384935976856.76,0.00354705523811842
Fundo,2023-03-31,00806535000154,1315013827.44,43,43,1,PLANNER CORRETORA DE VALORES S.A.,30,384935976856.76,0.00341618842223556
Fundo,2023-03-31,03017677000120,963445400.98,13,13,1,BANCO J. SAFRA S.A.,31,384935976856.76,0.00250287179922003
Fundo,2023-03-31,24361690000172,902860092.56,27,27,1,LIMINE TRUST DISTRIBUIDORA DE TITULOS E VALORES MOBILIARIOS S.A.,32,384935976856.76,0.00234548118867041
Fundo,2023-03-31,12063256000127,822438961.01,17,17,1,MONETAR DISTRIBUIDORA DE TITULOS E VALORES MOBILIARIOS LTDA.,33,384935976856.76,0.00213656039044654
Fundo,2023-03-31,44077014000189,529895748.06,1,1,1,BR-CAPITAL DTVM S.A.,34,384935976856.76,0.00137658150944198
Fundo,2023-03-31,13673855000125,307873964.51,12,12,1,OSLO CAPITAL DISTRIBUIDORA DE TITULOS E VALORES MOBILIARIOS S.A.,35,384935976856.76,0.000799805637872513
Fundo,2023-03-31,15489568000195,287340749.77,9,9,1,INTRA INVESTIMENTOS DTVM LTDA,36,384935976856.76,0.000746463742143082
Fundo,2023-03-31,01522368000182,229532335.68,1,1,1,BANCO BNP PARIBAS BRASIL S/A,37,384935976856.76,0.000596287043768352
Fundo,2023-03-31,40434681000110,212146314.55,27,27,1,AZUMI DISTRIBUIDORA DE TÍTULOS E VALORES MOBILIÁRIOS LTDA.,38,384935976856.76,0.000551121036496265
Fundo,2023-03-31,07253654000176,109425312.67,2,2,1,HEDGE INVESTMENTS DISTRIBUIDORA DE TÍTULOS E VALORES MOBILIÁRIOS LTDA.,39,384935976856.76,0.000284268863522514
Fundo,2023-03-31,71590442000183,95701487.71,6,6,1,LASTRO RDV DTVM LTDA,40,384935976856.76,0.000248616636177948
Fundo,2023-03-31,33851064000155,68219858.78,2,2,1,DILLON S/A DTVM,41,384935976856.76,0.000177223909640916
Fundo,2023-03-31,92875780000131,18993047.46,3,3,1,WARREN CORRETORA DE VALORES MOBILIÁRIOS E CÂMBIO LTDA.,42,384935976856.76,4.93407958775118e-05
Fundo,2023-03-31,44782130000107,14255763.43,1,1,1,ACTUAL DISTRIBUIDORA DE TITULOS E VALORES MOBILIARIOS S.A.,43,384935976856.76,3.70341155077452e-05
Fundo,2023-03-31,27652684000162,2272599.2,4,4,1,GENIAL INVESTIMENTOS CORRETORA DE VALORES MOBILIÁRIOS S.A.,44,384935976856.76,5.90383683686097e-06
Fundo,2023-04-30,36113876000191,76632525079.14,92,92,1,OLIVEIRA TRUST DTVM S.A.,1,399253540409.17,0.191939500400182
Fundo,2023-04-30,30822936000169,55663028133.13,2,2,1,BB GESTAO DE RECURSOS DTVM S.A,2,399253540409.17,0.139417744614323
Fundo,2023-04-30,62285390000140,51764184723.28,576,576,1,QI CORRETORA DE TÍTULOS E VALORES MOBILIÁRIOS S.A.,3,399253540409.17,0.129652412525209
Fundo,2023-04-30,13486793000142,31239638078.62,135,135,1,APEX GROUP DISTRIBUIDORA DE TÍTULOS E VALORES MOBILIÁRIOS S.A.,4,399253540409.17,0.0782451122327042
Fundo,2023-04-30,59281253000123,25152076218.94,137,137,1,BTG PACTUAL SERVIÇOS FINANCEIROS S/A DTVM,5,399253540409.17,0.0629977537410519
Fundo,2023-04-30,45246410000155,21414454978.57,62,62,1,BANCO GENIAL S.A.,6,399253540409.17,0.0536362306433743
Fundo,2023-04-30,00066670000100,16830465019.24,20,20,1,BEM - DISTRIBUIDORA DE TITULOS E VALORES MOBILIARIOS LTDA.,7,399253540409.17,0.042154829740499
Fundo,2023-04-30,62232889000190,14431506417.24,84,84,1,BANCO DAYCOVAL S.A.,8,399253540409.17,0.0361462202750915
Fundo,2023-04-30,34829992000186,10997997059.45,92,92,1,CBSF DISTRIBUIDORA DE TITULOS E VALORES MOBILIARIOS S.A. - EM LIQUIDAÇÃO EXTRAJUDICIAL,9,399253540409.17,0.0275463983316938
Fundo,2023-04-30,03317692000194,9339552928.85,68,68,1,FINAXIS CORRETORA DE TÍTULOS E VALORES MOBILIÁRIOS S.A.,10,399253540409.17,0.0233925362797747
Fundo,2023-04-30,36864992000142,9274090362.52,44,44,1,APEX DISTRIBUIDORA DE TÍTULOS E VALORES MOBILIÁRIOS S.A.,11,399253540409.17,0.0232285738856957
Fundo,2023-04-30,00329598000167,8705444124,33,33,1,SEFER INVESTIMENTOS DISTRIBUIDORA DE TÍTULOS E VALORES MOBILIÁRIOS LTDA.,12,399253540409.17,0.0218043003828553
Fundo,2023-04-30,02671743000119,8511527091.49,69,69,1,BANVOX DISTRIBUIDORA DE TITULOS E VALORES MOBILIARIOS LTDA,13,399253540409.17,0.0213186014149482
Fundo,2023-04-30,39669186000101,6210244346.68,54,54,1,HEMERA DISTRIBUIDORA DE TITULOS E VALORES MOBILIARIOS LTDA,14,399253540409.17,0.0155546381387514
Fundo,2023-04-30,22610500000188,6005241251.63,51,51,1,VORTX DISTRIBUIDORA DE TITULOS E VALORES MOBILIARIOS LTDA.,15,399253540409.17,0.0150411721971848
Fundo,2023-04-30,62318407000119,5485228200.73,11,11,1,S3 CACEIS BRASIL DISTRIBUIDORA DE TITULOS E VALORES MOBILIARIOS S.A,16,399253540409.17,0.0137387089795335
Fundo,2023-04-30,67030395000146,5036705799.97,83,83,1,TRUSTEE DISTRIBUIDORA DE TITULOS E VALORES MOBILIARIOS LTDA.,17,399253540409.17,0.0126153065413226
Fundo,2023-04-30,42066258000130,4340920901.65,11,11,1,RJI CORRETORA DE TÍTULOS E VALORES MOBILIÁRIOS LTDA.,18,399253540409.17,0.0108725921308081
Fundo,2023-04-30,02201501000161,3929716522.29,20,20,1,BNY MELLON SERVICOS FINANCEIROS DTVM S.A.,19,399253540409.17,0.0098426591740744
Fundo,2023-04-30,11758741000152,3724741657.43,23,23,1,BANCO FINAXIS S.A.,20,399253540409.17,0.00932926393993337
Fundo,2023-04-30,33886862000112,3253269626.54,60,60,1,"MASTER S/A CORRETORA DE CAMBIO, TITULOS E VALORES MOBILIARIOS",21,399253540409.17,0.00814838015764601
Fundo,2023-04-30,37678915000160,2793582668.24,22,22,1,FIDD DISTRIBUIDORA DE TITULOS E VALORES MOBILIARIOS LTDA.,22,399253540409.17,0.00699701414138252
Fundo,2023-04-30,36266751000100,2427721746.02,25,25,1,FINVEST DISTRIBUIDORA DE TÍTULOS E VALORES MOBILIÁRIOS LTDA.,23,399253540409.17,0.00608065176712517
Fundo,2023-04-30,05389174000101,1798079191.66,1,1,1,XP SERVIÇOS FINANCEIROS DTVM LTDA.,24,399253540409.17,0.00450360237210987
Fundo,2023-04-30,16695922000109,1793783531.88,72,72,1,ID CORRETORA DE TITULOS E VALORES MOBILIARIOS S.A.,25,399253540409.17,0.00449284314433797
Fundo,2023-04-30,03384738000198,1654605173.48,5,5,1,TIVIO CAPITAL DISTRIBUIDORA DE TITULOS E VALORES MOBILIARIOS S.A.,26,399253540409.17,0.00414424671546882
Fundo,2023-04-30,62418140000131,1652367397.99,4,4,1,INTRAG DTVM LTDA.,27,399253540409.17,0.00413864181716859
Fundo,2023-04-30,00360305000104,1590410904.55,4,4,1,CAIXA ECONOMICA FEDERAL,28,399253540409.17,0.00398346099303237
Fundo,2023-04-30,02332886000104,1475990329.25,5,5,1,XP INVESTIMENTOS CCTVM S.A.,29,399253540409.17,0.00369687474214343
Fundo,2023-04-30,00806535000154,1361612635.19,44,44,1,PLANNER CORRETORA DE VALORES S.A.,30,399253540409.17,0.00341039589478548
Fundo,2023-04-30,24361690000172,953457173.26,29,29,1,LIMINE TRUST DISTRIBUIDORA DE TITULOS E VALORES MOBILIARIOS S.A.,31,399253540409.17,0.00238809948255653
Fundo,2023-04-30,03017677000120,841253856.01,12,12,1,BANCO J. SAFRA S.A.,32,399253540409.17,0.00210706674046735
Fundo,2023-04-30,12063256000127,815967638.04,17,17,1,MONETAR DISTRIBUIDORA DE TITULOS E VALORES MOBILIARIOS LTDA.,33,399253540409.17,0.00204373300535736
Fundo,2023-04-30,44077014000189,530551774.65,1,1,1,BR-CAPITAL DTVM S.A.,34,399253540409.17,0.00132885928602229
Fundo,2023-04-30,15489568000195,499773047.79,9,9,1,INTRA INVESTIMENTOS DTVM LTDA,35,399253540409.17,0.00125176860617896
Fundo,2023-04-30,13673855000125,357197954.75,12,12,1,OSLO CAPITAL DISTRIBUIDORA DE TITULOS E VALORES MOBILIARIOS S.A.,36,399253540409.17,0.000894664464049411
Fundo,2023-04-30,01522368000182,233328818.39,1,1,1,BANCO BNP PARIBAS BRASIL S/A,37,399253540409.17,0.000584412647038461
Fundo,2023-04-30,40434681000110,232295240.5,27,27,1,AZUMI DISTRIBUIDORA DE TÍTULOS E VALORES MOBILIÁRIOS LTDA.,38,399253540409.17,0.000581823871272213
Fundo,2023-04-30,07253654000176,110312153.18,2,2,1,HEDGE INVESTMENTS DISTRIBUIDORA DE TÍTULOS E VALORES MOBILIÁRIOS LTDA.,39,399253540409.17,0.00027629599243365
Fundo,2023-04-30,71590442000183,97601145.82,6,6,1,LASTRO RDV DTVM LTDA,40,399253540409.17,0.0002444590615777
Fundo,2023-04-30,33851064000155,67863174.89,2,2,1,DILLON S/A DTVM,41,399253540409.17,0.000169975136151457
Fundo,2023-04-30,92875780000131,20647899.3,3,3,1,WARREN CORRETORA DE VALORES MOBILIÁRIOS E CÂMBIO LTDA.,42,399253540409.17,5.17162584928847e-05
Fundo,2023-04-30,27652684000162,2578432.94,4,4,1,GENIAL INVESTIMENTOS CORRETORA DE VALORES MOBILIÁRIOS S.A.,43,399253540409.17,6.45813419051344e-06
Fundo,2023-05-31,36113876000191,78168485893.61,91,91,1,OLIVEIRA TRUST DTVM S.A.,1,391083631907.63,0.199876649176851
Fundo,2023-05-31,62285390000140,53047566325.5,574,574,1,QI CORRETORA DE TÍTULOS E VALORES MOBILIÁRIOS S.A.,2,391083631907.63,0.135642512233878
Fundo,2023-05-31,30822936000169,43157179350.62,2,2,1,BB GESTAO DE RECURSOS DTVM S.A,3,391083631907.63,0.110352814154118
Fundo,2023-05-31,13486793000142,31786313203.22,134,134,1,APEX GROUP DISTRIBUIDORA DE TÍTULOS E VALORES MOBILIÁRIOS S.A.,4,391083631907.63,0.0812775340358085
Fundo,2023-05-31,59281253000123,26818331943.68,141,141,1,BTG PACTUAL SERVIÇOS FINANCEIROS S/A DTVM,5,391083631907.63,0.0685744167120096
Fundo,2023-05-31,45246410000155,21904800987.73,62,62,1,BANCO GENIAL S.A.,6,391083631907.63,0.0560105286965927
Fundo,2023-05-31,00066670000100,15842900322.75,20,20,1,BEM - DISTRIBUIDORA DE TITULOS E VALORES MOBILIARIOS LTDA.,7,391083631907.63,0.0405102618216759
Fundo,2023-05-31,62232889000190,13966361169.85,87,87,1,BANCO DAYCOVAL S.A.,8,391083631907.63,0.0357119552708581
Fundo,2023-05-31,34829992000186,9919932119.86,94,94,1,CBSF DISTRIBUIDORA DE TITULOS E VALORES MOBILIARIOS S.A. - EM LIQUIDAÇÃO EXTRAJUDICIAL,9,391083631907.63,0.0253652449515018
Fundo,2023-05-31,03317692000194,9657002246.25,66,66,1,FINAXIS CORRETORA DE TÍTULOS E VALORES MOBILIÁRIOS S.A.,10,391083631907.63,0.0246929338339859
Fundo,2023-05-31,00329598000167,9317338155.65,33,33,1,SEFER INVESTIMENTOS DISTRIBUIDORA DE TÍTULOS E VALORES MOBILIÁRIOS LTDA.,11,391083631907.63,0.0238244134897741
Fundo,2023-05-31,36864992000142,8972134031.66,44,44,1,APEX DISTRIBUIDORA DE TÍTULOS E VALORES MOBILIÁRIOS S.A.,12,391083631907.63,0.0229417272921796
Fundo,2023-05-31,02671743000119,8500654649.97,71,71,1,BANVOX DISTRIBUIDORA DE TITULOS E VALORES MOBILIARIOS LTDA,13,391083631907.63,0.0217361555340618
Fundo,2023-05-31,39669186000101,6346616154.57,53,53,1,HEMERA DISTRIBUIDORA DE TITULOS E VALORES MOBILIARIOS LTDA,14,391083631907.63,0.0162282837653226
Fundo,2023-05-31,22610500000188,5630578655.63,50,50,1,VORTX DISTRIBUIDORA DE TITULOS E VALORES MOBILIARIOS LTDA.,15,391083631907.63,0.0143973774309222
Fundo,2023-05-31,62318407000119,5390388431.67,11,11,1,S3 CACEIS BRASIL DISTRIBUIDORA DE TITULOS E VALORES MOBILIARIOS S.A,16,391083631907.63,0.0137832115483247
Fundo,2023-05-31,67030395000146,5353622284.26,84,84,1,TRUSTEE DISTRIBUIDORA DE TITULOS E VALORES MOBILIARIOS LTDA.,17,391083631907.63,0.0136892005890046
Fundo,2023-05-31,42066258000130,4325940777.6,10,10,1,RJI CORRETORA DE TÍTULOS E VALORES MOBILIÁRIOS LTDA.,18,391083631907.63,0.0110614212016466
Fundo,2023-05-31,02201501000161,4152510208.91,20,20,1,BNY MELLON SERVICOS FINANCEIROS DTVM S.A.,19,391083631907.63,0.0106179596130241
Fundo,2023-05-31,11758741000152,3802250013.43,23,23,1,BANCO FINAXIS S.A.,20,391083631907.63,0.00972234505157724
Fundo,2023-05-31,33886862000112,3314114255.47,62,62,1,"MASTER S/A CORRETORA DE CAMBIO, TITULOS E VALORES MOBILIARIOS",21,391083631907.63,0.00847418297540195
Fundo,2023-05-31,37678915000160,2746250684.15,21,21,1,FIDD DISTRIBUIDORA DE TITULOS E VALORES MOBILIARIOS LTDA.,22,391083631907.63,0.00702215705309456
Fundo,2023-05-31,36266751000100,2216868397.29,24,24,1,FINVEST DISTRIBUIDORA DE TÍTULOS E VALORES MOBILIÁRIOS LTDA.,23,391083631907.63,0.00566852769183038
Fundo,2023-05-31,05389174000101,1810985541.14,1,1,1,XP SERVIÇOS FINANCEIROS DTVM LTDA.,24,391083631907.63,0.00463068610748643
Fundo,2023-05-31,16695922000109,1807861013.81,77,77,1,ID CORRETORA DE TITULOS E VALORES MOBILIARIOS S.A.,25,391083631907.63,0.00462269669786896
Fundo,2023-05-31,62418140000131,1793128697.49,4,4,1,INTRAG DTVM LTDA.,26,391083631907.63,0.00458502619693764
Fundo,2023-05-31,02332886000104,1786121020.95,7,7,1,XP INVESTIMENTOS CCTVM S.A.,27,391083631907.63,0.00456710758319812
Fundo,2023-05-31,03384738000198,1640968786,5,5,1,TIVIO CAPITAL DISTRIBUIDORA DE TITULOS E VALORES MOBILIARIOS S.A.,28,391083631907.63,0.00419595363271961
Fundo,2023-05-31,00360305000104,1589611588.12,4,4,1,CAIXA ECONOMICA FEDERAL,29,391083631907.63,0.00406463338894083
Fundo,2023-05-31,00806535000154,1406977596.01,47,47,1,PLANNER CORRETORA DE VALORES S.A.,30,391083631907.63,0.003597638666561
Fundo,2023-05-31,24361690000172,1000531677.04,28,28,1,LIMINE TRUST DISTRIBUIDORA DE TITULOS E VALORES MOBILIARIOS S.A.,31,391083631907.63,0.00255835733180548
Fundo,2023-05-31,03017677000120,842334308.65,12,12,1,BANCO J. SAFRA S.A.,32,391083631907.63,0.00215384700336666
Fundo,2023-05-31,12063256000127,819032729.44,16,16,1,MONETAR DISTRIBUIDORA DE TITULOS E VALORES MOBILIARIOS LTDA.,33,391083631907.63,0.00209426491578008
Fundo,2023-05-31,44077014000189,531530662.76,1,1,1,BR-CAPITAL DTVM S.A.,34,391083631907.63,0.00135912275378874
Fundo,2023-05-31,15489568000195,506919120.15,8,8,1,INTRA INVESTIMENTOS DTVM LTDA,35,391083631907.63,0.00129619109262473
Fundo,2023-05-31,13673855000125,435388925.29,11,11,1,OSLO CAPITAL DISTRIBUIDORA DE TITULOS E VALORES MOBILIARIOS S.A.,36,391083631907.63,0.00111328853924737
Fundo,2023-05-31,01522368000182,237079225.93,1,1,1,BANCO BNP PARIBAS BRASIL S/A,37,391083631907.63,0.000606211067370868
Fundo,2023-05-31,40434681000110,225461688.02,27,27,1,AZUMI DISTRIBUIDORA DE TÍTULOS E VALORES MOBILIÁRIOS LTDA.,38,391083631907.63,0.000576505048089693
Fundo,2023-05-31,07253654000176,115711493.11,2,2,1,HEDGE INVESTMENTS DISTRIBUIDORA DE TÍTULOS E VALORES MOBILIÁRIOS LTDA.,39,391083631907.63,0.000295874037339742
Fundo,2023-05-31,71590442000183,100019931.8,7,7,1,LASTRO RDV DTVM LTDA,40,391083631907.63,0.000255750749045983
Fundo,2023-05-31,33851064000155,67731631.03,2,2,1,DILLON S/A DTVM,41,391083631907.63,0.000173189633888839
Fundo,2023-05-31,92875780000131,25971303.67,3,3,1,WARREN CORRETORA DE VALORES MOBILIÁRIOS E CÂMBIO LTDA.,42,391083631907.63,6.64085672502248e-05
Fundo,2023-05-31,27652684000162,2124703.89,4,4,1,GENIAL INVESTIMENTOS CORRETORA DE VALORES MOBILIÁRIOS S.A.,43,391083631907.63,5.43286324624763e-06
Fundo,2023-06-30,36113876000191,80935909014.02,93,93,1,OLIVEIRA TRUST DTVM S.A.,1,403640617913.06,0.200514778300763
Fundo,2023-06-30,62285390000140,54786937612.06,574,574,1,QI CORRETORA DE TÍTULOS E VALORES MOBILIÁRIOS S.A.,2,403640617913.06,0.13573197339585
Fundo,2023-06-30,59281253000123,39844735293.3,144,144,1,BTG PACTUAL SERVIÇOS FINANCEIROS S/A DTVM,3,403640617913.06,0.0987133938584004
Fundo,2023-06-30,30822936000169,36855482457.04,2,2,1,BB GESTAO DE RECURSOS DTVM S.A,4,403640617913.06,0.0913076653375312
Fundo,2023-06-30,13486793000142,31486563445.66,133,133,1,APEX GROUP DISTRIBUIDORA DE TÍTULOS E VALORES MOBILIÁRIOS S.A.,5,403640617913.06,0.0780064296017946
Fundo,2023-06-30,45246410000155,21479059415,62,62,1,BANCO GENIAL S.A.,6,403640617913.06,0.0532133250762845
Fundo,2023-06-30,00066670000100,16318035053.15,20,20,1,BEM - DISTRIBUIDORA DE TITULOS E VALORES MOBILIARIOS LTDA.,7,403640617913.06,0.0404271382238958
Fundo,2023-06-30,62232889000190,13968810333.4,90,90,1,BANCO DAYCOVAL S.A.,8,403640617913.06,0.0346070482342011
Fundo,2023-06-30,34829992000186,10163385226.51,97,97,1,CBSF DISTRIBUIDORA DE TITULOS E VALORES MOBILIARIOS S.A. - EM LIQUIDAÇÃO EXTRAJUDICIAL,9,403640617913.06,0.0251792926070168
Fundo,2023-06-30,03317692000194,9556493702.46,66,66,1,FINAXIS CORRETORA DE TÍTULOS E VALORES MOBILIÁRIOS S.A.,10,403640617913.06,0.0236757483720788
Fundo,2023-06-30,36864992000142,9080937680.46,46,46,1,APEX DISTRIBUIDORA DE TÍTULOS E VALORES MOBILIÁRIOS S.A.,11,403640617913.06,0.0224975814560267
Fundo,2023-06-30,00329598000167,9036312549.25,33,33,1,SEFER INVESTIMENTOS DISTRIBUIDORA DE TÍTULOS E VALORES MOBILIÁRIOS LTDA.,12,403640617913.06,0.022387024863777
Fundo,2023-06-30,02671743000119,8532220920.81,69,69,1,BANVOX DISTRIBUIDORA DE TITULOS E VALORES MOBILIARIOS LTDA,13,403640617913.06,0.0211381623705862
Fundo,2023-06-30,39669186000101,6377131038.11,54,54,1,HEMERA DISTRIBUIDORA DE TITULOS E VALORES MOBILIARIOS LTDA,14,403640617913.06,0.0157990319980225
Fundo,2023-06-30,62318407000119,5789473227.51,11,11,1,S3 CACEIS BRASIL DISTRIBUIDORA DE TITULOS E VALORES MOBILIARIOS S.A,15,403640617913.06,0.0143431383527338
Fundo,2023-06-30,22610500000188,5526486450.77,55,55,1,VORTX DISTRIBUIDORA DE TITULOS E VALORES MOBILIARIOS LTDA.,16,403640617913.06,0.0136916014036039
Fundo,2023-06-30,67030395000146,4807982031.86,86,86,1,TRUSTEE DISTRIBUIDORA DE TITULOS E VALORES MOBILIARIOS LTDA.,17,403640617913.06,0.0119115416498931
Fundo,2023-06-30,42066258000130,4325591322.71,10,10,1,RJI CORRETORA DE TÍTULOS E VALORES MOBILIÁRIOS LTDA.,18,403640617913.06,0.0107164421288288
Fundo,2023-06-30,02201501000161,4265149410.75,20,20,1,BNY MELLON SERVICOS FINANCEIROS DTVM S.A.,19,403640617913.06,0.010566700231513
Fundo,2023-06-30,11758741000152,4045682318.45,23,23,1,BANCO FINAXIS S.A.,20,403640617913.06,0.010022981184023
Fundo,2023-06-30,33886862000112,3507337541.74,64,64,1,"MASTER S/A CORRETORA DE CAMBIO, TITULOS E VALORES MOBILIARIOS",21,403640617913.06,0.00868925818187962
Fundo,2023-06-30,36266751000100,3059245818.13,25,25,1,FINVEST DISTRIBUIDORA DE TÍTULOS E VALORES MOBILIÁRIOS LTDA.,22,403640617913.06,0.00757913272937495
Fundo,2023-06-30,37678915000160,2765703793.85,21,21,1,FIDD DISTRIBUIDORA DE TITULOS E VALORES MOBILIARIOS LTDA.,23,403640617913.06,0.00685189664050535
Fundo,2023-06-30,62418140000131,1914436508.64,4,4,1,INTRAG DTVM LTDA.,24,403640617913.06,0.00474292334239848
Fundo,2023-06-30,16695922000109,1884682687.05,76,76,1,ID CORRETORA DE TITULOS E VALORES MOBILIARIOS S.A.,25,403640617913.06,0.00466920969647297
Fundo,2023-06-30,05389174000101,1818179464.28,1,1,1,XP SERVIÇOS FINANCEIROS DTVM LTDA.,26,403640617913.06,0.00450445119641457
Fundo,2023-06-30,02332886000104,1738643638.54,7,7,1,XP INVESTIMENTOS CCTVM S.A.,27,403640617913.06,0.00430740505633277
Fundo,2023-06-30,03384738000198,1610735218.21,5,5,1,TIVIO CAPITAL DISTRIBUIDORA DE TITULOS E VALORES MOBILIARIOS S.A.,28,403640617913.06,0.0039905181657336
Fundo,2023-06-30,00360305000104,1589383107.37,4,4,1,CAIXA ECONOMICA FEDERAL,29,403640617913.06,0.00393761934957779
Fundo,2023-06-30,00806535000154,1522136929.77,48,48,1,PLANNER CORRETORA DE VALORES S.A.,30,403640617913.06,0.00377102021506134
Fundo,2023-06-30,24361690000172,1046867273.21,30,30,1,LIMINE TRUST DISTRIBUIDORA DE TITULOS E VALORES MOBILIARIOS S.A.,31,403640617913.06,0.00259356275545957
Fundo,2023-06-30,12063256000127,894591278.15,18,18,1,MONETAR DISTRIBUIDORA DE TITULOS E VALORES MOBILIARIOS LTDA.,32,403640617913.06,0.00221630638357284
Fundo,2023-06-30,03017677000120,801006477.54,12,12,1,BANCO J. SAFRA S.A.,33,403640617913.06,0.00198445459151618
Fundo,2023-06-30,44077014000189,532358093.46,1,1,1,BR-CAPITAL DTVM S.A.,34,403640617913.06,0.00131889128555111
Fundo,2023-06-30,15489568000195,524307950.62,8,8,1,INTRA INVESTIMENTOS DTVM LTDA,35,403640617913.06,0.00129894744818008
Fundo,2023-06-30,13673855000125,423322210.71,11,11,1,OSLO CAPITAL DISTRIBUIDORA DE TITULOS E VALORES MOBILIARIOS S.A.,36,403640617913.06,0.00104876018894902
Fundo,2023-06-30,40434681000110,264156382.9,27,27,1,AZUMI DISTRIBUIDORA DE TÍTULOS E VALORES MOBILIÁRIOS LTDA.,37,403640617913.06,0.000654434591508074
Fundo,2023-06-30,01522368000182,240241632.08,1,1,1,BANCO BNP PARIBAS BRASIL S/A,38,403640617913.06,0.000595186959434656
Fundo,2023-06-30,07253654000176,122037391.23,2,2,1,HEDGE INVESTMENTS DISTRIBUIDORA DE TÍTULOS E VALORES MOBILIÁRIOS LTDA.,39,403640617913.06,0.000302341701538782
Fundo,2023-06-30,71590442000183,104776034.21,7,7,1,LASTRO RDV DTVM LTDA,40,403640617913.06,0.000259577529020054
Fundo,2023-06-30,33851064000155,66274833.04,2,2,1,DILLON S/A DTVM,41,403640617913.06,0.000164192675609953
Fundo,2023-06-30,92875780000131,25617150.24,2,2,1,WARREN CORRETORA DE VALORES MOBILIÁRIOS E CÂMBIO LTDA.,42,403640617913.06,6.3465243841039e-05
Fundo,2023-06-30,27652684000162,2197994.81,4,4,1,GENIAL INVESTIMENTOS CORRETORA DE VALORES MOBILIÁRIOS S.A.,43,403640617913.06,5.44542524328764e-06
Fundo,2023-07-31,36113876000191,80870268716.46,92,92,1,OLIVEIRA TRUST DTVM S.A.,1,417147218806.05,0.193865055478316
Fundo,2023-07-31,62285390000140,55728466495.97,576,576,1,QI CORRETORA DE TÍTULOS E VALORES MOBILIÁRIOS S.A.,2,417147218806.05,0.13359424199321
Fundo,2023-07-31,59281253000123,42951251623.75,144,144,1,BTG PACTUAL SERVIÇOS FINANCEIROS S/A DTVM,3,417147218806.05,0.102964252636477
Fundo,2023-07-31,30822936000169,40785190758.72,2,2,1,BB GESTAO DE RECURSOS DTVM S.A,4,417147218806.05,0.0977716952673316
Fundo,2023-07-31,13486793000142,29262631245.01,132,132,1,APEX GROUP DISTRIBUIDORA DE TÍTULOS E VALORES MOBILIÁRIOS S.A.,5,417147218806.05,0.0701494099104026
Fundo,2023-07-31,45246410000155,22406265409.84,62,62,1,BANCO GENIAL S.A.,6,417147218806.05,0.0537130883287937
Fundo,2023-07-31,00066670000100,16433318403.57,21,21,1,BEM - DISTRIBUIDORA DE TITULOS E VALORES MOBILIARIOS LTDA.,7,417147218806.05,0.0393945294675705
Fundo,2023-07-31,34829992000186,15416953886,94,94,1,CBSF DISTRIBUIDORA DE TITULOS E VALORES MOBILIARIOS S.A. - EM LIQUIDAÇÃO EXTRAJUDICIAL,8,417147218806.05,0.0369580646615027
Fundo,2023-07-31,62232889000190,14306104130.39,94,94,1,BANCO DAYCOVAL S.A.,9,417147218806.05,0.0342950965161332
Fundo,2023-07-31,03317692000194,9555981111.55,66,66,1,FINAXIS CORRETORA DE TÍTULOS E VALORES MOBILIÁRIOS S.A.,10,417147218806.05,0.0229079343712297
Fundo,2023-07-31,00329598000167,9207036926.4,33,33,1,SEFER INVESTIMENTOS DISTRIBUIDORA DE TÍTULOS E VALORES MOBILIÁRIOS LTDA.,11,417147218806.05,0.0220714330848284
Fundo,2023-07-31,36864992000142,9187283737.04,46,46,1,APEX DISTRIBUIDORA DE TÍTULOS E VALORES MOBILIÁRIOS S.A.,12,417147218806.05,0.0220240800438168
Fundo,2023-07-31,39669186000101,6875764490.48,56,56,1,HEMERA DISTRIBUIDORA DE TITULOS E VALORES MOBILIARIOS LTDA,13,417147218806.05,0.0164828247211133
Fundo,2023-07-31,02671743000119,6700893555.33,70,70,1,BANVOX DISTRIBUIDORA DE TITULOS E VALORES MOBILIARIOS LTDA,14,417147218806.05,0.0160636179584492
Fundo,2023-07-31,22610500000188,5449086252.64,56,56,1,VORTX DISTRIBUIDORA DE TITULOS E VALORES MOBILIARIOS LTDA.,15,417147218806.05,0.0130627414183325
Fundo,2023-07-31,62318407000119,5407337469.61,11,11,1,S3 CACEIS BRASIL DISTRIBUIDORA DE TITULOS E VALORES MOBILIARIOS S.A,16,417147218806.05,0.0129626597657459
Fundo,2023-07-31,67030395000146,4961724643.79,86,86,1,TRUSTEE DISTRIBUIDORA DE TITULOS E VALORES MOBILIARIOS LTDA.,17,417147218806.05,0.0118944210103842
Fundo,2023-07-31,42066258000130,4325961632.67,10,10,1,RJI CORRETORA DE TÍTULOS E VALORES MOBILIÁRIOS LTDA.,18,417147218806.05,0.0103703475359411
Fundo,2023-07-31,11758741000152,3816580649.65,22,22,1,BANCO FINAXIS S.A.,19,417147218806.05,0.00914924150896592
Fundo,2023-07-31,33886862000112,3745570647.68,65,65,1,"MASTER S/A CORRETORA DE CAMBIO, TITULOS E VALORES MOBILIARIOS",20,417147218806.05,0.00897901383209624
Fundo,2023-07-31,02201501000161,3720669761.82,20,20,1,BNY MELLON SERVICOS FINANCEIROS DTVM S.A.,21,417147218806.05,0.00891932055179278
Fundo,2023-07-31,36266751000100,3315874735.46,25,25,1,FINVEST DISTRIBUIDORA DE TÍTULOS E VALORES MOBILIÁRIOS LTDA.,22,417147218806.05,0.00794893166242514
Fundo,2023-07-31,37678915000160,2766045239.07,20,20,1,FIDD DISTRIBUIDORA DE TITULOS E VALORES MOBILIARIOS LTDA.,23,417147218806.05,0.00663086103507274
Fundo,2023-07-31,13673855000125,2204507574.34,13,13,1,OSLO CAPITAL DISTRIBUIDORA DE TITULOS E VALORES MOBILIARIOS S.A.,24,417147218806.05,0.00528472317435004
Fundo,2023-07-31,00806535000154,2135259889.81,47,47,1,PLANNER CORRETORA DE VALORES S.A.,25,417147218806.05,0.00511872018689588
Fundo,2023-07-31,62418140000131,2074892748.58,4,4,1,INTRAG DTVM LTDA.,26,417147218806.05,0.00497400595051003
Fundo,2023-07-31,16695922000109,2026593467.3,80,80,1,ID CORRETORA DE TITULOS E VALORES MOBILIARIOS S.A.,27,417147218806.05,0.00485822121288612
Fundo,2023-07-31,05389174000101,1808722031.6,1,1,1,XP SERVIÇOS FINANCEIROS DTVM LTDA.,28,417147218806.05,0.0043359321363256
Fundo,2023-07-31,02332886000104,1759409636.41,8,8,1,XP INVESTIMENTOS CCTVM S.A.,29,417147218806.05,0.00421771872636655
Fundo,2023-07-31,00360305000104,1607854602.33,4,4,1,CAIXA ECONOMICA FEDERAL,30,417147218806.05,0.00385440566266262
Fundo,2023-07-31,03384738000198,1467514318.51,5,5,1,TIVIO CAPITAL DISTRIBUIDORA DE TITULOS E VALORES MOBILIARIOS S.A.,31,417147218806.05,0.00351797699313515
Fundo,2023-07-31,24361690000172,1115481003.37,32,32,1,LIMINE TRUST DISTRIBUIDORA DE TITULOS E VALORES MOBILIARIOS S.A.,32,417147218806.05,0.00267407033555853
Fundo,2023-07-31,12063256000127,920200591.31,19,19,1,MONETAR DISTRIBUIDORA DE TITULOS E VALORES MOBILIARIOS LTDA.,33,417147218806.05,0.00220593725626118
Fundo,2023-07-31,03017677000120,850281843.03,12,12,1,BANCO J. SAFRA S.A.,34,417147218806.05,0.00203832557115845
Fundo,2023-07-31,15489568000195,537067722.67,8,8,1,INTRA INVESTIMENTOS DTVM LTDA,35,417147218806.05,0.00128747765406943
Fundo,2023-07-31,44077014000189,532893511.37,1,1,1,BR-CAPITAL DTVM S.A.,36,417147218806.05,0.00127747108777385
Fundo,2023-07-31,40434681000110,277364463.04,29,29,1,AZUMI DISTRIBUIDORA DE TÍTULOS E VALORES MOBILIÁRIOS LTDA.,37,417147218806.05,0.000664907856353128
Fundo,2023-07-31,01522368000182,243184274.45,1,1,1,BANCO BNP PARIBAS BRASIL S/A,38,417147218806.05,0.000582969904836084
Fundo,2023-07-31,07253654000176,123747680.54,2,2,1,HEDGE INVESTMENTS DISTRIBUIDORA DE TÍTULOS E VALORES MOBILIÁRIOS LTDA.,39,417147218806.05,0.00029665229674595
Fundo,2023-07-31,71590442000183,110611515.6,7,7,1,LASTRO RDV DTVM LTDA,40,417147218806.05,0.000265161819648684
Fundo,2023-07-31,92875780000131,84765479.77,3,3,1,WARREN CORRETORA DE VALORES MOBILIÁRIOS E CÂMBIO LTDA.,41,417147218806.05,0.000203202792559936
Fundo,2023-07-31,33851064000155,67348905.77,2,2,1,DILLON S/A DTVM,42,417147218806.05,0.000161451168157766
Fundo,2023-07-31,27652684000162,2245433.67,4,4,1,GENIAL INVESTIMENTOS CORRETORA DE VALORES MOBILIÁRIOS S.A.,43,417147218806.05,5.38283265180776e-06
Fundo,2023-07-31,44782130000107,1010589.68,1,1,1,ACTUAL DISTRIBUIDORA DE TITULOS E VALORES MOBILIARIOS S.A.,44,417147218806.05,2.4226211621223e-06
Fundo,2023-08-31,36113876000191,81017231515.49,91,91,1,OLIVEIRA TRUST DTVM S.A.,1,415995707005.96,0.194754970186097
Fundo,2023-08-31,62285390000140,56266612546.43,586,586,1,QI CORRETORA DE TÍTULOS E VALORES MOBILIÁRIOS S.A.,2,415995707005.96,0.135257675977949
Fundo,2023-08-31,59281253000123,44262657009.39,146,146,1,BTG PACTUAL SERVIÇOS FINANCEIROS S/A DTVM,3,415995707005.96,0.106401715844524
Fundo,2023-08-31,30822936000169,34117724624.46,2,2,1,BB GESTAO DE RECURSOS DTVM S.A,4,415995707005.96,0.0820146074824065
Fundo,2023-08-31,13486793000142,28591584140.2,131,131,1,APEX GROUP DISTRIBUIDORA DE TÍTULOS E VALORES MOBILIÁRIOS S.A.,5,415995707005.96,0.0687304788455193
Fundo,2023-08-31,45246410000155,22843323521.43,62,62,1,BANCO GENIAL S.A.,6,415995707005.96,0.0549124020674154
Fundo,2023-08-31,34829992000186,17015089837.82,100,100,1,CBSF DISTRIBUIDORA DE TITULOS E VALORES MOBILIARIOS S.A. - EM LIQUIDAÇÃO EXTRAJUDICIAL,7,415995707005.96,0.040902080361075
Fundo,2023-08-31,00066670000100,16186501502.56,21,21,1,BEM - DISTRIBUIDORA DE TITULOS E VALORES MOBILIARIOS LTDA.,8,415995707005.96,0.038910260923265
Fundo,2023-08-31,62232889000190,14783343667.42,99,99,1,BANCO DAYCOVAL S.A.,9,415995707005.96,0.0355372505495789
Fundo,2023-08-31,00329598000167,9992915529.67,34,34,1,SEFER INVESTIMENTOS DISTRIBUIDORA DE TÍTULOS E VALORES MOBILIÁRIOS LTDA.,10,415995707005.96,0.0240216794581653
Fundo,2023-08-31,03317692000194,9623033822.11,68,68,1,FINAXIS CORRETORA DE TÍTULOS E VALORES MOBILIÁRIOS S.A.,11,415995707005.96,0.023132531562332
Fundo,2023-08-31,36864992000142,9284510476.45,46,46,1,APEX DISTRIBUIDORA DE TÍTULOS E VALORES MOBILIÁRIOS S.A.,12,415995707005.96,0.0223187651220568
Fundo,2023-08-31,39669186000101,7170523582.02,58,58,1,HEMERA DISTRIBUIDORA DE TITULOS E VALORES MOBILIARIOS LTDA,13,415995707005.96,0.0172370134144612
Fundo,2023-08-31,02671743000119,6763588697.26,72,72,1,BANVOX DISTRIBUIDORA DE TITULOS E VALORES MOBILIARIOS LTDA,14,415995707005.96,0.0162587944619416
Fundo,2023-08-31,22610500000188,5390252702.9,56,56,1,VORTX DISTRIBUIDORA DE TITULOS E VALORES MOBILIARIOS LTDA.,15,415995707005.96,0.0129574719453121
Fundo,2023-08-31,62318407000119,5389503137.86,11,11,1,S3 CACEIS BRASIL DISTRIBUIDORA DE TITULOS E VALORES MOBILIARIOS S.A,16,415995707005.96,0.012955670087679
Fundo,2023-08-31,67030395000146,5053567752.37,92,92,1,TRUSTEE DISTRIBUIDORA DE TITULOS E VALORES MOBILIARIOS LTDA.,17,415995707005.96,0.0121481247697049
Fundo,2023-08-31,42066258000130,4326143978.68,10,10,1,RJI CORRETORA DE TÍTULOS E VALORES MOBILIÁRIOS LTDA.,18,415995707005.96,0.010399491883742
Fundo,2023-08-31,11758741000152,3968496507.3,21,21,1,BANCO FINAXIS S.A.,19,415995707005.96,0.00953975351299273
Fundo,2023-08-31,33886862000112,3913665427.07,68,68,1,"MASTER S/A CORRETORA DE CAMBIO, TITULOS E VALORES MOBILIARIOS",20,415995707005.96,0.00940794667146392
Fundo,2023-08-31,02201501000161,3714155704.06,20,20,1,BNY MELLON SERVICOS FINANCEIROS DTVM S.A.,21,415995707005.96,0.00892835104186973
Fundo,2023-08-31,36266751000100,2925700547.02,24,24,1,FINVEST DISTRIBUIDORA DE TÍTULOS E VALORES MOBILIÁRIOS LTDA.,22,415995707005.96,0.00703300658575807
Fundo,2023-08-31,37678915000160,2813177571.69,20,20,1,FIDD DISTRIBUIDORA DE TITULOS E VALORES MOBILIARIOS LTDA.,23,415995707005.96,0.00676251587290947
Fundo,2023-08-31,62418140000131,2400815873.25,4,4,1,INTRAG DTVM LTDA.,24,415995707005.96,0.00577125156057344
Fundo,2023-08-31,16695922000109,2288213160.51,81,81,1,ID CORRETORA DE TITULOS E VALORES MOBILIARIOS S.A.,25,415995707005.96,0.00550056916928043
Fundo,2023-08-31,00806535000154,2208513938.96,52,52,1,PLANNER CORRETORA DE VALORES S.A.,26,415995707005.96,0.00530898252497677
Fundo,2023-08-31,13673855000125,2166180278.95,11,11,1,OSLO CAPITAL DISTRIBUIDORA DE TITULOS E VALORES MOBILIARIOS S.A.,27,415995707005.96,0.00520721786900307
Fundo,2023-08-31,05389174000101,1826247023.41,1,1,1,XP SERVIÇOS FINANCEIROS DTVM LTDA.,28,415995707005.96,0.00439006218730963
Fundo,2023-08-31,02332886000104,1808600359.31,8,8,1,XP INVESTIMENTOS CCTVM S.A.,29,415995707005.96,0.00434764188391994
Fundo,2023-08-31,00360305000104,1589574851.52,4,4,1,CAIXA ECONOMICA FEDERAL,30,415995707005.96,0.00382113282601069
Fundo,2023-08-31,03384738000198,1387541811.45,5,5,1,TIVIO CAPITAL DISTRIBUIDORA DE TITULOS E VALORES MOBILIARIOS S.A.,31,415995707005.96,0.00333547146781041
Fundo,2023-08-31,24361690000172,1079081629.85,32,32,1,LIMINE TRUST DISTRIBUIDORA DE TITULOS E VALORES MOBILIARIOS S.A.,32,415995707005.96,0.00259397299461684
Fundo,2023-08-31,12063256000127,957759077.39,20,20,1,MONETAR DISTRIBUIDORA DE TITULOS E VALORES MOBILIARIOS LTDA.,33,415995707005.96,0.00230232923383577
Fundo,2023-08-31,03017677000120,833769313.02,12,12,1,BANCO J. SAFRA S.A.,34,415995707005.96,0.00200427383979723
Fundo,2023-08-31,15489568000195,534718311.4,8,8,1,INTRA INVESTIMENTOS DTVM LTDA,35,415995707005.96,0.00128539382112503
Fundo,2023-08-31,44077014000189,533434386.86,1,1,1,BR-CAPITAL DTVM S.A.,36,415995707005.96,0.00128230743220712
Fundo,2023-08-31,40434681000110,306977820.83,32,32,1,AZUMI DISTRIBUIDORA DE TÍTULOS E VALORES MOBILIÁRIOS LTDA.,37,415995707005.96,0.000737935069184745
Fundo,2023-08-31,01522368000182,245687960.2,1,1,1,BANCO BNP PARIBAS BRASIL S/A,38,415995707005.96,0.000590602153008468
Fundo,2023-08-31,07253654000176,141841666.13,2,2,1,HEDGE INVESTMENTS DISTRIBUIDORA DE TÍTULOS E VALORES MOBILIÁRIOS LTDA.,39,415995707005.96,0.000340969062279212
Fundo,2023-08-31,71590442000183,119603994.05,7,7,1,LASTRO RDV DTVM LTDA,40,415995707005.96,0.000287512568124378
Fundo,2023-08-31,92875780000131,86005791.79,3,3,1,WARREN CORRETORA DE VALORES MOBILIÁRIOS E CÂMBIO LTDA.,41,415995707005.96,0.000206746825367522
Fundo,2023-08-31,33851064000155,65466649.76,2,2,1,DILLON S/A DTVM,42,415995707005.96,0.000157373378276382
Fundo,2023-08-31,27652684000162,2369305.66,4,4,1,GENIAL INVESTIMENTOS CORRETORA DE VALORES MOBILIÁRIOS S.A.,43,415995707005.96,5.69550507396475e-06
Fundo,2023-09-30,36113876000191,80934224240.61,103,103,1,OLIVEIRA TRUST DTVM S.A.,1,424423683531.28,0.190692054616799
Fundo,2023-09-30,62285390000140,59633858866.52,609,609,1,QI CORRETORA DE TÍTULOS E VALORES MOBILIÁRIOS S.A.,2,424423683531.28,0.140505492931864
Fundo,2023-09-30,59281253000123,46943852733.51,158,158,1,BTG PACTUAL SERVIÇOS FINANCEIROS S/A DTVM,3,424423683531.28,0.110606110250325
Fundo,2023-09-30,30822936000169,30455006329.86,2,2,1,BB GESTAO DE RECURSOS DTVM S.A,4,424423683531.28,0.0717561425330202
Fundo,2023-09-30,13486793000142,28312516979.69,133,133,1,APEX GROUP DISTRIBUIDORA DE TÍTULOS E VALORES MOBILIÁRIOS S.A.,5,424423683531.28,0.0667081458417326
Fundo,2023-09-30,45246410000155,23398426137.46,75,75,1,BANCO GENIAL S.A.,6,424423683531.28,0.055129878575062
Fundo,2023-09-30,34829992000186,17581419835.51,107,107,1,CBSF DISTRIBUIDORA DE TITULOS E VALORES MOBILIARIOS S.A. - EM LIQUIDAÇÃO EXTRAJUDICIAL,7,424423683531.28,0.0414242195186411
Fundo,2023-09-30,00066670000100,16516219002.56,21,21,1,BEM - DISTRIBUIDORA DE TITULOS E VALORES MOBILIARIOS LTDA.,8,424423683531.28,0.0389144612881688
Fundo,2023-09-30,62232889000190,16035190532.74,105,105,1,BANCO DAYCOVAL S.A.,9,424423683531.28,0.0377810927027549
Fundo,2023-09-30,00329598000167,10257172281.02,34,34,1,SEFER INVESTIMENTOS DISTRIBUIDORA DE TÍTULOS E VALORES MOBILIÁRIOS LTDA.,10,424423683531.28,0.0241672948023977
Fundo,2023-09-30,03317692000194,9667240498.9,74,74,1,FINAXIS CORRETORA DE TÍTULOS E VALORES MOBILIÁRIOS S.A.,11,424423683531.28,0.0227773351818326
Fundo,2023-09-30,36864992000142,9473171451.54,46,46,1,APEX DISTRIBUIDORA DE TÍTULOS E VALORES MOBILIÁRIOS S.A.,12,424423683531.28,0.0223200820762912
Fundo,2023-09-30,39669186000101,8393996763.76,65,65,1,HEMERA DISTRIBUIDORA DE TITULOS E VALORES MOBILIARIOS LTDA,13,424423683531.28,0.0197773995407619
Fundo,2023-09-30,02671743000119,6847545421.36,76,76,1,BANVOX DISTRIBUIDORA DE TITULOS E VALORES MOBILIARIOS LTDA,14,424423683531.28,0.0161337495692682
Fundo,2023-09-30,62318407000119,5473765046.77,11,11,1,S3 CACEIS BRASIL DISTRIBUIDORA DE TITULOS E VALORES MOBILIARIOS S.A,15,424423683531.28,0.012896935913725
Fundo,2023-09-30,22610500000188,5345881880.96,66,66,1,VORTX DISTRIBUIDORA DE TITULOS E VALORES MOBILIARIOS LTDA.,16,424423683531.28,0.0125956257588675
Fundo,2023-09-30,67030395000146,5165587431.99,91,91,1,TRUSTEE DISTRIBUIDORA DE TITULOS E VALORES MOBILIARIOS LTDA.,17,424423683531.28,0.012170827483074
Fundo,2023-09-30,42066258000130,4824864925.91,10,10,1,RJI CORRETORA DE TÍTULOS E VALORES MOBILIÁRIOS LTDA.,18,424423683531.28,0.0113680388562822
Fundo,2023-09-30,11758741000152,4151529005.68,21,21,1,BANCO FINAXIS S.A.,19,424423683531.28,0.00978156772765022
Fundo,2023-09-30,33886862000112,3831344908.03,70,70,1,"MASTER S/A CORRETORA DE CAMBIO, TITULOS E VALORES MOBILIARIOS",20,424423683531.28,0.00902717038821334
Fundo,2023-09-30,02201501000161,3658631042.19,23,23,1,BNY MELLON SERVICOS FINANCEIROS DTVM S.A.,21,424423683531.28,0.00862023299866196
Fundo,2023-09-30,16695922000109,3373350407.56,88,88,1,ID CORRETORA DE TITULOS E VALORES MOBILIARIOS S.A.,22,424423683531.28,0.00794807297154845
Fundo,2023-09-30,36266751000100,3066637907.62,24,24,1,FINVEST DISTRIBUIDORA DE TÍTULOS E VALORES MOBILIÁRIOS LTDA.,23,424423683531.28,0.00722541655099223
Fundo,2023-09-30,37678915000160,2913841805.47,20,20,1,FIDD DISTRIBUIDORA DE TITULOS E VALORES MOBILIARIOS LTDA.,24,424423683531.28,0.0068654081252637
Fundo,2023-09-30,62418140000131,2568839153.49,5,5,1,INTRAG DTVM LTDA.,25,424423683531.28,0.00605253489182509
Fundo,2023-09-30,13673855000125,2138583880.65,12,12,1,OSLO CAPITAL DISTRIBUIDORA DE TITULOS E VALORES MOBILIARIOS S.A.,26,424423683531.28,0.00503879487321868
Fundo,2023-09-30,05389174000101,1829654106.76,1,1,1,XP SERVIÇOS FINANCEIROS DTVM LTDA.,27,424423683531.28,0.00431091425326917
Fundo,2023-09-30,00806535000154,1806354444.56,55,55,1,PLANNER CORRETORA DE VALORES S.A.,28,424423683531.28,0.00425601707598127
Fundo,2023-09-30,02332886000104,1780836036.4,8,8,1,XP INVESTIMENTOS CCTVM S.A.,29,424423683531.28,0.00419589223104406
Fundo,2023-09-30,00360305000104,1584605465.46,4,4,1,CAIXA ECONOMICA FEDERAL,30,424423683531.28,0.00373354628157365
Fundo,2023-09-30,03384738000198,1437522209.03,5,5,1,TIVIO CAPITAL DISTRIBUIDORA DE TITULOS E VALORES MOBILIARIOS S.A.,31,424423683531.28,0.00338699809838499
Fundo,2023-09-30,24361690000172,1053057257.39,50,50,1,LIMINE TRUST DISTRIBUIDORA DE TITULOS E VALORES MOBILIARIOS S.A.,32,424423683531.28,0.0024811463126383
Fundo,2023-09-30,12063256000127,1003772931.41,23,23,1,MONETAR DISTRIBUIDORA DE TITULOS E VALORES MOBILIARIOS LTDA.,33,424423683531.28,0.00236502572867384
Fundo,2023-09-30,03017677000120,830707799.34,12,12,1,BANCO J. SAFRA S.A.,34,424423683531.28,0.00195726070804618
Fundo,2023-09-30,15489568000195,547757675.99,10,10,1,INTRA INVESTIMENTOS DTVM LTDA,35,424423683531.28,0.00129059168289705
Fundo,2023-09-30,44077014000189,534135142.5,1,1,1,BR-CAPITAL DTVM S.A.,36,424423683531.28,0.001258495138763
Fundo,2023-09-30,40434681000110,321394054.96,37,37,1,AZUMI DISTRIBUIDORA DE TÍTULOS E VALORES MOBILIÁRIOS LTDA.,37,424423683531.28,0.000757248163641446
Fundo,2023-09-30,01522368000182,247756187.54,1,1,1,BANCO BNP PARIBAS BRASIL S/A,38,424423683531.28,0.000583747319373473
Fundo,2023-09-30,07253654000176,144847957.39,2,2,1,HEDGE INVESTMENTS DISTRIBUIDORA DE TÍTULOS E VALORES MOBILIÁRIOS LTDA.,39,424423683531.28,0.000341281514228517
Fundo,2023-09-30,71590442000183,124531797.11,7,7,1,LASTRO RDV DTVM LTDA,40,424423683531.28,0.000293413873782616
Fundo,2023-09-30,92875780000131,91150275.52,3,3,1,WARREN CORRETORA DE VALORES MOBILIÁRIOS E CÂMBIO LTDA.,41,424423683531.28,0.000214762462739152
Fundo,2023-09-30,33851064000155,65832946.75,2,2,1,DILLON S/A DTVM,42,424423683531.28,0.000155111388229465
Fundo,2023-09-30,46955383000152,39256181.2,1,1,1,QI DISTRIBUIDORA DE TITULOS E VALORES MOBILIARIOS LTDA.,43,424423683531.28,9.24929091453654e-05
Fundo,2023-09-30,27652684000162,17212590.61,4,4,1,GENIAL INVESTIMENTOS CORRETORA DE VALORES MOBILIÁRIOS S.A.,44,424423683531.28,4.05552076330619e-05
Fundo,2023-09-30,40768766000135,6e+05,1,1,1,LIONS TRUST DISTRIBUIDORA DE TÍTULOS E VALORES MOBILIÁRIOS LTDA.,45,424423683531.28,1.41368171306534e-06
Fundo,2023-10-31,36113876000191,79618207633.71,103,103,1,OLIVEIRA TRUST DTVM S.A.,1,434140099558.9,0.183392890255023
Fundo,2023-10-31,62285390000140,61777107177.84,616,616,1,QI CORRETORA DE TÍTULOS E VALORES MOBILIÁRIOS S.A.,2,434140099558.9,0.142297629821819
Fundo,2023-10-31,59281253000123,47900472224.14,159,159,1,BTG PACTUAL SERVIÇOS FINANCEIROS S/A DTVM,3,434140099558.9,0.110334134701697
Fundo,2023-10-31,30822936000169,41744277376.46,2,2,1,BB GESTAO DE RECURSOS DTVM S.A,4,434140099558.9,0.0961539314587008
Fundo,2023-10-31,13486793000142,27672049804.25,131,131,1,APEX GROUP DISTRIBUIDORA DE TÍTULOS E VALORES MOBILIÁRIOS S.A.,5,434140099558.9,0.0637399075376029
Fundo,2023-10-31,45246410000155,23848312975.94,73,73,1,BANCO GENIAL S.A.,6,434140099558.9,0.0549322972012275
Fundo,2023-10-31,00066670000100,16064752816.81,20,20,1,BEM - DISTRIBUIDORA DE TITULOS E VALORES MOBILIARIOS LTDA.,7,434140099558.9,0.0370036143473784
Fundo,2023-10-31,62232889000190,16061341899.61,105,105,1,BANCO DAYCOVAL S.A.,8,434140099558.9,0.0369957576273853
Fundo,2023-10-31,34829992000186,13589281700.77,109,109,1,CBSF DISTRIBUIDORA DE TITULOS E VALORES MOBILIARIOS S.A. - EM LIQUIDAÇÃO EXTRAJUDICIAL,9,434140099558.9,0.0313016045156325
Fundo,2023-10-31,36864992000142,11045932005.72,47,47,1,APEX DISTRIBUIDORA DE TÍTULOS E VALORES MOBILIÁRIOS S.A.,10,434140099558.9,0.0254432429000293
Fundo,2023-10-31,00329598000167,10697261905.36,33,33,1,SEFER INVESTIMENTOS DISTRIBUIDORA DE TÍTULOS E VALORES MOBILIÁRIOS LTDA.,11,434140099558.9,0.0246401148298182
Fundo,2023-10-31,03317692000194,9753125577.71,74,74,1,FINAXIS CORRETORA DE TÍTULOS E VALORES MOBILIÁRIOS S.A.,12,434140099558.9,0.022465387527251
Fundo,2023-10-31,39669186000101,8164628785.37,64,64,1,HEMERA DISTRIBUIDORA DE TITULOS E VALORES MOBILIARIOS LTDA,13,434140099558.9,0.0188064378150406
Fundo,2023-10-31,02671743000119,6826076806.73,77,77,1,BANVOX DISTRIBUIDORA DE TITULOS E VALORES MOBILIARIOS LTDA,14,434140099558.9,0.0157232119623723
Fundo,2023-10-31,62318407000119,5411709825.99,11,11,1,S3 CACEIS BRASIL DISTRIBUIDORA DE TITULOS E VALORES MOBILIARIOS S.A,15,434140099558.9,0.0124653535379212
Fundo,2023-10-31,22610500000188,5296248380.52,65,65,1,VORTX DISTRIBUIDORA DE TITULOS E VALORES MOBILIARIOS LTDA.,16,434140099558.9,0.0121993991937192
Fundo,2023-10-31,67030395000146,5209093020.24,89,89,1,TRUSTEE DISTRIBUIDORA DE TITULOS E VALORES MOBILIARIOS LTDA.,17,434140099558.9,0.0119986451966372
Fundo,2023-10-31,42066258000130,4827186254.4,10,10,1,RJI CORRETORA DE TÍTULOS E VALORES MOBILIÁRIOS LTDA.,18,434140099558.9,0.0111189596614194
Fundo,2023-10-31,11758741000152,4267339342.53,21,21,1,BANCO FINAXIS S.A.,19,434140099558.9,0.00982940609924251
Fundo,2023-10-31,33886862000112,4011919055.29,69,69,1,"MASTER S/A CORRETORA DE CAMBIO, TITULOS E VALORES MOBILIARIOS",20,434140099558.9,0.00924107001257483
Fundo,2023-10-31,36266751000100,3924778108.94,20,20,1,FINVEST DISTRIBUIDORA DE TÍTULOS E VALORES MOBILIÁRIOS LTDA.,21,434140099558.9,0.00904034921659552
Fundo,2023-10-31,02201501000161,3713223822.79,23,23,1,BNY MELLON SERVICOS FINANCEIROS DTVM S.A.,22,434140099558.9,0.0085530542480705
Fundo,2023-10-31,16695922000109,3140423574.27,86,86,1,ID CORRETORA DE TITULOS E VALORES MOBILIARIOS S.A.,23,434140099558.9,0.00723366391969037
Fundo,2023-10-31,37678915000160,2966906591.93,18,18,1,FIDD DISTRIBUIDORA DE TITULOS E VALORES MOBILIARIOS LTDA.,24,434140099558.9,0.00683398422524082
Fundo,2023-10-31,62418140000131,2837235944.58,5,5,1,INTRAG DTVM LTDA.,25,434140099558.9,0.00653530034996242
Fundo,2023-10-31,13673855000125,2093713330.16,12,12,1,OSLO CAPITAL DISTRIBUIDORA DE TITULOS E VALORES MOBILIARIOS S.A.,26,434140099558.9,0.00482266745754949
Fundo,2023-10-31,00806535000154,1936724562.94,55,55,1,PLANNER CORRETORA DE VALORES S.A.,27,434140099558.9,0.00446105891832561
Fundo,2023-10-31,02332886000104,1814146454.48,8,8,1,XP INVESTIMENTOS CCTVM S.A.,28,434140099558.9,0.00417871202481234
Fundo,2023-10-31,00360305000104,1583614918.82,4,4,1,CAIXA ECONOMICA FEDERAL,29,434140099558.9,0.00364770478568785
Fundo,2023-10-31,03384738000198,1264355015.85,5,5,1,TIVIO CAPITAL DISTRIBUIDORA DE TITULOS E VALORES MOBILIARIOS S.A.,30,434140099558.9,0.00291232027894826
Fundo,2023-10-31,24361690000172,1129311974.67,48,48,1,LIMINE TRUST DISTRIBUIDORA DE TITULOS E VALORES MOBILIARIOS S.A.,31,434140099558.9,0.00260126161075058
Fundo,2023-10-31,12063256000127,935788051.7,24,24,1,MONETAR DISTRIBUIDORA DE TITULOS E VALORES MOBILIARIOS LTDA.,32,434140099558.9,0.00215549785115632
Fundo,2023-10-31,03017677000120,830647035.67,12,12,1,BANCO J. SAFRA S.A.,33,434140099558.9,0.0019133156244124
Fundo,2023-10-31,15489568000195,567038223.03,10,10,1,INTRA INVESTIMENTOS DTVM LTDA,34,434140099558.9,0.00130611805637426
Fundo,2023-10-31,44077014000189,534849435.51,1,1,1,BR-CAPITAL DTVM S.A.,35,434140099558.9,0.00123197427755101
Fundo,2023-10-31,40434681000110,358139029.06,37,37,1,AZUMI DISTRIBUIDORA DE TÍTULOS E VALORES MOBILIÁRIOS LTDA.,36,434140099558.9,0.000824938837540878
Fundo,2023-10-31,01522368000182,251485908.02,1,1,1,BANCO BNP PARIBAS BRASIL S/A,37,434140099558.9,0.00057927362221439
Fundo,2023-10-31,07253654000176,146068332.6,2,2,1,HEDGE INVESTMENTS DISTRIBUIDORA DE TÍTULOS E VALORES MOBILIÁRIOS LTDA.,38,434140099558.9,0.000336454367491992
Fundo,2023-10-31,71590442000183,135458354.19,8,8,1,LASTRO RDV DTVM LTDA,39,434140099558.9,0.000312015301806099
Fundo,2023-10-31,33851064000155,66104034.95,2,2,1,DILLON S/A DTVM,40,434140099558.9,0.000152264292142476
Fundo,2023-10-31,44782130000107,46798579.8,2,2,1,ACTUAL DISTRIBUIDORA DE TITULOS E VALORES MOBILIARIOS S.A.,41,434140099558.9,0.00010779603139067
Fundo,2023-10-31,46955383000152,41339304.42,2,2,1,QI DISTRIBUIDORA DE TITULOS E VALORES MOBILIARIOS LTDA.,42,434140099558.9,9.52211151699694e-05
Fundo,2023-10-31,92875780000131,31279663.35,2,2,1,WARREN CORRETORA DE VALORES MOBILIÁRIOS E CÂMBIO LTDA.,43,434140099558.9,7.20496986612873e-05
Fundo,2023-10-31,27652684000162,3802163.08,4,4,1,GENIAL INVESTIMENTOS CORRETORA DE VALORES MOBILIÁRIOS S.A.,44,434140099558.9,8.75791728030449e-06
Fundo,2023-10-31,40768766000135,542574.7,1,1,1,LIONS TRUST DISTRIBUIDORA DE TÍTULOS E VALORES MOBILIÁRIOS LTDA.,45,434140099558.9,1.24976868193303e-06
Fundo,2023-11-30,36113876000191,80331003181.04,104,104,1,OLIVEIRA TRUST DTVM S.A.,1,447529819207.07,0.179498660722474
Fundo,2023-11-30,62285390000140,63619881723.89,619,619,1,QI CORRETORA DE TÍTULOS E VALORES MOBILIÁRIOS S.A.,2,447529819207.07,0.142157860757997
Fundo,2023-11-30,59281253000123,46942699699.37,156,156,1,BTG PACTUAL SERVIÇOS FINANCEIROS S/A DTVM,3,447529819207.07,0.104892898047649
Fundo,2023-11-30,30822936000169,45384450588.27,2,2,1,BB GESTAO DE RECURSOS DTVM S.A,4,447529819207.07,0.101411009145004
Fundo,2023-11-30,45246410000155,24946153025.52,71,71,1,BANCO GENIAL S.A.,5,447529819207.07,0.0557418789874592
Fundo,2023-11-30,13486793000142,24796850529.68,126,126,1,APEX GROUP DISTRIBUIDORA DE TÍTULOS E VALORES MOBILIÁRIOS S.A.,6,447529819207.07,0.0554082643556912
Fundo,2023-11-30,34829992000186,18439065963.92,108,108,1,CBSF DISTRIBUIDORA DE TITULOS E VALORES MOBILIARIOS S.A. - EM LIQUIDAÇÃO EXTRAJUDICIAL,7,447529819207.07,0.0412018711883606
Fundo,2023-11-30,62232889000190,16935153506.87,110,110,1,BANCO DAYCOVAL S.A.,8,447529819207.07,0.0378413968858557
Fundo,2023-11-30,00066670000100,16064375445.79,20,20,1,BEM - DISTRIBUIDORA DE TITULOS E VALORES MOBILIARIOS LTDA.,9,447529819207.07,0.0358956537784515
Fundo,2023-11-30,00329598000167,11275701794.9,33,33,1,SEFER INVESTIMENTOS DISTRIBUIDORA DE TÍTULOS E VALORES MOBILIÁRIOS LTDA.,10,447529819207.07,0.0251954200836901
Fundo,2023-11-30,36864992000142,11189487692.9,47,47,1,APEX DISTRIBUIDORA DE TÍTULOS E VALORES MOBILIÁRIOS S.A.,11,447529819207.07,0.025002775709394
Fundo,2023-11-30,03317692000194,10048001522.98,74,74,1,FINAXIS CORRETORA DE TÍTULOS E VALORES MOBILIÁRIOS S.A.,12,447529819207.07,0.0224521385877325
Fundo,2023-11-30,39669186000101,7684876102.95,63,63,1,HEMERA DISTRIBUIDORA DE TITULOS E VALORES MOBILIARIOS LTDA,13,447529819207.07,0.0171717632504712
Fundo,2023-11-30,02671743000119,6970172461.13,78,78,1,BANVOX DISTRIBUIDORA DE TITULOS E VALORES MOBILIARIOS LTDA,14,447529819207.07,0.0155747665562927
Fundo,2023-11-30,22610500000188,6160941220.9,66,66,1,VORTX DISTRIBUIDORA DE TITULOS E VALORES MOBILIARIOS LTDA.,15,447529819207.07,0.0137665490800499
Fundo,2023-11-30,67030395000146,5472536729.51,90,90,1,TRUSTEE DISTRIBUIDORA DE TITULOS E VALORES MOBILIARIOS LTDA.,16,447529819207.07,0.012228317521291
Fundo,2023-11-30,62318407000119,5384113639.75,11,11,1,S3 CACEIS BRASIL DISTRIBUIDORA DE TITULOS E VALORES MOBILIARIOS S.A,17,447529819207.07,0.0120307371904056
Fundo,2023-11-30,42066258000130,4827053231.04,10,10,1,RJI CORRETORA DE TÍTULOS E VALORES MOBILIÁRIOS LTDA.,18,447529819207.07,0.0107859924051375
Fundo,2023-11-30,11758741000152,4375109121.13,21,21,1,BANCO FINAXIS S.A.,19,447529819207.07,0.00977612872563841
Fundo,2023-11-30,33886862000112,4304154235.25,71,71,1,"MASTER S/A CORRETORA DE CAMBIO, TITULOS E VALORES MOBILIARIOS",20,447529819207.07,0.00961758088628835
Fundo,2023-11-30,36266751000100,3982161614.52,20,20,1,FINVEST DISTRIBUIDORA DE TÍTULOS E VALORES MOBILIÁRIOS LTDA.,21,447529819207.07,0.00889809224684863
Fundo,2023-11-30,02201501000161,3734281596.87,23,23,1,BNY MELLON SERVICOS FINANCEIROS DTVM S.A.,22,447529819207.07,0.00834420732787454
Fundo,2023-11-30,16695922000109,3196573015.23,85,85,1,ID CORRETORA DE TITULOS E VALORES MOBILIARIOS S.A.,23,447529819207.07,0.0071427039675114
Fundo,2023-11-30,37678915000160,3130375244.52,17,17,1,FIDD DISTRIBUIDORA DE TITULOS E VALORES MOBILIARIOS LTDA.,24,447529819207.07,0.00699478584481002
Fundo,2023-11-30,62418140000131,3007070367.62,5,5,1,INTRAG DTVM LTDA.,25,447529819207.07,0.00671926257997267
Fundo,2023-11-30,02332886000104,2269509437.86,9,9,1,XP INVESTIMENTOS CCTVM S.A.,26,447529819207.07,0.00507119155072415
Fundo,2023-11-30,13673855000125,2094235193.22,12,12,1,OSLO CAPITAL DISTRIBUIDORA DE TITULOS E VALORES MOBILIARIOS S.A.,27,447529819207.07,0.00467954335854212
Fundo,2023-11-30,00806535000154,2058127461.63,60,60,1,PLANNER CORRETORA DE VALORES S.A.,28,447529819207.07,0.00459886106645715
Fundo,2023-11-30,03017677000120,1691722468.54,11,11,1,BANCO J. SAFRA S.A.,29,447529819207.07,0.0037801335149854
Fundo,2023-11-30,00360305000104,1582860612.27,4,4,1,CAIXA ECONOMICA FEDERAL,30,447529819207.07,0.0035368830060855
Fundo,2023-11-30,03384738000198,1254122286.01,5,5,1,TIVIO CAPITAL DISTRIBUIDORA DE TITULOS E VALORES MOBILIARIOS S.A.,31,447529819207.07,0.00280232116874814
Fundo,2023-11-30,24361690000172,1182151505.58,48,48,1,LIMINE TRUST DISTRIBUIDORA DE TITULOS E VALORES MOBILIARIOS S.A.,32,447529819207.07,0.00264150332524105
Fundo,2023-11-30,12063256000127,939778506.52,23,23,1,MONETAR DISTRIBUIDORA DE TITULOS E VALORES MOBILIARIOS LTDA.,33,447529819207.07,0.0020999237730909
Fundo,2023-11-30,15489568000195,614624282.35,12,12,1,INTRA INVESTIMENTOS DTVM LTDA,34,447529819207.07,0.00137337056877905
Fundo,2023-11-30,44077014000189,535547836.53,1,1,1,BR-CAPITAL DTVM S.A.,35,447529819207.07,0.00119667520139525
Fundo,2023-11-30,40434681000110,379068518.47,36,36,1,AZUMI DISTRIBUIDORA DE TÍTULOS E VALORES MOBILIÁRIOS LTDA.,36,447529819207.07,0.000847024046669406
Fundo,2023-11-30,01522368000182,254573516.71,1,1,1,BANCO BNP PARIBAS BRASIL S/A,37,447529819207.07,0.000568841462142235
Fundo,2023-11-30,07253654000176,145798767.24,2,2,1,HEDGE INVESTMENTS DISTRIBUIDORA DE TÍTULOS E VALORES MOBILIÁRIOS LTDA.,38,447529819207.07,0.000325785592339579
Fundo,2023-11-30,71590442000183,142862920.93,6,6,1,LASTRO RDV DTVM LTDA,39,447529819207.07,0.000319225479059973
Fundo,2023-11-30,33851064000155,73685486.54,2,2,1,DILLON S/A DTVM,40,447529819207.07,0.000164649333692569
Fundo,2023-11-30,46955383000152,45562383.34,2,2,1,QI DISTRIBUIDORA DE TITULOS E VALORES MOBILIARIOS LTDA.,41,447529819207.07,0.000101808597739313
Fundo,2023-11-30,44782130000107,31080535.33,1,1,1,ACTUAL DISTRIBUIDORA DE TITULOS E VALORES MOBILIARIOS S.A.,42,447529819207.07,6.94490824881083e-05
Fundo,2023-11-30,92875780000131,28264052.05,1,1,1,WARREN CORRETORA DE VALORES MOBILIÁRIOS E CÂMBIO LTDA.,43,447529819207.07,6.31556844638376e-05
Fundo,2023-11-30,27652684000162,3507739.07,4,4,1,GENIAL INVESTIMENTOS CORRETORA DE VALORES MOBILIÁRIOS S.A.,44,447529819207.07,7.83800077549019e-06
Fundo,2023-11-30,40768766000135,492441.33,1,1,1,LIONS TRUST DISTRIBUIDORA DE TÍTULOS E VALORES MOBILIÁRIOS LTDA.,45,447529819207.07,1.10035423085886e-06
Fundo,2023-12-31,36113876000191,85702592478.74,110,110,1,OLIVEIRA TRUST DTVM S.A.,1,485391928094,0.176563695270481
Fundo,2023-12-31,62285390000140,67150774653.88,649,649,1,QI CORRETORA DE TÍTULOS E VALORES MOBILIÁRIOS S.A.,2,485391928094,0.138343410277881
Fundo,2023-12-31,59281253000123,52721649721.72,156,156,1,BTG PACTUAL SERVIÇOS FINANCEIROS S/A DTVM,3,485391928094,0.108616659384393
Fundo,2023-12-31,30822936000169,37885991848.8,2,2,1,BB GESTAO DE RECURSOS DTVM S.A,4,485391928094,0.0780523730536019
Fundo,2023-12-31,34829992000186,28865940145.3,137,137,1,CBSF DISTRIBUIDORA DE TITULOS E VALORES MOBILIARIOS S.A. - EM LIQUIDAÇÃO EXTRAJUDICIAL,5,485391928094,0.0594693452333428
Fundo,2023-12-31,13486793000142,28131572115.21,131,131,1,APEX GROUP DISTRIBUIDORA DE TÍTULOS E VALORES MOBILIÁRIOS S.A.,6,485391928094,0.057956406950719
Fundo,2023-12-31,45246410000155,24858731134.17,73,73,1,BANCO GENIAL S.A.,7,485391928094,0.0512137299682411
Fundo,2023-12-31,62232889000190,20513619549.13,119,119,1,BANCO DAYCOVAL S.A.,8,485391928094,0.0422619709183903
Fundo,2023-12-31,00066670000100,18066629118.53,20,20,1,BEM - DISTRIBUIDORA DE TITULOS E VALORES MOBILIARIOS LTDA.,9,485391928094,0.0372207036682144
Fundo,2023-12-31,00329598000167,12389143122.19,34,34,1,SEFER INVESTIMENTOS DISTRIBUIDORA DE TÍTULOS E VALORES MOBILIÁRIOS LTDA.,10,485391928094,0.0255239990719226
Fundo,2023-12-31,36864992000142,12147488149.74,49,49,1,APEX DISTRIBUIDORA DE TÍTULOS E VALORES MOBILIÁRIOS S.A.,11,485391928094,0.0250261437132666
Fundo,2023-12-31,03317692000194,10530375877.68,74,74,1,FINAXIS CORRETORA DE TÍTULOS E VALORES MOBILIÁRIOS S.A.,12,485391928094,0.0216945838366738
Fundo,2023-12-31,39669186000101,7978030112.25,63,63,1,HEMERA DISTRIBUIDORA DE TITULOS E VALORES MOBILIARIOS LTDA,13,485391928094,0.0164362644916192
Fundo,2023-12-31,67030395000146,7334936054.62,94,94,1,TRUSTEE DISTRIBUIDORA DE TITULOS E VALORES MOBILIARIOS LTDA.,14,485391928094,0.0151113680102227
Fundo,2023-12-31,02671743000119,7284602137.53,78,78,1,BANVOX DISTRIBUIDORA DE TITULOS E VALORES MOBILIARIOS LTDA,15,485391928094,0.0150076705357146
Fundo,2023-12-31,22610500000188,6823556116.89,73,73,1,VORTX DISTRIBUIDORA DE TITULOS E VALORES MOBILIARIOS LTDA.,16,485391928094,0.0140578277510387
Fundo,2023-12-31,62318407000119,6455070225.01,13,13,1,S3 CACEIS BRASIL DISTRIBUIDORA DE TITULOS E VALORES MOBILIARIOS S.A,17,485391928094,0.0132986764950074
Fundo,2023-12-31,33886862000112,4952794314.86,76,76,1,"MASTER S/A CORRETORA DE CAMBIO, TITULOS E VALORES MOBILIARIOS",18,485391928094,0.0102037014383578
Fundo,2023-12-31,42066258000130,4824336085.79,10,10,1,RJI CORRETORA DE TÍTULOS E VALORES MOBILIÁRIOS LTDA.,19,485391928094,0.00993905297258204
Fundo,2023-12-31,11758741000152,4776535067.74,21,21,1,BANCO FINAXIS S.A.,20,485391928094,0.00984057375345349
Fundo,2023-12-31,02201501000161,4111628542.03,32,32,1,BNY MELLON SERVICOS FINANCEIROS DTVM S.A.,21,485391928094,0.00847073942530365
Fundo,2023-12-31,36266751000100,4043188633.78,20,20,1,FINVEST DISTRIBUIDORA DE TÍTULOS E VALORES MOBILIÁRIOS LTDA.,22,485391928094,0.00832974015381031
Fundo,2023-12-31,16695922000109,3524805037.54,90,90,1,ID CORRETORA DE TITULOS E VALORES MOBILIARIOS S.A.,23,485391928094,0.00726177102157618
Fundo,2023-12-31,02332886000104,3332879962.66,10,10,1,XP INVESTIMENTOS CCTVM S.A.,24,485391928094,0.00686636874195106
Fundo,2023-12-31,37678915000160,3315655313.1,20,20,1,FIDD DISTRIBUIDORA DE TITULOS E VALORES MOBILIARIOS LTDA.,25,485391928094,0.00683088267684974
Fundo,2023-12-31,62418140000131,3293715293.52,5,5,1,INTRAG DTVM LTDA.,26,485391928094,0.00678568204966554
Fundo,2023-12-31,00806535000154,2499813710.23,65,65,1,PLANNER CORRETORA DE VALORES S.A.,27,485391928094,0.00515009328656551
Fundo,2023-12-31,03017677000120,2095030455.39,11,11,1,BANCO J. SAFRA S.A.,28,485391928094,0.00431616253615219
Fundo,2023-12-31,13673855000125,2051861938.69,13,13,1,OSLO CAPITAL DISTRIBUIDORA DE TITULOS E VALORES MOBILIARIOS S.A.,29,485391928094,0.00422722715383236
Fundo,2023-12-31,00360305000104,1565589460.85,4,4,1,CAIXA ECONOMICA FEDERAL,30,485391928094,0.00322541305331887
Fundo,2023-12-31,03384738000198,1288935440.46,5,5,1,TIVIO CAPITAL DISTRIBUIDORA DE TITULOS E VALORES MOBILIARIOS S.A.,31,485391928094,0.00265545297698149
Fundo,2023-12-31,24361690000172,1261913768.54,47,47,1,LIMINE TRUST DISTRIBUIDORA DE TITULOS E VALORES MOBILIARIOS S.A.,32,485391928094,0.00259978317623696
Fundo,2023-12-31,12063256000127,1050749949.03,24,24,1,MONETAR DISTRIBUIDORA DE TITULOS E VALORES MOBILIARIOS LTDA.,33,485391928094,0.0021647454113133
Fundo,2023-12-31,15489568000195,834525497.17,18,18,1,INTRA INVESTIMENTOS DTVM LTDA,34,485391928094,0.00171928177801998
Fundo,2023-12-31,44077014000189,536283187.88,1,1,1,BR-CAPITAL DTVM S.A.,35,485391928094,0.00110484570682054
Fundo,2023-12-31,40434681000110,472885396.45,38,38,1,AZUMI DISTRIBUIDORA DE TÍTULOS E VALORES MOBILIÁRIOS LTDA.,36,485391928094,0.000974234158171707
Fundo,2023-12-31,01522368000182,257440615.79,1,1,1,BANCO BNP PARIBAS BRASIL S/A,37,485391928094,0.00053037679633631
Fundo,2023-12-31,07253654000176,153350670.12,2,2,1,HEDGE INVESTMENTS DISTRIBUIDORA DE TÍTULOS E VALORES MOBILIÁRIOS LTDA.,38,485391928094,0.000315931644603497
Fundo,2023-12-31,71590442000183,148451671.7,6,6,1,LASTRO RDV DTVM LTDA,39,485391928094,0.000305838772974509
Fundo,2023-12-31,33851064000155,72621904.48,2,2,1,DILLON S/A DTVM,40,485391928094,0.000149614981784238
Fundo,2023-12-31,46955383000152,50067920.94,2,2,1,QI DISTRIBUIDORA DE TITULOS E VALORES MOBILIARIOS LTDA.,41,485391928094,0.000103149471678697
Fundo,2023-12-31,44782130000107,32071445.2,1,1,1,ACTUAL DISTRIBUIDORA DE TITULOS E VALORES MOBILIARIOS S.A.,42,485391928094,6.60732973577367e-05
Fundo,2023-12-31,27652684000162,3550159.72,4,4,1,GENIAL INVESTIMENTOS CORRETORA DE VALORES MOBILIÁRIOS S.A.,43,485391928094,7.31400650591883e-06
Fundo,2023-12-31,40768766000135,544088.95,1,1,1,LIONS TRUST DISTRIBUIDORA DE TÍTULOS E VALORES MOBILIÁRIOS LTDA.,44,485391928094,1.12092706637394e-06
Fundo,2024-01-31,36113876000191,84953176031.99,112,112,1,OLIVEIRA TRUST DTVM S.A.,1,494412908044.42,0.171826371540359
Fundo,2024-01-31,62285390000140,68800240042.83,652,652,1,QI CORRETORA DE TÍTULOS E VALORES MOBILIÁRIOS S.A.,2,494412908044.42,0.139155428435232
Fundo,2024-01-31,59281253000123,52901056490.5,156,156,1,BTG PACTUAL SERVIÇOS FINANCEIROS S/A DTVM,3,494412908044.42,0.106997725240918
Fundo,2024-01-31,30822936000169,40454805745.95,2,2,1,BB GESTAO DE RECURSOS DTVM S.A,4,494412908044.42,0.0818239271016674
Fundo,2024-01-31,34829992000186,31361824235.04,144,144,1,CBSF DISTRIBUIDORA DE TITULOS E VALORES MOBILIARIOS S.A. - EM LIQUIDAÇÃO EXTRAJUDICIAL,5,494412908044.42,0.0634324543812726
Fundo,2024-01-31,13486793000142,27982061288.2,131,131,1,APEX GROUP DISTRIBUIDORA DE TÍTULOS E VALORES MOBILIÁRIOS S.A.,6,494412908044.42,0.0565965427538676
Fundo,2024-01-31,45246410000155,25502818741.98,73,73,1,BANCO GENIAL S.A.,7,494412908044.42,0.0515820245123712
Fundo,2024-01-31,62232889000190,20768985243.35,122,122,1,BANCO DAYCOVAL S.A.,8,494412908044.42,0.0420073685484846
Fundo,2024-01-31,00066670000100,18030405237.17,20,20,1,BEM - DISTRIBUIDORA DE TITULOS E VALORES MOBILIARIOS LTDA.,9,494412908044.42,0.0364683141232835
Fundo,2024-01-31,36864992000142,12602132952.42,51,51,1,APEX DISTRIBUIDORA DE TÍTULOS E VALORES MOBILIÁRIOS S.A.,10,494412908044.42,0.0254890856354579
Fundo,2024-01-31,00329598000167,11893716450.67,32,32,1,SEFER INVESTIMENTOS DISTRIBUIDORA DE TÍTULOS E VALORES MOBILIÁRIOS LTDA.,11,494412908044.42,0.0240562417711016
Fundo,2024-01-31,03317692000194,11514129358.77,74,74,1,FINAXIS CORRETORA DE TÍTULOS E VALORES MOBILIÁRIOS S.A.,12,494412908044.42,0.0232884885718549
Fundo,2024-01-31,39669186000101,8083832728.68,62,62,1,HEMERA DISTRIBUIDORA DE TITULOS E VALORES MOBILIARIOS LTDA,13,494412908044.42,0.0163503674704903
Fundo,2024-01-31,02671743000119,7384359459.75,78,78,1,BANVOX DISTRIBUIDORA DE TITULOS E VALORES MOBILIARIOS LTDA,14,494412908044.42,0.0149356121970152
Fundo,2024-01-31,67030395000146,7257165971.88,95,95,1,TRUSTEE DISTRIBUIDORA DE TITULOS E VALORES MOBILIARIOS LTDA.,15,494412908044.42,0.0146783505321184
Fundo,2024-01-31,22610500000188,6965179992.89,75,75,1,VORTX DISTRIBUIDORA DE TITULOS E VALORES MOBILIARIOS LTDA.,16,494412908044.42,0.0140877794239632
Fundo,2024-01-31,62318407000119,5930428135.21,13,13,1,S3 CACEIS BRASIL DISTRIBUIDORA DE TITULOS E VALORES MOBILIARIOS S.A,17,494412908044.42,0.011994889370237
Fundo,2024-01-31,33886862000112,5181124087.88,77,77,1,"MASTER S/A CORRETORA DE CAMBIO, TITULOS E VALORES MOBILIARIOS",18,494412908044.42,0.010479346318795
Fundo,2024-01-31,42066258000130,4824024778.7,10,10,1,RJI CORRETORA DE TÍTULOS E VALORES MOBILIÁRIOS LTDA.,19,494412908044.42,0.00975707692944495
Fundo,2024-01-31,11758741000152,4713395638.67,21,21,1,BANCO FINAXIS S.A.,20,494412908044.42,0.00953331832963902
Fundo,2024-01-31,36266751000100,4066803827.37,20,20,1,FINVEST DISTRIBUIDORA DE TÍTULOS E VALORES MOBILIÁRIOS LTDA.,21,494412908044.42,0.00822552114073167
Fundo,2024-01-31,02201501000161,4042949468.85,29,29,1,BNY MELLON SERVICOS FINANCEIROS DTVM S.A.,22,494412908044.42,0.00817727329337196
Fundo,2024-01-31,16695922000109,3673188872.55,93,93,1,ID CORRETORA DE TITULOS E VALORES MOBILIARIOS S.A.,23,494412908044.42,0.00742939517311305
Fundo,2024-01-31,62418140000131,3565704579.2,6,6,1,INTRAG DTVM LTDA.,24,494412908044.42,0.00721199734307836
Fundo,2024-01-31,02332886000104,3477598755.33,10,10,1,XP INVESTIMENTOS CCTVM S.A.,25,494412908044.42,0.00703379442313743
Fundo,2024-01-31,37678915000160,3226108440.7,19,19,1,FIDD DISTRIBUIDORA DE TITULOS E VALORES MOBILIARIOS LTDA.,26,494412908044.42,0.0065251298827541
Fundo,2024-01-31,00806535000154,2871427579.84,64,64,1,PLANNER CORRETORA DE VALORES S.A.,27,494412908044.42,0.00580775204918805
Fundo,2024-01-31,03017677000120,2174766923.83,11,11,1,BANCO J. SAFRA S.A.,28,494412908044.42,0.00439868556917735
Fundo,2024-01-31,13673855000125,2013255771.3,16,16,1,OSLO CAPITAL DISTRIBUIDORA DE TITULOS E VALORES MOBILIARIOS S.A.,29,494412908044.42,0.0040720129643523
Fundo,2024-01-31,24361690000172,1666430375.51,47,47,1,LIMINE TRUST DISTRIBUIDORA DE TITULOS E VALORES MOBILIARIOS S.A.,30,494412908044.42,0.00337052360162142
Fundo,2024-01-31,00360305000104,1565046192.81,4,4,1,CAIXA ECONOMICA FEDERAL,31,494412908044.42,0.00316546386096657
Fundo,2024-01-31,03384738000198,1433457272,4,4,1,TIVIO CAPITAL DISTRIBUIDORA DE TITULOS E VALORES MOBILIARIOS S.A.,32,494412908044.42,0.00289931198938522
Fundo,2024-01-31,12063256000127,1014102670.1,24,24,1,MONETAR DISTRIBUIDORA DE TITULOS E VALORES MOBILIARIOS LTDA.,33,494412908044.42,0.00205112498804115
Fundo,2024-01-31,44077014000189,537029254.23,1,1,1,BR-CAPITAL DTVM S.A.,34,494412908044.42,0.00108619586077181
Fundo,2024-01-31,15489568000195,520066964.75,17,17,1,INTRA INVESTIMENTOS DTVM LTDA,35,494412908044.42,0.00105188791855587
Fundo,2024-01-31,40434681000110,493155337.96,40,40,1,AZUMI DISTRIBUIDORA DE TÍTULOS E VALORES MOBILIÁRIOS LTDA.,36,494412908044.42,0.00099745643759708
Fundo,2024-01-31,46955383000152,285052790.48,3,3,1,QI DISTRIBUIDORA DE TITULOS E VALORES MOBILIARIOS LTDA.,37,494412908044.42,0.000576548034733733
Fundo,2024-01-31,01522368000182,260894819.34,1,1,1,BANCO BNP PARIBAS BRASIL S/A,38,494412908044.42,0.000527686100211122
Fundo,2024-01-31,07253654000176,156048466.88,2,2,1,HEDGE INVESTMENTS DISTRIBUIDORA DE TÍTULOS E VALORES MOBILIÁRIOS LTDA.,39,494412908044.42,0.000315623771833198
Fundo,2024-01-31,71590442000183,152713642.81,6,6,1,LASTRO RDV DTVM LTDA,40,494412908044.42,0.000308878753619191
Fundo,2024-01-31,33851064000155,74827140.84,2,2,1,DILLON S/A DTVM,41,494412908044.42,0.000151345443499783
Fundo,2024-01-31,44782130000107,33053495.44,1,1,1,ACTUAL DISTRIBUIDORA DE TITULOS E VALORES MOBILIARIOS S.A.,42,494412908044.42,6.68540301076248e-05
Fundo,2024-01-31,27652684000162,3861133.84,4,4,1,GENIAL INVESTIMENTOS CORRETORA DE VALORES MOBILIÁRIOS S.A.,43,494412908044.42,7.80953283617162e-06
Fundo,2024-01-31,40768766000135,501655.93,1,1,1,LIONS TRUST DISTRIBUIDORA DE TÍTULOS E VALORES MOBILIÁRIOS LTDA.,44,494412908044.42,1.01464974283181e-06
Fundo,2024-02-29,36113876000191,85822012720.97,112,112,1,OLIVEIRA TRUST DTVM S.A.,1,493510153754.88,0.1739012096671
Fundo,2024-02-29,62285390000140,70207496659.51,648,648,1,QI CORRETORA DE TÍTULOS E VALORES MOBILIÁRIOS S.A.,2,493510153754.88,0.142261503892747
Fundo,2024-02-29,59281253000123,53622823089.56,160,160,1,BTG PACTUAL SERVIÇOS FINANCEIROS S/A DTVM,3,493510153754.88,0.108655967220877
Fundo,2024-02-29,30822936000169,31919221571.83,2,2,1,BB GESTAO DE RECURSOS DTVM S.A,4,493510153754.88,0.0646779429541056
Fundo,2024-02-29,34829992000186,31629429897.08,146,146,1,CBSF DISTRIBUIDORA DE TITULOS E VALORES MOBILIARIOS S.A. - EM LIQUIDAÇÃO EXTRAJUDICIAL,5,493510153754.88,0.0640907378630956
Fundo,2024-02-29,13486793000142,26742344811.97,127,127,1,APEX GROUP DISTRIBUIDORA DE TÍTULOS E VALORES MOBILIÁRIOS S.A.,6,493510153754.88,0.0541880336372017
Fundo,2024-02-29,45246410000155,25838795209.82,74,74,1,BANCO GENIAL S.A.,7,493510153754.88,0.0523571703909739
Fundo,2024-02-29,62232889000190,21794418252.54,126,126,1,BANCO DAYCOVAL S.A.,8,493510153754.88,0.0441620462856069
Fundo,2024-02-29,00066670000100,18107448211.8,20,20,1,BEM - DISTRIBUIDORA DE TITULOS E VALORES MOBILIARIOS LTDA.,9,493510153754.88,0.0366911360871285
Fundo,2024-02-29,36864992000142,12747856407.64,51,51,1,APEX DISTRIBUIDORA DE TÍTULOS E VALORES MOBILIÁRIOS S.A.,10,493510153754.88,0.0258309911369558
Fundo,2024-02-29,00329598000167,12156927526.57,32,32,1,SEFER INVESTIMENTOS DISTRIBUIDORA DE TÍTULOS E VALORES MOBILIÁRIOS LTDA.,11,493510153754.88,0.0246335914956842
Fundo,2024-02-29,03317692000194,12117679177.36,74,74,1,FINAXIS CORRETORA DE TÍTULOS E VALORES MOBILIÁRIOS S.A.,12,493510153754.88,0.0245540625358211
Fundo,2024-02-29,39669186000101,8612779962.87,66,66,1,HEMERA DISTRIBUIDORA DE TITULOS E VALORES MOBILIARIOS LTDA,13,493510153754.88,0.0174520825910866
Fundo,2024-02-29,02671743000119,7633101424.92,79,79,1,BANVOX DISTRIBUIDORA DE TITULOS E VALORES MOBILIARIOS LTDA,14,493510153754.88,0.0154669592243309
Fundo,2024-02-29,67030395000146,7564045548.04,91,91,1,TRUSTEE DISTRIBUIDORA DE TITULOS E VALORES MOBILIARIOS LTDA.,15,493510153754.88,0.0153270312484735
Fundo,2024-02-29,22610500000188,6987901704.71,77,77,1,VORTX DISTRIBUIDORA DE TITULOS E VALORES MOBILIARIOS LTDA.,16,493510153754.88,0.0141595905404224
Fundo,2024-02-29,62318407000119,5795716071.17,13,13,1,S3 CACEIS BRASIL DISTRIBUIDORA DE TITULOS E VALORES MOBILIARIOS S.A,17,493510153754.88,0.0117438638842042
Fundo,2024-02-29,33886862000112,5332072887.64,80,80,1,"MASTER S/A CORRETORA DE CAMBIO, TITULOS E VALORES MOBILIARIOS",18,493510153754.88,0.0108043833486927
Fundo,2024-02-29,42066258000130,4826064166.1,10,10,1,RJI CORRETORA DE TÍTULOS E VALORES MOBILIÁRIOS LTDA.,19,493510153754.88,0.00977905749128121
Fundo,2024-02-29,11758741000152,4720615147.9,20,20,1,BANCO FINAXIS S.A.,20,493510153754.88,0.00956538606548036
Fundo,2024-02-29,62418140000131,4457545715.18,7,7,1,INTRAG DTVM LTDA.,21,493510153754.88,0.00903232827382515
Fundo,2024-02-29,36266751000100,4330922883.6,20,20,1,FINVEST DISTRIBUIDORA DE TÍTULOS E VALORES MOBILIÁRIOS LTDA.,22,493510153754.88,0.00877575233386406
Fundo,2024-02-29,02201501000161,4071319679.85,29,29,1,BNY MELLON SERVICOS FINANCEIROS DTVM S.A.,23,493510153754.88,0.00824971816460776
Fundo,2024-02-29,16695922000109,4024983223.09,95,95,1,ID CORRETORA DE TITULOS E VALORES MOBILIARIOS S.A.,24,493510153754.88,0.0081558265670237
Fundo,2024-02-29,02332886000104,3528798117.24,10,10,1,XP INVESTIMENTOS CCTVM S.A.,25,493510153754.88,0.00715040630955834
Fundo,2024-02-29,37678915000160,3263743325.27,20,20,1,FIDD DISTRIBUIDORA DE TITULOS E VALORES MOBILIARIOS LTDA.,26,493510153754.88,0.00661332558294446
Fundo,2024-02-29,00806535000154,2982101095.2,64,64,1,PLANNER CORRETORA DE VALORES S.A.,27,493510153754.88,0.00604263371788936
Fundo,2024-02-29,03017677000120,2186170224.67,11,11,1,BANCO J. SAFRA S.A.,28,493510153754.88,0.00442983838941608
Fundo,2024-02-29,13673855000125,1980270432.38,16,16,1,OSLO CAPITAL DISTRIBUIDORA DE TITULOS E VALORES MOBILIARIOS S.A.,29,493510153754.88,0.00401262348365698
Fundo,2024-02-29,24361690000172,1847599237,49,49,1,LIMINE TRUST DISTRIBUIDORA DE TITULOS E VALORES MOBILIARIOS S.A.,30,493510153754.88,0.00374379173952656
Fundo,2024-02-29,00360305000104,1561725939.92,4,4,1,CAIXA ECONOMICA FEDERAL,31,493510153754.88,0.00316452646017024
Fundo,2024-02-29,03384738000198,1365469135.26,4,4,1,TIVIO CAPITAL DISTRIBUIDORA DE TITULOS E VALORES MOBILIARIOS S.A.,32,493510153754.88,0.00276685114758188
Fundo,2024-02-29,12063256000127,928642559.88,23,23,1,MONETAR DISTRIBUIDORA DE TITULOS E VALORES MOBILIARIOS LTDA.,33,493510153754.88,0.00188170912556592
Fundo,2024-02-29,40434681000110,570365756.93,43,43,1,AZUMI DISTRIBUIDORA DE TÍTULOS E VALORES MOBILIÁRIOS LTDA.,34,493510153754.88,0.00115573256718299
Fundo,2024-02-29,44077014000189,537790009.25,1,1,1,BR-CAPITAL DTVM S.A.,35,493510153754.88,0.00108972430487644
Fundo,2024-02-29,15489568000195,525021101.2,17,17,1,INTRA INVESTIMENTOS DTVM LTDA,36,493510153754.88,0.00106385065678055
Fundo,2024-02-29,46955383000152,419359407.02,4,4,1,QI DISTRIBUIDORA DE TITULOS E VALORES MOBILIARIOS LTDA.,37,493510153754.88,0.000849748285479634
Fundo,2024-02-29,01522368000182,264114768.72,1,1,1,BANCO BNP PARIBAS BRASIL S/A,38,493510153754.88,0.000535175956787269
Fundo,2024-02-29,07253654000176,159729633.69,2,2,1,HEDGE INVESTMENTS DISTRIBUIDORA DE TÍTULOS E VALORES MOBILIÁRIOS LTDA.,39,493510153754.88,0.000323660278263161
Fundo,2024-02-29,71590442000183,159539689.32,6,6,1,LASTRO RDV DTVM LTDA,40,493510153754.88,0.000323275393841727
Fundo,2024-02-29,44782130000107,86710936,5,5,1,ACTUAL DISTRIBUIDORA DE TITULOS E VALORES MOBILIARIOS S.A.,41,493510153754.88,0.000175702435583662
Fundo,2024-02-29,33851064000155,74787927.33,2,2,1,DILLON S/A DTVM,42,493510153754.88,0.000151542834045004
Fundo,2024-02-29,27652684000162,4234276.52,4,4,1,GENIAL INVESTIMENTOS CORRETORA DE VALORES MOBILIÁRIOS S.A.,43,493510153754.88,8.57991773377597e-06
Fundo,2024-02-29,40768766000135,458230.36,1,1,1,LIONS TRUST DISTRIBUIDORA DE TÍTULOS E VALORES MOBILIÁRIOS LTDA.,44,493510153754.88,9.28512527074766e-07
Fundo,2024-03-31,36113876000191,85690299557.89,110,110,1,OLIVEIRA TRUST DTVM S.A.,1,501221364132.67,0.170962983004867
Fundo,2024-03-31,62285390000140,72357496125.12,661,661,1,QI CORRETORA DE TÍTULOS E VALORES MOBILIÁRIOS S.A.,2,501221364132.67,0.14436235424707
Fundo,2024-03-31,59281253000123,55607554199.55,163,163,1,BTG PACTUAL SERVIÇOS FINANCEIROS S/A DTVM,3,501221364132.67,0.110944102105015
Fundo,2024-03-31,34829992000186,34753582342.98,153,153,1,CBSF DISTRIBUIDORA DE TITULOS E VALORES MOBILIARIOS S.A. - EM LIQUIDAÇÃO EXTRAJUDICIAL,4,501221364132.67,0.0693377913032872
Fundo,2024-03-31,13486793000142,26598563542.6,127,127,1,APEX GROUP DISTRIBUIDORA DE TÍTULOS E VALORES MOBILIÁRIOS S.A.,5,501221364132.67,0.0530674976088201
Fundo,2024-03-31,45246410000155,25934901659.39,74,74,1,BANCO GENIAL S.A.,6,501221364132.67,0.0517434082329444
Fundo,2024-03-31,30822936000169,24693419845.22,2,2,1,BB GESTAO DE RECURSOS DTVM S.A,7,501221364132.67,0.0492664950304948
Fundo,2024-03-31,62232889000190,22588318686.5,132,132,1,BANCO DAYCOVAL S.A.,8,501221364132.67,0.0450665520325287
Fundo,2024-03-31,00066670000100,18464598905.1,19,19,1,BEM - DISTRIBUIDORA DE TITULOS E VALORES MOBILIARIOS LTDA.,9,501221364132.67,0.0368392096315602
Fundo,2024-03-31,36864992000142,13179628971.24,52,52,1,APEX DISTRIBUIDORA DE TÍTULOS E VALORES MOBILIÁRIOS S.A.,10,501221364132.67,0.0262950263384053
Fundo,2024-03-31,03317692000194,12421691436.1,75,75,1,FINAXIS CORRETORA DE TÍTULOS E VALORES MOBILIÁRIOS S.A.,11,501221364132.67,0.0247828451159398
Fundo,2024-03-31,00329598000167,11883753812.41,31,31,1,SEFER INVESTIMENTOS DISTRIBUIDORA DE TÍTULOS E VALORES MOBILIÁRIOS LTDA.,12,501221364132.67,0.0237095915354168
Fundo,2024-03-31,39669186000101,9758847463.19,68,68,1,HEMERA DISTRIBUIDORA DE TITULOS E VALORES MOBILIARIOS LTDA,13,501221364132.67,0.0194701346780719
Fundo,2024-03-31,02671743000119,8076633258.23,79,79,1,BANVOX DISTRIBUIDORA DE TITULOS E VALORES MOBILIARIOS LTDA,14,501221364132.67,0.0161139046261647
Fundo,2024-03-31,67030395000146,7624908017.88,86,86,1,TRUSTEE DISTRIBUIDORA DE TITULOS E VALORES MOBILIARIOS LTDA.,15,501221364132.67,0.0152126556518084
Fundo,2024-03-31,22610500000188,7331712082.03,80,80,1,VORTX DISTRIBUIDORA DE TITULOS E VALORES MOBILIARIOS LTDA.,16,501221364132.67,0.01462769268568
Fundo,2024-03-31,62418140000131,6287288240.72,7,7,1,INTRAG DTVM LTDA.,17,501221364132.67,0.0125439350567184
Fundo,2024-03-31,62318407000119,6071426521.82,13,13,1,S3 CACEIS BRASIL DISTRIBUIDORA DE TITULOS E VALORES MOBILIARIOS S.A,18,501221364132.67,0.0121132636321802
Fundo,2024-03-31,33886862000112,5512062653.58,81,81,1,"MASTER S/A CORRETORA DE CAMBIO, TITULOS E VALORES MOBILIARIOS",19,501221364132.67,0.0109972619844692
Fundo,2024-03-31,02332886000104,4873030550.5,10,10,1,XP INVESTIMENTOS CCTVM S.A.,20,501221364132.67,0.00972231213434498
Fundo,2024-03-31,42066258000130,4814239976.45,10,10,1,RJI CORRETORA DE TÍTULOS E VALORES MOBILIÁRIOS LTDA.,21,501221364132.67,0.00960501750515108
Fundo,2024-03-31,11758741000152,4720172479.32,20,20,1,BANCO FINAXIS S.A.,22,501221364132.67,0.00941734095370803
Fundo,2024-03-31,36266751000100,4384004386.42,19,19,1,FINVEST DISTRIBUIDORA DE TÍTULOS E VALORES MOBILIÁRIOS LTDA.,23,501221364132.67,0.00874664310051154
Fundo,2024-03-31,02201501000161,4162362235.15,29,29,1,BNY MELLON SERVICOS FINANCEIROS DTVM S.A.,24,501221364132.67,0.00830443898246973
Fundo,2024-03-31,16695922000109,4048488839.79,96,96,1,ID CORRETORA DE TITULOS E VALORES MOBILIARIOS S.A.,25,501221364132.67,0.00807724715963702
Fundo,2024-03-31,37678915000160,3390728738.91,22,22,1,FIDD DISTRIBUIDORA DE TITULOS E VALORES MOBILIARIOS LTDA.,26,501221364132.67,0.0067649325857796
Fundo,2024-03-31,00806535000154,3000106850.62,64,64,1,PLANNER CORRETORA DE VALORES S.A.,27,501221364132.67,0.0059855925251939
Fundo,2024-03-31,13673855000125,1960665603.39,15,15,1,OSLO CAPITAL DISTRIBUIDORA DE TITULOS E VALORES MOBILIARIOS S.A.,28,501221364132.67,0.0039117758014621
Fundo,2024-03-31,03017677000120,1942814272.28,11,11,1,BANCO J. SAFRA S.A.,29,501221364132.67,0.00387616013862839
Fundo,2024-03-31,24361690000172,1848542708.06,48,48,1,LIMINE TRUST DISTRIBUIDORA DE TITULOS E VALORES MOBILIARIOS S.A.,30,501221364132.67,0.00368807644753687
Fundo,2024-03-31,00360305000104,1560295765.01,4,4,1,CAIXA ECONOMICA FEDERAL,31,501221364132.67,0.0031129873478358
Fundo,2024-03-31,03384738000198,1506830741.64,4,4,1,TIVIO CAPITAL DISTRIBUIDORA DE TITULOS E VALORES MOBILIARIOS S.A.,32,501221364132.67,0.00300631786565497
Fundo,2024-03-31,12063256000127,896641880.79,23,23,1,MONETAR DISTRIBUIDORA DE TITULOS E VALORES MOBILIARIOS LTDA.,33,501221364132.67,0.00178891393095659
Fundo,2024-03-31,40434681000110,615867558.5,45,45,1,AZUMI DISTRIBUIDORA DE TÍTULOS E VALORES MOBILIÁRIOS LTDA.,34,501221364132.67,0.0012287336545714
Fundo,2024-03-31,44077014000189,538758257.77,1,1,1,BR-CAPITAL DTVM S.A.,35,501221364132.67,0.00107489084928031
Fundo,2024-03-31,46955383000152,527527469.2,6,6,1,QI DISTRIBUIDORA DE TITULOS E VALORES MOBILIARIOS LTDA.,36,501221364132.67,0.0010524840059698
Fundo,2024-03-31,15489568000195,523854611.86,18,18,1,INTRA INVESTIMENTOS DTVM LTDA,37,501221364132.67,0.00104515619115018
Fundo,2024-03-31,01522368000182,266817524.82,1,1,1,BANCO BNP PARIBAS BRASIL S/A,38,501221364132.67,0.000532334700620174
Fundo,2024-03-31,44782130000107,219737843.49,14,14,1,ACTUAL DISTRIBUIDORA DE TITULOS E VALORES MOBILIARIOS S.A.,39,501221364132.67,0.000438404783224358
Fundo,2024-03-31,71590442000183,165720623.05,6,6,1,LASTRO RDV DTVM LTDA,40,501221364132.67,0.000330633598064537
Fundo,2024-03-31,07253654000176,161579078.17,2,2,1,HEDGE INVESTMENTS DISTRIBUIDORA DE TÍTULOS E VALORES MOBILIÁRIOS LTDA.,41,501221364132.67,0.000322370692337909
Fundo,2024-03-31,47215387000167,149197685.92,1,1,1,CATÁLISE DISTRIBUIDORA DE TITULOS E VALORES MOBILIARIOS LTDA.,42,501221364132.67,0.000297668249194
Fundo,2024-03-31,33851064000155,74806466.9,2,2,1,DILLON S/A DTVM,43,501221364132.67,0.00014924836061098
Fundo,2024-03-31,27652684000162,28019060.06,4,4,1,GENIAL INVESTIMENTOS CORRETORA DE VALORES MOBILIÁRIOS S.A.,44,501221364132.67,5.59015677803062e-05
Fundo,2024-03-31,18945670000146,2160681.69,1,1,1,INTER DISTRIBUIDORA DE TÍTULOS E VALORES MOBILIÁRIOS,45,501221364132.67,4.31083318592956e-06
Fundo,2024-03-31,40768766000135,1704921.36,1,1,1,LIONS TRUST DISTRIBUIDORA DE TÍTULOS E VALORES MOBILIÁRIOS LTDA.,46,501221364132.67,3.40153369749163e-06
Fundo,2024-04-30,36113876000191,85041079707.33,109,109,1,OLIVEIRA TRUST DTVM S.A.,1,543344525715.84,0.156514100506103
Fundo,2024-04-30,62285390000140,74392568034.69,669,669,1,QI CORRETORA DE TÍTULOS E VALORES MOBILIÁRIOS S.A.,2,543344525715.84,0.136916016475329
Fundo,2024-04-30,59281253000123,55387087614.92,167,167,1,BTG PACTUAL SERVIÇOS FINANCEIROS S/A DTVM,3,543344525715.84,0.101937325202548
Fundo,2024-04-30,30822936000169,55213202854.31,2,2,1,BB GESTAO DE RECURSOS DTVM S.A,4,543344525715.84,0.101617298493195
Fundo,2024-04-30,34829992000186,38191518353.18,157,157,1,CBSF DISTRIBUIDORA DE TITULOS E VALORES MOBILIARIOS S.A. - EM LIQUIDAÇÃO EXTRAJUDICIAL,5,543344525715.84,0.0702896901424816
Fundo,2024-04-30,45246410000155,27867534155.66,78,78,1,BANCO GENIAL S.A.,6,543344525715.84,0.0512888836396122
Fundo,2024-04-30,13486793000142,26008268421.58,124,124,1,APEX GROUP DISTRIBUIDORA DE TÍTULOS E VALORES MOBILIÁRIOS S.A.,7,543344525715.84,0.04786699265501
Fundo,2024-04-30,62232889000190,22911292077.66,138,138,1,BANCO DAYCOVAL S.A.,8,543344525715.84,0.0421671536075109
Fundo,2024-04-30,00066670000100,18279771092.69,19,19,1,BEM - DISTRIBUIDORA DE TITULOS E VALORES MOBILIARIOS LTDA.,9,543344525715.84,0.0336430574479552
Fundo,2024-04-30,36864992000142,13380690703.04,51,51,1,APEX DISTRIBUIDORA DE TÍTULOS E VALORES MOBILIÁRIOS S.A.,10,543344525715.84,0.0246265308100994
Fundo,2024-04-30,00329598000167,13083835605.91,34,34,1,SEFER INVESTIMENTOS DISTRIBUIDORA DE TÍTULOS E VALORES MOBILIÁRIOS LTDA.,11,543344525715.84,0.0240801829901064
Fundo,2024-04-30,03317692000194,12621981439.86,77,77,1,FINAXIS CORRETORA DE TÍTULOS E VALORES MOBILIÁRIOS S.A.,12,543344525715.84,0.0232301621576677
Fundo,2024-04-30,39669186000101,9880066832.84,70,70,1,HEMERA DISTRIBUIDORA DE TITULOS E VALORES MOBILIARIOS LTDA,13,543344525715.84,0.0181837975082629
Fundo,2024-04-30,02671743000119,8263008759.3,79,79,1,BANVOX DISTRIBUIDORA DE TITULOS E VALORES MOBILIARIOS LTDA,14,543344525715.84,0.0152076783113141
Fundo,2024-04-30,62418140000131,8232221085.6,8,8,1,INTRAG DTVM LTDA.,15,543344525715.84,0.0151510150484249
Fundo,2024-04-30,22610500000188,7597396794.24,79,79,1,VORTX DISTRIBUIDORA DE TITULOS E VALORES MOBILIARIOS LTDA.,16,543344525715.84,0.0139826508498096
Fundo,2024-04-30,67030395000146,6976910406.5,84,84,1,TRUSTEE DISTRIBUIDORA DE TITULOS E VALORES MOBILIARIOS LTDA.,17,543344525715.84,0.0128406748872792
Fundo,2024-04-30,62318407000119,5797138882.46,13,13,1,S3 CACEIS BRASIL DISTRIBUIDORA DE TITULOS E VALORES MOBILIARIOS S.A,18,543344525715.84,0.0106693609820076
Fundo,2024-04-30,33886862000112,5350824837.92,72,72,1,"MASTER S/A CORRETORA DE CAMBIO, TITULOS E VALORES MOBILIARIOS",19,543344525715.84,0.00984794101103798
Fundo,2024-04-30,02332886000104,5160194837.91,12,12,1,XP INVESTIMENTOS CCTVM S.A.,20,543344525715.84,0.00949709547751788
Fundo,2024-04-30,42066258000130,4897017933.03,10,10,1,RJI CORRETORA DE TÍTULOS E VALORES MOBILIÁRIOS LTDA.,21,543344525715.84,0.00901273078361897
Fundo,2024-04-30,11758741000152,4831326700.65,19,19,1,BANCO FINAXIS S.A.,22,543344525715.84,0.00889182916545423
Fundo,2024-04-30,16695922000109,4620678375.76,102,102,1,ID CORRETORA DE TITULOS E VALORES MOBILIARIOS S.A.,23,543344525715.84,0.00850414084815228
Fundo,2024-04-30,36266751000100,4520746662.53,19,19,1,FINVEST DISTRIBUIDORA DE TÍTULOS E VALORES MOBILIÁRIOS LTDA.,24,543344525715.84,0.00832022123821723
Fundo,2024-04-30,02201501000161,4271741460.67,29,29,1,BNY MELLON SERVICOS FINANCEIROS DTVM S.A.,25,543344525715.84,0.00786193889602938
Fundo,2024-04-30,37678915000160,3271757708.1,20,20,1,FIDD DISTRIBUIDORA DE TITULOS E VALORES MOBILIARIOS LTDA.,26,543344525715.84,0.00602151591347968
Fundo,2024-04-30,00806535000154,3122917517.4,71,71,1,PLANNER CORRETORA DE VALORES S.A.,27,543344525715.84,0.00574758255507526
Fundo,2024-04-30,03017677000120,1934697210.12,10,10,1,BANCO J. SAFRA S.A.,28,543344525715.84,0.00356071906231335
Fundo,2024-04-30,24361690000172,1914412454.52,50,50,1,LIMINE TRUST DISTRIBUIDORA DE TITULOS E VALORES MOBILIARIOS S.A.,29,543344525715.84,0.00352338592534418
Fundo,2024-04-30,13673855000125,1913004632.87,15,15,1,OSLO CAPITAL DISTRIBUIDORA DE TITULOS E VALORES MOBILIARIOS S.A.,30,543344525715.84,0.00352079489592662
Fundo,2024-04-30,03384738000198,1664626871.93,3,3,1,TIVIO CAPITAL DISTRIBUIDORA DE TITULOS E VALORES MOBILIARIOS S.A.,31,543344525715.84,0.00306366732919027
Fundo,2024-04-30,00360305000104,1562184325.7,4,4,1,CAIXA ECONOMICA FEDERAL,32,543344525715.84,0.00287512664941617
Fundo,2024-04-30,12063256000127,1072688580.69,29,29,1,MONETAR DISTRIBUIDORA DE TITULOS E VALORES MOBILIARIOS LTDA.,33,543344525715.84,0.00197423279322961
Fundo,2024-04-30,46955383000152,740998555.2,9,9,1,QI DISTRIBUIDORA DE TITULOS E VALORES MOBILIARIOS LTDA.,34,543344525715.84,0.0013637729288314
Fundo,2024-04-30,47215387000167,719269322.02,12,12,1,CATÁLISE DISTRIBUIDORA DE TITULOS E VALORES MOBILIARIOS LTDA.,35,543344525715.84,0.00132378129893254
Fundo,2024-04-30,40434681000110,661655388.76,46,46,1,AZUMI DISTRIBUIDORA DE TÍTULOS E VALORES MOBILIÁRIOS LTDA.,36,543344525715.84,0.00121774556923766
Fundo,2024-04-30,44077014000189,588255685.22,1,1,1,BR-CAPITAL DTVM S.A.,37,543344525715.84,0.00108265687308617
Fundo,2024-04-30,15489568000195,476989965.08,18,18,1,INTRA INVESTIMENTOS DTVM LTDA,38,543344525715.84,0.000877877557432975
Fundo,2024-04-30,01522368000182,271894729.63,1,1,1,BANCO BNP PARIBAS BRASIL S/A,39,543344525715.84,0.000500409439612531
Fundo,2024-04-30,44782130000107,240544526.07,12,12,1,ACTUAL DISTRIBUIDORA DE TITULOS E VALORES MOBILIARIOS S.A.,40,543344525715.84,0.000442710867019576
Fundo,2024-04-30,71590442000183,174310687.77,6,6,1,LASTRO RDV DTVM LTDA,41,543344525715.84,0.000320810608223854
Fundo,2024-04-30,07253654000176,142060173.86,2,2,1,HEDGE INVESTMENTS DISTRIBUIDORA DE TÍTULOS E VALORES MOBILIÁRIOS LTDA.,42,543344525715.84,0.000261455056849685
Fundo,2024-04-30,33851064000155,72916215.51,2,2,1,DILLON S/A DTVM,43,543344525715.84,0.000134198859211722
Fundo,2024-04-30,27652684000162,16505277.19,4,4,1,GENIAL INVESTIMENTOS CORRETORA DE VALORES MOBILIÁRIOS S.A.,44,543344525715.84,3.03771850250167e-05
Fundo,2024-04-30,40768766000135,2490270.34,1,1,1,LIONS TRUST DISTRIBUIDORA DE TÍTULOS E VALORES MOBILIÁRIOS LTDA.,45,543344525715.84,4.583225232129e-06
Fundo,2024-04-30,18945670000146,2241987.62,1,1,1,INTER DISTRIBUIDORA DE TÍTULOS E VALORES MOBILIÁRIOS,46,543344525715.84,4.12627258376488e-06
Fundo,2024-05-31,36113876000191,85901653616.14,110,110,1,OLIVEIRA TRUST DTVM S.A.,1,551000252961.9,0.155901296150729
Fundo,2024-05-31,62285390000140,76099132197.72,677,677,1,QI CORRETORA DE TÍTULOS E VALORES MOBILIÁRIOS S.A.,2,551000252961.9,0.138110884321104
Fundo,2024-05-31,59281253000123,57339316823.29,173,173,1,BTG PACTUAL SERVIÇOS FINANCEIROS S/A DTVM,3,551000252961.9,0.104064048092651
Fundo,2024-05-31,30822936000169,45268496310.41,2,2,1,BB GESTAO DE RECURSOS DTVM S.A,4,551000252961.9,0.0821569428817307
Fundo,2024-05-31,34829992000186,39032617457.79,164,164,1,CBSF DISTRIBUIDORA DE TITULOS E VALORES MOBILIARIOS S.A. - EM LIQUIDAÇÃO EXTRAJUDICIAL,5,551000252961.9,0.0708395635899808
Fundo,2024-05-31,45246410000155,30572720372.49,83,83,1,BANCO GENIAL S.A.,6,551000252961.9,0.0554858554204766
Fundo,2024-05-31,13486793000142,25816042090.74,125,125,1,APEX GROUP DISTRIBUIDORA DE TÍTULOS E VALORES MOBILIÁRIOS S.A.,7,551000252961.9,0.0468530494350337
Fundo,2024-05-31,62232889000190,25675129314.42,159,159,1,BANCO DAYCOVAL S.A.,8,551000252961.9,0.0465973094865264
Fundo,2024-05-31,00066670000100,21707940893.71,20,20,1,BEM - DISTRIBUIDORA DE TITULOS E VALORES MOBILIARIOS LTDA.,9,551000252961.9,0.0393973338070519
Fundo,2024-05-31,00329598000167,13853288805.05,32,32,1,SEFER INVESTIMENTOS DISTRIBUIDORA DE TÍTULOS E VALORES MOBILIÁRIOS LTDA.,10,551000252961.9,0.0251420734030188
Fundo,2024-05-31,36864992000142,13581269897.2,52,52,1,APEX DISTRIBUIDORA DE TÍTULOS E VALORES MOBILIÁRIOS S.A.,11,551000252961.9,0.0246483914012633
Fundo,2024-05-31,03317692000194,12593388465.57,75,75,1,FINAXIS CORRETORA DE TÍTULOS E VALORES MOBILIÁRIOS S.A.,12,551000252961.9,0.0228555039636993
Fundo,2024-05-31,39669186000101,10082561915.88,72,72,1,HEMERA DISTRIBUIDORA DE TITULOS E VALORES MOBILIARIOS LTDA,13,551000252961.9,0.0182986520635539
Fundo,2024-05-31,02671743000119,8771967479.91,80,80,1,BANVOX DISTRIBUIDORA DE TITULOS E VALORES MOBILIARIOS LTDA,14,551000252961.9,0.0159200788615909
Fundo,2024-05-31,62418140000131,8667193776.95,8,8,1,INTRAG DTVM LTDA.,15,551000252961.9,0.0157299270378907
Fundo,2024-05-31,22610500000188,7387325145.65,82,82,1,VORTX DISTRIBUIDORA DE TITULOS E VALORES MOBILIARIOS LTDA.,16,551000252961.9,0.0134071175211617
Fundo,2024-05-31,67030395000146,7060979316.28,85,85,1,TRUSTEE DISTRIBUIDORA DE TITULOS E VALORES MOBILIARIOS LTDA.,17,551000252961.9,0.0128148386109148
Fundo,2024-05-31,62318407000119,5662112720.35,13,13,1,S3 CACEIS BRASIL DISTRIBUIDORA DE TITULOS E VALORES MOBILIARIOS S.A,18,551000252961.9,0.0102760619254044
Fundo,2024-05-31,33886862000112,5522605584.1,75,75,1,"MASTER S/A CORRETORA DE CAMBIO, TITULOS E VALORES MOBILIARIOS",19,551000252961.9,0.0100228730466334
Fundo,2024-05-31,02332886000104,5142035095.39,12,12,1,XP INVESTIMENTOS CCTVM S.A.,20,551000252961.9,0.00933218282160309
Fundo,2024-05-31,11758741000152,5045373351.49,19,19,1,BANCO FINAXIS S.A.,21,551000252961.9,0.00915675323989166
Fundo,2024-05-31,42066258000130,4897081641.93,10,10,1,RJI CORRETORA DE TÍTULOS E VALORES MOBILIÁRIOS LTDA.,22,551000252961.9,0.00888762140417496
Fundo,2024-05-31,16695922000109,4872122887.29,106,106,1,ID CORRETORA DE TITULOS E VALORES MOBILIARIOS S.A.,23,551000252961.9,0.00884232422961681
Fundo,2024-05-31,02201501000161,4332014845.27,29,29,1,BNY MELLON SERVICOS FINANCEIROS DTVM S.A.,24,551000252961.9,0.00786209229847585
Fundo,2024-05-31,36266751000100,4331635225.84,18,18,1,FINVEST DISTRIBUIDORA DE TÍTULOS E VALORES MOBILIÁRIOS LTDA.,25,551000252961.9,0.00786140333430939
Fundo,2024-05-31,37678915000160,3309284945.47,20,20,1,FIDD DISTRIBUIDORA DE TITULOS E VALORES MOBILIARIOS LTDA.,26,551000252961.9,0.00600595903119999
Fundo,2024-05-31,00806535000154,3252536322.2,71,71,1,PLANNER CORRETORA DE VALORES S.A.,27,551000252961.9,0.00590296702173184
Fundo,2024-05-31,03017677000120,2005241353.51,9,9,1,BANCO J. SAFRA S.A.,28,551000252961.9,0.00363927483287137
Fundo,2024-05-31,24361690000172,1966670687.82,50,50,1,LIMINE TRUST DISTRIBUIDORA DE TITULOS E VALORES MOBILIARIOS S.A.,29,551000252961.9,0.00356927365685981
Fundo,2024-05-31,13673855000125,1868947499.26,15,15,1,OSLO CAPITAL DISTRIBUIDORA DE TITULOS E VALORES MOBILIARIOS S.A.,30,551000252961.9,0.00339191767919067
Fundo,2024-05-31,00360305000104,1559782642.59,4,4,1,CAIXA ECONOMICA FEDERAL,31,551000252961.9,0.00283082019328556
Fundo,2024-05-31,03384738000198,1539384091.72,3,3,1,TIVIO CAPITAL DISTRIBUIDORA DE TITULOS E VALORES MOBILIARIOS S.A.,32,551000252961.9,0.00279379924681531
Fundo,2024-05-31,47215387000167,1420795677.23,17,17,1,CATÁLISE DISTRIBUIDORA DE TITULOS E VALORES MOBILIARIOS LTDA.,33,551000252961.9,0.00257857536288326
Fundo,2024-05-31,12063256000127,1037504024.96,29,29,1,MONETAR DISTRIBUIDORA DE TITULOS E VALORES MOBILIARIOS LTDA.,34,551000252961.9,0.00188294654926727
Fundo,2024-05-31,46955383000152,963647203.77,10,10,1,QI DISTRIBUIDORA DE TITULOS E VALORES MOBILIARIOS LTDA.,35,551000252961.9,0.00174890519303742
Fundo,2024-05-31,40434681000110,695772436.95,47,47,1,AZUMI DISTRIBUIDORA DE TÍTULOS E VALORES MOBILIÁRIOS LTDA.,36,551000252961.9,0.00126274431492523
Fundo,2024-05-31,44077014000189,588985586.41,1,1,1,BR-CAPITAL DTVM S.A.,37,551000252961.9,0.0010689388675303
Fundo,2024-05-31,15489568000195,490639346.85,17,17,1,INTRA INVESTIMENTOS DTVM LTDA,38,551000252961.9,0.000890452126314951
Fundo,2024-05-31,44782130000107,343773229.55,17,17,1,ACTUAL DISTRIBUIDORA DE TITULOS E VALORES MOBILIARIOS S.A.,39,551000252961.9,0.00062390757118903
Fundo,2024-05-31,01522368000182,275411537.64,1,1,1,BANCO BNP PARIBAS BRASIL S/A,40,551000252961.9,0.000499839221778078
Fundo,2024-05-31,71590442000183,180794305.94,6,6,1,LASTRO RDV DTVM LTDA,41,551000252961.9,0.000328120186820498
Fundo,2024-05-31,07253654000176,144596865.24,2,2,1,HEDGE INVESTMENTS DISTRIBUIDORA DE TÍTULOS E VALORES MOBILIÁRIOS LTDA.,42,551000252961.9,0.000262426132225385
Fundo,2024-05-31,33851064000155,71421250.09,2,2,1,DILLON S/A DTVM,43,551000252961.9,0.000129621084030498
Fundo,2024-05-31,48967968000118,31723430.81,1,1,1,VERT DISTRIBUIDORA DE TÍTULOS E VALORES MOBILIÁRIOS LTDA.,44,551000252961.9,5.75742581595395e-05
Fundo,2024-05-31,27652684000162,16579699.8,4,4,1,GENIAL INVESTIMENTOS CORRETORA DE VALORES MOBILIÁRIOS S.A.,45,551000252961.9,3.00901854597632e-05
Fundo,2024-05-31,45854066000187,12760876.85,2,2,1,WNT CAPITAL DISTRIBUIDORA DE TITULOS E VALORES MOBILIARIOS S.A.,46,551000252961.9,2.31594754837297e-05
Fundo,2024-05-31,18945670000146,5481949.4,1,1,1,INTER DISTRIBUIDORA DE TÍTULOS E VALORES MOBILIÁRIOS,47,551000252961.9,9.94908690246837e-06
Fundo,2024-05-31,40768766000135,2508820.93,1,1,1,LIONS TRUST DISTRIBUIDORA DE TÍTULOS E VALORES MOBILIÁRIOS LTDA.,48,551000252961.9,4.55321193867669e-06
Fundo,2024-05-31,33775974000104,3946.05,1,1,1,ATIVA INVESTIMENTOS S.A. C.T.C.V.,49,551000252961.9,7.16161195714162e-09
Fundo,2024-06-30,36113876000191,88259569458.47,114,114,1,OLIVEIRA TRUST DTVM S.A.,1,555719348843.84,0.158820400337134
Fundo,2024-06-30,62285390000140,77610470338.96,691,691,1,QI CORRETORA DE TÍTULOS E VALORES MOBILIÁRIOS S.A.,2,555719348843.84,0.139657671629441
Fundo,2024-06-30,59281253000123,59757322341.82,185,185,1,BTG PACTUAL SERVIÇOS FINANCEIROS S/A DTVM,3,555719348843.84,0.107531476933714
Fundo,2024-06-30,34829992000186,41881456373.44,174,174,1,CBSF DISTRIBUIDORA DE TITULOS E VALORES MOBILIARIOS S.A. - EM LIQUIDAÇÃO EXTRAJUDICIAL,4,555719348843.84,0.0753644019424073
Fundo,2024-06-30,30822936000169,35301337222.32,2,2,1,BB GESTAO DE RECURSOS DTVM S.A,5,555719348843.84,0.0635236784462581
Fundo,2024-06-30,45246410000155,29499650336.29,85,85,1,BANCO GENIAL S.A.,6,555719348843.84,0.0530837200426137
Fundo,2024-06-30,62232889000190,28410884405.04,170,170,1,BANCO DAYCOVAL S.A.,7,555719348843.84,0.0511245189935318
Fundo,2024-06-30,13486793000142,23068269145.61,122,122,1,APEX GROUP DISTRIBUIDORA DE TÍTULOS E VALORES MOBILIÁRIOS S.A.,8,555719348843.84,0.0415106459647355
Fundo,2024-06-30,00066670000100,22638909426.29,20,20,1,BEM - DISTRIBUIDORA DE TITULOS E VALORES MOBILIARIOS LTDA.,9,555719348843.84,0.0407380262598192
Fundo,2024-06-30,00329598000167,14577836252.78,31,31,1,SEFER INVESTIMENTOS DISTRIBUIDORA DE TÍTULOS E VALORES MOBILIÁRIOS LTDA.,10,555719348843.84,0.0262323712195892
Fundo,2024-06-30,36864992000142,13926529847.79,53,53,1,APEX DISTRIBUIDORA DE TÍTULOS E VALORES MOBILIÁRIOS S.A.,11,555719348843.84,0.0250603652306939
Fundo,2024-06-30,03317692000194,12386390741.23,73,73,1,FINAXIS CORRETORA DE TÍTULOS E VALORES MOBILIÁRIOS S.A.,12,555719348843.84,0.0222889319347969
Fundo,2024-06-30,39669186000101,10248613450.84,71,71,1,HEMERA DISTRIBUIDORA DE TITULOS E VALORES MOBILIARIOS LTDA,13,555719348843.84,0.0184420669752852
Fundo,2024-06-30,02671743000119,9592440949.26,81,81,1,BANVOX DISTRIBUIDORA DE TITULOS E VALORES MOBILIARIOS LTDA,14,555719348843.84,0.0172613045941568
Fundo,2024-06-30,62418140000131,9521672420.06,8,8,1,INTRAG DTVM LTDA.,15,555719348843.84,0.0171339587866962
Fundo,2024-06-30,67030395000146,7216987085.95,86,86,1,TRUSTEE DISTRIBUIDORA DE TITULOS E VALORES MOBILIARIOS LTDA.,16,555719348843.84,0.0129867478988535
Fundo,2024-06-30,22610500000188,7164909928.89,83,83,1,VORTX DISTRIBUIDORA DE TITULOS E VALORES MOBILIARIOS LTDA.,17,555719348843.84,0.0128930366448395
Fundo,2024-06-30,02332886000104,6493609876.69,12,12,1,XP INVESTIMENTOS CCTVM S.A.,18,555719348843.84,0.0116850526982726
Fundo,2024-06-30,62318407000119,5574414544.6,13,13,1,S3 CACEIS BRASIL DISTRIBUIDORA DE TITULOS E VALORES MOBILIARIOS S.A,19,555719348843.84,0.0100309887647379
Fundo,2024-06-30,33886862000112,5411869592.76,71,71,1,"MASTER S/A CORRETORA DE CAMBIO, TITULOS E VALORES MOBILIARIOS",20,555719348843.84,0.00973849408702299
Fundo,2024-06-30,11758741000152,5268462289.8,19,19,1,BANCO FINAXIS S.A.,21,555719348843.84,0.0094804370241218
Fundo,2024-06-30,16695922000109,5236335712.28,115,115,1,ID CORRETORA DE TITULOS E VALORES MOBILIARIOS S.A.,22,555719348843.84,0.00942262622882227
Fundo,2024-06-30,42066258000130,4835850090.72,10,10,1,RJI CORRETORA DE TÍTULOS E VALORES MOBILIÁRIOS LTDA.,23,555719348843.84,0.00870196458118808
Fundo,2024-06-30,02201501000161,4361350213.91,29,29,1,BNY MELLON SERVICOS FINANCEIROS DTVM S.A.,24,555719348843.84,0.00784811654117079
Fundo,2024-06-30,36266751000100,4285850051.65,19,19,1,FINVEST DISTRIBUIDORA DE TÍTULOS E VALORES MOBILIÁRIOS LTDA.,25,555719348843.84,0.00771225630449363
Fundo,2024-06-30,00806535000154,3372083905.26,73,73,1,PLANNER CORRETORA DE VALORES S.A.,26,555719348843.84,0.00606796202485218
Fundo,2024-06-30,37678915000160,3320483790.34,19,19,1,FIDD DISTRIBUIDORA DE TITULOS E VALORES MOBILIARIOS LTDA.,27,555719348843.84,0.00597510919360318
Fundo,2024-06-30,24361690000172,2017470652.25,46,46,1,LIMINE TRUST DISTRIBUIDORA DE TITULOS E VALORES MOBILIARIOS S.A.,28,555719348843.84,0.0036303768376021
Fundo,2024-06-30,03017677000120,2007005957.57,9,9,1,BANCO J. SAFRA S.A.,29,555719348843.84,0.00361154593905273
Fundo,2024-06-30,13673855000125,1928773183.1,15,15,1,OSLO CAPITAL DISTRIBUIDORA DE TITULOS E VALORES MOBILIARIOS S.A.,30,555719348843.84,0.00347076845014082
Fundo,2024-06-30,47215387000167,1806850343.94,23,23,1,CATÁLISE DISTRIBUIDORA DE TITULOS E VALORES MOBILIARIOS LTDA.,31,555719348843.84,0.0032513720238446
Fundo,2024-06-30,00360305000104,1557334297.16,4,4,1,CAIXA ECONOMICA FEDERAL,32,555719348843.84,0.00280237551634651
Fundo,2024-06-30,03384738000198,1557119100.78,3,3,1,TIVIO CAPITAL DISTRIBUIDORA DE TITULOS E VALORES MOBILIARIOS S.A.,33,555719348843.84,0.00280198827703147
Fundo,2024-06-30,46955383000152,1296329465.87,15,15,1,QI DISTRIBUIDORA DE TITULOS E VALORES MOBILIARIOS LTDA.,34,555719348843.84,0.00233270529191935
Fundo,2024-06-30,12063256000127,1081706669.71,31,31,1,MONETAR DISTRIBUIDORA DE TITULOS E VALORES MOBILIARIOS LTDA.,35,555719348843.84,0.00194649812348709
Fundo,2024-06-30,40434681000110,736096841.39,47,47,1,AZUMI DISTRIBUIDORA DE TÍTULOS E VALORES MOBILIÁRIOS LTDA.,36,555719348843.84,0.00132458379021971
Fundo,2024-06-30,44077014000189,589787020.55,1,1,1,BR-CAPITAL DTVM S.A.,37,555719348843.84,0.00106130373501847
Fundo,2024-06-30,15489568000195,469878000.12,17,17,1,INTRA INVESTIMENTOS DTVM LTDA,38,555719348843.84,0.000845531114037273
Fundo,2024-06-30,44782130000107,363414347.5,20,20,1,ACTUAL DISTRIBUIDORA DE TITULOS E VALORES MOBILIARIOS S.A.,39,555719348843.84,0.00065395302189149
Fundo,2024-06-30,18945670000146,308928909,2,2,1,INTER DISTRIBUIDORA DE TÍTULOS E VALORES MOBILIÁRIOS,40,555719348843.84,0.000555908138960284
Fundo,2024-06-30,01522368000182,278607001.07,1,1,1,BANCO BNP PARIBAS BRASIL S/A,41,555719348843.84,0.000501344791484469
Fundo,2024-06-30,71590442000183,191366126.81,6,6,1,LASTRO RDV DTVM LTDA,42,555719348843.84,0.000344357502052308
Fundo,2024-06-30,07253654000176,138141742.63,2,2,1,HEDGE INVESTMENTS DISTRIBUIDORA DE TÍTULOS E VALORES MOBILIÁRIOS LTDA.,43,555719348843.84,0.000248581847865115
Fundo,2024-06-30,33851064000155,71363486.65,2,2,1,DILLON S/A DTVM,44,555719348843.84,0.000128416415225545
Fundo,2024-06-30,45854066000187,44005199.8,2,2,1,WNT CAPITAL DISTRIBUIDORA DE TITULOS E VALORES MOBILIARIOS S.A.,45,555719348843.84,7.91860133924646e-05
Fundo,2024-06-30,48967968000118,32482134.96,1,1,1,VERT DISTRIBUIDORA DE TÍTULOS E VALORES MOBILIÁRIOS LTDA.,46,555719348843.84,5.8450610056278e-05
Fundo,2024-06-30,27652684000162,16510843.31,4,4,1,GENIAL INVESTIMENTOS CORRETORA DE VALORES MOBILIÁRIOS S.A.,47,555719348843.84,2.97107583969325e-05
Fundo,2024-06-30,40768766000135,2522760.46,1,1,1,LIONS TRUST DISTRIBUIDORA DE TÍTULOS E VALORES MOBILIÁRIOS LTDA.,48,555719348843.84,4.53963041821117e-06
Fundo,2024-06-30,33775974000104,94966.16,1,1,1,ATIVA INVESTIMENTOS S.A. C.T.C.V.,49,555719348843.84,1.70888705238669e-07
Fundo,2024-07-31,36113876000191,89552816842.17,119,119,1,OLIVEIRA TRUST DTVM S.A.,1,610273285124.98,0.146742154744378
Fundo,2024-07-31,62285390000140,80295961356.62,700,700,1,QI CORRETORA DE TÍTULOS E VALORES MOBILIÁRIOS S.A.,2,610273285124.98,0.131573777377746
Fundo,2024-07-31,30822936000169,74229736334.43,2,2,1,BB GESTAO DE RECURSOS DTVM S.A,3,610273285124.98,0.121633599477041
Fundo,2024-07-31,59281253000123,63329299496.5,197,197,1,BTG PACTUAL SERVIÇOS FINANCEIROS S/A DTVM,4,610273285124.98,0.103772033022108
Fundo,2024-07-31,34829992000186,46682353575.64,178,178,1,CBSF DISTRIBUIDORA DE TITULOS E VALORES MOBILIARIOS S.A. - EM LIQUIDAÇÃO EXTRAJUDICIAL,5,610273285124.98,0.0764941784500361
Fundo,2024-07-31,45246410000155,30780106227.92,86,86,1,BANCO GENIAL S.A.,6,610273285124.98,0.0504365945194806
Fundo,2024-07-31,62232889000190,29271713754.35,181,181,1,BANCO DAYCOVAL S.A.,7,610273285124.98,0.0479649273003247
Fundo,2024-07-31,00066670000100,22866413514.53,20,20,1,BEM - DISTRIBUIDORA DE TITULOS E VALORES MOBILIARIOS LTDA.,8,610273285124.98,0.0374691373059974
Fundo,2024-07-31,13486793000142,22830544365.89,121,121,1,APEX GROUP DISTRIBUIDORA DE TÍTULOS E VALORES MOBILIÁRIOS S.A.,9,610273285124.98,0.0374103617549217
Fundo,2024-07-31,00329598000167,14687135137.8,29,29,1,SEFER INVESTIMENTOS DISTRIBUIDORA DE TÍTULOS E VALORES MOBILIÁRIOS LTDA.,10,610273285124.98,0.0240664887285574
Fundo,2024-07-31,36864992000142,13813294348.15,53,53,1,APEX DISTRIBUIDORA DE TÍTULOS E VALORES MOBILIÁRIOS S.A.,11,610273285124.98,0.0226346043401214
Fundo,2024-07-31,03317692000194,12282517878.88,72,72,1,FINAXIS CORRETORA DE TÍTULOS E VALORES MOBILIÁRIOS S.A.,12,610273285124.98,0.0201262584783875
Fundo,2024-07-31,39669186000101,10570578634.71,71,71,1,HEMERA DISTRIBUIDORA DE TITULOS E VALORES MOBILIARIOS LTDA,13,610273285124.98,0.0173210574546864
Fundo,2024-07-31,02671743000119,10255899784.02,79,79,1,BANVOX DISTRIBUIDORA DE TITULOS E VALORES MOBILIARIOS LTDA,14,610273285124.98,0.016805421495584
Fundo,2024-07-31,62418140000131,9926810375.52,8,8,1,INTRAG DTVM LTDA.,15,610273285124.98,0.0162661722501699
Fundo,2024-07-31,67030395000146,7828963038.27,88,88,1,TRUSTEE DISTRIBUIDORA DE TITULOS E VALORES MOBILIARIOS LTDA.,16,610273285124.98,0.0128286183077253
Fundo,2024-07-31,22610500000188,7366192421.85,83,83,1,VORTX DISTRIBUIDORA DE TITULOS E VALORES MOBILIARIOS LTDA.,17,610273285124.98,0.0120703176779915
Fundo,2024-07-31,02332886000104,6022417478.98,14,14,1,XP INVESTIMENTOS CCTVM S.A.,18,610273285124.98,0.00986839441570287
Fundo,2024-07-31,16695922000109,5890742368.91,116,116,1,ID CORRETORA DE TITULOS E VALORES MOBILIARIOS S.A.,19,610273285124.98,0.00965263024368438
Fundo,2024-07-31,11758741000152,5397157119.75,19,19,1,BANCO FINAXIS S.A.,20,610273285124.98,0.00884383644393789
Fundo,2024-07-31,62318407000119,5267131358.06,14,14,1,S3 CACEIS BRASIL DISTRIBUIDORA DE TITULOS E VALORES MOBILIARIOS S.A,21,610273285124.98,0.0086307749109177
Fundo,2024-07-31,33886862000112,5258215015.1,71,71,1,"MASTER S/A CORRETORA DE CAMBIO, TITULOS E VALORES MOBILIARIOS",22,610273285124.98,0.00861616450083204
Fundo,2024-07-31,42066258000130,4834263377,10,10,1,RJI CORRETORA DE TÍTULOS E VALORES MOBILIÁRIOS LTDA.,23,610273285124.98,0.00792147304303182
Fundo,2024-07-31,02201501000161,4388894037.11,29,29,1,BNY MELLON SERVICOS FINANCEIROS DTVM S.A.,24,610273285124.98,0.00719168632166355
Fundo,2024-07-31,37678915000160,3472820537.74,20,20,1,FIDD DISTRIBUIDORA DE TITULOS E VALORES MOBILIARIOS LTDA.,25,610273285124.98,0.00569059898636852
Fundo,2024-07-31,00806535000154,3411265602.48,76,76,1,PLANNER CORRETORA DE VALORES S.A.,26,610273285124.98,0.00558973444459624
Fundo,2024-07-31,36266751000100,2433477383.35,17,17,1,FINVEST DISTRIBUIDORA DE TÍTULOS E VALORES MOBILIÁRIOS LTDA.,27,610273285124.98,0.00398752074302522
Fundo,2024-07-31,24361690000172,2182700793.14,50,50,1,LIMINE TRUST DISTRIBUIDORA DE TITULOS E VALORES MOBILIARIOS S.A.,28,610273285124.98,0.0035765956766287
Fundo,2024-07-31,03017677000120,2009653048.05,9,9,1,BANCO J. SAFRA S.A.,29,610273285124.98,0.00329303788488535
Fundo,2024-07-31,47215387000167,2006880341.68,29,29,1,CATÁLISE DISTRIBUIDORA DE TITULOS E VALORES MOBILIARIOS LTDA.,30,610273285124.98,0.00328849450008123
Fundo,2024-07-31,13673855000125,1913720547.87,16,16,1,OSLO CAPITAL DISTRIBUIDORA DE TITULOS E VALORES MOBILIARIOS S.A.,31,610273285124.98,0.00313584191626229
Fundo,2024-07-31,03384738000198,1741317550.49,3,3,1,TIVIO CAPITAL DISTRIBUIDORA DE TITULOS E VALORES MOBILIARIOS S.A.,32,610273285124.98,0.0028533406146615
Fundo,2024-07-31,46955383000152,1609264266.06,17,17,1,QI DISTRIBUIDORA DE TITULOS E VALORES MOBILIARIOS LTDA.,33,610273285124.98,0.00263695676229778
Fundo,2024-07-31,00360305000104,1556075516.23,4,4,1,CAIXA ECONOMICA FEDERAL,34,610273285124.98,0.00254980113689775
Fundo,2024-07-31,12063256000127,974364405.63,30,30,1,MONETAR DISTRIBUIDORA DE TITULOS E VALORES MOBILIARIOS LTDA.,35,610273285124.98,0.00159660340601417
Fundo,2024-07-31,40434681000110,803021460.33,51,51,1,AZUMI DISTRIBUIDORA DE TÍTULOS E VALORES MOBILIÁRIOS LTDA.,36,610273285124.98,0.00131583911651244
Fundo,2024-07-31,44077014000189,590576276.18,1,1,1,BR-CAPITAL DTVM S.A.,37,610273285124.98,0.000967724281194865
Fundo,2024-07-31,44782130000107,425545252.62,25,25,1,ACTUAL DISTRIBUIDORA DE TITULOS E VALORES MOBILIARIOS S.A.,38,610273285124.98,0.000697302770729758
Fundo,2024-07-31,15489568000195,417410515.26,13,13,1,INTRA INVESTIMENTOS DTVM LTDA,39,610273285124.98,0.000683973107514475
Fundo,2024-07-31,18945670000146,322253495.62,2,2,1,INTER DISTRIBUIDORA DE TÍTULOS E VALORES MOBILIÁRIOS,40,610273285124.98,0.000528047849176299
Fundo,2024-07-31,01522368000182,282624787.68,1,1,1,BANCO BNP PARIBAS BRASIL S/A,41,610273285124.98,0.000463111846067652
Fundo,2024-07-31,71590442000183,197880985.22,6,6,1,LASTRO RDV DTVM LTDA,42,610273285124.98,0.00032424979110707
Fundo,2024-07-31,07253654000176,124031817.38,2,2,1,HEDGE INVESTMENTS DISTRIBUIDORA DE TÍTULOS E VALORES MOBILIÁRIOS LTDA.,43,610273285124.98,0.000203239795028221
Fundo,2024-07-31,33851064000155,67315986.51,2,2,1,DILLON S/A DTVM,44,610273285124.98,0.000110304658832009
Fundo,2024-07-31,45854066000187,44219577.67,2,2,1,WNT CAPITAL DISTRIBUIDORA DE TITULOS E VALORES MOBILIARIOS S.A.,45,610273285124.98,7.24586488509719e-05
Fundo,2024-07-31,48967968000118,32823466.56,1,1,1,VERT DISTRIBUIDORA DE TÍTULOS E VALORES MOBILIÁRIOS LTDA.,46,610273285124.98,5.37848655021463e-05
Fundo,2024-07-31,27652684000162,16901624.59,4,4,1,GENIAL INVESTIMENTOS CORRETORA DE VALORES MOBILIÁRIOS S.A.,47,610273285124.98,2.76951736246142e-05
Fundo,2024-07-31,40768766000135,7744844.42,1,1,1,LIONS TRUST DISTRIBUIDORA DE TÍTULOS E VALORES MOBILIÁRIOS LTDA.,48,610273285124.98,1.26907806859248e-05
Fundo,2024-07-31,41592532000142,170626.5,1,1,1,MERITO DISTRIBUIDORA DE TITULOS E VALORES MOBILIARIOS LTDA.,49,610273285124.98,2.79590314960382e-07
Fundo,2024-07-31,33775974000104,66573.56,1,1,1,ATIVA INVESTIMENTOS S.A. C.T.C.V.,50,610273285124.98,1.09088111216217e-07
Fundo,2024-08-31,36113876000191,88093225207.21,120,120,1,OLIVEIRA TRUST DTVM S.A.,1,625189828893.23,0.140906363373123
Fundo,2024-08-31,62285390000140,82155406063.11,712,712,1,QI CORRETORA DE TÍTULOS E VALORES MOBILIÁRIOS S.A.,2,625189828893.23,0.13140873742068
Fundo,2024-08-31,30822936000169,77934042903.62,2,2,1,BB GESTAO DE RECURSOS DTVM S.A,3,625189828893.23,0.124656607164557
Fundo,2024-08-31,59281253000123,64666200032.94,215,215,1,BTG PACTUAL SERVIÇOS FINANCEIROS S/A DTVM,4,625189828893.23,0.103434504280753
Fundo,2024-08-31,34829992000186,48240189680.09,178,178,1,CBSF DISTRIBUIDORA DE TITULOS E VALORES MOBILIARIOS S.A. - EM LIQUIDAÇÃO EXTRAJUDICIAL,5,625189828893.23,0.0771608677087555
Fundo,2024-08-31,45246410000155,31780145265.7,86,86,1,BANCO GENIAL S.A.,6,625189828893.23,0.0508327931725316
Fundo,2024-08-31,62232889000190,30278232380.52,192,192,1,BANCO DAYCOVAL S.A.,7,625189828893.23,0.048430462207169
Fundo,2024-08-31,00066670000100,22778392823.04,21,21,1,BEM - DISTRIBUIDORA DE TITULOS E VALORES MOBILIARIOS LTDA.,8,625189828893.23,0.0364343624453463
Fundo,2024-08-31,13486793000142,22690830902.9,121,121,1,APEX GROUP DISTRIBUIDORA DE TÍTULOS E VALORES MOBILIÁRIOS S.A.,9,625189828893.23,0.0362943059119651
Fundo,2024-08-31,00329598000167,14845944909.07,30,30,1,SEFER INVESTIMENTOS DISTRIBUIDORA DE TÍTULOS E VALORES MOBILIÁRIOS LTDA.,10,625189828893.23,0.0237462994805141
Fundo,2024-08-31,36864992000142,13856941640.76,51,51,1,APEX DISTRIBUIDORA DE TÍTULOS E VALORES MOBILIÁRIOS S.A.,11,625189828893.23,0.0221643747232594
Fundo,2024-08-31,03317692000194,11908803743.54,70,70,1,FINAXIS CORRETORA DE TÍTULOS E VALORES MOBILIÁRIOS S.A.,12,625189828893.23,0.0190483005211746
Fundo,2024-08-31,39669186000101,10988152105.13,74,74,1,HEMERA DISTRIBUIDORA DE TITULOS E VALORES MOBILIARIOS LTDA,13,625189828893.23,0.0175757051655531
Fundo,2024-08-31,02671743000119,10629497941.04,79,79,1,BANVOX DISTRIBUIDORA DE TITULOS E VALORES MOBILIARIOS LTDA,14,625189828893.23,0.017002032742371
Fundo,2024-08-31,62418140000131,9836766112.27,8,8,1,INTRAG DTVM LTDA.,15,625189828893.23,0.0157340469368863
Fundo,2024-08-31,67030395000146,8953975159.65,86,86,1,TRUSTEE DISTRIBUIDORA DE TITULOS E VALORES MOBILIARIOS LTDA.,16,625189828893.23,0.014322010285262
Fundo,2024-08-31,22610500000188,7510234131.42,83,83,1,VORTX DISTRIBUIDORA DE TITULOS E VALORES MOBILIARIOS LTDA.,17,625189828893.23,0.0120127260302928
Fundo,2024-08-31,02201501000161,6314225351.48,32,32,1,BNY MELLON SERVICOS FINANCEIROS DTVM S.A.,18,625189828893.23,0.0100996930206911
Fundo,2024-08-31,16695922000109,6156024020.96,120,120,1,ID CORRETORA DE TITULOS E VALORES MOBILIARIOS S.A.,19,625189828893.23,0.00984664774834545
Fundo,2024-08-31,11758741000152,5513896966.83,19,19,1,BANCO FINAXIS S.A.,20,625189828893.23,0.00881955641631474
Fundo,2024-08-31,02332886000104,5466700866.29,13,13,1,XP INVESTIMENTOS CCTVM S.A.,21,625189828893.23,0.00874406558399658
Fundo,2024-08-31,62318407000119,4963303738.87,13,13,1,S3 CACEIS BRASIL DISTRIBUIDORA DE TITULOS E VALORES MOBILIARIOS S.A,22,625189828893.23,0.00793887473770408
Fundo,2024-08-31,33886862000112,4954211421.82,70,70,1,"MASTER S/A CORRETORA DE CAMBIO, TITULOS E VALORES MOBILIARIOS",23,625189828893.23,0.00792433144760274
Fundo,2024-08-31,42066258000130,4833164492.63,10,10,1,RJI CORRETORA DE TÍTULOS E VALORES MOBILIÁRIOS LTDA.,24,625189828893.23,0.00773071516724148
Fundo,2024-08-31,37678915000160,4343797422.28,23,23,1,FIDD DISTRIBUIDORA DE TITULOS E VALORES MOBILIARIOS LTDA.,25,625189828893.23,0.00694796559625706
Fundo,2024-08-31,00806535000154,3837343661.65,79,79,1,PLANNER CORRETORA DE VALORES S.A.,26,625189828893.23,0.00613788562178503
Fundo,2024-08-31,47215387000167,2677672753.26,33,33,1,CATÁLISE DISTRIBUIDORA DE TITULOS E VALORES MOBILIARIOS LTDA.,27,625189828893.23,0.00428297555320161
Fundo,2024-08-31,36266751000100,2478817552.52,18,18,1,FINVEST DISTRIBUIDORA DE TÍTULOS E VALORES MOBILIÁRIOS LTDA.,28,625189828893.23,0.00396490383874005
Fundo,2024-08-31,24361690000172,2362064077.87,54,54,1,LIMINE TRUST DISTRIBUIDORA DE TITULOS E VALORES MOBILIARIOS S.A.,29,625189828893.23,0.00377815499982069
Fundo,2024-08-31,03017677000120,2012306026.71,9,9,1,BANCO J. SAFRA S.A.,30,625189828893.23,0.00321871203546669
Fundo,2024-08-31,46955383000152,1925517293.16,21,21,1,QI DISTRIBUIDORA DE TITULOS E VALORES MOBILIARIOS LTDA.,31,625189828893.23,0.00307989222500426
Fundo,2024-08-31,13673855000125,1879638666.75,15,15,1,OSLO CAPITAL DISTRIBUIDORA DE TITULOS E VALORES MOBILIARIOS S.A.,32,625189828893.23,0.00300650871124617
Fundo,2024-08-31,03384738000198,1711911562.65,2,2,1,TIVIO CAPITAL DISTRIBUIDORA DE TITULOS E VALORES MOBILIARIOS S.A.,33,625189828893.23,0.00273822682893064
Fundo,2024-08-31,00360305000104,1554069632.5,4,4,1,CAIXA ECONOMICA FEDERAL,34,625189828893.23,0.00248575642257514
Fundo,2024-08-31,40434681000110,1029333238.01,54,54,1,AZUMI DISTRIBUIDORA DE TÍTULOS E VALORES MOBILIÁRIOS LTDA.,35,625189828893.23,0.00164643311589413
Fundo,2024-08-31,12063256000127,922952654.12,29,29,1,MONETAR DISTRIBUIDORA DE TITULOS E VALORES MOBILIARIOS LTDA.,36,625189828893.23,0.00147627586289095
Fundo,2024-08-31,44782130000107,807957852.79,28,28,1,ACTUAL DISTRIBUIDORA DE TITULOS E VALORES MOBILIARIOS S.A.,37,625189828893.23,0.00129234004689475
Fundo,2024-08-31,44077014000189,591307763.83,1,1,1,BR-CAPITAL DTVM S.A.,38,625189828893.23,0.000945805156294351
Fundo,2024-08-31,18945670000146,486084992.1,3,3,1,INTER DISTRIBUIDORA DE TÍTULOS E VALORES MOBILIÁRIOS,39,625189828893.23,0.000777499840265338
Fundo,2024-08-31,15489568000195,439420122.4,13,13,1,INTRA INVESTIMENTOS DTVM LTDA,40,625189828893.23,0.000702858719211576
Fundo,2024-08-31,01522368000182,286354427.4,1,1,1,BANCO BNP PARIBAS BRASIL S/A,41,625189828893.23,0.000458027968732204
Fundo,2024-08-31,71590442000183,200808462.01,5,5,1,LASTRO RDV DTVM LTDA,42,625189828893.23,0.000321195983571086
Fundo,2024-08-31,07253654000176,121052891.27,2,2,1,HEDGE INVESTMENTS DISTRIBUIDORA DE TÍTULOS E VALORES MOBILIÁRIOS LTDA.,43,625189828893.23,0.000193625816792796
Fundo,2024-08-31,33851064000155,68379063.35,2,2,1,DILLON S/A DTVM,44,625189828893.23,0.000109373281825539
Fundo,2024-08-31,45854066000187,45997104.32,3,3,1,WNT CAPITAL DISTRIBUIDORA DE TITULOS E VALORES MOBILIARIOS S.A.,45,625189828893.23,7.3573020855807e-05
Fundo,2024-08-31,48967968000118,33462399.26,1,1,1,VERT DISTRIBUIDORA DE TÍTULOS E VALORES MOBILIÁRIOS LTDA.,46,625189828893.23,5.35235823001764e-05
Fundo,2024-08-31,27652684000162,16886184.8,4,4,1,GENIAL INVESTIMENTOS CORRETORA DE VALORES MOBILIÁRIOS S.A.,47,625189828893.23,2.7009692128059e-05
Fundo,2024-08-31,40768766000135,7976046.91,1,1,1,LIONS TRUST DISTRIBUIDORA DE TÍTULOS E VALORES MOBILIÁRIOS LTDA.,48,625189828893.23,1.27578001774596e-05
Fundo,2024-08-31,41592532000142,171084.05,1,1,1,MERITO DISTRIBUIDORA DE TITULOS E VALORES MOBILIARIOS LTDA.,49,625189828893.23,2.73651364902831e-07
Fundo,2024-08-31,33775974000104,38096.37,1,1,1,ATIVA INVESTIMENTOS S.A. C.T.C.V.,50,625189828893.23,6.09356842344057e-08
Fundo,2024-09-30,36113876000191,89314173796.32,119,119,1,OLIVEIRA TRUST DTVM S.A.,1,640117138443.02,0.13952785893776
Fundo,2024-09-30,62285390000140,84346995359.14,724,724,1,QI CORRETORA DE TÍTULOS E VALORES MOBILIÁRIOS S.A.,2,640117138443.02,0.131768062895957
Fundo,2024-09-30,30822936000169,74423629546.47,2,2,1,BB GESTAO DE RECURSOS DTVM S.A,3,640117138443.02,0.116265641203567
Fundo,2024-09-30,59281253000123,68699728025.67,223,223,1,BTG PACTUAL SERVIÇOS FINANCEIROS S/A DTVM,4,640117138443.02,0.107323681713586
Fundo,2024-09-30,34829992000186,52334814333.16,177,177,1,CBSF DISTRIBUIDORA DE TITULOS E VALORES MOBILIARIOS S.A. - EM LIQUIDAÇÃO EXTRAJUDICIAL,5,640117138443.02,0.0817581832919766
Fundo,2024-09-30,45246410000155,33524276487.42,90,90,1,BANCO GENIAL S.A.,6,640117138443.02,0.0523720964087328
Fundo,2024-09-30,62232889000190,30474535212.86,200,200,1,BANCO DAYCOVAL S.A.,7,640117138443.02,0.0476077476803454
Fundo,2024-09-30,00066670000100,25709272553.42,22,22,1,BEM - DISTRIBUIDORA DE TITULOS E VALORES MOBILIARIOS LTDA.,8,640117138443.02,0.0401633873074444
Fundo,2024-09-30,13486793000142,22148503649.05,119,119,1,APEX GROUP DISTRIBUIDORA DE TÍTULOS E VALORES MOBILIÁRIOS S.A.,9,640117138443.02,0.0346007040257079
Fundo,2024-09-30,00329598000167,15019047835.63,27,27,1,SEFER INVESTIMENTOS DISTRIBUIDORA DE TÍTULOS E VALORES MOBILIÁRIOS LTDA.,10,640117138443.02,0.023462967843919
Fundo,2024-09-30,36864992000142,13338698684.01,52,52,1,APEX DISTRIBUIDORA DE TÍTULOS E VALORES MOBILIÁRIOS S.A.,11,640117138443.02,0.0208379027570707
Fundo,2024-09-30,39669186000101,11510616739,76,76,1,HEMERA DISTRIBUIDORA DE TITULOS E VALORES MOBILIARIOS LTDA,12,640117138443.02,0.0179820474218167
Fundo,2024-09-30,03317692000194,11212738117.66,68,68,1,FINAXIS CORRETORA DE TÍTULOS E VALORES MOBILIÁRIOS S.A.,13,640117138443.02,0.0175166972484648
Fundo,2024-09-30,02671743000119,10750213199.07,84,84,1,BANVOX DISTRIBUIDORA DE TITULOS E VALORES MOBILIARIOS LTDA,14,640117138443.02,0.0167941343130074
Fundo,2024-09-30,62418140000131,9845169209.81,8,8,1,INTRAG DTVM LTDA.,15,640117138443.02,0.0153802618591915
Fundo,2024-09-30,67030395000146,9054490602.2,85,85,1,TRUSTEE DISTRIBUIDORA DE TITULOS E VALORES MOBILIARIOS LTDA.,16,640117138443.02,0.0141450526136881
Fundo,2024-09-30,22610500000188,7836637571.78,89,89,1,VORTX DISTRIBUIDORA DE TITULOS E VALORES MOBILIARIOS LTDA.,17,640117138443.02,0.0122425054746094
Fundo,2024-09-30,16695922000109,6418047827.25,126,126,1,ID CORRETORA DE TITULOS E VALORES MOBILIARIOS S.A.,18,640117138443.02,0.0100263646164214
Fundo,2024-09-30,02201501000161,6353836649.37,33,33,1,BNY MELLON SERVICOS FINANCEIROS DTVM S.A.,19,640117138443.02,0.00992605301089839
Fundo,2024-09-30,02332886000104,6322610411.06,15,15,1,XP INVESTIMENTOS CCTVM S.A.,20,640117138443.02,0.00987727094206338
Fundo,2024-09-30,62318407000119,5853455584.48,14,14,1,S3 CACEIS BRASIL DISTRIBUIDORA DE TITULOS E VALORES MOBILIARIOS S.A,21,640117138443.02,0.00914435067106244
Fundo,2024-09-30,11758741000152,5558580005.7,19,19,1,BANCO FINAXIS S.A.,22,640117138443.02,0.00868369189304997
Fundo,2024-09-30,37678915000160,5389179539.36,25,25,1,FIDD DISTRIBUIDORA DE TITULOS E VALORES MOBILIARIOS LTDA.,23,640117138443.02,0.00841905210110183
Fundo,2024-09-30,33886862000112,5032858404.89,70,70,1,"MASTER S/A CORRETORA DE CAMBIO, TITULOS E VALORES MOBILIARIOS",24,640117138443.02,0.00786240221146336
Fundo,2024-09-30,42066258000130,4830739227.96,10,10,1,RJI CORRETORA DE TÍTULOS E VALORES MOBILIÁRIOS LTDA.,25,640117138443.02,0.0075466487894856
Fundo,2024-09-30,00806535000154,3904003927.2,80,80,1,PLANNER CORRETORA DE VALORES S.A.,26,640117138443.02,0.00609888986365191
Fundo,2024-09-30,47215387000167,2837330836.99,39,39,1,CATÁLISE DISTRIBUIDORA DE TITULOS E VALORES MOBILIARIOS LTDA.,27,640117138443.02,0.0044325181542418
Fundo,2024-09-30,24361690000172,2594499222.66,56,56,1,LIMINE TRUST DISTRIBUIDORA DE TITULOS E VALORES MOBILIARIOS S.A.,28,640117138443.02,0.00405316318974164
Fundo,2024-09-30,36266751000100,2373460765.41,17,17,1,FINVEST DISTRIBUIDORA DE TÍTULOS E VALORES MOBILIÁRIOS LTDA.,29,640117138443.02,0.00370785380185735
Fundo,2024-09-30,46955383000152,2160102544.58,22,22,1,QI DISTRIBUIDORA DE TITULOS E VALORES MOBILIARIOS LTDA.,30,640117138443.02,0.00337454258736783
Fundo,2024-09-30,03017677000120,2044546357.33,10,10,1,BANCO J. SAFRA S.A.,31,640117138443.02,0.00319401908579268
Fundo,2024-09-30,13673855000125,1884105747.75,15,15,1,OSLO CAPITAL DISTRIBUIDORA DE TITULOS E VALORES MOBILIARIOS S.A.,32,640117138443.02,0.00294337650813846
Fundo,2024-09-30,00360305000104,1551778483.31,4,4,1,CAIXA ECONOMICA FEDERAL,33,640117138443.02,0.00242421017984997
Fundo,2024-09-30,40434681000110,1082030264.82,54,54,1,AZUMI DISTRIBUIDORA DE TÍTULOS E VALORES MOBILIÁRIOS LTDA.,34,640117138443.02,0.00169036290365832
Fundo,2024-09-30,12063256000127,1039042525.78,35,35,1,MONETAR DISTRIBUIDORA DE TITULOS E VALORES MOBILIARIOS LTDA.,35,640117138443.02,0.00162320685290086
Fundo,2024-09-30,44782130000107,919098014.96,32,32,1,ACTUAL DISTRIBUIDORA DE TITULOS E VALORES MOBILIARIOS S.A.,36,640117138443.02,0.00143582785050179
Fundo,2024-09-30,44077014000189,591983850.83,1,1,1,BR-CAPITAL DTVM S.A.,37,640117138443.02,0.000924805500864894
Fundo,2024-09-30,18945670000146,523810154.09,3,3,1,INTER DISTRIBUIDORA DE TÍTULOS E VALORES MOBILIÁRIOS,38,640117138443.02,0.000818303592626941
Fundo,2024-09-30,15489568000195,444744908.74,14,14,1,INTRA INVESTIMENTOS DTVM LTDA,39,640117138443.02,0.000694786753908463
Fundo,2024-09-30,01522368000182,289197792.01,1,1,1,BANCO BNP PARIBAS BRASIL S/A,40,640117138443.02,0.000451788859635013
Fundo,2024-09-30,71590442000183,209625532.09,5,5,1,LASTRO RDV DTVM LTDA,41,640117138443.02,0.000327479955621685
Fundo,2024-09-30,07253654000176,124610429.66,2,2,1,HEDGE INVESTMENTS DISTRIBUIDORA DE TÍTULOS E VALORES MOBILIÁRIOS LTDA.,42,640117138443.02,0.000194668166459493
Fundo,2024-09-30,33851064000155,68217563.7,2,2,1,DILLON S/A DTVM,43,640117138443.02,0.000106570437820065
Fundo,2024-09-30,48967968000118,59625143.97,2,2,1,VERT DISTRIBUIDORA DE TÍTULOS E VALORES MOBILIÁRIOS LTDA.,44,640117138443.02,9.31472388241758e-05
Fundo,2024-09-30,45854066000187,47058965.77,4,4,1,WNT CAPITAL DISTRIBUIDORA DE TITULOS E VALORES MOBILIARIOS S.A.,45,640117138443.02,7.35161784364393e-05
Fundo,2024-09-30,03384738000198,40314064.71,1,1,1,TIVIO CAPITAL DISTRIBUIDORA DE TITULOS E VALORES MOBILIARIOS S.A.,46,640117138443.02,6.29791991010541e-05
Fundo,2024-09-30,27652684000162,16141933.46,4,4,1,GENIAL INVESTIMENTOS CORRETORA DE VALORES MOBILIÁRIOS S.A.,47,640117138443.02,2.52171555650933e-05
Fundo,2024-09-30,40768766000135,8015554.43,1,1,1,LIONS TRUST DISTRIBUIDORA DE TÍTULOS E VALORES MOBILIÁRIOS LTDA.,48,640117138443.02,1.25220119078463e-05
Fundo,2024-09-30,41592532000142,935747.41,1,1,1,MERITO DISTRIBUIDORA DE TITULOS E VALORES MOBILIARIOS LTDA.,49,640117138443.02,1.46183776968705e-06
Fundo,2024-09-30,33775974000104,9538.62,1,1,1,ATIVA INVESTIMENTOS S.A. C.T.C.V.,50,640117138443.02,1.49013663705383e-08
Fundo,2024-10-31,30822936000169,90801963077.56,2,2,1,BB GESTAO DE RECURSOS DTVM S.A,1,362738354331.35,0.250323578946976
Fundo,2024-10-31,59281253000123,51519965578.76,99,99,1,BTG PACTUAL SERVIÇOS FINANCEIROS S/A DTVM,2,362738354331.35,0.142030653675233
Fundo,2024-10-31,36113876000191,44345300881.55,74,74,1,OLIVEIRA TRUST DTVM S.A.,3,362738354331.35,0.122251480583831
Fundo,2024-10-31,62285390000140,26455262740.5,177,177,1,QI CORRETORA DE TÍTULOS E VALORES MOBILIÁRIOS S.A.,4,362738354331.35,0.0729320801746097
Fundo,2024-10-31,34829992000186,26298940151.04,93,93,1,CBSF DISTRIBUIDORA DE TITULOS E VALORES MOBILIARIOS S.A. - EM LIQUIDAÇÃO EXTRAJUDICIAL,5,362738354331.35,0.0725011288081678
Fundo,2024-10-31,45246410000155,16660929334.08,48,48,1,BANCO GENIAL S.A.,6,362738354331.35,0.0459309834075632
Fundo,2024-10-31,13486793000142,12856463413.14,78,78,1,APEX GROUP DISTRIBUIDORA DE TÍTULOS E VALORES MOBILIÁRIOS S.A.,7,362738354331.35,0.0354428012908611
Fundo,2024-10-31,62232889000190,10317248950.91,52,52,1,BANCO DAYCOVAL S.A.,8,362738354331.35,0.0284426745275619
Fundo,2024-10-31,36864992000142,8185799160.9,37,37,1,APEX DISTRIBUIDORA DE TÍTULOS E VALORES MOBILIÁRIOS S.A.,9,362738354331.35,0.0225666766779852
Fundo,2024-10-31,00066670000100,7074866589.17,5,5,1,BEM - DISTRIBUIDORA DE TITULOS E VALORES MOBILIARIOS LTDA.,10,362738354331.35,0.0195040488679819
Fundo,2024-10-31,03317692000194,6500719677.78,53,53,1,FINAXIS CORRETORA DE TÍTULOS E VALORES MOBILIÁRIOS S.A.,11,362738354331.35,0.0179212360649401
Fundo,2024-10-31,11758741000152,5226866789.92,17,17,1,BANCO FINAXIS S.A.,12,362738354331.35,0.014409468222777
Fundo,2024-10-31,62318407000119,4754930282.94,10,10,1,S3 CACEIS BRASIL DISTRIBUIDORA DE TITULOS E VALORES MOBILIARIOS S.A,13,362738354331.35,0.0131084298811052
Fundo,2024-10-31,16695922000109,4742151681.35,89,89,1,ID CORRETORA DE TITULOS E VALORES MOBILIARIOS S.A.,14,362738354331.35,0.0130732017299119
Fundo,2024-10-31,42066258000130,4740661379.47,8,8,1,RJI CORRETORA DE TÍTULOS E VALORES MOBILIÁRIOS LTDA.,15,362738354331.35,0.0130690932537549
Fundo,2024-10-31,39669186000101,4632596240.12,36,36,1,HEMERA DISTRIBUIDORA DE TITULOS E VALORES MOBILIARIOS LTDA,16,362738354331.35,0.0127711784122179
Fundo,2024-10-31,67030395000146,4489066056.51,42,42,1,TRUSTEE DISTRIBUIDORA DE TITULOS E VALORES MOBILIARIOS LTDA.,17,362738354331.35,0.0123754932526638
Fundo,2024-10-31,00329598000167,4400985515.81,13,13,1,SEFER INVESTIMENTOS DISTRIBUIDORA DE TÍTULOS E VALORES MOBILIÁRIOS LTDA.,18,362738354331.35,0.0121326721127202
Fundo,2024-10-31,02201501000161,3909723153.03,16,16,1,BNY MELLON SERVICOS FINANCEIROS DTVM S.A.,19,362738354331.35,0.0107783560970192
Fundo,2024-10-31,02671743000119,3306868609.91,35,35,1,BANVOX DISTRIBUIDORA DE TITULOS E VALORES MOBILIARIOS LTDA,20,362738354331.35,0.00911640186493563
Fundo,2024-10-31,22610500000188,2708454698.25,30,30,1,VORTX DISTRIBUIDORA DE TITULOS E VALORES MOBILIARIOS LTDA.,21,362738354331.35,0.00746668960122125
Fundo,2024-10-31,37678915000160,2636753307,6,6,1,FIDD DISTRIBUIDORA DE TITULOS E VALORES MOBILIARIOS LTDA.,22,362738354331.35,0.00726902263164432
Fundo,2024-10-31,36266751000100,2519840156.83,14,14,1,FINVEST DISTRIBUIDORA DE TÍTULOS E VALORES MOBILIÁRIOS LTDA.,23,362738354331.35,0.00694671552302464
Fundo,2024-10-31,00806535000154,2497927611.76,39,39,1,PLANNER CORRETORA DE VALORES S.A.,24,362738354331.35,0.00688630684330178
Fundo,2024-10-31,03017677000120,2157941451.97,10,10,1,BANCO J. SAFRA S.A.,25,362738354331.35,0.0059490302754111
Fundo,2024-10-31,13673855000125,1803969019.22,10,10,1,OSLO CAPITAL DISTRIBUIDORA DE TITULOS E VALORES MOBILIARIOS S.A.,26,362738354331.35,0.00497319623822336
Fundo,2024-10-31,00360305000104,1550746910.66,4,4,1,CAIXA ECONOMICA FEDERAL,27,362738354331.35,0.00427511150156303
Fundo,2024-10-31,33886862000112,1198251397.79,23,23,1,"MASTER S/A CORRETORA DE CAMBIO, TITULOS E VALORES MOBILIARIOS",28,362738354331.35,0.00330334904892752
Fundo,2024-10-31,24361690000172,1103274730.94,19,19,1,LIMINE TRUST DISTRIBUIDORA DE TITULOS E VALORES MOBILIARIOS S.A.,29,362738354331.35,0.00304151661319
Fundo,2024-10-31,02332886000104,860080073.55,7,7,1,XP INVESTIMENTOS CCTVM S.A.,30,362738354331.35,0.00237107563421414
Fundo,2024-10-31,44077014000189,592626099.51,1,1,1,BR-CAPITAL DTVM S.A.,31,362738354331.35,0.00163375637683093
Fundo,2024-10-31,40434681000110,323072452.71,17,17,1,AZUMI DISTRIBUIDORA DE TÍTULOS E VALORES MOBILIÁRIOS LTDA.,32,362738354331.35,0.000890648724768938
Fundo,2024-10-31,01522368000182,292664491.6,1,1,1,BANCO BNP PARIBAS BRASIL S/A,33,362738354331.35,0.000806819814076403
Fundo,2024-10-31,47215387000167,274796198.92,1,1,1,CATÁLISE DISTRIBUIDORA DE TITULOS E VALORES MOBILIARIOS LTDA.,34,362738354331.35,0.000757560361728339
Fundo,2024-10-31,62418140000131,231627643.01,1,1,1,INTRAG DTVM LTDA.,35,362738354331.35,0.000638552941105355
Fundo,2024-10-31,71590442000183,220095656.09,5,5,1,LASTRO RDV DTVM LTDA,36,362738354331.35,0.000606761467217083
Fundo,2024-10-31,15489568000195,139166512.02,7,7,1,INTRA INVESTIMENTOS DTVM LTDA,37,362738354331.35,0.000383655354770882
Fundo,2024-10-31,07253654000176,126571263.66,2,2,1,HEDGE INVESTMENTS DISTRIBUIDORA DE TÍTULOS E VALORES MOBILIÁRIOS LTDA.,38,362738354331.35,0.000348932673230306
Fundo,2024-10-31,46955383000152,116371773.62,3,3,1,QI DISTRIBUIDORA DE TITULOS E VALORES MOBILIARIOS LTDA.,39,362738354331.35,0.000320814637411345
Fundo,2024-10-31,33851064000155,68135201.47,2,2,1,DILLON S/A DTVM,40,362738354331.35,0.000187835669033666
Fundo,2024-10-31,03384738000198,40603866.79,1,1,1,TIVIO CAPITAL DISTRIBUIDORA DE TITULOS E VALORES MOBILIARIOS S.A.,41,362738354331.35,0.000111937065119146
Fundo,2024-10-31,48967968000118,20481925.51,1,1,1,VERT DISTRIBUIDORA DE TÍTULOS E VALORES MOBILIÁRIOS LTDA.,42,362738354331.35,5.6464736263567e-05
Fundo,2024-10-31,44782130000107,12997107.53,1,1,1,ACTUAL DISTRIBUIDORA DE TITULOS E VALORES MOBILIARIOS S.A.,43,362738354331.35,3.58305301184874e-05
Fundo,2024-10-31,27652684000162,12689485.21,4,4,1,GENIAL INVESTIMENTOS CORRETORA DE VALORES MOBILIÁRIOS S.A.,44,362738354331.35,3.49824744432968e-05
Fundo,2024-10-31,40768766000135,7847178.41,1,1,1,LIONS TRUST DISTRIBUIDORA DE TÍTULOS E VALORES MOBILIÁRIOS LTDA.,45,362738354331.35,2.16331642802565e-05
Fundo,2024-10-31,33775974000104,58852.87,1,1,1,ATIVA INVESTIMENTOS S.A. C.T.C.V.,46,362738354331.35,1.62246063305012e-07
Fundo,2024-11-30,30822936000169,96240672068.48,2,2,1,BB GESTAO DE RECURSOS DTVM S.A,1,312578363394.01,0.307892942504044
Fundo,2024-11-30,59281253000123,45557071108.95,81,81,1,BTG PACTUAL SERVIÇOS FINANCEIROS S/A DTVM,2,312578363394.01,0.145746079844703
Fundo,2024-11-30,36113876000191,39780369838.7,63,63,1,OLIVEIRA TRUST DTVM S.A.,3,312578363394.01,0.12726527008063
Fundo,2024-11-30,62285390000140,21371098277.58,124,124,1,QI CORRETORA DE TÍTULOS E VALORES MOBILIÁRIOS S.A.,4,312578363394.01,0.0683703697387442
Fundo,2024-11-30,13486793000142,10622881589.99,61,61,1,APEX GROUP DISTRIBUIDORA DE TÍTULOS E VALORES MOBILIÁRIOS S.A.,5,312578363394.01,0.0339846989876254
Fundo,2024-11-30,34829992000186,10302090937.26,63,63,1,CBSF DISTRIBUIDORA DE TITULOS E VALORES MOBILIARIOS S.A. - EM LIQUIDAÇÃO EXTRAJUDICIAL,6,312578363394.01,0.032958426249977
Fundo,2024-11-30,62232889000190,9724890477.73,38,38,1,BANCO DAYCOVAL S.A.,7,312578363394.01,0.0311118478327677
Fundo,2024-11-30,45246410000155,7903920718.28,34,34,1,BANCO GENIAL S.A.,8,312578363394.01,0.025286205457276
Fundo,2024-11-30,36864992000142,7552656099.95,33,33,1,APEX DISTRIBUIDORA DE TÍTULOS E VALORES MOBILIÁRIOS S.A.,9,312578363394.01,0.0241624404771413
Fundo,2024-11-30,03317692000194,7493587428.22,49,49,1,FINAXIS CORRETORA DE TÍTULOS E VALORES MOBILIÁRIOS S.A.,10,312578363394.01,0.0239734681148555
Fundo,2024-11-30,00066670000100,7064052070.45,4,4,1,BEM - DISTRIBUIDORA DE TITULOS E VALORES MOBILIARIOS LTDA.,11,312578363394.01,0.0225992995604294
Fundo,2024-11-30,02201501000161,5737463409.39,18,18,1,BNY MELLON SERVICOS FINANCEIROS DTVM S.A.,12,312578363394.01,0.0183552800875019
Fundo,2024-11-30,16695922000109,4866948584.25,91,91,1,ID CORRETORA DE TITULOS E VALORES MOBILIARIOS S.A.,13,312578363394.01,0.0155703310088521
Fundo,2024-11-30,00329598000167,4458753345.15,12,12,1,SEFER INVESTIMENTOS DISTRIBUIDORA DE TÍTULOS E VALORES MOBILIÁRIOS LTDA.,14,312578363394.01,0.0142644337142737
Fundo,2024-11-30,11758741000152,4286774022.59,11,11,1,BANCO FINAXIS S.A.,15,312578363394.01,0.0137142378507704
Fundo,2024-11-30,62318407000119,3162687052.58,10,10,1,S3 CACEIS BRASIL DISTRIBUIDORA DE TITULOS E VALORES MOBILIARIOS S.A,16,312578363394.01,0.0101180613342497
Fundo,2024-11-30,39669186000101,2984480051.02,25,25,1,HEMERA DISTRIBUIDORA DE TITULOS E VALORES MOBILIARIOS LTDA,17,312578363394.01,0.00954794189403959
Fundo,2024-11-30,37678915000160,2734313442.47,7,7,1,FIDD DISTRIBUIDORA DE TITULOS E VALORES MOBILIARIOS LTDA.,18,312578363394.01,0.0087476094403353
Fundo,2024-11-30,36266751000100,2453491527.75,6,6,1,FINVEST DISTRIBUIDORA DE TÍTULOS E VALORES MOBILIÁRIOS LTDA.,19,312578363394.01,0.0078492045997993
Fundo,2024-11-30,02671743000119,2306681618.53,19,19,1,BANVOX DISTRIBUIDORA DE TITULOS E VALORES MOBILIARIOS LTDA,20,312578363394.01,0.00737953066707433
Fundo,2024-11-30,00806535000154,2256228143.85,33,33,1,PLANNER CORRETORA DE VALORES S.A.,21,312578363394.01,0.00721812002389298
Fundo,2024-11-30,02332886000104,2163055477.65,9,9,1,XP INVESTIMENTOS CCTVM S.A.,22,312578363394.01,0.0069200422388911
Fundo,2024-11-30,03017677000120,2020252512.48,9,9,1,BANCO J. SAFRA S.A.,23,312578363394.01,0.0064631873125954
Fundo,2024-11-30,13673855000125,1785731096.95,7,7,1,OSLO CAPITAL DISTRIBUIDORA DE TITULOS E VALORES MOBILIARIOS S.A.,24,312578363394.01,0.00571290692535573
Fundo,2024-11-30,00360305000104,1546094444.47,4,4,1,CAIXA ECONOMICA FEDERAL,25,312578363394.01,0.00494626188352366
Fundo,2024-11-30,22610500000188,1264003669.73,9,9,1,VORTX DISTRIBUIDORA DE TITULOS E VALORES MOBILIARIOS LTDA.,26,312578363394.01,0.0040437977088539
Fundo,2024-11-30,46955383000152,1139750112.78,2,2,1,QI DISTRIBUIDORA DE TITULOS E VALORES MOBILIARIOS LTDA.,27,312578363394.01,0.00364628600778528
Fundo,2024-11-30,24361690000172,958131028.93,24,24,1,LIMINE TRUST DISTRIBUIDORA DE TITULOS E VALORES MOBILIARIOS S.A.,28,312578363394.01,0.00306525064155596
Fundo,2024-11-30,33886862000112,704707661.78,15,15,1,"MASTER S/A CORRETORA DE CAMBIO, TITULOS E VALORES MOBILIARIOS",29,312578363394.01,0.00225449917303363
Fundo,2024-11-30,67030395000146,630406822.39,8,8,1,TRUSTEE DISTRIBUIDORA DE TITULOS E VALORES MOBILIARIOS LTDA.,30,312578363394.01,0.00201679609408973
Fundo,2024-11-30,44077014000189,593511316.67,1,1,1,BR-CAPITAL DTVM S.A.,31,312578363394.01,0.0018987600748356
Fundo,2024-11-30,01522368000182,295556655.73,1,1,1,BANCO BNP PARIBAS BRASIL S/A,32,312578363394.01,0.000945544190969629
Fundo,2024-11-30,71590442000183,225885572,5,5,1,LASTRO RDV DTVM LTDA,33,312578363394.01,0.000722652615962634
Fundo,2024-11-30,40434681000110,190161415.74,14,14,1,AZUMI DISTRIBUIDORA DE TÍTULOS E VALORES MOBILIÁRIOS LTDA.,34,312578363394.01,0.000608363975277132
Fundo,2024-11-30,07253654000176,123561745.18,2,2,1,HEDGE INVESTMENTS DISTRIBUIDORA DE TÍTULOS E VALORES MOBILIÁRIOS LTDA.,35,312578363394.01,0.000395298458403688
Fundo,2024-11-30,33851064000155,68027563.56,2,2,1,DILLON S/A DTVM,36,312578363394.01,0.000217633628960589
Fundo,2024-11-30,48967968000118,16667517.53,1,1,1,VERT DISTRIBUIDORA DE TÍTULOS E VALORES MOBILIÁRIOS LTDA.,37,312578363394.01,5.33226847470256e-05
Fundo,2024-11-30,27652684000162,11927180.87,4,4,1,GENIAL INVESTIMENTOS CORRETORA DE VALORES MOBILIÁRIOS S.A.,38,312578363394.01,3.81574103226256e-05
Fundo,2024-11-30,15489568000195,10252747.92,2,2,1,INTRA INVESTIMENTOS DTVM LTDA,39,312578363394.01,3.28005681796863e-05
Fundo,2024-11-30,33775974000104,19082.59,1,1,1,ATIVA INVESTIMENTOS S.A. C.T.C.V.,40,312578363394.01,6.10489791833291e-08
Fundo,2024-11-30,42066258000130,-30452044.11,2,2,1,RJI CORRETORA DE TÍTULOS E VALORES MOBILIÁRIOS LTDA.,41,312578363394.01,-9.74221113046609e-05
Fundo,2024-12-31,16695922000109,5075549282,90,90,1,ID CORRETORA DE TITULOS E VALORES MOBILIARIOS S.A.,1,18580632847.85,0.273163423633727
Fundo,2024-12-31,59281253000123,3076679856.8,15,15,1,BTG PACTUAL SERVIÇOS FINANCEIROS S/A DTVM,2,18580632847.85,0.165585310360191
Fundo,2024-12-31,36113876000191,1887828006.13,4,4,1,OLIVEIRA TRUST DTVM S.A.,3,18580632847.85,0.101601921828429
Fundo,2024-12-31,34829992000186,1637235954.16,13,13,1,CBSF DISTRIBUIDORA DE TITULOS E VALORES MOBILIARIOS S.A. - EM LIQUIDAÇÃO EXTRAJUDICIAL,4,18580632847.85,0.0881151878715179
Fundo,2024-12-31,37678915000160,1210767691.3,5,5,1,FIDD DISTRIBUIDORA DE TITULOS E VALORES MOBILIARIOS LTDA.,5,18580632847.85,0.0651628876806583
Fundo,2024-12-31,03317692000194,999181480.09,10,10,1,FINAXIS CORRETORA DE TÍTULOS E VALORES MOBILIÁRIOS S.A.,6,18580632847.85,0.0537754277947329
Fundo,2024-12-31,00066670000100,944401084.77,1,1,1,BEM - DISTRIBUIDORA DE TITULOS E VALORES MOBILIARIOS LTDA.,7,18580632847.85,0.0508271753983492
Fundo,2024-12-31,44077014000189,594454625.18,1,1,1,BR-CAPITAL DTVM S.A.,8,18580632847.85,0.031993238876618
Fundo,2024-12-31,33886862000112,422836344.3,7,7,1,"MASTER S/A CORRETORA DE CAMBIO, TITULOS E VALORES MOBILIARIOS",9,18580632847.85,0.0227568322221558
Fundo,2024-12-31,62285390000140,406008131.63,14,14,1,QI CORRETORA DE TÍTULOS E VALORES MOBILIÁRIOS S.A.,10,18580632847.85,0.0218511465650633
Fundo,2024-12-31,02332886000104,397891838.1,3,3,1,XP INVESTIMENTOS CCTVM S.A.,11,18580632847.85,0.0214143318668525
Fundo,2024-12-31,13486793000142,372046191.52,14,14,1,APEX GROUP DISTRIBUIDORA DE TÍTULOS E VALORES MOBILIÁRIOS S.A.,12,18580632847.85,0.0200233326047907
Fundo,2024-12-31,36864992000142,284406359.56,5,5,1,APEX DISTRIBUIDORA DE TÍTULOS E VALORES MOBILIÁRIOS S.A.,13,18580632847.85,0.0153066024117101
Fundo,2024-12-31,62232889000190,261141925.37,8,8,1,BANCO DAYCOVAL S.A.,14,18580632847.85,0.0140545226585335
Fundo,2024-12-31,00329598000167,175082794.46,4,4,1,SEFER INVESTIMENTOS DISTRIBUIDORA DE TÍTULOS E VALORES MOBILIÁRIOS LTDA.,15,18580632847.85,0.0094228649741744
Fundo,2024-12-31,22610500000188,145321069.51,3,3,1,VORTX DISTRIBUIDORA DE TITULOS E VALORES MOBILIARIOS LTDA.,16,18580632847.85,0.00782110441016628
Fundo,2024-12-31,46955383000152,141675076.39,1,1,1,QI DISTRIBUIDORA DE TITULOS E VALORES MOBILIARIOS LTDA.,17,18580632847.85,0.00762487895596051
Fundo,2024-12-31,02201501000161,103039772.41,3,3,1,BNY MELLON SERVICOS FINANCEIROS DTVM S.A.,18,18580632847.85,0.00554554698183614
Fundo,2024-12-31,40434681000110,86921278.72,4,4,1,AZUMI DISTRIBUIDORA DE TÍTULOS E VALORES MOBILIÁRIOS LTDA.,19,18580632847.85,0.00467805803127195
Fundo,2024-12-31,27652684000162,83665585.63,3,3,1,GENIAL INVESTIMENTOS CORRETORA DE VALORES MOBILIÁRIOS S.A.,20,18580632847.85,0.00450283832176799
Fundo,2024-12-31,33851064000155,67434384.04,2,2,1,DILLON S/A DTVM,21,18580632847.85,0.00362928349062142
Fundo,2024-12-31,11758741000152,52356011.81,1,1,1,BANCO FINAXIS S.A.,22,18580632847.85,0.00281777333628646
Fundo,2024-12-31,07253654000176,51378462.77,1,1,1,HEDGE INVESTMENTS DISTRIBUIDORA DE TÍTULOS E VALORES MOBILIÁRIOS LTDA.,23,18580632847.85,0.00276516215517089
Fundo,2024-12-31,62318407000119,38389167.69,1,1,1,S3 CACEIS BRASIL DISTRIBUIDORA DE TITULOS E VALORES MOBILIARIOS S.A,24,18580632847.85,0.00206608504696018
Fundo,2024-12-31,12063256000127,27781659.44,1,1,1,MONETAR DISTRIBUIDORA DE TITULOS E VALORES MOBILIARIOS LTDA.,25,18580632847.85,0.00149519446767469
Fundo,2024-12-31,48967968000118,14113073.3,1,1,1,VERT DISTRIBUIDORA DE TÍTULOS E VALORES MOBILIÁRIOS LTDA.,26,18580632847.85,0.000759558267770898
Fundo,2024-12-31,02671743000119,11569091.68,1,1,1,BANVOX DISTRIBUIDORA DE TITULOS E VALORES MOBILIARIOS LTDA,27,18580632847.85,0.000622642499571196
Fundo,2024-12-31,24361690000172,7476816.41,2,2,1,LIMINE TRUST DISTRIBUIDORA DE TITULOS E VALORES MOBILIARIOS S.A.,28,18580632847.85,0.00040239837206972
Fundo,2024-12-31,15489568000195,2105731.03,1,1,1,INTRA INVESTIMENTOS DTVM LTDA,29,18580632847.85,0.000113329349287673
Fundo,2024-12-31,13673855000125,1876885.63,1,1,1,OSLO CAPITAL DISTRIBUIDORA DE TITULOS E VALORES MOBILIARIOS S.A.,30,18580632847.85,0.000101013008833936
Fundo,2024-12-31,00806535000154,15139.34,1,1,1,PLANNER CORRETORA DE VALORES S.A.,31,18580632847.85,8.14791408019873e-07
Fundo,2024-12-31,33775974000104,2076.68,1,1,1,ATIVA INVESTIMENTOS S.A. C.T.C.V.,32,18580632847.85,1.11765837956391e-07
Fundo,2024-12-31,45246410000155,0,4,4,1,BANCO GENIAL S.A.,33,18580632847.85,0
Fundo,2025-01-31,16695922000109,5117914832.21,86,86,1,ID CORRETORA DE TITULOS E VALORES MOBILIARIOS S.A.,1,16458971817.72,0.310949850870998
Fundo,2025-01-31,59281253000123,3079132148.46,16,16,1,BTG PACTUAL SERVIÇOS FINANCEIROS S/A DTVM,2,16458971817.72,0.187079252735882
Fundo,2025-01-31,36113876000191,1513403677.97,3,3,1,OLIVEIRA TRUST DTVM S.A.,3,16458971817.72,0.0919500740830387
Fundo,2025-01-31,37678915000160,1195397645.33,3,3,1,FIDD DISTRIBUIDORA DE TITULOS E VALORES MOBILIARIOS LTDA.,4,16458971817.72,0.0726289380994635
Fundo,2025-01-31,62285390000140,1059956466.93,8,8,1,QI CORRETORA DE TÍTULOS E VALORES MOBILIÁRIOS S.A.,5,16458971817.72,0.0643999199141245
Fundo,2025-01-31,00066670000100,944342778.73,1,1,1,BEM - DISTRIBUIDORA DE TITULOS E VALORES MOBILIARIOS LTDA.,6,16458971817.72,0.0573755632604769
Fundo,2025-01-31,44077014000189,595245658.57,1,1,1,BR-CAPITAL DTVM S.A.,7,16458971817.72,0.0361654218235643
Fundo,2025-01-31,02332886000104,401351017.45,3,3,1,XP INVESTIMENTOS CCTVM S.A.,8,16458971817.72,0.0243849386155397
Fundo,2025-01-31,62232889000190,386477272.84,5,5,1,BANCO DAYCOVAL S.A.,9,16458971817.72,0.0234812524816351
Fundo,2025-01-31,13486793000142,353128134.15,14,14,1,APEX GROUP DISTRIBUIDORA DE TÍTULOS E VALORES MOBILIÁRIOS S.A.,10,16458971817.72,0.0214550543047784
Fundo,2025-01-31,34829992000186,330388646.68,7,7,1,CBSF DISTRIBUIDORA DE TITULOS E VALORES MOBILIARIOS S.A. - EM LIQUIDAÇÃO EXTRAJUDICIAL,11,16458971817.72,0.0200734681570023
Fundo,2025-01-31,36864992000142,281339979.78,5,5,1,APEX DISTRIBUIDORA DE TÍTULOS E VALORES MOBILIÁRIOS S.A.,12,16458971817.72,0.0170934115992048
Fundo,2025-01-31,46955383000152,277276765.23,2,2,1,QI DISTRIBUIDORA DE TITULOS E VALORES MOBILIARIOS LTDA.,13,16458971817.72,0.0168465423175146
Fundo,2025-01-31,03317692000194,211838191.08,2,2,1,FINAXIS CORRETORA DE TÍTULOS E VALORES MOBILIÁRIOS S.A.,14,16458971817.72,0.0128706819250964
Fundo,2025-01-31,22610500000188,200177611.34,4,4,1,VORTX DISTRIBUIDORA DE TITULOS E VALORES MOBILIARIOS LTDA.,15,16458971817.72,0.0121622184883071
Fundo,2025-01-31,02201501000161,121673776.9,4,4,1,BNY MELLON SERVICOS FINANCEIROS DTVM S.A.,16,16458971817.72,0.0073925502909607
Fundo,2025-01-31,40434681000110,89083100.4,4,4,1,AZUMI DISTRIBUIDORA DE TÍTULOS E VALORES MOBILIÁRIOS LTDA.,17,16458971817.72,0.00541243410503271
Fundo,2025-01-31,33851064000155,67110953.49,2,2,1,DILLON S/A DTVM,18,16458971817.72,0.00407746937252467
Fundo,2025-01-31,33886862000112,56903964.42,2,2,1,"MASTER S/A CORRETORA DE CAMBIO, TITULOS E VALORES MOBILIARIOS",19,16458971817.72,0.00345732194271918
Fundo,2025-01-31,45246410000155,56421341.19,5,5,1,BANCO GENIAL S.A.,20,16458971817.72,0.00342799913717914
Fundo,2025-01-31,07253654000176,41769419.64,1,1,1,HEDGE INVESTMENTS DISTRIBUIDORA DE TÍTULOS E VALORES MOBILIÁRIOS LTDA.,21,16458971817.72,0.00253779033724515
Fundo,2025-01-31,62318407000119,38317127.48,1,1,1,S3 CACEIS BRASIL DISTRIBUIDORA DE TITULOS E VALORES MOBILIARIOS S.A,22,16458971817.72,0.00232803895069236
Fundo,2025-01-31,27652684000162,19447912.65,1,1,1,GENIAL INVESTIMENTOS CORRETORA DE VALORES MOBILIÁRIOS S.A.,23,16458971817.72,0.00118159948661326
Fundo,2025-01-31,48967968000118,11129803.58,1,1,1,VERT DISTRIBUIDORA DE TÍTULOS E VALORES MOBILIÁRIOS LTDA.,24,16458971817.72,0.000676214997100698
Fundo,2025-01-31,12063256000127,5000765.67,1,1,1,MONETAR DISTRIBUIDORA DE TITULOS E VALORES MOBILIARIOS LTDA.,25,16458971817.72,0.000303832203213088
Fundo,2025-01-31,00329598000167,2995478.01,1,1,1,SEFER INVESTIMENTOS DISTRIBUIDORA DE TÍTULOS E VALORES MOBILIÁRIOS LTDA.,26,16458971817.72,0.000181996666813356
Fundo,2025-01-31,00806535000154,1683473.55,2,2,1,PLANNER CORRETORA DE VALORES S.A.,27,16458971817.72,0.000102283032539587
Fundo,2025-01-31,33775974000104,63873.99,1,1,1,ATIVA INVESTIMENTOS S.A. C.T.C.V.,28,16458971817.72,3.88080073940173e-06
Fundo,2025-01-31,24361690000172,0,1,1,1,LIMINE TRUST DISTRIBUIDORA DE TITULOS E VALORES MOBILIARIOS S.A.,29,16458971817.72,0
Fundo,2025-02-28,16695922000109,5480932833.14,88,88,1,ID CORRETORA DE TITULOS E VALORES MOBILIARIOS S.A.,1,12987573998.81,0.422013598047041
Fundo,2025-02-28,37678915000160,1205252897.39,3,3,1,FIDD DISTRIBUIDORA DE TITULOS E VALORES MOBILIARIOS LTDA.,2,12987573998.81,0.0928004643130759
Fundo,2025-02-28,00066670000100,1128097569.08,3,3,1,BEM - DISTRIBUIDORA DE TITULOS E VALORES MOBILIARIOS LTDA.,3,12987573998.81,0.086859760659178
Fundo,2025-02-28,48967968000118,977840994.62,2,2,1,VERT DISTRIBUIDORA DE TÍTULOS E VALORES MOBILIÁRIOS LTDA.,4,12987573998.81,0.0752905041934387
Fundo,2025-02-28,44077014000189,595856781.14,1,1,1,BR-CAPITAL DTVM S.A.,5,12987573998.81,0.0458789902713622
Fundo,2025-02-28,36113876000191,528395723.46,1,1,1,OLIVEIRA TRUST DTVM S.A.,6,12987573998.81,0.0406847132119066
Fundo,2025-02-28,02332886000104,434453039.82,3,3,1,XP INVESTIMENTOS CCTVM S.A.,7,12987573998.81,0.0334514390339418
Fundo,2025-02-28,62285390000140,367183447.89,7,7,1,QI CORRETORA DE TÍTULOS E VALORES MOBILIÁRIOS S.A.,8,12987573998.81,0.0282719042004029
Fundo,2025-02-28,13486793000142,346132162.15,13,13,1,APEX GROUP DISTRIBUIDORA DE TÍTULOS E VALORES MOBILIÁRIOS S.A.,9,12987573998.81,0.0266510252170047
Fundo,2025-02-28,34829992000186,313276788.03,6,6,1,CBSF DISTRIBUIDORA DE TITULOS E VALORES MOBILIARIOS S.A. - EM LIQUIDAÇÃO EXTRAJUDICIAL,10,12987573998.81,0.024121270689869
Fundo,2025-02-28,62232889000190,231404223.84,2,2,1,BANCO DAYCOVAL S.A.,11,12987573998.81,0.017817355563187
Fundo,2025-02-28,03317692000194,214437492.47,2,2,1,FINAXIS CORRETORA DE TÍTULOS E VALORES MOBILIÁRIOS S.A.,12,12987573998.81,0.0165109736806618
Fundo,2025-02-28,59281253000123,195494359.26,6,6,1,BTG PACTUAL SERVIÇOS FINANCEIROS S/A DTVM,13,12987573998.81,0.0150524154301575
Fundo,2025-02-28,36864992000142,160793938.8,4,4,1,APEX DISTRIBUIDORA DE TÍTULOS E VALORES MOBILIÁRIOS S.A.,14,12987573998.81,0.0123805984716417
Fundo,2025-02-28,46955383000152,159355281.18,1,1,1,QI DISTRIBUIDORA DE TITULOS E VALORES MOBILIARIOS LTDA.,15,12987573998.81,0.012269826620014
Fundo,2025-02-28,22610500000188,150918551.07,4,4,1,VORTX DISTRIBUIDORA DE TITULOS E VALORES MOBILIARIOS LTDA.,16,12987573998.81,0.011620226462912
Fundo,2025-02-28,02201501000161,121250663.49,3,3,1,BNY MELLON SERVICOS FINANCEIROS DTVM S.A.,17,12987573998.81,0.00933589779747239
Fundo,2025-02-28,40434681000110,92050177.58,4,4,1,AZUMI DISTRIBUIDORA DE TÍTULOS E VALORES MOBILIÁRIOS LTDA.,18,12987573998.81,0.00708755750600029
Fundo,2025-02-28,07253654000176,68356108.14,1,1,1,HEDGE INVESTMENTS DISTRIBUIDORA DE TÍTULOS E VALORES MOBILIÁRIOS LTDA.,19,12987573998.81,0.00526319296785244
Fundo,2025-02-28,33851064000155,66742362.83,2,2,1,DILLON S/A DTVM,20,12987573998.81,0.00513893994645308
Fundo,2025-02-28,27652684000162,38650000,6,6,1,GENIAL INVESTIMENTOS CORRETORA DE VALORES MOBILIÁRIOS S.A.,21,12987573998.81,0.00297592144641804
Fundo,2025-02-28,62318407000119,38145551.72,1,1,1,S3 CACEIS BRASIL DISTRIBUIDORA DE TITULOS E VALORES MOBILIARIOS S.A,22,12987573998.81,0.00293708060670108
Fundo,2025-02-28,00329598000167,27903710.11,1,1,1,SEFER INVESTIMENTOS DISTRIBUIDORA DE TÍTULOS E VALORES MOBILIÁRIOS LTDA.,23,12987573998.81,0.00214849286807195
Fundo,2025-02-28,44782130000107,17641294.06,1,1,1,ACTUAL DISTRIBUIDORA DE TITULOS E VALORES MOBILIARIOS S.A.,24,12987573998.81,0.00135832096599537
Fundo,2025-02-28,00806535000154,15519702.49,3,3,1,PLANNER CORRETORA DE VALORES S.A.,25,12987573998.81,0.00119496547172105
Fundo,2025-02-28,13673855000125,11450000,1,1,1,OSLO CAPITAL DISTRIBUIDORA DE TITULOS E VALORES MOBILIARIOS S.A.,26,12987573998.81,0.000881611916209226
Fundo,2025-02-28,33775974000104,38345.05,1,1,1,ATIVA INVESTIMENTOS S.A. C.T.C.V.,27,12987573998.81,2.95244131071079e-06
Fundo,2025-02-28,24361690000172,0,1,1,1,LIMINE TRUST DISTRIBUIDORA DE TITULOS E VALORES MOBILIARIOS S.A.,28,12987573998.81,0
Fundo,2025-02-28,45246410000155,0,4,4,1,BANCO GENIAL S.A.,29,12987573998.81,0
Fundo,2025-03-31,16695922000109,5275861452.93,86,86,1,ID CORRETORA DE TITULOS E VALORES MOBILIARIOS S.A.,1,13010510322.97,0.405507648967119
Fundo,2025-03-31,59281253000123,1313500764.33,7,7,1,BTG PACTUAL SERVIÇOS FINANCEIROS S/A DTVM,2,13010510322.97,0.100956898055799
Fundo,2025-03-31,37678915000160,1230335440.91,4,4,1,FIDD DISTRIBUIDORA DE TITULOS E VALORES MOBILIARIOS LTDA.,3,13010510322.97,0.0945647334630562
Fundo,2025-03-31,00066670000100,1209162482.29,2,2,1,BEM - DISTRIBUIDORA DE TITULOS E VALORES MOBILIARIOS LTDA.,4,13010510322.97,0.0929373600476861
Fundo,2025-03-31,36113876000191,546903866.95,1,1,1,OLIVEIRA TRUST DTVM S.A.,5,13010510322.97,0.0420355430627839
Fundo,2025-03-31,44077014000189,507422526.63,1,1,1,BR-CAPITAL DTVM S.A.,6,13010510322.97,0.0390009702950812
Fundo,2025-03-31,62285390000140,469670735.56,8,8,1,QI CORRETORA DE TÍTULOS E VALORES MOBILIÁRIOS S.A.,7,13010510322.97,0.0360993323014239
Fundo,2025-03-31,02332886000104,461076289.36,3,3,1,XP INVESTIMENTOS CCTVM S.A.,8,13010510322.97,0.0354387551229233
Fundo,2025-03-31,13486793000142,350492544.66,13,13,1,APEX GROUP DISTRIBUIDORA DE TÍTULOS E VALORES MOBILIÁRIOS S.A.,9,13010510322.97,0.0269391850096154
Fundo,2025-03-31,34829992000186,275821837.72,2,2,1,CBSF DISTRIBUIDORA DE TITULOS E VALORES MOBILIARIOS S.A. - EM LIQUIDAÇÃO EXTRAJUDICIAL,10,13010510322.97,0.0211999245896633
Fundo,2025-03-31,62232889000190,233209404.64,2,2,1,BANCO DAYCOVAL S.A.,11,13010510322.97,0.0179246931020277
Fundo,2025-03-31,03317692000194,216991054.6,2,2,1,FINAXIS CORRETORA DE TÍTULOS E VALORES MOBILIÁRIOS S.A.,12,13010510322.97,0.0166781355391497
Fundo,2025-03-31,36864992000142,164026150.58,4,4,1,APEX DISTRIBUIDORA DE TÍTULOS E VALORES MOBILIÁRIOS S.A.,13,13010510322.97,0.0126072034461563
Fundo,2025-03-31,46955383000152,153244974.38,1,1,1,QI DISTRIBUIDORA DE TITULOS E VALORES MOBILIARIOS LTDA.,14,13010510322.97,0.0117785521532885
Fundo,2025-03-31,02201501000161,146337229.19,3,3,1,BNY MELLON SERVICOS FINANCEIROS DTVM S.A.,15,13010510322.97,0.0112476163930051
Fundo,2025-03-31,22610500000188,132620340.94,2,2,1,VORTX DISTRIBUIDORA DE TITULOS E VALORES MOBILIARIOS LTDA.,16,13010510322.97,0.0101933235244324
Fundo,2025-03-31,40434681000110,95024689.49,4,4,1,AZUMI DISTRIBUIDORA DE TÍTULOS E VALORES MOBILIÁRIOS LTDA.,17,13010510322.97,0.00730368656809982
Fundo,2025-03-31,07253654000176,68564535.05,1,1,1,HEDGE INVESTMENTS DISTRIBUIDORA DE TÍTULOS E VALORES MOBILIÁRIOS LTDA.,18,13010510322.97,0.0052699343337017
Fundo,2025-03-31,33851064000155,66176587.03,2,2,1,DILLON S/A DTVM,19,13010510322.97,0.00508639441399662
Fundo,2025-03-31,62318407000119,38095185.51,1,1,1,S3 CACEIS BRASIL DISTRIBUIDORA DE TITULOS E VALORES MOBILIARIOS S.A,20,13010510322.97,0.00292803161169959
Fundo,2025-03-31,27652684000162,17260411.85,1,1,1,GENIAL INVESTIMENTOS CORRETORA DE VALORES MOBILIÁRIOS S.A.,21,13010510322.97,0.0013266514088634
Fundo,2025-03-31,12063256000127,14909220.87,2,2,1,MONETAR DISTRIBUIDORA DE TITULOS E VALORES MOBILIARIOS LTDA.,22,13010510322.97,0.00114593666965375
Fundo,2025-03-31,39669186000101,9330551.67,2,2,1,HEMERA DISTRIBUIDORA DE TITULOS E VALORES MOBILIARIOS LTDA,23,13010510322.97,0.000717154933848133
Fundo,2025-03-31,48967968000118,7259933.4,1,1,1,VERT DISTRIBUIDORA DE TÍTULOS E VALORES MOBILIÁRIOS LTDA.,24,13010510322.97,0.000558005275717942
Fundo,2025-03-31,13673855000125,4539940.89,1,1,1,OSLO CAPITAL DISTRIBUIDORA DE TITULOS E VALORES MOBILIARIOS S.A.,25,13010510322.97,0.000348944105750007
Fundo,2025-03-31,00329598000167,2633241.86,1,1,1,SEFER INVESTIMENTOS DISTRIBUIDORA DE TÍTULOS E VALORES MOBILIÁRIOS LTDA.,26,13010510322.97,0.000202393433818735
Fundo,2025-03-31,00806535000154,26084.64,1,1,1,PLANNER CORRETORA DE VALORES S.A.,27,13010510322.97,2.0048898430946e-06
Fundo,2025-03-31,33775974000104,12845.04,1,1,1,ATIVA INVESTIMENTOS S.A. C.T.C.V.,28,13010510322.97,9.87281796112343e-07
Fundo,2025-03-31,24361690000172,0,1,1,1,LIMINE TRUST DISTRIBUIDORA DE TITULOS E VALORES MOBILIARIOS S.A.,29,13010510322.97,0
Fundo,2025-04-30,16695922000109,5329107967.8,86,86,1,ID CORRETORA DE TITULOS E VALORES MOBILIARIOS S.A.,1,16817019100.98,0.316887787056712
Fundo,2025-04-30,59281253000123,4257757118.54,11,11,1,BTG PACTUAL SERVIÇOS FINANCEIROS S/A DTVM,2,16817019100.98,0.253181440359539
Fundo,2025-04-30,00066670000100,2251103518.59,5,5,1,BEM - DISTRIBUIDORA DE TITULOS E VALORES MOBILIARIOS LTDA.,3,16817019100.98,0.133858652658533
Fundo,2025-04-30,37678915000160,1234851388.48,4,4,1,FIDD DISTRIBUIDORA DE TITULOS E VALORES MOBILIARIOS LTDA.,4,16817019100.98,0.073428672529012
Fundo,2025-04-30,36113876000191,556374393.95,1,1,1,OLIVEIRA TRUST DTVM S.A.,5,16817019100.98,0.033084007968902
Fundo,2025-04-30,02332886000104,514124432.43,4,4,1,XP INVESTIMENTOS CCTVM S.A.,6,16817019100.98,0.0305716744057239
Fundo,2025-04-30,44077014000189,508404843.23,1,1,1,BR-CAPITAL DTVM S.A.,7,16817019100.98,0.0302315672104085
Fundo,2025-04-30,13486793000142,363876714.2,14,14,1,APEX GROUP DISTRIBUIDORA DE TÍTULOS E VALORES MOBILIÁRIOS S.A.,8,16817019100.98,0.021637408628429
Fundo,2025-04-30,62285390000140,269385774.05,8,8,1,QI CORRETORA DE TÍTULOS E VALORES MOBILIÁRIOS S.A.,9,16817019100.98,0.0160186399523267
Fundo,2025-04-30,03317692000194,220849503.94,3,3,1,FINAXIS CORRETORA DE TÍTULOS E VALORES MOBILIÁRIOS S.A.,10,16817019100.98,0.0131325000354629
Fundo,2025-04-30,46955383000152,185320380.82,1,1,1,QI DISTRIBUIDORA DE TITULOS E VALORES MOBILIARIOS LTDA.,11,16817019100.98,0.0110198115199382
Fundo,2025-04-30,36864992000142,167403706.41,4,4,1,APEX DISTRIBUIDORA DE TÍTULOS E VALORES MOBILIÁRIOS S.A.,12,16817019100.98,0.00995442208900415
Fundo,2025-04-30,02201501000161,149633005.08,3,3,1,BNY MELLON SERVICOS FINANCEIROS DTVM S.A.,13,16817019100.98,0.00889771273859588
Fundo,2025-04-30,22610500000188,133083439.17,3,3,1,VORTX DISTRIBUIDORA DE TITULOS E VALORES MOBILIARIOS LTDA.,14,16817019100.98,0.00791361646025868
Fundo,2025-04-30,34829992000186,118747874.18,4,4,1,CBSF DISTRIBUIDORA DE TITULOS E VALORES MOBILIARIOS S.A. - EM LIQUIDAÇÃO EXTRAJUDICIAL,15,16817019100.98,0.00706117258159504
Fundo,2025-04-30,62232889000190,105782819.37,2,2,1,BANCO DAYCOVAL S.A.,16,16817019100.98,0.00629022413156655
Fundo,2025-04-30,45246410000155,98334556.6,1,1,1,BANCO GENIAL S.A.,17,16817019100.98,0.0058473238336436
Fundo,2025-04-30,07253654000176,67555511.53,1,1,1,HEDGE INVESTMENTS DISTRIBUIDORA DE TÍTULOS E VALORES MOBILIÁRIOS LTDA.,18,16817019100.98,0.00401709191886826
Fundo,2025-04-30,12063256000127,67052089.6,3,3,1,MONETAR DISTRIBUIDORA DE TITULOS E VALORES MOBILIARIOS LTDA.,19,16817019100.98,0.00398715665346973
Fundo,2025-04-30,33851064000155,66025725.78,2,2,1,DILLON S/A DTVM,20,16817019100.98,0.00392612539615611
Fundo,2025-04-30,40434681000110,57333811.96,4,4,1,AZUMI DISTRIBUIDORA DE TÍTULOS E VALORES MOBILIÁRIOS LTDA.,21,16817019100.98,0.00340927316641146
Fundo,2025-04-30,62318407000119,38047493.41,1,1,1,S3 CACEIS BRASIL DISTRIBUIDORA DE TITULOS E VALORES MOBILIARIOS S.A,22,16817019100.98,0.0022624398046728
Fundo,2025-04-30,02671743000119,25294197.41,1,1,1,BANVOX DISTRIBUIDORA DE TITULOS E VALORES MOBILIARIOS LTDA,23,16817019100.98,0.00150408328956028
Fundo,2025-04-30,00806535000154,20143004.79,2,2,1,PLANNER CORRETORA DE VALORES S.A.,24,16817019100.98,0.00119777498432086
Fundo,2025-04-30,48967968000118,7294485.43,2,2,1,VERT DISTRIBUIDORA DE TÍTULOS E VALORES MOBILIÁRIOS LTDA.,25,16817019100.98,0.000433756148232889
Fundo,2025-04-30,27652684000162,3999844.6,1,1,1,GENIAL INVESTIMENTOS CORRETORA DE VALORES MOBILIÁRIOS S.A.,26,16817019100.98,0.000237845041144474
Fundo,2025-04-30,33775974000104,131499.63,1,1,1,ATIVA INVESTIMENTOS S.A. C.T.C.V.,27,16817019100.98,7.81943751210564e-06
Fundo,2025-04-30,24361690000172,0,1,1,1,LIMINE TRUST DISTRIBUIDORA DE TITULOS E VALORES MOBILIARIOS S.A.,28,16817019100.98,0
Fundo,2025-05-31,16695922000109,5522106554.2,88,88,1,ID CORRETORA DE TITULOS E VALORES MOBILIARIOS S.A.,1,16619836572.63,0.332259979216279
Fundo,2025-05-31,27652684000162,2339845131.65,3,3,1,GENIAL INVESTIMENTOS CORRETORA DE VALORES MOBILIÁRIOS S.A.,2,16619836572.63,0.140786290011017
Fundo,2025-05-31,37678915000160,1404582673.69,3,3,1,FIDD DISTRIBUIDORA DE TITULOS E VALORES MOBILIARIOS LTDA.,3,16619836572.63,0.0845124239069297
Fundo,2025-05-31,02201501000161,1122865278.82,5,5,1,BNY MELLON SERVICOS FINANCEIROS DTVM S.A.,4,16619836572.63,0.0675617521215079
Fundo,2025-05-31,59281253000123,1102700909.87,8,8,1,BTG PACTUAL SERVIÇOS FINANCEIROS S/A DTVM,5,16619836572.63,0.0663484809282636
Fundo,2025-05-31,00066670000100,945539092.54,1,1,1,BEM - DISTRIBUIDORA DE TITULOS E VALORES MOBILIARIOS LTDA.,6,16619836572.63,0.0568922015814006
Fundo,2025-05-31,36113876000191,515936599.62,1,1,1,OLIVEIRA TRUST DTVM S.A.,7,16619836572.63,0.0310434219593747
Fundo,2025-05-31,44077014000189,509313725.99,1,1,1,BR-CAPITAL DTVM S.A.,8,16619836572.63,0.0306449298562148
Fundo,2025-05-31,02332886000104,497029139.67,3,3,1,XP INVESTIMENTOS CCTVM S.A.,9,16619836572.63,0.0299057778034064
Fundo,2025-05-31,62285390000140,409807784.46,8,8,1,QI CORRETORA DE TÍTULOS E VALORES MOBILIÁRIOS S.A.,10,16619836572.63,0.0246577505542312
Fundo,2025-05-31,13486793000142,353321198.4,13,13,1,APEX GROUP DISTRIBUIDORA DE TÍTULOS E VALORES MOBILIÁRIOS S.A.,11,16619836572.63,0.0212590055778201
Fundo,2025-05-31,22610500000188,251842639.77,4,4,1,VORTX DISTRIBUIDORA DE TITULOS E VALORES MOBILIARIOS LTDA.,12,16619836572.63,0.0151531357525345
Fundo,2025-05-31,00806535000154,243439228.32,3,3,1,PLANNER CORRETORA DE VALORES S.A.,13,16619836572.63,0.0146475103564437
Fundo,2025-05-31,03317692000194,222874428.47,1,1,1,FINAXIS CORRETORA DE TÍTULOS E VALORES MOBILIÁRIOS S.A.,14,16619836572.63,0.0134101456110005
Fundo,2025-05-31,46955383000152,205797189.2,1,1,1,QI DISTRIBUIDORA DE TITULOS E VALORES MOBILIARIOS LTDA.,15,16619836572.63,0.0123826241191151
Fundo,2025-05-31,34829992000186,191882313.02,4,4,1,CBSF DISTRIBUIDORA DE TITULOS E VALORES MOBILIARIOS S.A. - EM LIQUIDAÇÃO EXTRAJUDICIAL,16,16619836572.63,0.0115453790524028
Fundo,2025-05-31,45246410000155,177163167.69,1,1,1,BANCO GENIAL S.A.,17,16619836572.63,0.0106597418642345
Fundo,2025-05-31,36864992000142,175439142.88,4,4,1,APEX DISTRIBUIDORA DE TÍTULOS E VALORES MOBILIÁRIOS S.A.,18,16619836572.63,0.0105560089061837
Fundo,2025-05-31,39669186000101,73096836.49,2,2,1,HEMERA DISTRIBUIDORA DE TITULOS E VALORES MOBILIARIOS LTDA,19,16619836572.63,0.0043981681871877
Fundo,2025-05-31,33851064000155,66004334.44,2,2,1,DILLON S/A DTVM,20,16619836572.63,0.00397141898186278
Fundo,2025-05-31,07253654000176,62717670.13,1,1,1,HEDGE INVESTMENTS DISTRIBUIDORA DE TÍTULOS E VALORES MOBILIÁRIOS LTDA.,21,16619836572.63,0.00377366346870614
Fundo,2025-05-31,12063256000127,51868688.8,4,4,1,MONETAR DISTRIBUIDORA DE TITULOS E VALORES MOBILIARIOS LTDA.,22,16619836572.63,0.0031208904235207
Fundo,2025-05-31,40434681000110,39084119.54,3,3,1,AZUMI DISTRIBUIDORA DE TÍTULOS E VALORES MOBILIÁRIOS LTDA.,23,16619836572.63,0.00235165486550962
Fundo,2025-05-31,62318407000119,36933727.6,1,1,1,S3 CACEIS BRASIL DISTRIBUIDORA DE TITULOS E VALORES MOBILIARIOS S.A,24,16619836572.63,0.00222226779659335
Fundo,2025-05-31,62418140000131,34017712.86,1,1,1,INTRAG DTVM LTDA.,25,16619836572.63,0.00204681392090349
Fundo,2025-05-31,62232889000190,33259999.39,2,2,1,BANCO DAYCOVAL S.A.,26,16619836572.63,0.00200122301110791
Fundo,2025-05-31,33886862000112,21284040.39,1,1,1,"MASTER S/A CORRETORA DE CAMBIO, TITULOS E VALORES MOBILIARIOS",27,16619836572.63,0.00128064077507544
Fundo,2025-05-31,48967968000118,3793762.61,1,1,1,VERT DISTRIBUIDORA DE TÍTULOS E VALORES MOBILIÁRIOS LTDA.,28,16619836572.63,0.000228267142906066
Fundo,2025-05-31,45854066000187,3706550.82,2,2,1,WNT CAPITAL DISTRIBUIDORA DE TITULOS E VALORES MOBILIARIOS S.A.,29,16619836572.63,0.000223019691186618
Fundo,2025-05-31,15489568000195,2582931.3,1,1,1,INTRA INVESTIMENTOS DTVM LTDA,30,16619836572.63,0.000155412557079751
Fundo,2025-05-31,24361690000172,0,1,1,1,LIMINE TRUST DISTRIBUIDORA DE TITULOS E VALORES MOBILIARIOS S.A.,31,16619836572.63,0
Fundo,2025-06-30,62418140000131,8658050821.66,3,3,1,INTRAG DTVM LTDA.,1,32277156189.8,0.268240819319642
Fundo,2025-06-30,16695922000109,6696928882.05,87,87,1,ID CORRETORA DE TITULOS E VALORES MOBILIARIOS S.A.,2,32277156189.8,0.207481998806522
Fundo,2025-06-30,59281253000123,5270909819.89,17,17,1,BTG PACTUAL SERVIÇOS FINANCEIROS S/A DTVM,3,32277156189.8,0.163301555716227
Fundo,2025-06-30,67030395000146,2003240283.38,1,1,1,TRUSTEE DISTRIBUIDORA DE TITULOS E VALORES MOBILIARIOS LTDA.,4,32277156189.8,0.0620637168776675
Fundo,2025-06-30,62285390000140,1504133446.35,26,26,1,QI CORRETORA DE TÍTULOS E VALORES MOBILIÁRIOS S.A.,5,32277156189.8,0.046600556675601
Fundo,2025-06-30,02332886000104,1361087155.16,5,5,1,XP INVESTIMENTOS CCTVM S.A.,6,32277156189.8,0.0421687445807299
Fundo,2025-06-30,37678915000160,1295539051.79,3,3,1,FIDD DISTRIBUIDORA DE TITULOS E VALORES MOBILIARIOS LTDA.,7,32277156189.8,0.0401379552824238
Fundo,2025-06-30,00066670000100,945796457.08,1,1,1,BEM - DISTRIBUIDORA DE TITULOS E VALORES MOBILIARIOS LTDA.,8,32277156189.8,0.0293023478127507
Fundo,2025-06-30,02201501000161,850616895.32,6,6,1,BNY MELLON SERVICOS FINANCEIROS DTVM S.A.,9,32277156189.8,0.0263535266340721
Fundo,2025-06-30,44077014000189,510143064.09,1,1,1,BR-CAPITAL DTVM S.A.,10,32277156189.8,0.0158050808779496
Fundo,2025-06-30,36113876000191,498102410.64,1,1,1,OLIVEIRA TRUST DTVM S.A.,11,32277156189.8,0.0154320414013861
Fundo,2025-06-30,34829992000186,392726928.87,3,3,1,CBSF DISTRIBUIDORA DE TITULOS E VALORES MOBILIARIOS S.A. - EM LIQUIDAÇÃO EXTRAJUDICIAL,12,32277156189.8,0.0121673336572974
Fundo,2025-06-30,27652684000162,375112568.24,3,3,1,GENIAL INVESTIMENTOS CORRETORA DE VALORES MOBILIÁRIOS S.A.,13,32277156189.8,0.0116216114590213
Fundo,2025-06-30,62232889000190,373250460.34,3,3,1,BANCO DAYCOVAL S.A.,14,32277156189.8,0.0115639202581903
Fundo,2025-06-30,13486793000142,325528940.17,12,12,1,APEX GROUP DISTRIBUIDORA DE TÍTULOS E VALORES MOBILIÁRIOS S.A.,15,32277156189.8,0.010085428166465
Fundo,2025-06-30,40434681000110,251564040.94,9,9,1,AZUMI DISTRIBUIDORA DE TÍTULOS E VALORES MOBILIÁRIOS LTDA.,16,32277156189.8,0.00779387252894038
Fundo,2025-06-30,46955383000152,201207470.78,1,1,1,QI DISTRIBUIDORA DE TITULOS E VALORES MOBILIARIOS LTDA.,17,32277156189.8,0.0062337422044506
Fundo,2025-06-30,03317692000194,195715976.3,1,1,1,FINAXIS CORRETORA DE TÍTULOS E VALORES MOBILIÁRIOS S.A.,18,32277156189.8,0.0060636065689656
Fundo,2025-06-30,36864992000142,183698429.79,4,4,1,APEX DISTRIBUIDORA DE TÍTULOS E VALORES MOBILIÁRIOS S.A.,19,32277156189.8,0.0056912829838476
Fundo,2025-06-30,00806535000154,75456146.98,4,4,1,PLANNER CORRETORA DE VALORES S.A.,20,32277156189.8,0.00233775697388871
Fundo,2025-06-30,33851064000155,66403337.73,2,2,1,DILLON S/A DTVM,21,32277156189.8,0.00205728588167827
Fundo,2025-06-30,22610500000188,55549236.28,3,3,1,VORTX DISTRIBUIDORA DE TITULOS E VALORES MOBILIARIOS LTDA.,22,32277156189.8,0.00172100776020517
Fundo,2025-06-30,07253654000176,54719736.89,1,1,1,HEDGE INVESTMENTS DISTRIBUIDORA DE TÍTULOS E VALORES MOBILIÁRIOS LTDA.,23,32277156189.8,0.00169530848902024
Fundo,2025-06-30,12063256000127,48855022.09,4,4,1,MONETAR DISTRIBUIDORA DE TITULOS E VALORES MOBILIARIOS LTDA.,24,32277156189.8,0.00151360986707493
Fundo,2025-06-30,62318407000119,36520645.29,1,1,1,S3 CACEIS BRASIL DISTRIBUIDORA DE TITULOS E VALORES MOBILIARIOS S.A,25,32277156189.8,0.00113147035244514
Fundo,2025-06-30,02671743000119,14028382.66,2,2,1,BANVOX DISTRIBUIDORA DE TITULOS E VALORES MOBILIARIOS LTDA,26,32277156189.8,0.000434622634581207
Fundo,2025-06-30,45854066000187,12729806.86,1,1,1,WNT CAPITAL DISTRIBUIDORA DE TITULOS E VALORES MOBILIARIOS S.A.,27,32277156189.8,0.000394390595786837
Fundo,2025-06-30,33886862000112,8619341.38,1,1,1,"MASTER S/A CORRETORA DE CAMBIO, TITULOS E VALORES MOBILIARIOS",28,32277156189.8,0.000267041536414036
Fundo,2025-06-30,48967968000118,7822128.81,2,2,1,VERT DISTRIBUIDORA DE TÍTULOS E VALORES MOBILIÁRIOS LTDA.,29,32277156189.8,0.000242342564630025
Fundo,2025-06-30,36266751000100,3099301.99,1,1,1,FINVEST DISTRIBUIDORA DE TÍTULOS E VALORES MOBILIÁRIOS LTDA.,30,32277156189.8,9.60215321255415e-05
Fundo,2025-06-30,24361690000172,0,1,1,1,LIMINE TRUST DISTRIBUIDORA DE TITULOS E VALORES MOBILIARIOS S.A.,31,32277156189.8,0
Fundo,2025-07-31,16695922000109,6924690590.96,88,88,1,ID CORRETORA DE TITULOS E VALORES MOBILIARIOS S.A.,1,15327233885.29,0.451789973506298
Fundo,2025-07-31,59281253000123,2599917942.12,14,14,1,BTG PACTUAL SERVIÇOS FINANCEIROS S/A DTVM,2,15327233885.29,0.169627341865985
Fundo,2025-07-31,37678915000160,1299170942.87,2,2,1,FIDD DISTRIBUIDORA DE TITULOS E VALORES MOBILIARIOS LTDA.,3,15327233885.29,0.0847622573383481
Fundo,2025-07-31,00066670000100,946393305.89,1,1,1,BEM - DISTRIBUIDORA DE TITULOS E VALORES MOBILIARIOS LTDA.,4,15327233885.29,0.0617458644510072
Fundo,2025-07-31,36113876000191,581343251.71,2,2,1,OLIVEIRA TRUST DTVM S.A.,5,15327233885.29,0.0379287780209273
Fundo,2025-07-31,02332886000104,511297770.98,3,3,1,XP INVESTIMENTOS CCTVM S.A.,6,15327233885.29,0.0333587765937798
Fundo,2025-07-31,44077014000189,510867745.2,1,1,1,BR-CAPITAL DTVM S.A.,7,15327233885.29,0.0333307202736885
Fundo,2025-07-31,13486793000142,329429803.9,3,3,1,APEX GROUP DISTRIBUIDORA DE TÍTULOS E VALORES MOBILIÁRIOS S.A.,8,15327233885.29,0.0214931021713033
Fundo,2025-07-31,34829992000186,321850394.06,3,3,1,CBSF DISTRIBUIDORA DE TITULOS E VALORES MOBILIARIOS S.A. - EM LIQUIDAÇÃO EXTRAJUDICIAL,9,15327233885.29,0.0209985961243072
Fundo,2025-07-31,62285390000140,275655545.01,5,5,1,QI CORRETORA DE TÍTULOS E VALORES MOBILIÁRIOS S.A.,10,15327233885.29,0.0179846896754511
Fundo,2025-07-31,36864992000142,233087859.4,1,1,1,APEX DISTRIBUIDORA DE TÍTULOS E VALORES MOBILIÁRIOS S.A.,11,15327233885.29,0.0152074315003245
Fundo,2025-07-31,03317692000194,198742522.12,1,1,1,FINAXIS CORRETORA DE TÍTULOS E VALORES MOBILIÁRIOS S.A.,12,15327233885.29,0.0129666268295638
Fundo,2025-07-31,02201501000161,152165209.45,3,3,1,BNY MELLON SERVICOS FINANCEIROS DTVM S.A.,13,15327233885.29,0.00992776717500458
Fundo,2025-07-31,62232889000190,132668589.91,2,2,1,BANCO DAYCOVAL S.A.,14,15327233885.29,0.00865574251054693
Fundo,2025-07-31,33851064000155,66332944.62,2,2,1,DILLON S/A DTVM,15,15327233885.29,0.00432778315490192
Fundo,2025-07-31,12063256000127,57214862.2,3,3,1,MONETAR DISTRIBUIDORA DE TITULOS E VALORES MOBILIARIOS LTDA.,16,15327233885.29,0.00373288896275738
Fundo,2025-07-31,45854066000187,55211285.37,1,1,1,WNT CAPITAL DISTRIBUIDORA DE TITULOS E VALORES MOBILIARIOS S.A.,17,15327233885.29,0.00360216890948522
Fundo,2025-07-31,62318407000119,36477632.63,1,1,1,S3 CACEIS BRASIL DISTRIBUIDORA DE TITULOS E VALORES MOBILIARIOS S.A,18,15327233885.29,0.00237992275077166
Fundo,2025-07-31,22610500000188,30187226.73,3,3,1,VORTX DISTRIBUIDORA DE TITULOS E VALORES MOBILIARIOS LTDA.,19,15327233885.29,0.0019695156318435
Fundo,2025-07-31,40434681000110,28571244.73,3,3,1,AZUMI DISTRIBUIDORA DE TÍTULOS E VALORES MOBILIÁRIOS LTDA.,20,15327233885.29,0.00186408356157602
Fundo,2025-07-31,62418140000131,11462910.34,1,1,1,INTRAG DTVM LTDA.,21,15327233885.29,0.00074787860782899
Fundo,2025-07-31,48967968000118,9257770.68,2,2,1,VERT DISTRIBUIDORA DE TÍTULOS E VALORES MOBILIÁRIOS LTDA.,22,15327233885.29,0.000604007921408765
Fundo,2025-07-31,00806535000154,8899515.62,3,3,1,PLANNER CORRETORA DE VALORES S.A.,23,15327233885.29,0.000580634163124576
Fundo,2025-07-31,33886862000112,6337018.79,1,1,1,"MASTER S/A CORRETORA DE CAMBIO, TITULOS E VALORES MOBILIARIOS",24,15327233885.29,0.00041344829976672
Fundo,2025-07-31,24361690000172,0,1,1,1,LIMINE TRUST DISTRIBUIDORA DE TITULOS E VALORES MOBILIARIOS S.A.,25,15327233885.29,0
Fundo,2025-08-31,16695922000109,6539936756.25,85,85,1,ID CORRETORA DE TITULOS E VALORES MOBILIARIOS S.A.,1,16910043973.89,0.386748654607168
Fundo,2025-08-31,59281253000123,3895223966.7,14,14,1,BTG PACTUAL SERVIÇOS FINANCEIROS S/A DTVM,2,16910043973.89,0.23034972426532
Fundo,2025-08-31,37678915000160,1513559271.38,5,5,1,FIDD DISTRIBUIDORA DE TITULOS E VALORES MOBILIARIOS LTDA.,3,16910043973.89,0.0895065248627984
Fundo,2025-08-31,00066670000100,946531776.81,1,1,1,BEM - DISTRIBUIDORA DE TITULOS E VALORES MOBILIARIOS LTDA.,4,16910043973.89,0.0559745307742248
Fundo,2025-08-31,02332886000104,613207077.26,4,4,1,XP INVESTIMENTOS CCTVM S.A.,5,16910043973.89,0.0362628907533785
Fundo,2025-08-31,36113876000191,516279139.6,1,1,1,OLIVEIRA TRUST DTVM S.A.,6,16910043973.89,0.0305309164421549
Fundo,2025-08-31,44077014000189,511703608.56,1,1,1,BR-CAPITAL DTVM S.A.,7,16910043973.89,0.0302603357714562
Fundo,2025-08-31,62318407000119,379185156.75,2,2,1,S3 CACEIS BRASIL DISTRIBUIDORA DE TITULOS E VALORES MOBILIARIOS S.A,8,16910043973.89,0.0224236647365011
Fundo,2025-08-31,27652684000162,299691867.84,1,1,1,GENIAL INVESTIMENTOS CORRETORA DE VALORES MOBILIÁRIOS S.A.,9,16910043973.89,0.0177227136903216
Fundo,2025-08-31,62285390000140,295992522.71,3,3,1,QI CORRETORA DE TÍTULOS E VALORES MOBILIÁRIOS S.A.,10,16910043973.89,0.0175039475454368
Fundo,2025-08-31,62418140000131,262757187.67,1,1,1,INTRAG DTVM LTDA.,11,16910043973.89,0.0155385277575689
Fundo,2025-08-31,36864992000142,236938269.46,1,1,1,APEX DISTRIBUIDORA DE TÍTULOS E VALORES MOBILIÁRIOS S.A.,12,16910043973.89,0.0140116885459225
Fundo,2025-08-31,03317692000194,201548434.45,1,1,1,FINAXIS CORRETORA DE TÍTULOS E VALORES MOBILIÁRIOS S.A.,13,16910043973.89,0.0119188592744762
Fundo,2025-08-31,62232889000190,199105976.46,2,2,1,BANCO DAYCOVAL S.A.,14,16910043973.89,0.0117744209753345
Fundo,2025-08-31,02201501000161,144242297.66,2,2,1,BNY MELLON SERVICOS FINANCEIROS DTVM S.A.,15,16910043973.89,0.00852997767969839
Fundo,2025-08-31,13486793000142,90116659.25,3,3,1,APEX GROUP DISTRIBUIDORA DE TÍTULOS E VALORES MOBILIÁRIOS S.A.,16,16910043973.89,0.00532917947399456
Fundo,2025-08-31,33851064000155,66302350.83,2,2,1,DILLON S/A DTVM,17,16910043973.89,0.00392088577252515
Fundo,2025-08-31,34829992000186,57132830.19,4,4,1,CBSF DISTRIBUIDORA DE TITULOS E VALORES MOBILIARIOS S.A. - EM LIQUIDAÇÃO EXTRAJUDICIAL,18,16910043973.89,0.00337863285738441
Fundo,2025-08-31,44782130000107,29950117.25,1,1,1,ACTUAL DISTRIBUIDORA DE TITULOS E VALORES MOBILIARIOS S.A.,19,16910043973.89,0.00177114366445437
Fundo,2025-08-31,12063256000127,27092834.63,1,1,1,MONETAR DISTRIBUIDORA DE TITULOS E VALORES MOBILIARIOS LTDA.,20,16910043973.89,0.00160217410858498
Fundo,2025-08-31,22610500000188,26241950.92,2,2,1,VORTX DISTRIBUIDORA DE TITULOS E VALORES MOBILIARIOS LTDA.,21,16910043973.89,0.00155185586510118
Fundo,2025-08-31,40434681000110,22521765.6,3,3,1,AZUMI DISTRIBUIDORA DE TÍTULOS E VALORES MOBILIÁRIOS LTDA.,22,16910043973.89,0.00133185730532545
Fundo,2025-08-31,00806535000154,10964242.41,1,1,1,PLANNER CORRETORA DE VALORES S.A.,23,16910043973.89,0.000648386392544536
Fundo,2025-08-31,48967968000118,8736513.25,2,2,1,VERT DISTRIBUIDORA DE TÍTULOS E VALORES MOBILIÁRIOS LTDA.,24,16910043973.89,0.000516646394503151
Fundo,2025-08-31,24361690000172,8546416.02,2,2,1,LIMINE TRUST DISTRIBUIDORA DE TITULOS E VALORES MOBILIARIOS S.A.,25,16910043973.89,0.000505404718828414
Fundo,2025-08-31,39669186000101,6534983.98,1,1,1,HEMERA DISTRIBUIDORA DE TITULOS E VALORES MOBILIARIOS LTDA,26,16910043973.89,0.0003864557649933
Fundo,2025-09-30,16695922000109,2938940445.6,48,48,1,ID CORRETORA DE TITULOS E VALORES MOBILIARIOS S.A.,1,11018718394.1,0.266722529833748
Fundo,2025-09-30,59281253000123,2861222571.01,12,12,1,BTG PACTUAL SERVIÇOS FINANCEIROS S/A DTVM,2,11018718394.1,0.259669270842065
Fundo,2025-09-30,36113876000191,1642389058.07,4,4,1,OLIVEIRA TRUST DTVM S.A.,3,11018718394.1,0.149054454368252
Fundo,2025-09-30,00066670000100,946567342.12,1,1,1,BEM - DISTRIBUIDORA DE TITULOS E VALORES MOBILIARIOS LTDA.,4,11018718394.1,0.0859053937367926
Fundo,2025-09-30,02332886000104,540244020.39,4,4,1,XP INVESTIMENTOS CCTVM S.A.,5,11018718394.1,0.0490296603531746
Fundo,2025-09-30,44077014000189,512212034.86,1,1,1,BR-CAPITAL DTVM S.A.,6,11018718394.1,0.0464856271428323
Fundo,2025-09-30,62285390000140,428682345.97,3,3,1,QI CORRETORA DE TÍTULOS E VALORES MOBILIÁRIOS S.A.,7,11018718394.1,0.0389049189422555
Fundo,2025-09-30,00806535000154,243678083.31,3,3,1,PLANNER CORRETORA DE VALORES S.A.,8,11018718394.1,0.022114920682652
Fundo,2025-09-30,03317692000194,211262303.98,2,2,1,FINAXIS CORRETORA DE TÍTULOS E VALORES MOBILIÁRIOS S.A.,9,11018718394.1,0.0191730377729883
Fundo,2025-09-30,36864992000142,200283108.53,1,1,1,APEX DISTRIBUIDORA DE TÍTULOS E VALORES MOBILIÁRIOS S.A.,10,11018718394.1,0.0181766246641934
Fundo,2025-09-30,13486793000142,105815304.01,3,3,1,APEX GROUP DISTRIBUIDORA DE TÍTULOS E VALORES MOBILIÁRIOS S.A.,11,11018718394.1,0.0096032315397641
Fundo,2025-09-30,22610500000188,100348895.67,3,3,1,VORTX DISTRIBUIDORA DE TITULOS E VALORES MOBILIARIOS LTDA.,12,11018718394.1,0.00910712953003065
Fundo,2025-09-30,24361690000172,81154210.78,4,4,1,LIMINE TRUST DISTRIBUIDORA DE TITULOS E VALORES MOBILIARIOS S.A.,13,11018718394.1,0.00736512250131143
Fundo,2025-09-30,33851064000155,66456148.82,2,2,1,DILLON S/A DTVM,14,11018718394.1,0.00603120494081999
Fundo,2025-09-30,37678915000160,43833432.95,1,1,1,FIDD DISTRIBUIDORA DE TITULOS E VALORES MOBILIARIOS LTDA.,15,11018718394.1,0.00397808813895005
Fundo,2025-09-30,40434681000110,43727397.48,4,4,1,AZUMI DISTRIBUIDORA DE TÍTULOS E VALORES MOBILIÁRIOS LTDA.,16,11018718394.1,0.00396846492632155
Fundo,2025-09-30,62318407000119,36311342.06,1,1,1,S3 CACEIS BRASIL DISTRIBUIDORA DE TITULOS E VALORES MOBILIARIOS S.A,17,11018718394.1,0.00329542336606433
Fundo,2025-09-30,12063256000127,27483287.05,1,1,1,MONETAR DISTRIBUIDORA DE TITULOS E VALORES MOBILIARIOS LTDA.,18,11018718394.1,0.00249423626841358
Fundo,2025-09-30,36266751000100,1494300,1,1,1,FINVEST DISTRIBUIDORA DE TÍTULOS E VALORES MOBILIÁRIOS LTDA.,19,11018718394.1,0.000135614682811036
Fundo,2025-09-30,44782130000107,1428641.08,1,1,1,ACTUAL DISTRIBUIDORA DE TITULOS E VALORES MOBILIARIOS S.A.,20,11018718394.1,0.000129655830097715
Fundo,2025-09-30,48967968000118,379620.35,1,1,1,VERT DISTRIBUIDORA DE TÍTULOS E VALORES MOBILIÁRIOS LTDA.,21,11018718394.1,3.44523143638255e-05
Fundo,2025-09-30,27652684000162,241666.41,1,1,1,GENIAL INVESTIMENTOS CORRETORA DE VALORES MOBILIÁRIOS S.A.,22,11018718394.1,2.19323519629471e-05
Fundo,2025-09-30,02201501000161,-15437166.4,2,2,1,BNY MELLON SERVICOS FINANCEIROS DTVM S.A.,23,11018718394.1,-0.00140099472986494
Fundo,2025-10-31,62285390000140,2748004717.12,5,5,1,QI CORRETORA DE TÍTULOS E VALORES MOBILIÁRIOS S.A.,1,5806331806.12,0.473277244373727
Fundo,2025-10-31,00066670000100,946472680.94,1,1,1,BEM - DISTRIBUIDORA DE TITULOS E VALORES MOBILIARIOS LTDA.,2,5806331806.12,0.163006991771018
Fundo,2025-10-31,44077014000189,513075592.15,1,1,1,BR-CAPITAL DTVM S.A.,3,5806331806.12,0.0883648419143403
Fundo,2025-10-31,59281253000123,282432866.92,5,5,1,BTG PACTUAL SERVIÇOS FINANCEIROS S/A DTVM,4,5806331806.12,0.0486422196234651
Fundo,2025-10-31,62232889000190,266670915.9,3,3,1,BANCO DAYCOVAL S.A.,5,5806331806.12,0.0459276053805473
Fundo,2025-10-31,03317692000194,207700931.83,1,1,1,FINAXIS CORRETORA DE TÍTULOS E VALORES MOBILIÁRIOS S.A.,6,5806331806.12,0.0357714541237686
Fundo,2025-10-31,36113876000191,203328218.89,2,2,1,OLIVEIRA TRUST DTVM S.A.,7,5806331806.12,0.0350183602452219
Fundo,2025-10-31,02332886000104,158902525.1,3,3,1,XP INVESTIMENTOS CCTVM S.A.,8,5806331806.12,0.0273671106657242
Fundo,2025-10-31,00329598000167,99567538.83,2,2,1,SEFER INVESTIMENTOS DISTRIBUIDORA DE TÍTULOS E VALORES MOBILIÁRIOS LTDA.,9,5806331806.12,0.017148096621873
Fundo,2025-10-31,33851064000155,66386822.16,2,2,1,DILLON S/A DTVM,10,5806331806.12,0.0114335219509892
Fundo,2025-10-31,22610500000188,51271647.25,1,1,1,VORTX DISTRIBUIDORA DE TITULOS E VALORES MOBILIARIOS LTDA.,11,5806331806.12,0.00883029922540055
Fundo,2025-10-31,48967968000118,50657583.82,2,2,1,VERT DISTRIBUIDORA DE TÍTULOS E VALORES MOBILIÁRIOS LTDA.,12,5806331806.12,0.00872454167476371
Fundo,2025-10-31,16695922000109,46675366.41,5,5,1,ID CORRETORA DE TITULOS E VALORES MOBILIARIOS S.A.,13,5806331806.12,0.00803870119182703
Fundo,2025-10-31,27652684000162,39296568.22,2,2,1,GENIAL INVESTIMENTOS CORRETORA DE VALORES MOBILIÁRIOS S.A.,14,5806331806.12,0.00676788194890629
Fundo,2025-10-31,62318407000119,36418500.9,1,1,1,S3 CACEIS BRASIL DISTRIBUIDORA DE TITULOS E VALORES MOBILIARIOS S.A,15,5806331806.12,0.00627220457184588
Fundo,2025-10-31,39669186000101,34955589.57,1,1,1,HEMERA DISTRIBUIDORA DE TITULOS E VALORES MOBILIARIOS LTDA,16,5806331806.12,0.00602025353307506
Fundo,2025-10-31,47215387000167,34687642.84,1,1,1,CATÁLISE DISTRIBUIDORA DE TITULOS E VALORES MOBILIARIOS LTDA.,17,5806331806.12,0.00597410619962133
Fundo,2025-10-31,13486793000142,20142748.84,2,2,1,APEX GROUP DISTRIBUIDORA DE TÍTULOS E VALORES MOBILIÁRIOS S.A.,18,5806331806.12,0.00346910054619495
Fundo,2025-10-31,36266751000100,10972001.7,1,1,1,FINVEST DISTRIBUIDORA DE TÍTULOS E VALORES MOBILIÁRIOS LTDA.,19,5806331806.12,0.00188966150512364
Fundo,2025-10-31,40434681000110,5475915.75,2,2,1,AZUMI DISTRIBUIDORA DE TÍTULOS E VALORES MOBILIÁRIOS LTDA.,20,5806331806.12,0.00094309383839006
Fundo,2025-10-31,00806535000154,3605840.35,1,1,1,PLANNER CORRETORA DE VALORES S.A.,21,5806331806.12,0.000621018651775871
Fundo,2025-10-31,24361690000172,0,1,1,1,LIMINE TRUST DISTRIBUIDORA DE TITULOS E VALORES MOBILIARIOS S.A.,22,5806331806.12,0
Fundo,2025-10-31,02201501000161,-20370409.37,1,1,1,BNY MELLON SERVICOS FINANCEIROS DTVM S.A.,23,5806331806.12,-0.00350830955759868
Fundo,2025-11-30,59281253000123,102296511626.6,392,392,1,BTG PACTUAL SERVIÇOS FINANCEIROS S/A DTVM,1,507093063655.59,0.201731238225097
Fundo,2025-11-30,62285390000140,100808770500.13,639,639,1,QI CORRETORA DE TÍTULOS E VALORES MOBILIÁRIOS S.A.,2,507093063655.59,0.198797376113584
Fundo,2025-11-30,36113876000191,87504677314.17,136,136,1,OLIVEIRA TRUST DTVM S.A.,3,507093063655.59,0.172561376965712
Fundo,2025-11-30,00066670000100,46201740036.8,45,45,1,BEM - DISTRIBUIDORA DE TITULOS E VALORES MOBILIARIOS LTDA.,4,507093063655.59,0.0911109682781611
Fundo,2025-11-30,62232889000190,41149656730.27,289,289,1,BANCO DAYCOVAL S.A.,5,507093063655.59,0.0811481356767645
Fundo,2025-11-30,45246410000155,38341419401.22,69,69,1,BANCO GENIAL S.A.,6,507093063655.59,0.0756102225591887
Fundo,2025-11-30,62418140000131,19182632236.46,25,25,1,INTRAG DTVM LTDA.,7,507093063655.59,0.0378286228136786
Fundo,2025-11-30,02332886000104,13312546165.74,36,36,1,XP INVESTIMENTOS CCTVM S.A.,8,507093063655.59,0.0262526686320081
Fundo,2025-11-30,02201501000161,11656709886.98,49,49,1,BNY MELLON SERVICOS FINANCEIROS DTVM S.A.,9,507093063655.59,0.0229873187437189
Fundo,2025-11-30,22610500000188,10810024520.83,93,93,1,VORTX DISTRIBUIDORA DE TITULOS E VALORES MOBILIARIOS LTDA.,10,507093063655.59,0.0213176343665628
Fundo,2025-11-30,34829992000186,10414443433.74,3,3,1,CBSF DISTRIBUIDORA DE TITULOS E VALORES MOBILIARIOS S.A. - EM LIQUIDAÇÃO EXTRAJUDICIAL,11,507093063655.59,0.0205375387284203
Fundo,2025-11-30,27652684000162,7016860378.85,45,45,1,GENIAL INVESTIMENTOS CORRETORA DE VALORES MOBILIÁRIOS S.A.,12,507093063655.59,0.0138374213369555
Fundo,2025-11-30,00806535000154,6365306220.01,124,124,1,PLANNER CORRETORA DE VALORES S.A.,13,507093063655.59,0.0125525405023746
Fundo,2025-11-30,47215387000167,4595395456.33,57,57,1,CATÁLISE DISTRIBUIDORA DE TITULOS E VALORES MOBILIARIOS LTDA.,14,507093063655.59,0.00906223292269508
Fundo,2025-11-30,03017677000120,2971017216.68,15,15,1,BANCO J. SAFRA S.A.,15,507093063655.59,0.0058589190616456
Fundo,2025-11-30,13673855000125,2397334703.15,21,21,1,OSLO CAPITAL DISTRIBUIDORA DE TÍTULOS E VALORES MOBILIÁRIOS S.A.,16,507093063655.59,0.00472760302786992
Fundo,2025-11-30,00360305000104,1388841324.72,2,2,1,CAIXA ECONOMICA FEDERAL,17,507093063655.59,0.00273882926874993
Fundo,2025-11-30,44077014000189,513778834.09,1,1,1,BR-CAPITAL DTVM S.A.,18,507093063655.59,0.00101318450381911
Fundo,2025-11-30,33851064000155,67863667.32,2,2,1,DILLON S/A DTVM,19,507093063655.59,0.000133828821934137
Fundo,2025-11-30,62318407000119,35745776.36,1,1,1,S3 CACEIS BRASIL DISTRIBUIDORA DE TITULOS E VALORES MOBILIARIOS S.A,20,507093063655.59,7.04915506087025e-05
Fundo,2025-11-30,40434681000110,28727546.21,4,4,1,AZUMI DISTRIBUIDORA DE TÍTULOS E VALORES MOBILIÁRIOS LTDA.,21,507093063655.59,5.6651428049332e-05
Fundo,2025-11-30,16695922000109,25735599.79,7,7,1,ID CORRETORA DE TITULOS E VALORES MOBILIARIOS S.A.,22,507093063655.59,5.07512360837166e-05
Fundo,2025-11-30,12063256000127,7692177.14,1,1,1,MONETAR DISTRIBUIDORA DE TITULOS E VALORES MOBILIARIOS LTDA.,23,507093063655.59,1.51691626080384e-05
Fundo,2025-11-30,48967968000118,0,1,1,1,VERT DISTRIBUIDORA DE TÍTULOS E VALORES MOBILIÁRIOS LTDA.,24,507093063655.59,0
Fundo,2025-11-30,13486793000142,-367098,1,1,1,APEX GROUP DISTRIBUIDORA DE TÍTULOS E VALORES MOBILIÁRIOS S.A.,25,507093063655.59,-7.23926289493337e-07
Fundo,2025-12-31,59281253000123,113938026172.88,406,406,1,BTG PACTUAL SERVIÇOS FINANCEIROS S/A DTVM,1,465536387551.84,0.244745693826548
Fundo,2025-12-31,36113876000191,86131337619.6,145,145,1,OLIVEIRA TRUST DTVM S.A.,2,465536387551.84,0.185015263946492
Fundo,2025-12-31,62285390000140,77735638325.12,562,562,1,QI CORRETORA DE TÍTULOS E VALORES MOBILIÁRIOS S.A.,3,465536387551.84,0.166980799790787
Fundo,2025-12-31,00066670000100,44783866141.23,45,45,1,BEM - DISTRIBUIDORA DE TITULOS E VALORES MOBILIARIOS LTDA.,4,465536387551.84,0.0961984225910656
Fundo,2025-12-31,45246410000155,30429170318.23,51,51,1,BANCO GENIAL S.A.,5,465536387551.84,0.065363677538185
Fundo,2025-12-31,62232889000190,23843177966.61,177,177,1,BANCO DAYCOVAL S.A.,6,465536387551.84,0.0512165721180172
Fundo,2025-12-31,62418140000131,19193454937.68,29,29,1,INTRAG DTVM LTDA.,7,465536387551.84,0.0412286889938173
Fundo,2025-12-31,02332886000104,14668874673.25,36,36,1,XP INVESTIMENTOS CCTVM S.A.,8,465536387551.84,0.0315096200114251
Fundo,2025-12-31,02201501000161,11975542618.17,50,50,1,BNY MELLON SERVICOS FINANCEIROS DTVM S.A.,9,465536387551.84,0.0257241816931796
Fundo,2025-12-31,00806535000154,7091837474.85,127,127,1,PLANNER CORRETORA DE VALORES S.A.,10,465536387551.84,0.015233690994907
Fundo,2025-12-31,27652684000162,6776160380.5,36,36,1,GENIAL INVESTIMENTOS CORRETORA DE VALORES MOBILIÁRIOS S.A.,11,465536387551.84,0.0145555977184392
Fundo,2025-12-31,36864992000142,6061633788.03,8,8,1,APEX DISTRIBUIDORA DE TÍTULOS E VALORES MOBILIÁRIOS S.A.,12,465536387551.84,0.0130207518684133
Fundo,2025-12-31,47215387000167,5291004673.5,66,66,1,CATÁLISE DISTRIBUIDORA DE TITULOS E VALORES MOBILIARIOS LTDA.,13,465536387551.84,0.0113653944460159
Fundo,2025-12-31,22610500000188,4050588995.09,63,63,1,VORTX DISTRIBUIDORA DE TITULOS E VALORES MOBILIARIOS LTDA.,14,465536387551.84,0.0087009073907009
Fundo,2025-12-31,36266751000100,3387180748.64,22,22,1,FINVEST DISTRIBUIDORA DE TÍTULOS E VALORES MOBILIÁRIOS LTDA.,15,465536387551.84,0.00727586680485383
Fundo,2025-12-31,03017677000120,2682114861.11,12,12,1,BANCO J. SAFRA S.A.,16,465536387551.84,0.00576134311479859
Fundo,2025-12-31,13486793000142,2611453609.85,24,24,1,APEX GROUP DISTRIBUIDORA DE TÍTULOS E VALORES MOBILIÁRIOS S.A.,17,465536387551.84,0.00560955852147906
Fundo,2025-12-31,00360305000104,1388248579.73,2,2,1,CAIXA ECONOMICA FEDERAL,18,465536387551.84,0.00298204096790482
Fundo,2025-12-31,13673855000125,1257823889.49,5,5,1,OSLO CAPITAL DISTRIBUIDORA DE TÍTULOS E VALORES MOBILIÁRIOS S.A.,19,465536387551.84,0.0027018809337432
Fundo,2025-12-31,62264924000152,1065657532.29,15,15,1,QORE DISTRIBUIDORA DE TÍTULOS E VALORES MOBILIÁRIOS LTDA.,20,465536387551.84,0.00228909610673845
Fundo,2025-12-31,44077014000189,514474784.99,1,1,1,BR-CAPITAL DTVM S.A.,21,465536387551.84,0.00110512260426197
Fundo,2025-12-31,16695922000109,246893160.71,10,10,1,ID CORRETORA DE TITULOS E VALORES MOBILIARIOS S.A.,22,465536387551.84,0.000530341273661465
Fundo,2025-12-31,33886862000112,242880782.47,1,1,1,"MASTER S/A CORRETORA DE CAMBIO, TITULOS E VALORES MOBILIARIOS",23,465536387551.84,0.000521722445257738
Fundo,2025-12-31,33851064000155,65948783.88,2,2,1,DILLON S/A DTVM,24,465536387551.84,0.000141661931577059
Fundo,2025-12-31,12063256000127,47709612.51,3,3,1,MONETAR DISTRIBUIDORA DE TITULOS E VALORES MOBILIARIOS LTDA.,25,465536387551.84,0.000102483100753724
Fundo,2025-12-31,48967968000118,40668215.39,2,2,1,VERT DISTRIBUIDORA DE TÍTULOS E VALORES MOBILIÁRIOS LTDA.,26,465536387551.84,8.73577586574183e-05
Fundo,2025-12-31,15489568000195,8933808.46,1,1,1,INTRA INVESTIMENTOS DTVM LTDA,27,465536387551.84,1.91903548227048e-05
Fundo,2025-12-31,40434681000110,3279231.29,2,2,1,AZUMI DISTRIBUIDORA DE TÍTULOS E VALORES MOBILIÁRIOS LTDA.,28,465536387551.84,7.0439849122102e-06
Fundo,2025-12-31,18945670000146,2805866.29,1,1,1,INTER DISTRIBUIDORA DE TÍTULOS E VALORES MOBILIÁRIOS,29,465536387551.84,6.02716858451275e-06
Fundo,2025-12-31,24361690000172,0,1,1,1,LIMINE TRUST DISTRIBUIDORA DE TITULOS E VALORES MOBILIARIOS S.A.,30,465536387551.84,0
Fundo,2025-12-31,39669186000101,0,1,1,1,HEMERA DISTRIBUIDORA DE TITULOS E VALORES MOBILIARIOS LTDA,31,465536387551.84,0
Fundo,2026-01-31,62285390000140,76265219786.73,491,491,1,QI CORRETORA DE TÍTULOS E VALORES MOBILIÁRIOS S.A.,1,93772496918.64,0.813300512333591
Fundo,2026-01-31,62232889000190,17385042346.22,123,123,1,BANCO DAYCOVAL S.A.,2,93772496918.64,0.185395962755517
Fundo,2026-01-31,33851064000155,65787988.64,2,2,1,DILLON S/A DTVM,3,93772496918.64,0.000701570191706421
Fundo,2026-01-31,16695922000109,22915376.8,4,4,1,ID CORRETORA DE TITULOS E VALORES MOBILIARIOS S.A.,4,93772496918.64,0.000244372044607942
Fundo,2026-01-31,02332886000104,22859848.12,1,1,1,XP INVESTIMENTOS CCTVM S.A.,5,93772496918.64,0.000243779880787796
Fundo,2026-01-31,00066670000100,21909155.85,1,1,1,BEM - DISTRIBUIDORA DE TITULOS E VALORES MOBILIARIOS LTDA.,6,93772496918.64,0.000233641596096232
Fundo,2026-01-31,40434681000110,9440879.15,4,4,1,AZUMI DISTRIBUIDORA DE TÍTULOS E VALORES MOBILIÁRIOS LTDA.,7,93772496918.64,0.000100678551390086
Fundo,2026-01-31,18945670000146,306316.21,1,1,1,INTER DISTRIBUIDORA DE TÍTULOS E VALORES MOBILIÁRIOS,8,93772496918.64,3.26658903266455e-06
Fundo,2026-01-31,24361690000172,0,1,1,1,LIMINE TRUST DISTRIBUIDORA DE TITULOS E VALORES MOBILIARIOS S.A.,9,93772496918.64,0
Fundo,2026-01-31,39669186000101,0,1,1,1,HEMERA DISTRIBUIDORA DE TITULOS E VALORES MOBILIARIOS LTDA,10,93772496918.64,0
Fundo,2026-01-31,48967968000118,0,1,1,1,VERT DISTRIBUIDORA DE TÍTULOS E VALORES MOBILIÁRIOS LTDA.,11,93772496918.64,0
Fundo,2026-01-31,13486793000142,-401458.02,1,1,1,APEX GROUP DISTRIBUIDORA DE TÍTULOS E VALORES MOBILIÁRIOS S.A.,12,93772496918.64,-4.28119153474518e-06
Fundo,2026-01-31,02201501000161,-20583321.06,1,1,1,BNY MELLON SERVICOS FINANCEIROS DTVM S.A.,13,93772496918.64,-0.000219502751194295
Fundo,2026-02-28,62285390000140,185137117.5,5,5,1,QI CORRETORA DE TÍTULOS E VALORES MOBILIÁRIOS S.A.,1,297085512.51,0.623177872040355
Fundo,2026-02-28,33851064000155,65807148.78,2,2,1,DILLON S/A DTVM,2,297085512.51,0.221509114409559
Fundo,2026-02-28,02332886000104,23126807.91,1,1,1,XP INVESTIMENTOS CCTVM S.A.,3,297085512.51,0.0778456267173969
Fundo,2026-02-28,00066670000100,22044308.29,1,1,1,BEM - DISTRIBUIDORA DE TITULOS E VALORES MOBILIARIOS LTDA.,4,297085512.51,0.0742018959583496
Fundo,2026-02-28,16695922000109,21967307.77,4,4,1,ID CORRETORA DE TITULOS E VALORES MOBILIARIOS S.A.,5,297085512.51,0.0739427095734282
Fundo,2026-02-28,24361690000172,0,1,1,1,LIMINE TRUST DISTRIBUIDORA DE TITULOS E VALORES MOBILIARIOS S.A.,6,297085512.51,0
Fundo,2026-02-28,40434681000110,0,2,2,1,AZUMI DISTRIBUIDORA DE TÍTULOS E VALORES MOBILIÁRIOS LTDA.,7,297085512.51,0
Fundo,2026-02-28,48967968000118,0,1,1,1,VERT DISTRIBUIDORA DE TÍTULOS E VALORES MOBILIÁRIOS LTDA.,8,297085512.51,0
Fundo,2026-02-28,13486793000142,-417957.56,1,1,1,APEX GROUP DISTRIBUIDORA DE TÍTULOS E VALORES MOBILIÁRIOS S.A.,9,297085512.51,-0.00140685944753342
Fundo,2026-02-28,02201501000161,-20579220.18,1,1,1,BNY MELLON SERVICOS FINANCEIROS DTVM S.A.,10,297085512.51,-0.0692703592515549
Fundo,2026-03-31,62285390000140,1811320637.63,5,5,1,QI CORRETORA DE TÍTULOS E VALORES MOBILIÁRIOS S.A.,1,2316092096.27,0.7820589865779
Fundo,2026-03-31,36113876000191,177401552.7,1,1,1,OLIVEIRA TRUST DTVM S.A.,2,2316092096.27,0.0765952066352198
Fundo,2026-03-31,00806535000154,158657456.42,1,1,1,PLANNER CORRETORA DE VALORES S.A.,3,2316092096.27,0.0685022226342006
Fundo,2026-03-31,33851064000155,65689776.94,2,2,1,DILLON S/A DTVM,4,2316092096.27,0.028362333711078
Fundo,2026-03-31,16695922000109,48221851.62,5,5,1,ID CORRETORA DE TITULOS E VALORES MOBILIARIOS S.A.,5,2316092096.27,0.0208203515299154
Fundo,2026-03-31,02332886000104,23452324.1,1,1,1,XP INVESTIMENTOS CCTVM S.A.,6,2316092096.27,0.0101258167314544
Fundo,2026-03-31,00066670000100,22268978.67,1,1,1,BEM - DISTRIBUIDORA DE TITULOS E VALORES MOBILIARIOS LTDA.,7,2316092096.27,0.00961489342581133
Fundo,2026-03-31,24361690000172,19954089.62,2,2,1,LIMINE TRUST DISTRIBUIDORA DE TITULOS E VALORES MOBILIARIOS S.A.,8,2316092096.27,0.00861541285518633
Fundo,2026-03-31,37678915000160,10170287.29,1,1,1,FIDD DISTRIBUIDORA DE TITULOS E VALORES MOBILIARIOS LTDA.,9,2316092096.27,0.00439114114088078
Fundo,2026-03-31,40434681000110,0,1,1,1,AZUMI DISTRIBUIDORA DE TÍTULOS E VALORES MOBILIÁRIOS LTDA.,10,2316092096.27,0
Fundo,2026-03-31,48967968000118,0,1,1,1,VERT DISTRIBUIDORA DE TÍTULOS E VALORES MOBILIÁRIOS LTDA.,11,2316092096.27,0
Fundo,2026-03-31,13486793000142,-433899.77,1,1,1,APEX GROUP DISTRIBUIDORA DE TÍTULOS E VALORES MOBILIÁRIOS S.A.,12,2316092096.27,-0.000187341328394835
Fundo,2026-03-31,02201501000161,-20610958.95,1,1,1,BNY MELLON SERVICOS FINANCEIROS DTVM S.A.,13,2316092096.27,-0.0088990239132517
Fundo,2026-04-30,62285390000140,1856452396.78,5,5,1,QI CORRETORA DE TÍTULOS E VALORES MOBILIÁRIOS S.A.,1,2379572025.92,0.780162305052418
Fundo,2026-04-30,36113876000191,175848826.99,1,1,1,OLIVEIRA TRUST DTVM S.A.,2,2379572025.92,0.0738993504187009
Fundo,2026-04-30,00806535000154,159103324.96,1,1,1,PLANNER CORRETORA DE VALORES S.A.,3,2379572025.92,0.0668621597610549
Fundo,2026-04-30,16695922000109,76865643.69,7,7,1,ID CORRETORA DE TITULOS E VALORES MOBILIARIOS S.A.,4,2379572025.92,0.0323022975781882
Fundo,2026-04-30,33851064000155,65693483.16,2,2,1,DILLON S/A DTVM,5,2379572025.92,0.0276072682164774
Fundo,2026-04-30,12063256000127,25917836.32,1,1,1,MONETAR DISTRIBUIDORA DE TITULOS E VALORES MOBILIARIOS LTDA.,6,2379572025.92,0.0108918057691402
Fundo,2026-04-30,24361690000172,21508284.03,3,3,1,LIMINE TRUST DISTRIBUIDORA DE TITULOS E VALORES MOBILIARIOS S.A.,7,2379572025.92,0.00903871948220789
Fundo,2026-04-30,37678915000160,14785221.62,1,1,1,FIDD DISTRIBUIDORA DE TITULOS E VALORES MOBILIARIOS LTDA.,8,2379572025.92,0.00621339529081229
Fundo,2026-04-30,00066670000100,2489108.5,1,1,1,BEM - DISTRIBUIDORA DE TITULOS E VALORES MOBILIARIOS LTDA.,9,2379572025.92,0.00104603200612835
Fundo,2026-04-30,45246410000155,2089212.9,1,1,1,BANCO GENIAL S.A.,10,2379572025.92,0.000877978425213778
Fundo,2026-04-30,62264924000152,48769.44,1,1,1,QORE DISTRIBUIDORA DE TÍTULOS E VALORES MOBILIÁRIOS LTDA.,11,2379572025.92,2.04950467852069e-05
Fundo,2026-04-30,40434681000110,0,1,1,1,AZUMI DISTRIBUIDORA DE TÍTULOS E VALORES MOBILIÁRIOS LTDA.,12,2379572025.92,0
Fundo,2026-04-30,48967968000118,0,1,1,1,VERT DISTRIBUIDORA DE TÍTULOS E VALORES MOBILIÁRIOS LTDA.,13,2379572025.92,0
Fundo,2026-04-30,13486793000142,-451065.53,1,1,1,APEX GROUP DISTRIBUIDORA DE TÍTULOS E VALORES MOBILIÁRIOS S.A.,14,2379572025.92,-0.000189557418345262
Fundo,2026-04-30,02201501000161,-20779016.94,1,1,1,BNY MELLON SERVICOS FINANCEIROS DTVM S.A.,15,2379572025.92,-0.00873224962878202
Fundo,2026-05-31,00806535000154,191946699.18,1,1,1,PLANNER CORRETORA DE VALORES S.A.,1,603189646.23,0.318219485993646
Fundo,2026-05-31,36113876000191,176738033.73,1,1,1,OLIVEIRA TRUST DTVM S.A.,2,603189646.23,0.293005748415331
Fundo,2026-05-31,16695922000109,112548422.74,5,5,1,ID CORRETORA DE TITULOS E VALORES MOBILIARIOS S.A.,3,603189646.23,0.186588784213124
Fundo,2026-05-31,33851064000155,67371559.23,2,2,1,DILLON S/A DTVM,4,603189646.23,0.11169216787967
Fundo,2026-05-31,24361690000172,25051069.93,3,3,1,LIMINE TRUST DISTRIBUIDORA DE TITULOS E VALORES MOBILIARIOS S.A.,5,603189646.23,0.0415310012142481
Fundo,2026-05-31,37678915000160,22820391.18,1,1,1,FIDD DISTRIBUIDORA DE TITULOS E VALORES MOBILIARIOS LTDA.,6,603189646.23,0.0378328628858766
Fundo,2026-05-31,27652684000162,21020000,2,2,1,GENIAL INVESTIMENTOS CORRETORA DE VALORES MOBILIÁRIOS S.A.,7,603189646.23,0.0348480782642362
Fundo,2026-05-31,62264924000152,2502291.05,1,1,1,QORE DISTRIBUIDORA DE TÍTULOS E VALORES MOBILIÁRIOS LTDA.,8,603189646.23,0.00414843170077535
Fundo,2026-05-31,00066670000100,2492691.53,1,1,1,BEM - DISTRIBUIDORA DE TITULOS E VALORES MOBILIARIOS LTDA.,9,603189646.23,0.00413251710399804
Fundo,2026-05-31,45246410000155,2056350.8,1,1,1,BANCO GENIAL S.A.,10,603189646.23,0.00340912814543886
Fundo,2026-05-31,40434681000110,0,1,1,1,AZUMI DISTRIBUIDORA DE TÍTULOS E VALORES MOBILIÁRIOS LTDA.,11,603189646.23,0
Fundo,2026-05-31,48967968000118,0,1,1,1,VERT DISTRIBUIDORA DE TÍTULOS E VALORES MOBILIÁRIOS LTDA.,12,603189646.23,0
Fundo,2026-05-31,62285390000140,0,4,4,1,QI CORRETORA DE TÍTULOS E VALORES MOBILIÁRIOS S.A.,13,603189646.23,0
Fundo,2026-05-31,13486793000142,-468739.32,1,1,1,APEX GROUP DISTRIBUIDORA DE TÍTULOS E VALORES MOBILIÁRIOS S.A.,14,603189646.23,-0.000777101070831821
Fundo,2026-05-31,02201501000161,-20889123.82,1,1,1,BNY MELLON SERVICOS FINANCEIROS DTVM S.A.,15,603189646.23,-0.0346311047455129
Fundo,2026-06-30,16695922000109,124554102.74,5,5,1,ID CORRETORA DE TITULOS E VALORES MOBILIARIOS S.A.,1,319032897.32,0.390411470999708
Fundo,2026-06-30,62285390000140,119630503.72,4,4,1,QI CORRETORA DE TÍTULOS E VALORES MOBILIÁRIOS S.A.,2,319032897.32,0.374978582851307
Fundo,2026-06-30,33851064000155,67228708.26,2,2,1,DILLON S/A DTVM,3,319032897.32,0.210726570283965
Fundo,2026-06-30,62232889000190,11993215.51,1,1,1,BANCO DAYCOVAL S.A.,4,319032897.32,0.0375924100954718
Fundo,2026-06-30,27652684000162,10478306.21,1,1,1,GENIAL INVESTIMENTOS CORRETORA DE VALORES MOBILIÁRIOS S.A.,5,319032897.32,0.0328439678102849
Fundo,2026-06-30,62264924000152,5574217.9,1,1,1,QORE DISTRIBUIDORA DE TÍTULOS E VALORES MOBILIÁRIOS LTDA.,6,319032897.32,0.0174722354554204
Fundo,2026-06-30,00066670000100,2479930.87,1,1,1,BEM - DISTRIBUIDORA DE TITULOS E VALORES MOBILIARIOS LTDA.,7,319032897.32,0.00777327633241707
Fundo,2026-06-30,45246410000155,2046668.23,1,1,1,BANCO GENIAL S.A.,8,319032897.32,0.00641522628917835
Fundo,2026-06-30,24361690000172,0,1,1,1,LIMINE TRUST DISTRIBUIDORA DE TITULOS E VALORES MOBILIARIOS S.A.,9,319032897.32,0
Fundo,2026-06-30,40434681000110,0,1,1,1,AZUMI DISTRIBUIDORA DE TÍTULOS E VALORES MOBILIÁRIOS LTDA.,10,319032897.32,0
Fundo,2026-06-30,48967968000118,0,1,1,1,VERT DISTRIBUIDORA DE TÍTULOS E VALORES MOBILIÁRIOS LTDA.,11,319032897.32,0
Fundo,2026-06-30,13486793000142,-485299.08,1,1,1,APEX GROUP DISTRIBUIDORA DE TÍTULOS E VALORES MOBILIÁRIOS S.A.,12,319032897.32,-0.00152115685898445
Fundo,2026-06-30,02201501000161,-24467457.04,1,1,1,BNY MELLON SERVICOS FINANCEIROS DTVM S.A.,13,319032897.32,-0.0766925832587677
Fundo,2026-07-31,33851064000155,67216494.16,2,2,1,DILLON S/A DTVM,1,106217823.95,0.632817465660386
Fundo,2026-07-31,16695922000109,35082798.91,5,5,1,ID CORRETORA DE TITULOS E VALORES MOBILIARIOS S.A.,2,106217823.95,0.330291071736835
Fundo,2026-07-31,27652684000162,15323004.94,2,2,1,GENIAL INVESTIMENTOS CORRETORA DE VALORES MOBILIÁRIOS S.A.,3,106217823.95,0.144260203892079
Fundo,2026-07-31,62264924000152,9104551.27,1,1,1,QORE DISTRIBUIDORA DE TÍTULOS E VALORES MOBILIÁRIOS LTDA.,4,106217823.95,0.0857158519297646
Fundo,2026-07-31,00066670000100,2468911.61,1,1,1,BEM - DISTRIBUIDORA DE TITULOS E VALORES MOBILIARIOS LTDA.,5,106217823.95,0.0232438541686016
Fundo,2026-07-31,45246410000155,1973056.97,1,1,1,BANCO GENIAL S.A.,6,106217823.95,0.0185755732571661
Fundo,2026-07-31,24361690000172,0,1,1,1,LIMINE TRUST DISTRIBUIDORA DE TITULOS E VALORES MOBILIARIOS S.A.,7,106217823.95,0
Fundo,2026-07-31,40434681000110,0,1,1,1,AZUMI DISTRIBUIDORA DE TÍTULOS E VALORES MOBILIÁRIOS LTDA.,8,106217823.95,0
Fundo,2026-07-31,48967968000118,0,1,1,1,VERT DISTRIBUIDORA DE TÍTULOS E VALORES MOBILIÁRIOS LTDA.,9,106217823.95,0
Fundo,2026-07-31,62285390000140,0,4,4,1,QI CORRETORA DE TÍTULOS E VALORES MOBILIÁRIOS S.A.,10,106217823.95,0
Fundo,2026-07-31,13486793000142,-502111.98,1,1,1,APEX GROUP DISTRIBUIDORA DE TÍTULOS E VALORES MOBILIÁRIOS S.A.,11,106217823.95,-0.0047271913632533
Fundo,2026-07-31,02201501000161,-24448881.93,1,1,1,BNY MELLON SERVICOS FINANCEIROS DTVM S.A.,12,106217823.95,-0.230176829281579
Fundo,2026-08-31,13673855000125,132896773.47,1,1,1,OSLO CAPITAL DISTRIBUIDORA DE TÍTULOS E VALORES MOBILIÁRIOS S.A.,1,354118131.32,0.375289378644968
Fundo,2026-08-31,62232889000190,81949270.07,1,1,1,BANCO DAYCOVAL S.A.,2,354118131.32,0.23141788804919
Fundo,2026-08-31,33851064000155,67192579.29,2,2,1,DILLON S/A DTVM,3,354118131.32,0.189746226886308
Fundo,2026-08-31,16695922000109,37005855.43,5,5,1,ID CORRETORA DE TITULOS E VALORES MOBILIARIOS S.A.,4,354118131.32,0.104501442194044
Fundo,2026-08-31,12063256000127,27540688.81,1,1,1,MONETAR DISTRIBUIDORA DE TITULOS E VALORES MOBILIARIOS LTDA.,5,354118131.32,0.0777726029089224
Fundo,2026-08-31,27652684000162,20818525.06,2,2,1,GENIAL INVESTIMENTOS CORRETORA DE VALORES MOBILIÁRIOS S.A.,6,354118131.32,0.0587897744247026
Fundo,2026-08-31,62264924000152,9289708.19,1,1,1,QORE DISTRIBUIDORA DE TÍTULOS E VALORES MOBILIÁRIOS LTDA.,7,354118131.32,0.0262333593464191
Fundo,2026-08-31,00066670000100,2455991.25,1,1,1,BEM - DISTRIBUIDORA DE TITULOS E VALORES MOBILIARIOS LTDA.,8,354118131.32,0.0069355139790361
Fundo,2026-08-31,24361690000172,0,1,1,1,LIMINE TRUST DISTRIBUIDORA DE TITULOS E VALORES MOBILIARIOS S.A.,9,354118131.32,0
Fundo,2026-08-31,40434681000110,0,1,1,1,AZUMI DISTRIBUIDORA DE TÍTULOS E VALORES MOBILIÁRIOS LTDA.,10,354118131.32,0
Fundo,2026-08-31,48967968000118,0,1,1,1,VERT DISTRIBUIDORA DE TÍTULOS E VALORES MOBILIÁRIOS LTDA.,11,354118131.32,0
Fundo,2026-08-31,59281253000123,0,2,2,1,BTG PACTUAL SERVIÇOS FINANCEIROS S/A DTVM,12,354118131.32,0
Fundo,2026-08-31,62285390000140,0,4,4,1,QI CORRETORA DE TÍTULOS E VALORES MOBILIÁRIOS S.A.,13,354118131.32,0
Fundo,2026-08-31,13486793000142,-518673.46,1,1,1,APEX GROUP DISTRIBUIDORA DE TÍTULOS E VALORES MOBILIÁRIOS S.A.,14,354118131.32,-0.00146469049203047
Fundo,2026-08-31,02201501000161,-24512586.79,1,1,1,BNY MELLON SERVICOS FINANCEIROS DTVM S.A.,15,354118131.32,-0.0692214959415595
Fundo,2026-09-30,16695922000109,14661991.44,3,3,1,ID CORRETORA DE TITULOS E VALORES MOBILIARIOS S.A.,1,14661991.44,1
Fundo,2026-09-30,24361690000172,0,1,1,1,LIMINE TRUST DISTRIBUIDORA DE TITULOS E VALORES MOBILIARIOS S.A.,2,14661991.44,0
Fundo,2026-09-30,40434681000110,0,1,1,1,AZUMI DISTRIBUIDORA DE TÍTULOS E VALORES MOBILIÁRIOS LTDA.,3,14661991.44,0
Fundo,2026-09-30,48967968000118,0,1,1,1,VERT DISTRIBUIDORA DE TÍTULOS E VALORES MOBILIÁRIOS LTDA.,4,14661991.44,0
Fundo legado,2020-01-31,30822936000169,58088750072.52,3,3,1,BB GESTAO DE RECURSOS DTVM S.A,1,222961979041.35,0.260532088575277
Fundo legado,2020-01-31,36113876000191,28109805410.74,70,70,1,OLIVEIRA TRUST DTVM S.A.,2,222961979041.35,0.126074434446632
Fundo legado,2020-01-31,00066670000100,23692102314.92,26,26,1,BEM - DISTRIBUIDORA DE TITULOS E VALORES MOBILIARIOS LTDA.,3,222961979041.35,0.106260728473917
Fundo legado,2020-01-31,62285390000140,22396508836.17,323,323,1,QI CORRETORA DE TÍTULOS E VALORES MOBILIÁRIOS S.A.,4,222961979041.35,0.100449901514448
Fundo legado,2020-01-31,59281253000123,11779256184.28,67,67,1,BTG PACTUAL SERVIÇOS FINANCEIROS S/A DTVM,5,222961979041.35,0.0528307841315646
Fundo legado,2020-01-31,62318407000119,10066561348.92,12,12,1,S3 CACEIS BRASIL DISTRIBUIDORA DE TITULOS E VALORES MOBILIARIOS S.A,6,222961979041.35,0.0451492285465096
Fundo legado,2020-01-31,13486793000142,8835530067.02,64,64,1,APEX GROUP DISTRIBUIDORA DE TÍTULOS E VALORES MOBILIÁRIOS S.A.,7,222961979041.35,0.0396279675351347
Fundo legado,2020-01-31,62418140000131,7975517379.79,11,11,1,INTRAG DTVM LTDA.,8,222961979041.35,0.0357707507534766
Fundo legado,2020-01-31,36864992000142,5271404353.5,15,15,1,APEX DISTRIBUIDORA DE TÍTULOS E VALORES MOBILIÁRIOS S.A.,9,222961979041.35,0.0236426155534006
Fundo legado,2020-01-31,03317692000194,4920884458.88,43,43,1,FINAXIS CORRETORA DE TÍTULOS E VALORES MOBILIÁRIOS S.A.,10,222961979041.35,0.022070509420655
Fundo legado,2020-01-31,39669186000101,4151517371.98,44,44,1,HEMERA DISTRIBUIDORA DE TITULOS E VALORES MOBILIARIOS LTDA,11,222961979041.35,0.0186198444677874
Fundo legado,2020-01-31,27652684000162,3018278744.52,8,8,1,GENIAL INVESTIMENTOS CORRETORA DE VALORES MOBILIÁRIOS S.A.,12,222961979041.35,0.0135371903205086
Fundo legado,2020-01-31,67030395000146,2629944228.36,18,18,1,TRUSTEE DISTRIBUIDORA DE TITULOS E VALORES MOBILIARIOS LTDA.,13,222961979041.35,0.011795482977267
Fundo legado,2020-01-31,00806535000154,2478074527.41,30,30,1,PLANNER CORRETORA DE VALORES S.A.,14,222961979041.35,0.0111143367943932
Fundo legado,2020-01-31,03751794000113,2412951853,5,5,1,TERRA INVESTIMENTOS DISTRIBUIDORA DE TITULOS E VALORES MOBILIARIOS LTDA,15,222961979041.35,0.0108222570654188
Fundo legado,2020-01-31,12063256000127,2239512607.82,11,11,1,MONETAR DISTRIBUIDORA DE TITULOS E VALORES MOBILIARIOS LTDA.,16,222961979041.35,0.0100443699748676
Fundo legado,2020-01-31,00360305000104,2238137608.77,5,5,1,CAIXA ECONOMICA FEDERAL,17,222961979041.35,0.0100382030083924
Fundo legado,2020-01-31,11758741000152,2129136751.27,22,22,1,BANCO FINAXIS S.A.,18,222961979041.35,0.00954932657318733
Fundo legado,2020-01-31,22610500000188,2029202717.14,20,20,1,VORTX DISTRIBUIDORA DE TITULOS E VALORES MOBILIARIOS LTDA.,19,222961979041.35,0.00910111547208535
Fundo legado,2020-01-31,02201501000161,1774376372.42,14,14,1,BNY MELLON SERVICOS FINANCEIROS DTVM S.A.,20,222961979041.35,0.00795820157342131
Fundo legado,2020-01-31,02671743000119,1612639276.21,19,19,1,BANVOX DISTRIBUIDORA DE TITULOS E VALORES MOBILIARIOS LTDA,21,222961979041.35,0.007232799435777
Fundo legado,2020-01-31,42066258000130,1579884671.39,10,10,1,RJI CORRETORA DE TÍTULOS E VALORES MOBILIÁRIOS LTDA.,22,222961979041.35,0.00708589275258002
Fundo legado,2020-01-31,37678915000160,1270767292.15,7,7,1,FIDD DISTRIBUIDORA DE TITULOS E VALORES MOBILIARIOS LTDA.,23,222961979041.35,0.00569947978401433
Fundo legado,2020-01-31,62232889000190,1240090764.35,21,21,1,BANCO DAYCOVAL S.A.,24,222961979041.35,0.00556189342094069
Fundo legado,2020-01-31,24361690000172,1187304061.3,32,32,1,LIMINE TRUST DISTRIBUIDORA DE TITULOS E VALORES MOBILIARIOS S.A.,25,222961979041.35,0.0053251413824229
Fundo legado,2020-01-31,44077014000189,1004135254.92,1,1,1,BR-CAPITAL DTVM S.A.,26,222961979041.35,0.0045036165324572
Fundo legado,2020-01-31,13673855000125,987148796.64,8,8,1,OSLO CAPITAL DISTRIBUIDORA DE TITULOS E VALORES MOBILIARIOS S.A.,27,222961979041.35,0.00442743108436854
Fundo legado,2020-01-31,45246410000155,851800938.04,14,14,1,BANCO GENIAL S.A.,28,222961979041.35,0.00382038651478792
Fundo legado,2020-01-31,02332886000104,841585985.48,4,4,1,XP INVESTIMENTOS CCTVM S.A.,29,222961979041.35,0.0037745717413278
Fundo legado,2020-01-31,36266751000100,813555412.15,3,3,1,FINVEST DISTRIBUIDORA DE TÍTULOS E VALORES MOBILIÁRIOS LTDA.,30,222961979041.35,0.00364885266827991
Fundo legado,2020-01-31,16695922000109,633385640.09,17,17,1,ID CORRETORA DE TITULOS E VALORES MOBILIARIOS S.A.,31,222961979041.35,0.00284077869605084
Fundo legado,2020-01-31,03384738000198,615030098.34,4,4,1,TIVIO CAPITAL DISTRIBUIDORA DE TITULOS E VALORES MOBILIARIOS S.A.,32,222961979041.35,0.00275845281327512
Fundo legado,2020-01-31,00329598000167,505253527.25,9,9,1,SEFER INVESTIMENTOS DISTRIBUIDORA DE TÍTULOS E VALORES MOBILIÁRIOS LTDA.,33,222961979041.35,0.00226609724860891
Fundo legado,2020-01-31,01522368000182,497799915.56,1,1,1,BANCO BNP PARIBAS BRASIL S/A,34,222961979041.35,0.00223266728121246
Fundo legado,2020-01-31,03017677000120,485542018.59,10,10,1,BANCO J. SAFRA S.A.,35,222961979041.35,0.00217768975983099
Fundo legado,2020-01-31,45854066000187,363022241.35,6,6,1,WNT CAPITAL DISTRIBUIDORA DE TITULOS E VALORES MOBILIARIOS S.A.,36,222961979041.35,0.00162818002832077
Fundo legado,2020-01-31,62264924000152,351184474.77,8,8,1,QORE DISTRIBUIDORA DE TÍTULOS E VALORES MOBILIÁRIOS LTDA.,37,222961979041.35,0.00157508682099054
Fundo legado,2020-01-31,15489568000195,339198041.36,10,10,1,INTRA INVESTIMENTOS DTVM LTDA,38,222961979041.35,0.00152132683257666
Fundo legado,2020-01-31,40768766000135,244696537.32,2,2,1,LIONS TRUST DISTRIBUIDORA DE TÍTULOS E VALORES MOBILIÁRIOS LTDA.,39,222961979041.35,0.00109748100717486
Fundo legado,2020-01-31,41592532000142,238874648.36,4,4,1,MERITO DISTRIBUIDORA DE TITULOS E VALORES MOBILIARIOS LTDA.,40,222961979041.35,0.00107136942983314
Fundo legado,2020-01-31,29650082000100,187892479.64,2,2,1,BTG PACTUAL ASSET MANAGEMENT S/A DTVM,41,222961979041.35,0.000842710853428305
Fundo legado,2020-01-31,33775974000104,181799040.73,2,2,1,ATIVA INVESTIMENTOS S.A. C.T.C.V.,42,222961979041.35,0.000815381355653844
Fundo legado,2020-01-31,44782130000107,176216697.89,8,8,1,ACTUAL DISTRIBUIDORA DE TITULOS E VALORES MOBILIARIOS S.A.,43,222961979041.35,0.00079034415933902
Fundo legado,2020-01-31,50657675000186,175350641.81,1,1,1,SLW CVC LTDA,44,222961979041.35,0.00078645983752001
Fundo legado,2020-01-31,34829992000186,160142060.62,7,7,1,CBSF DISTRIBUIDORA DE TITULOS E VALORES MOBILIARIOS S.A. - EM LIQUIDAÇÃO EXTRAJUDICIAL,45,222961979041.35,0.000718248291966858
Fundo legado,2020-01-31,33886862000112,80391616.57,3,3,1,"MASTER S/A CORRETORA DE CAMBIO, TITULOS E VALORES MOBILIARIOS",46,222961979041.35,0.000360561997680738
Fundo legado,2020-01-31,47215387000167,38401967.84,1,1,1,CATÁLISE DISTRIBUIDORA DE TITULOS E VALORES MOBILIARIOS LTDA.,47,222961979041.35,0.000172235499546217
Fundo legado,2020-01-31,58006471000197,26541360.02,1,1,1,BARU DISTRIBUIDORA DE TÍTULOS E VALORES MOBILIÁRIOS LTDA.,48,222961979041.35,0.000119039847664241
Fundo legado,2020-01-31,33918160000173,19065285.06,2,2,1,"MASSA FALIDA DA GRADUAL CORRETORA DE CÂMBIO, TÍTULOS E VALORES MOBILIÁRIOS S. A.",49,222961979041.35,8.55091309378098e-05
Fundo legado,2020-01-31,71590442000183,11078465.13,2,2,1,LASTRO RDV DTVM LTDA,50,222961979041.35,4.96876874596875e-05
Fundo legado,2020-01-31,40434681000110,3707300.37,2,2,1,AZUMI DISTRIBUIDORA DE TÍTULOS E VALORES MOBILIÁRIOS LTDA.,51,222961979041.35,1.66275002847569e-05
Fundo legado,2020-01-31,30723886000162,1039320.62,1,1,1,BANCO MODAL S.A.,52,222961979041.35,4.66142534466493e-06
Fundo legado,2020-02-29,30822936000169,55292058848.53,3,3,1,BB GESTAO DE RECURSOS DTVM S.A,1,228607652053.04,0.241864427336411
Fundo legado,2020-02-29,36113876000191,31633232884.72,71,71,1,OLIVEIRA TRUST DTVM S.A.,2,228607652053.04,0.138373464757779
Fundo legado,2020-02-29,00066670000100,24325303184.56,26,26,1,BEM - DISTRIBUIDORA DE TITULOS E VALORES MOBILIARIOS LTDA.,3,228607652053.04,0.106406338397265
Fundo legado,2020-02-29,62285390000140,22714246241.59,323,323,1,QI CORRETORA DE TÍTULOS E VALORES MOBILIÁRIOS S.A.,4,228607652053.04,0.0993590811051241
Fundo legado,2020-02-29,59281253000123,12115402330.45,67,67,1,BTG PACTUAL SERVIÇOS FINANCEIROS S/A DTVM,5,228607652053.04,0.0529964864327423
Fundo legado,2020-02-29,62318407000119,10108642597.84,12,12,1,S3 CACEIS BRASIL DISTRIBUIDORA DE TITULOS E VALORES MOBILIARIOS S.A,6,228607652053.04,0.0442183037490567
Fundo legado,2020-02-29,62418140000131,8939482404.7,11,11,1,INTRAG DTVM LTDA.,7,228607652053.04,0.0391040384012427
Fundo legado,2020-02-29,13486793000142,8931459327.81,65,65,1,APEX GROUP DISTRIBUIDORA DE TÍTULOS E VALORES MOBILIÁRIOS S.A.,8,228607652053.04,0.0390689430016883
Fundo legado,2020-02-29,36864992000142,5234932040.96,16,16,1,APEX DISTRIBUIDORA DE TÍTULOS E VALORES MOBILIÁRIOS S.A.,9,228607652053.04,0.0228991986661296
Fundo legado,2020-02-29,03317692000194,4888334986.17,43,43,1,FINAXIS CORRETORA DE TÍTULOS E VALORES MOBILIÁRIOS S.A.,10,228607652053.04,0.0213830768229746
Fundo legado,2020-02-29,39669186000101,4224516570.63,44,44,1,HEMERA DISTRIBUIDORA DE TITULOS E VALORES MOBILIARIOS LTDA,11,228607652053.04,0.0184793314339708
Fundo legado,2020-02-29,67030395000146,3420768411.58,21,21,1,TRUSTEE DISTRIBUIDORA DE TITULOS E VALORES MOBILIARIOS LTDA.,12,228607652053.04,0.0149634904206371
Fundo legado,2020-02-29,27652684000162,3240380401.87,8,8,1,GENIAL INVESTIMENTOS CORRETORA DE VALORES MOBILIÁRIOS S.A.,13,228607652053.04,0.0141744179285748
Fundo legado,2020-02-29,42066258000130,2653229809.65,11,11,1,RJI CORRETORA DE TÍTULOS E VALORES MOBILIÁRIOS LTDA.,14,228607652053.04,0.0116060411181443
Fundo legado,2020-02-29,03751794000113,2412835677.63,5,5,1,TERRA INVESTIMENTOS DISTRIBUIDORA DE TITULOS E VALORES MOBILIARIOS LTDA,15,228607652053.04,0.0105544834390329
Fundo legado,2020-02-29,00806535000154,2272042208.27,28,28,1,PLANNER CORRETORA DE VALORES S.A.,16,228607652053.04,0.00993860961287007
Fundo legado,2020-02-29,12063256000127,2240500704.52,11,11,1,MONETAR DISTRIBUIDORA DE TITULOS E VALORES MOBILIARIOS LTDA.,17,228607652053.04,0.00980063739948728
Fundo legado,2020-02-29,00360305000104,2212524836.42,5,5,1,CAIXA ECONOMICA FEDERAL,18,228607652053.04,0.00967826237026688
Fundo legado,2020-02-29,22610500000188,2187578980.46,21,21,1,VORTX DISTRIBUIDORA DE TITULOS E VALORES MOBILIARIOS LTDA.,19,228607652053.04,0.00956914154366299
Fundo legado,2020-02-29,11758741000152,2082071292.53,22,22,1,BANCO FINAXIS S.A.,20,228607652053.04,0.00910761855008656
Fundo legado,2020-02-29,02201501000161,1783653538.12,14,14,1,BNY MELLON SERVICOS FINANCEIROS DTVM S.A.,21,228607652053.04,0.0078022477467472
Fundo legado,2020-02-29,02671743000119,1551162507.64,19,19,1,BANVOX DISTRIBUIDORA DE TITULOS E VALORES MOBILIARIOS LTDA,22,228607652053.04,0.00678526065820452
Fundo legado,2020-02-29,62232889000190,1524826975.08,22,22,1,BANCO DAYCOVAL S.A.,23,228607652053.04,0.00667006095984145
Fundo legado,2020-02-29,37678915000160,1281601995.03,7,7,1,FIDD DISTRIBUIDORA DE TITULOS E VALORES MOBILIARIOS LTDA.,24,228607652053.04,0.0056061202830282
Fundo legado,2020-02-29,24361690000172,1193080511.47,32,32,1,LIMINE TRUST DISTRIBUIDORA DE TITULOS E VALORES MOBILIARIOS S.A.,25,228607652053.04,0.00521890015822038
Fundo legado,2020-02-29,44077014000189,1004135468.69,1,1,1,BR-CAPITAL DTVM S.A.,26,228607652053.04,0.00439239657847073
Fundo legado,2020-02-29,13673855000125,996867565.56,8,8,1,OSLO CAPITAL DISTRIBUIDORA DE TITULOS E VALORES MOBILIARIOS S.A.,27,228607652053.04,0.00436060454060704
Fundo legado,2020-02-29,45246410000155,903773710.72,14,14,1,BANCO GENIAL S.A.,28,228607652053.04,0.00395338346115515
Fundo legado,2020-02-29,02332886000104,865444702.33,4,4,1,XP INVESTIMENTOS CCTVM S.A.,29,228607652053.04,0.00378572062027567
Fundo legado,2020-02-29,36266751000100,846056385.51,4,4,1,FINVEST DISTRIBUIDORA DE TÍTULOS E VALORES MOBILIÁRIOS LTDA.,30,228607652053.04,0.00370091017475523
Fundo legado,2020-02-29,16695922000109,693290134.57,18,18,1,ID CORRETORA DE TITULOS E VALORES MOBILIARIOS S.A.,31,228607652053.04,0.0030326637290739
Fundo legado,2020-02-29,00329598000167,677842266.84,7,7,1,SEFER INVESTIMENTOS DISTRIBUIDORA DE TÍTULOS E VALORES MOBILIÁRIOS LTDA.,32,228607652053.04,0.00296509001668383
Fundo legado,2020-02-29,03384738000198,580073958.51,4,4,1,TIVIO CAPITAL DISTRIBUIDORA DE TITULOS E VALORES MOBILIARIOS S.A.,33,228607652053.04,0.0025374214436856
Fundo legado,2020-02-29,01522368000182,508429143.41,1,1,1,BANCO BNP PARIBAS BRASIL S/A,34,228607652053.04,0.00222402504397376
Fundo legado,2020-02-29,03017677000120,491609706.91,10,10,1,BANCO J. SAFRA S.A.,35,228607652053.04,0.00215045166902786
Fundo legado,2020-02-29,62264924000152,356285373.6,9,9,1,QORE DISTRIBUIDORA DE TÍTULOS E VALORES MOBILIÁRIOS LTDA.,36,228607652053.04,0.00155850152171344
Fundo legado,2020-02-29,45854066000187,352862960.52,6,6,1,WNT CAPITAL DISTRIBUIDORA DE TITULOS E VALORES MOBILIARIOS S.A.,37,228607652053.04,0.0015435308370086
Fundo legado,2020-02-29,15489568000195,346271547.29,12,12,1,INTRA INVESTIMENTOS DTVM LTDA,38,228607652053.04,0.00151469797349417
Fundo legado,2020-02-29,40768766000135,242363706.26,2,2,1,LIONS TRUST DISTRIBUIDORA DE TÍTULOS E VALORES MOBILIÁRIOS LTDA.,39,228607652053.04,0.00106017320104302
Fundo legado,2020-02-29,41592532000142,239189808.77,4,4,1,MERITO DISTRIBUIDORA DE TITULOS E VALORES MOBILIARIOS LTDA.,40,228607652053.04,0.00104628959976591
Fundo legado,2020-02-29,33775974000104,182325563.58,2,2,1,ATIVA INVESTIMENTOS S.A. C.T.C.V.,41,228607652053.04,0.000797547947072647
Fundo legado,2020-02-29,29650082000100,177263790.65,2,2,1,BTG PACTUAL ASSET MANAGEMENT S/A DTVM,42,228607652053.04,0.000775406199477839
Fundo legado,2020-02-29,50657675000186,175291001.2,1,1,1,SLW CVC LTDA,43,228607652053.04,0.000766776613231346
Fundo legado,2020-02-29,44782130000107,173941814.03,8,8,1,ACTUAL DISTRIBUIDORA DE TITULOS E VALORES MOBILIARIOS S.A.,44,228607652053.04,0.00076087485465991
Fundo legado,2020-02-29,34829992000186,160000030.08,7,7,1,CBSF DISTRIBUIDORA DE TITULOS E VALORES MOBILIARIOS S.A. - EM LIQUIDAÇÃO EXTRAJUDICIAL,45,228607652053.04,0.000699889214744561
Fundo legado,2020-02-29,33886862000112,84223929.94,5,5,1,"MASTER S/A CORRETORA DE CAMBIO, TITULOS E VALORES MOBILIARIOS",46,228607652053.04,0.000368421306914341
Fundo legado,2020-02-29,47215387000167,38794222.73,1,1,1,CATÁLISE DISTRIBUIDORA DE TITULOS E VALORES MOBILIARIOS LTDA.,47,228607652053.04,0.000169697831116341
Fundo legado,2020-02-29,58006471000197,27375221.38,1,1,1,BARU DISTRIBUIDORA DE TÍTULOS E VALORES MOBILIÁRIOS LTDA.,48,228607652053.04,0.000119747616206865
Fundo legado,2020-02-29,71590442000183,12390045.39,2,2,1,LASTRO RDV DTVM LTDA,49,228607652053.04,5.4197859427406e-05
Fundo legado,2020-02-29,40434681000110,5518402.81,2,2,1,AZUMI DISTRIBUIDORA DE TÍTULOS E VALORES MOBILIÁRIOS LTDA.,50,228607652053.04,2.41391867701771e-05
Fundo legado,2020-02-29,33918160000173,1123119.61,1,1,1,"MASSA FALIDA DA GRADUAL CORRETORA DE CÂMBIO, TÍTULOS E VALORES MOBILIÁRIOS S. A.",51,228607652053.04,4.91286971329998e-06
Fundo legado,2020-02-29,30723886000162,1039203.92,1,1,1,BANCO MODAL S.A.,52,228607652053.04,4.5457967424419e-06
Fundo legado,2020-03-31,30822936000169,60875331671.22,3,3,1,BB GESTAO DE RECURSOS DTVM S.A,1,234052230145.7,0.260092935808919
Fundo legado,2020-03-31,36113876000191,34979674423.61,72,72,1,OLIVEIRA TRUST DTVM S.A.,2,234052230145.7,0.149452429493343
Fundo legado,2020-03-31,00066670000100,24174171113.78,26,26,1,BEM - DISTRIBUIDORA DE TITULOS E VALORES MOBILIARIOS LTDA.,3,234052230145.7,0.103285369674672
Fundo legado,2020-03-31,62285390000140,22615167006.91,326,326,1,QI CORRETORA DE TÍTULOS E VALORES MOBILIÁRIOS S.A.,4,234052230145.7,0.0966244457180853
Fundo legado,2020-03-31,59281253000123,11755618690.75,67,67,1,BTG PACTUAL SERVIÇOS FINANCEIROS S/A DTVM,5,234052230145.7,0.0502264758743465
Fundo legado,2020-03-31,13486793000142,9544675180.06,65,65,1,APEX GROUP DISTRIBUIDORA DE TÍTULOS E VALORES MOBILIÁRIOS S.A.,6,234052230145.7,0.0407801078166114
Fundo legado,2020-03-31,62418140000131,8392736292.85,11,11,1,INTRAG DTVM LTDA.,7,234052230145.7,0.0358583906148873
Fundo legado,2020-03-31,62318407000119,6296013273.14,12,12,1,S3 CACEIS BRASIL DISTRIBUIDORA DE TITULOS E VALORES MOBILIARIOS S.A,8,234052230145.7,0.026900035386207
Fundo legado,2020-03-31,36864992000142,5466081146.92,17,17,1,APEX DISTRIBUIDORA DE TÍTULOS E VALORES MOBILIÁRIOS S.A.,9,234052230145.7,0.0233541083693896
Fundo legado,2020-03-31,03317692000194,4896502614.54,43,43,1,FINAXIS CORRETORA DE TÍTULOS E VALORES MOBILIÁRIOS S.A.,10,234052230145.7,0.0209205552602164
Fundo legado,2020-03-31,39669186000101,4246734710.7,44,44,1,HEMERA DISTRIBUIDORA DE TITULOS E VALORES MOBILIARIOS LTDA,11,234052230145.7,0.0181443890026443
Fundo legado,2020-03-31,67030395000146,3958222979.45,22,22,1,TRUSTEE DISTRIBUIDORA DE TITULOS E VALORES MOBILIARIOS LTDA.,12,234052230145.7,0.0169117080276738
Fundo legado,2020-03-31,27652684000162,3496117026.66,8,8,1,GENIAL INVESTIMENTOS CORRETORA DE VALORES MOBILIÁRIOS S.A.,13,234052230145.7,0.0149373369545918
Fundo legado,2020-03-31,42066258000130,2634023489.6,11,11,1,RJI CORRETORA DE TÍTULOS E VALORES MOBILIÁRIOS LTDA.,14,234052230145.7,0.0112539986820903
Fundo legado,2020-03-31,11758741000152,2438284460.02,22,22,1,BANCO FINAXIS S.A.,15,234052230145.7,0.0104176937707543
Fundo legado,2020-03-31,03751794000113,2412905686.52,5,5,1,TERRA INVESTIMENTOS DISTRIBUIDORA DE TITULOS E VALORES MOBILIARIOS LTDA,16,234052230145.7,0.0103092616764127
Fundo legado,2020-03-31,00806535000154,2277083127.62,28,28,1,PLANNER CORRETORA DE VALORES S.A.,17,234052230145.7,0.00972895291876728
Fundo legado,2020-03-31,00360305000104,2197559045.47,5,5,1,CAIXA ECONOMICA FEDERAL,18,234052230145.7,0.00938918225261941
Fundo legado,2020-03-31,12063256000127,2178204846.13,11,11,1,MONETAR DISTRIBUIDORA DE TITULOS E VALORES MOBILIARIOS LTDA.,19,234052230145.7,0.00930649045631415
Fundo legado,2020-03-31,22610500000188,2161899554.79,22,22,1,VORTX DISTRIBUIDORA DE TITULOS E VALORES MOBILIARIOS LTDA.,20,234052230145.7,0.00923682527376131
Fundo legado,2020-03-31,02201501000161,1789257292.94,14,14,1,BNY MELLON SERVICOS FINANCEIROS DTVM S.A.,21,234052230145.7,0.00764469234848208
Fundo legado,2020-03-31,02671743000119,1657793655.3,20,20,1,BANVOX DISTRIBUIDORA DE TITULOS E VALORES MOBILIARIOS LTDA,22,234052230145.7,0.00708300730254955
Fundo legado,2020-03-31,62232889000190,1535747288.44,22,22,1,BANCO DAYCOVAL S.A.,23,234052230145.7,0.00656155802268571
Fundo legado,2020-03-31,24361690000172,1261324193.71,32,32,1,LIMINE TRUST DISTRIBUIDORA DE TITULOS E VALORES MOBILIARIOS S.A.,24,234052230145.7,0.0053890714603523
Fundo legado,2020-03-31,37678915000160,1232562387.61,7,7,1,FIDD DISTRIBUIDORA DE TITULOS E VALORES MOBILIARIOS LTDA.,25,234052230145.7,0.00526618518799294
Fundo legado,2020-03-31,13673855000125,1005603242.28,8,8,1,OSLO CAPITAL DISTRIBUIDORA DE TITULOS E VALORES MOBILIARIOS S.A.,26,234052230145.7,0.00429649075188902
Fundo legado,2020-03-31,45246410000155,996387600.22,13,13,1,BANCO GENIAL S.A.,27,234052230145.7,0.00425711645473208
Fundo legado,2020-03-31,02332886000104,865502554.61,4,4,1,XP INVESTIMENTOS CCTVM S.A.,28,234052230145.7,0.00369790347253353
Fundo legado,2020-03-31,36266751000100,825842821.73,4,4,1,FINVEST DISTRIBUIDORA DE TÍTULOS E VALORES MOBILIÁRIOS LTDA.,29,234052230145.7,0.00352845525640112
Fundo legado,2020-03-31,16695922000109,726109101.31,18,18,1,ID CORRETORA DE TITULOS E VALORES MOBILIARIOS S.A.,30,234052230145.7,0.00310233788782098
Fundo legado,2020-03-31,00329598000167,617216075.91,8,8,1,SEFER INVESTIMENTOS DISTRIBUIDORA DE TÍTULOS E VALORES MOBILIÁRIOS LTDA.,31,234052230145.7,0.00263708692510973
Fundo legado,2020-03-31,03384738000198,572770080.14,4,4,1,TIVIO CAPITAL DISTRIBUIDORA DE TITULOS E VALORES MOBILIARIOS S.A.,32,234052230145.7,0.00244718915852006
Fundo legado,2020-03-31,01522368000182,517811561.47,1,1,1,BANCO BNP PARIBAS BRASIL S/A,33,234052230145.7,0.00221237610574211
Fundo legado,2020-03-31,03017677000120,491503648.78,10,10,1,BANCO J. SAFRA S.A.,34,234052230145.7,0.00209997421718235
Fundo legado,2020-03-31,44077014000189,372360858.54,1,1,1,BR-CAPITAL DTVM S.A.,35,234052230145.7,0.00159093061539384
Fundo legado,2020-03-31,45854066000187,364065007.39,6,6,1,WNT CAPITAL DISTRIBUIDORA DE TITULOS E VALORES MOBILIARIOS S.A.,36,234052230145.7,0.00155548617145569
Fundo legado,2020-03-31,62264924000152,363611676.87,9,9,1,QORE DISTRIBUIDORA DE TÍTULOS E VALORES MOBILIÁRIOS LTDA.,37,234052230145.7,0.00155354929386337
Fundo legado,2020-03-31,15489568000195,360317963.3,12,12,1,INTRA INVESTIMENTOS DTVM LTDA,38,234052230145.7,0.00153947673592214
Fundo legado,2020-03-31,40768766000135,242493658.09,2,2,1,LIONS TRUST DISTRIBUIDORA DE TÍTULOS E VALORES MOBILIÁRIOS LTDA.,39,234052230145.7,0.00103606642816027
Fundo legado,2020-03-31,41592532000142,234770828.92,4,4,1,MERITO DISTRIBUIDORA DE TITULOS E VALORES MOBILIARIOS LTDA.,40,234052230145.7,0.00100307024963553
Fundo legado,2020-03-31,33775974000104,182937904.17,2,2,1,ATIVA INVESTIMENTOS S.A. C.T.C.V.,41,234052230145.7,0.000781611455084702
Fundo legado,2020-03-31,44782130000107,178049944.3,9,9,1,ACTUAL DISTRIBUIDORA DE TITULOS E VALORES MOBILIARIOS S.A.,42,234052230145.7,0.000760727399132929
Fundo legado,2020-03-31,50657675000186,175245823.14,1,1,1,SLW CVC LTDA,43,234052230145.7,0.000748746649544453
Fundo legado,2020-03-31,29650082000100,170703797.67,2,2,1,BTG PACTUAL ASSET MANAGEMENT S/A DTVM,44,234052230145.7,0.00072934061582637
Fundo legado,2020-03-31,34829992000186,139387389.86,7,7,1,CBSF DISTRIBUIDORA DE TITULOS E VALORES MOBILIARIOS S.A. - EM LIQUIDAÇÃO EXTRAJUDICIAL,45,234052230145.7,0.000595539678358245
Fundo legado,2020-03-31,33886862000112,83673512.93,6,6,1,"MASTER S/A CORRETORA DE CAMBIO, TITULOS E VALORES MOBILIARIOS",46,234052230145.7,0.000357499319181502
Fundo legado,2020-03-31,47215387000167,41245349.98,2,2,1,CATÁLISE DISTRIBUIDORA DE TITULOS E VALORES MOBILIARIOS LTDA.,47,234052230145.7,0.000176222845449173
Fundo legado,2020-03-31,58006471000197,27997966.67,1,1,1,BARU DISTRIBUIDORA DE TÍTULOS E VALORES MOBILIÁRIOS LTDA.,48,234052230145.7,0.000119622729732466
Fundo legado,2020-03-31,71590442000183,14404592.66,2,2,1,LASTRO RDV DTVM LTDA,49,234052230145.7,6.15443512374695e-05
Fundo legado,2020-03-31,40434681000110,6354825.56,2,2,1,AZUMI DISTRIBUIDORA DE TÍTULOS E VALORES MOBILIÁRIOS LTDA.,50,234052230145.7,2.71513138586377e-05
Fundo legado,2020-03-31,33918160000173,1129493.03,1,1,1,"MASSA FALIDA DA GRADUAL CORRETORA DE CÂMBIO, TÍTULOS E VALORES MOBILIÁRIOS S. A.",51,234052230145.7,4.82581614068312e-06
Fundo legado,2020-03-31,30723886000162,1041707.43,1,1,1,BANCO MODAL S.A.,52,234052230145.7,4.45074772135914e-06
Fundo legado,2020-04-30,30822936000169,47951394220.47,3,3,1,BB GESTAO DE RECURSOS DTVM S.A,1,221018347467.24,0.216956622696573
Fundo legado,2020-04-30,36113876000191,34798130473.33,72,72,1,OLIVEIRA TRUST DTVM S.A.,2,221018347467.24,0.157444532872946
Fundo legado,2020-04-30,00066670000100,23503445333.68,25,25,1,BEM - DISTRIBUIDORA DE TITULOS E VALORES MOBILIARIOS LTDA.,3,221018347467.24,0.106341602871516
Fundo legado,2020-04-30,62285390000140,22115960635.34,330,330,1,QI CORRETORA DE TÍTULOS E VALORES MOBILIÁRIOS S.A.,4,221018347467.24,0.100063912741987
Fundo legado,2020-04-30,59281253000123,11743045255.59,67,67,1,BTG PACTUAL SERVIÇOS FINANCEIROS S/A DTVM,5,221018347467.24,0.0531315403909198
Fundo legado,2020-04-30,13486793000142,9521222586.78,64,64,1,APEX GROUP DISTRIBUIDORA DE TÍTULOS E VALORES MOBILIÁRIOS S.A.,6,221018347467.24,0.0430788787260807
Fundo legado,2020-04-30,62418140000131,8158687219.43,11,11,1,INTRAG DTVM LTDA.,7,221018347467.24,0.0369140721253438
Fundo legado,2020-04-30,62318407000119,6209574372.92,12,12,1,S3 CACEIS BRASIL DISTRIBUIDORA DE TITULOS E VALORES MOBILIARIOS S.A,8,221018347467.24,0.0280952891200148
Fundo legado,2020-04-30,36864992000142,5575021609.29,18,18,1,APEX DISTRIBUIDORA DE TÍTULOS E VALORES MOBILIÁRIOS S.A.,9,221018347467.24,0.0252242480010233
Fundo legado,2020-04-30,03317692000194,4653631944.42,43,43,1,FINAXIS CORRETORA DE TÍTULOS E VALORES MOBILIÁRIOS S.A.,10,221018347467.24,0.0210554100949007
Fundo legado,2020-04-30,67030395000146,4207022895.61,23,23,1,TRUSTEE DISTRIBUIDORA DE TITULOS E VALORES MOBILIARIOS LTDA.,11,221018347467.24,0.0190347224283431
Fundo legado,2020-04-30,39669186000101,3988154561.45,44,44,1,HEMERA DISTRIBUIDORA DE TITULOS E VALORES MOBILIARIOS LTDA,12,221018347467.24,0.0180444501877435
Fundo legado,2020-04-30,27652684000162,3666250858.28,8,8,1,GENIAL INVESTIMENTOS CORRETORA DE VALORES MOBILIÁRIOS S.A.,13,221018347467.24,0.0165879932607107
Fundo legado,2020-04-30,42066258000130,2606134835.22,10,10,1,RJI CORRETORA DE TÍTULOS E VALORES MOBILIÁRIOS LTDA.,14,221018347467.24,0.0117914863860173
Fundo legado,2020-04-30,11758741000152,2464623730.6,21,21,1,BANCO FINAXIS S.A.,15,221018347467.24,0.0111512178008901
Fundo legado,2020-04-30,03751794000113,2412522374.06,5,5,1,TERRA INVESTIMENTOS DISTRIBUIDORA DE TITULOS E VALORES MOBILIARIOS LTDA,16,221018347467.24,0.0109154846269837
Fundo legado,2020-04-30,00806535000154,2273996694.1,29,29,1,PLANNER CORRETORA DE VALORES S.A.,17,221018347467.24,0.0102887236293225
Fundo legado,2020-04-30,12063256000127,2185673315.12,11,11,1,MONETAR DISTRIBUIDORA DE TITULOS E VALORES MOBILIARIOS LTDA.,18,221018347467.24,0.0098891035073184
Fundo legado,2020-04-30,00360305000104,2185354652.56,5,5,1,CAIXA ECONOMICA FEDERAL,19,221018347467.24,0.00988766171498011
Fundo legado,2020-04-30,22610500000188,2182519640,24,24,1,VORTX DISTRIBUIDORA DE TITULOS E VALORES MOBILIARIOS LTDA.,20,221018347467.24,0.00987483466875301
Fundo legado,2020-04-30,02201501000161,1792102917.26,14,14,1,BNY MELLON SERVICOS FINANCEIROS DTVM S.A.,21,221018347467.24,0.0081083898137716
Fundo legado,2020-04-30,02671743000119,1665728698.48,20,20,1,BANVOX DISTRIBUIDORA DE TITULOS E VALORES MOBILIARIOS LTDA,22,221018347467.24,0.00753660823894677
Fundo legado,2020-04-30,62232889000190,1519214133.82,22,22,1,BANCO DAYCOVAL S.A.,23,221018347467.24,0.00687370144256998
Fundo legado,2020-04-30,34829992000186,1480777588.81,8,8,1,CBSF DISTRIBUIDORA DE TITULOS E VALORES MOBILIARIOS S.A. - EM LIQUIDAÇÃO EXTRAJUDICIAL,24,221018347467.24,0.00669979486218666
Fundo legado,2020-04-30,24361690000172,1261841234.29,33,33,1,LIMINE TRUST DISTRIBUIDORA DE TITULOS E VALORES MOBILIARIOS S.A.,25,221018347467.24,0.0057092148627029
Fundo legado,2020-04-30,13673855000125,1249436628.48,9,9,1,OSLO CAPITAL DISTRIBUIDORA DE TITULOS E VALORES MOBILIARIOS S.A.,26,221018347467.24,0.00565309008413971
Fundo legado,2020-04-30,37678915000160,1224897974.95,7,7,1,FIDD DISTRIBUIDORA DE TITULOS E VALORES MOBILIARIOS LTDA.,27,221018347467.24,0.00554206467013585
Fundo legado,2020-04-30,45246410000155,1100587455.01,13,13,1,BANCO GENIAL S.A.,28,221018347467.24,0.00497962032393321
Fundo legado,2020-04-30,36266751000100,850927034.93,4,4,1,FINVEST DISTRIBUIDORA DE TÍTULOS E VALORES MOBILIÁRIOS LTDA.,29,221018347467.24,0.00385002894411799
Fundo legado,2020-04-30,02332886000104,817110780.67,4,4,1,XP INVESTIMENTOS CCTVM S.A.,30,221018347467.24,0.00369702692122026
Fundo legado,2020-04-30,16695922000109,723445689.62,19,19,1,ID CORRETORA DE TITULOS E VALORES MOBILIARIOS S.A.,31,221018347467.24,0.00327323816285085
Fundo legado,2020-04-30,00329598000167,643796376.88,8,8,1,SEFER INVESTIMENTOS DISTRIBUIDORA DE TÍTULOS E VALORES MOBILIÁRIOS LTDA.,32,221018347467.24,0.00291286395114969
Fundo legado,2020-04-30,03384738000198,572196441.54,4,4,1,TIVIO CAPITAL DISTRIBUIDORA DE TITULOS E VALORES MOBILIARIOS S.A.,33,221018347467.24,0.00258890923806592
Fundo legado,2020-04-30,03017677000120,491404696.14,10,10,1,BANCO J. SAFRA S.A.,34,221018347467.24,0.00222336607694
Fundo legado,2020-04-30,01522368000182,422442327.52,1,1,1,BANCO BNP PARIBAS BRASIL S/A,35,221018347467.24,0.0019113450641586
Fundo legado,2020-04-30,15489568000195,376831093.64,12,12,1,INTRA INVESTIMENTOS DTVM LTDA,36,221018347467.24,0.00170497652325382
Fundo legado,2020-04-30,44077014000189,372370955.32,1,1,1,BR-CAPITAL DTVM S.A.,37,221018347467.24,0.00168479657723979
Fundo legado,2020-04-30,62264924000152,365730511.41,9,9,1,QORE DISTRIBUIDORA DE TÍTULOS E VALORES MOBILIÁRIOS LTDA.,38,221018347467.24,0.00165475181405114
Fundo legado,2020-04-30,45854066000187,361091893.81,6,6,1,WNT CAPITAL DISTRIBUIDORA DE TITULOS E VALORES MOBILIARIOS S.A.,39,221018347467.24,0.00163376433652651
Fundo legado,2020-04-30,40768766000135,242609271.45,2,2,1,LIONS TRUST DISTRIBUIDORA DE TÍTULOS E VALORES MOBILIÁRIOS LTDA.,40,221018347467.24,0.00109768837849971
Fundo legado,2020-04-30,41592532000142,205218743.69,4,4,1,MERITO DISTRIBUIDORA DE TITULOS E VALORES MOBILIARIOS LTDA.,41,221018347467.24,0.000928514514933735
Fundo legado,2020-04-30,33775974000104,183468417.16,2,2,1,ATIVA INVESTIMENTOS S.A. C.T.C.V.,42,221018347467.24,0.000830104917815451
Fundo legado,2020-04-30,44782130000107,180707795.01,9,9,1,ACTUAL DISTRIBUIDORA DE TITULOS E VALORES MOBILIARIOS S.A.,43,221018347467.24,0.00081761445183543
Fundo legado,2020-04-30,50657675000186,175198850.39,1,1,1,SLW CVC LTDA,44,221018347467.24,0.000792689169915943
Fundo legado,2020-04-30,29650082000100,156573641.32,2,2,1,BTG PACTUAL ASSET MANAGEMENT S/A DTVM,45,221018347467.24,0.000708419201909053
Fundo legado,2020-04-30,33886862000112,86699745.43,5,5,1,"MASTER S/A CORRETORA DE CAMBIO, TITULOS E VALORES MOBILIARIOS",46,221018347467.24,0.000392273973738089
Fundo legado,2020-04-30,47215387000167,41601326.04,2,2,1,CATÁLISE DISTRIBUIDORA DE TITULOS E VALORES MOBILIARIOS LTDA.,47,221018347467.24,0.000188225667763471
Fundo legado,2020-04-30,58006471000197,28485599.68,1,1,1,BARU DISTRIBUIDORA DE TÍTULOS E VALORES MOBILIÁRIOS LTDA.,48,221018347467.24,0.000128883416270327
Fundo legado,2020-04-30,71590442000183,15660364.56,2,2,1,LASTRO RDV DTVM LTDA,49,221018347467.24,7.0855495661152e-05
Fundo legado,2020-04-30,40434681000110,5663298.33,2,2,1,AZUMI DISTRIBUIDORA DE TÍTULOS E VALORES MOBILIÁRIOS LTDA.,50,221018347467.24,2.56236570171598e-05
Fundo legado,2020-04-30,33918160000173,1118028.13,1,1,1,"MASSA FALIDA DA GRADUAL CORRETORA DE CÂMBIO, TÍTULOS E VALORES MOBILIÁRIOS S. A.",51,221018347467.24,5.05853085416684e-06
Fundo legado,2020-04-30,30723886000162,1040745.22,1,1,1,BANCO MODAL S.A.,52,221018347467.24,4.70886345828942e-06
Fundo legado,2020-05-31,30822936000169,45746034984.24,3,3,1,BB GESTAO DE RECURSOS DTVM S.A,1,216354055787.41,0.211440616713884
Fundo legado,2020-05-31,36113876000191,34038420418.01,72,72,1,OLIVEIRA TRUST DTVM S.A.,2,216354055787.41,0.157327396956479
Fundo legado,2020-05-31,00066670000100,22735968719.62,25,25,1,BEM - DISTRIBUIDORA DE TITULOS E VALORES MOBILIARIOS LTDA.,3,216354055787.41,0.105086861611508
Fundo legado,2020-05-31,62285390000140,22154774720,336,336,1,QI CORRETORA DE TÍTULOS E VALORES MOBILIÁRIOS S.A.,4,216354055787.41,0.102400551907237
Fundo legado,2020-05-31,59281253000123,11456151961.27,69,69,1,BTG PACTUAL SERVIÇOS FINANCEIROS S/A DTVM,5,216354055787.41,0.0529509461681959
Fundo legado,2020-05-31,13486793000142,9483282352.98,65,65,1,APEX GROUP DISTRIBUIDORA DE TÍTULOS E VALORES MOBILIÁRIOS S.A.,6,216354055787.41,0.0438322374797461
Fundo legado,2020-05-31,62418140000131,8090268155.68,11,11,1,INTRAG DTVM LTDA.,7,216354055787.41,0.0373936514674332
Fundo legado,2020-05-31,62318407000119,6149213641.45,12,12,1,S3 CACEIS BRASIL DISTRIBUIDORA DE TITULOS E VALORES MOBILIARIOS S.A,8,216354055787.41,0.0284219938427789
Fundo legado,2020-05-31,36864992000142,5605225225.62,18,18,1,APEX DISTRIBUIDORA DE TÍTULOS E VALORES MOBILIÁRIOS S.A.,9,216354055787.41,0.0259076503337091
Fundo legado,2020-05-31,03317692000194,4608935905.25,43,43,1,FINAXIS CORRETORA DE TÍTULOS E VALORES MOBILIÁRIOS S.A.,10,216354055787.41,0.0213027478892226
Fundo legado,2020-05-31,67030395000146,4197568484.34,24,24,1,TRUSTEE DISTRIBUIDORA DE TITULOS E VALORES MOBILIARIOS LTDA.,11,216354055787.41,0.0194013857011515
Fundo legado,2020-05-31,39669186000101,3981558498.84,44,44,1,HEMERA DISTRIBUIDORA DE TITULOS E VALORES MOBILIARIOS LTDA,12,216354055787.41,0.0184029760123947
Fundo legado,2020-05-31,27652684000162,3821352909.35,8,8,1,GENIAL INVESTIMENTOS CORRETORA DE VALORES MOBILIÁRIOS S.A.,13,216354055787.41,0.0176624972221684
Fundo legado,2020-05-31,42066258000130,2606069593.18,10,10,1,RJI CORRETORA DE TÍTULOS E VALORES MOBILIÁRIOS LTDA.,14,216354055787.41,0.0120453928339607
Fundo legado,2020-05-31,11758741000152,2581310241.9,21,21,1,BANCO FINAXIS S.A.,15,216354055787.41,0.0119309537900986
Fundo legado,2020-05-31,03751794000113,2410845504.33,5,5,1,TERRA INVESTIMENTOS DISTRIBUIDORA DE TITULOS E VALORES MOBILIARIOS LTDA,16,216354055787.41,0.0111430566695681
Fundo legado,2020-05-31,00806535000154,2285062883.1,28,28,1,PLANNER CORRETORA DE VALORES S.A.,17,216354055787.41,0.0105616826769603
Fundo legado,2020-05-31,12063256000127,2178981562.51,11,11,1,MONETAR DISTRIBUIDORA DE TITULOS E VALORES MOBILIARIOS LTDA.,18,216354055787.41,0.010071369148037
Fundo legado,2020-05-31,00360305000104,2165375415.26,5,5,1,CAIXA ECONOMICA FEDERAL,19,216354055787.41,0.0100084808088262
Fundo legado,2020-05-31,22610500000188,2128153813.85,24,24,1,VORTX DISTRIBUIDORA DE TITULOS E VALORES MOBILIARIOS LTDA.,20,216354055787.41,0.00983644057933043
Fundo legado,2020-05-31,02201501000161,1888269803.72,14,14,1,BNY MELLON SERVICOS FINANCEIROS DTVM S.A.,21,216354055787.41,0.00872768387376763
Fundo legado,2020-05-31,62232889000190,1530816803.72,23,23,1,BANCO DAYCOVAL S.A.,22,216354055787.41,0.00707551701838298
Fundo legado,2020-05-31,34829992000186,1500778695.7,8,8,1,CBSF DISTRIBUIDORA DE TITULOS E VALORES MOBILIARIOS S.A. - EM LIQUIDAÇÃO EXTRAJUDICIAL,23,216354055787.41,0.00693667927896239
Fundo legado,2020-05-31,02671743000119,1350455335.07,19,19,1,BANVOX DISTRIBUIDORA DE TITULOS E VALORES MOBILIARIOS LTDA,24,216354055787.41,0.00624187667827665
Fundo legado,2020-05-31,13673855000125,1332246117.53,9,9,1,OSLO CAPITAL DISTRIBUIDORA DE TITULOS E VALORES MOBILIARIOS S.A.,25,216354055787.41,0.00615771270236352
Fundo legado,2020-05-31,24361690000172,1260624073.13,33,33,1,LIMINE TRUST DISTRIBUIDORA DE TITULOS E VALORES MOBILIARIOS S.A.,26,216354055787.41,0.00582667178825015
Fundo legado,2020-05-31,37678915000160,1227120495.43,7,7,1,FIDD DISTRIBUIDORA DE TITULOS E VALORES MOBILIARIOS LTDA.,27,216354055787.41,0.005671816462899
Fundo legado,2020-05-31,45246410000155,1108629346.11,13,13,1,BANCO GENIAL S.A.,28,216354055787.41,0.00512414404285234
Fundo legado,2020-05-31,36266751000100,855416853.31,4,4,1,FINVEST DISTRIBUIDORA DE TÍTULOS E VALORES MOBILIÁRIOS LTDA.,29,216354055787.41,0.00395378237859583
Fundo legado,2020-05-31,02332886000104,821515767.05,4,4,1,XP INVESTIMENTOS CCTVM S.A.,30,216354055787.41,0.00379708974745185
Fundo legado,2020-05-31,16695922000109,711942173.82,19,19,1,ID CORRETORA DE TITULOS E VALORES MOBILIARIOS S.A.,31,216354055787.41,0.00329063474788546
Fundo legado,2020-05-31,03384738000198,564410400.94,4,4,1,TIVIO CAPITAL DISTRIBUIDORA DE TITULOS E VALORES MOBILIARIOS S.A.,32,216354055787.41,0.00260873501486189
Fundo legado,2020-05-31,03017677000120,517058074.66,10,10,1,BANCO J. SAFRA S.A.,33,216354055787.41,0.00238987003399679
Fundo legado,2020-05-31,15489568000195,377668927.67,11,11,1,INTRA INVESTIMENTOS DTVM LTDA,34,216354055787.41,0.00174560595268479
Fundo legado,2020-05-31,62264924000152,372564165.47,9,9,1,QORE DISTRIBUIDORA DE TÍTULOS E VALORES MOBILIÁRIOS LTDA.,35,216354055787.41,0.00172201146918217
Fundo legado,2020-05-31,44077014000189,372348025.22,1,1,1,BR-CAPITAL DTVM S.A.,36,216354055787.41,0.00172101245740394
Fundo legado,2020-05-31,45854066000187,351122350.96,6,6,1,WNT CAPITAL DISTRIBUIDORA DE TITULOS E VALORES MOBILIARIOS S.A.,37,216354055787.41,0.00162290625744041
Fundo legado,2020-05-31,00329598000167,297416060.57,8,8,1,SEFER INVESTIMENTOS DISTRIBUIDORA DE TÍTULOS E VALORES MOBILIÁRIOS LTDA.,38,216354055787.41,0.00137467291513241
Fundo legado,2020-05-31,40768766000135,235233511.98,2,2,1,LIONS TRUST DISTRIBUIDORA DE TÍTULOS E VALORES MOBILIÁRIOS LTDA.,39,216354055787.41,0.00108726185475876
Fundo legado,2020-05-31,41592532000142,190677279.41,4,4,1,MERITO DISTRIBUIDORA DE TITULOS E VALORES MOBILIARIOS LTDA.,40,216354055787.41,0.000881320568343586
Fundo legado,2020-05-31,01522368000182,184633340.48,1,1,1,BANCO BNP PARIBAS BRASIL S/A,41,216354055787.41,0.000853385159839209
Fundo legado,2020-05-31,33775974000104,184040022.83,2,2,1,ATIVA INVESTIMENTOS S.A. C.T.C.V.,42,216354055787.41,0.000850642813975432
Fundo legado,2020-05-31,44782130000107,181434912,10,10,1,ACTUAL DISTRIBUIDORA DE TITULOS E VALORES MOBILIARIOS S.A.,43,216354055787.41,0.000838601852596091
Fundo legado,2020-05-31,50657675000186,175135831.52,1,1,1,SLW CVC LTDA,44,216354055787.41,0.00080948716622206
Fundo legado,2020-05-31,29650082000100,146902523.11,2,2,1,BTG PACTUAL ASSET MANAGEMENT S/A DTVM,45,216354055787.41,0.000678991306982231
Fundo legado,2020-05-31,33886862000112,74919754.16,6,6,1,"MASTER S/A CORRETORA DE CAMBIO, TITULOS E VALORES MOBILIARIOS",46,216354055787.41,0.000346283104734659
Fundo legado,2020-05-31,47215387000167,44687565.2,3,3,1,CATÁLISE DISTRIBUIDORA DE TITULOS E VALORES MOBILIARIOS LTDA.,47,216354055787.41,0.000206548312844711
Fundo legado,2020-05-31,58006471000197,28836844.68,1,1,1,BARU DISTRIBUIDORA DE TÍTULOS E VALORES MOBILIÁRIOS LTDA.,48,216354055787.41,0.00013328543611096
Fundo legado,2020-05-31,05389174000101,18403460.3,1,1,1,XP SERVIÇOS FINANCEIROS DTVM LTDA.,49,216354055787.41,8.50617763231732e-05
Fundo legado,2020-05-31,71590442000183,17187651.15,2,2,1,LASTRO RDV DTVM LTDA,50,216354055787.41,7.94422415029216e-05
Fundo legado,2020-05-31,40434681000110,4838820.53,2,2,1,AZUMI DISTRIBUIDORA DE TÍTULOS E VALORES MOBILIÁRIOS LTDA.,51,216354055787.41,2.23652869015529e-05
Fundo legado,2020-05-31,33918160000173,1119122.45,1,1,1,"MASSA FALIDA DA GRADUAL CORRETORA DE CÂMBIO, TÍTULOS E VALORES MOBILIÁRIOS S. A.",52,216354055787.41,5.1726437294046e-06
Fundo legado,2020-05-31,30723886000162,1046686.75,1,1,1,BANCO MODAL S.A.,53,216354055787.41,4.83784205565565e-06
Fundo legado,2020-06-30,30822936000169,44923618032.41,3,3,1,BB GESTAO DE RECURSOS DTVM S.A,1,217736043194.03,0.206321458649717
Fundo legado,2020-06-30,36113876000191,33214226505.13,72,72,1,OLIVEIRA TRUST DTVM S.A.,2,217736043194.03,0.152543538579563
Fundo legado,2020-06-30,62285390000140,22335842008.11,332,332,1,QI CORRETORA DE TÍTULOS E VALORES MOBILIÁRIOS S.A.,3,217736043194.03,0.102582198521014
Fundo legado,2020-06-30,00066670000100,20763107961.36,25,25,1,BEM - DISTRIBUIDORA DE TITULOS E VALORES MOBILIARIOS LTDA.,4,217736043194.03,0.0953590763237002
Fundo legado,2020-06-30,59281253000123,12733552697.88,72,72,1,BTG PACTUAL SERVIÇOS FINANCEIROS S/A DTVM,5,217736043194.03,0.0584816023616853
Fundo legado,2020-06-30,13486793000142,9528754728.65,65,65,1,APEX GROUP DISTRIBUIDORA DE TÍTULOS E VALORES MOBILIÁRIOS S.A.,6,217736043194.03,0.043762872645567
Fundo legado,2020-06-30,62418140000131,8188533420.7,10,10,1,INTRAG DTVM LTDA.,7,217736043194.03,0.0376076156275284
Fundo legado,2020-06-30,62318407000119,5969650535.89,11,11,1,S3 CACEIS BRASIL DISTRIBUIDORA DE TITULOS E VALORES MOBILIARIOS S.A,8,217736043194.03,0.0274169147575181
Fundo legado,2020-06-30,42066258000130,5894522064.22,11,11,1,RJI CORRETORA DE TÍTULOS E VALORES MOBILIÁRIOS LTDA.,9,217736043194.03,0.0270718709578425
Fundo legado,2020-06-30,36864992000142,5768706937.41,18,18,1,APEX DISTRIBUIDORA DE TÍTULOS E VALORES MOBILIÁRIOS S.A.,10,217736043194.03,0.0264940377017385
Fundo legado,2020-06-30,03317692000194,4576029575.79,45,45,1,FINAXIS CORRETORA DE TÍTULOS E VALORES MOBILIÁRIOS S.A.,11,217736043194.03,0.0210164082558999
Fundo legado,2020-06-30,67030395000146,4372792405.21,24,24,1,TRUSTEE DISTRIBUIDORA DE TITULOS E VALORES MOBILIARIOS LTDA.,12,217736043194.03,0.0200829974728313
Fundo legado,2020-06-30,39669186000101,3969246454.62,47,47,1,HEMERA DISTRIBUIDORA DE TITULOS E VALORES MOBILIARIOS LTDA,13,217736043194.03,0.0182296251754833
Fundo legado,2020-06-30,27652684000162,3751452208.27,8,8,1,GENIAL INVESTIMENTOS CORRETORA DE VALORES MOBILIÁRIOS S.A.,14,217736043194.03,0.0172293578648666
Fundo legado,2020-06-30,11758741000152,2513961699.14,21,21,1,BANCO FINAXIS S.A.,15,217736043194.03,0.0115459143202109
Fundo legado,2020-06-30,03751794000113,2410674676.23,5,5,1,TERRA INVESTIMENTOS DISTRIBUIDORA DE TITULOS E VALORES MOBILIARIOS LTDA,16,217736043194.03,0.0110715462670633
Fundo legado,2020-06-30,00806535000154,2299880818.08,27,27,1,PLANNER CORRETORA DE VALORES S.A.,17,217736043194.03,0.0105627014450268
Fundo legado,2020-06-30,22610500000188,2176560321.32,26,26,1,VORTX DISTRIBUIDORA DE TITULOS E VALORES MOBILIARIOS LTDA.,18,217736043194.03,0.00999632531845181
Fundo legado,2020-06-30,00360305000104,2147317896.3,5,5,1,CAIXA ECONOMICA FEDERAL,19,217736043194.03,0.00986202313957948
Fundo legado,2020-06-30,12063256000127,2133810286.72,12,12,1,MONETAR DISTRIBUIDORA DE TITULOS E VALORES MOBILIARIOS LTDA.,20,217736043194.03,0.00979998651311262
Fundo legado,2020-06-30,02201501000161,1930196654.08,14,14,1,BNY MELLON SERVICOS FINANCEIROS DTVM S.A.,21,217736043194.03,0.00886484674638803
Fundo legado,2020-06-30,62232889000190,1571141260.59,24,24,1,BANCO DAYCOVAL S.A.,22,217736043194.03,0.00721580698143723
Fundo legado,2020-06-30,34829992000186,1559723380.23,8,8,1,CBSF DISTRIBUIDORA DE TITULOS E VALORES MOBILIARIOS S.A. - EM LIQUIDAÇÃO EXTRAJUDICIAL,23,217736043194.03,0.00716336788962447
Fundo legado,2020-06-30,02671743000119,1356754691.77,19,19,1,BANVOX DISTRIBUIDORA DE TITULOS E VALORES MOBILIARIOS LTDA,24,217736043194.03,0.00623119016891917
Fundo legado,2020-06-30,24361690000172,1280769794.33,34,34,1,LIMINE TRUST DISTRIBUIDORA DE TITULOS E VALORES MOBILIARIOS S.A.,25,217736043194.03,0.005882213048157
Fundo legado,2020-06-30,45246410000155,1226523942.38,13,13,1,BANCO GENIAL S.A.,26,217736043194.03,0.00563307720847583
Fundo legado,2020-06-30,13673855000125,1204116215.96,9,9,1,OSLO CAPITAL DISTRIBUIDORA DE TITULOS E VALORES MOBILIARIOS S.A.,27,217736043194.03,0.00553016486520324
Fundo legado,2020-06-30,37678915000160,1196941236.45,8,8,1,FIDD DISTRIBUIDORA DE TITULOS E VALORES MOBILIARIOS LTDA.,28,217736043194.03,0.0054972122157257
Fundo legado,2020-06-30,02332886000104,883317574.25,4,4,1,XP INVESTIMENTOS CCTVM S.A.,29,217736043194.03,0.00405682752975746
Fundo legado,2020-06-30,36266751000100,793305007.36,4,4,1,FINVEST DISTRIBUIDORA DE TÍTULOS E VALORES MOBILIÁRIOS LTDA.,30,217736043194.03,0.00364342529478717
Fundo legado,2020-06-30,16695922000109,727731076.76,20,20,1,ID CORRETORA DE TITULOS E VALORES MOBILIARIOS S.A.,31,217736043194.03,0.00334226279712221
Fundo legado,2020-06-30,03384738000198,561305629.5,4,4,1,TIVIO CAPITAL DISTRIBUIDORA DE TITULOS E VALORES MOBILIARIOS S.A.,32,217736043194.03,0.00257791783696467
Fundo legado,2020-06-30,03017677000120,516952791.33,10,10,1,BANCO J. SAFRA S.A.,33,217736043194.03,0.00237421780862129
Fundo legado,2020-06-30,15489568000195,384777159.05,10,10,1,INTRA INVESTIMENTOS DTVM LTDA,34,217736043194.03,0.00176717255170801
Fundo legado,2020-06-30,62264924000152,384623347,9,9,1,QORE DISTRIBUIDORA DE TÍTULOS E VALORES MOBILIÁRIOS LTDA.,35,217736043194.03,0.00176646613651031
Fundo legado,2020-06-30,44077014000189,372360848.74,1,1,1,BR-CAPITAL DTVM S.A.,36,217736043194.03,0.00171014795381479
Fundo legado,2020-06-30,45854066000187,354565779.08,6,6,1,WNT CAPITAL DISTRIBUIDORA DE TITULOS E VALORES MOBILIARIOS S.A.,37,217736043194.03,0.00162842023708513
Fundo legado,2020-06-30,00329598000167,260654809.55,8,8,1,SEFER INVESTIMENTOS DISTRIBUIDORA DE TÍTULOS E VALORES MOBILIÁRIOS LTDA.,38,217736043194.03,0.00119711374252229
Fundo legado,2020-06-30,40768766000135,235335622.07,2,2,1,LIONS TRUST DISTRIBUIDORA DE TÍTULOS E VALORES MOBILIÁRIOS LTDA.,39,217736043194.03,0.00108082988290683
Fundo legado,2020-06-30,01522368000182,185817057.13,1,1,1,BANCO BNP PARIBAS BRASIL S/A,40,217736043194.03,0.000853405134052215
Fundo legado,2020-06-30,44782130000107,184627456.88,12,12,1,ACTUAL DISTRIBUIDORA DE TITULOS E VALORES MOBILIARIOS S.A.,41,217736043194.03,0.000847941636908841
Fundo legado,2020-06-30,33775974000104,184540300.44,2,2,1,ATIVA INVESTIMENTOS S.A. C.T.C.V.,42,217736043194.03,0.000847541352056038
Fundo legado,2020-06-30,41592532000142,177987203.69,4,4,1,MERITO DISTRIBUIDORA DE TITULOS E VALORES MOBILIARIOS LTDA.,43,217736043194.03,0.000817444834024981
Fundo legado,2020-06-30,50657675000186,175112237.4,1,1,1,SLW CVC LTDA,44,217736043194.03,0.000804240927828165
Fundo legado,2020-06-30,29650082000100,138451610.22,2,2,1,BTG PACTUAL ASSET MANAGEMENT S/A DTVM,45,217736043194.03,0.000635869046709103
Fundo legado,2020-06-30,33886862000112,76228161.7,5,5,1,"MASTER S/A CORRETORA DE CAMBIO, TITULOS E VALORES MOBILIARIOS",46,217736043194.03,0.000350094364634298
Fundo legado,2020-06-30,47215387000167,70000397.29,3,3,1,CATÁLISE DISTRIBUIDORA DE TITULOS E VALORES MOBILIARIOS LTDA.,47,217736043194.03,0.000321492005931333
Fundo legado,2020-06-30,58006471000197,29294699.28,1,1,1,BARU DISTRIBUIDORA DE TÍTULOS E VALORES MOBILIÁRIOS LTDA.,48,217736043194.03,0.0001345422597484
Fundo legado,2020-06-30,05389174000101,18379280.75,1,1,1,XP SERVIÇOS FINANCEIROS DTVM LTDA.,49,217736043194.03,8.4410832861612e-05
Fundo legado,2020-06-30,71590442000183,11229187.54,1,1,1,LASTRO RDV DTVM LTDA,50,217736043194.03,5.157247911405e-05
Fundo legado,2020-06-30,40434681000110,8861175.56,2,2,1,AZUMI DISTRIBUIDORA DE TÍTULOS E VALORES MOBILIÁRIOS LTDA.,51,217736043194.03,4.06968705319201e-05
Fundo legado,2020-06-30,33918160000173,1126937.73,1,1,1,"MASSA FALIDA DA GRADUAL CORRETORA DE CÂMBIO, TÍTULOS E VALORES MOBILIÁRIOS S. A.",52,217736043194.03,5.17570593030276e-06
Fundo legado,2020-06-30,30723886000162,1049434.5,1,1,1,BANCO MODAL S.A.,53,217736043194.03,4.81975553796954e-06
Fundo legado,2020-07-31,30822936000169,43351860464.65,3,3,1,BB GESTAO DE RECURSOS DTVM S.A,1,216954947613.82,0.199819644315355
Fundo legado,2020-07-31,36113876000191,32977552073.8,72,72,1,OLIVEIRA TRUST DTVM S.A.,2,216954947613.82,0.152001843868986
Fundo legado,2020-07-31,62285390000140,22989798035.69,333,333,1,QI CORRETORA DE TÍTULOS E VALORES MOBILIÁRIOS S.A.,3,216954947613.82,0.105965769799414
Fundo legado,2020-07-31,00066670000100,21055467637.67,25,25,1,BEM - DISTRIBUIDORA DE TITULOS E VALORES MOBILIARIOS LTDA.,4,216954947613.82,0.0970499537772642
Fundo legado,2020-07-31,59281253000123,13191072440.09,75,75,1,BTG PACTUAL SERVIÇOS FINANCEIROS S/A DTVM,5,216954947613.82,0.0608009754337113
Fundo legado,2020-07-31,13486793000142,9774932489.12,68,68,1,APEX GROUP DISTRIBUIDORA DE TÍTULOS E VALORES MOBILIÁRIOS S.A.,6,216954947613.82,0.0450551259449468
Fundo legado,2020-07-31,62418140000131,8436861886.59,10,10,1,INTRAG DTVM LTDA.,7,216954947613.82,0.038887621505676
Fundo legado,2020-07-31,62318407000119,5922623296.66,11,11,1,S3 CACEIS BRASIL DISTRIBUIDORA DE TITULOS E VALORES MOBILIARIOS S.A,8,216954947613.82,0.0272988625601767
Fundo legado,2020-07-31,36864992000142,5702232777.04,18,18,1,APEX DISTRIBUIDORA DE TÍTULOS E VALORES MOBILIÁRIOS S.A.,9,216954947613.82,0.0262830271434509
Fundo legado,2020-07-31,42066258000130,4796382664.11,11,11,1,RJI CORRETORA DE TÍTULOS E VALORES MOBILIÁRIOS LTDA.,10,216954947613.82,0.0221077358081161
Fundo legado,2020-07-31,03317692000194,4602934450.62,45,45,1,FINAXIS CORRETORA DE TÍTULOS E VALORES MOBILIÁRIOS S.A.,11,216954947613.82,0.0212160842665512
Fundo legado,2020-07-31,67030395000146,4250837850.81,28,28,1,TRUSTEE DISTRIBUIDORA DE TITULOS E VALORES MOBILIARIOS LTDA.,12,216954947613.82,0.019593182352202
Fundo legado,2020-07-31,27652684000162,3943154019.7,8,8,1,GENIAL INVESTIMENTOS CORRETORA DE VALORES MOBILIÁRIOS S.A.,13,216954947613.82,0.0181749900754456
Fundo legado,2020-07-31,39669186000101,3932305322.71,47,47,1,HEMERA DISTRIBUIDORA DE TITULOS E VALORES MOBILIARIOS LTDA,14,216954947613.82,0.0181249856984571
Fundo legado,2020-07-31,11758741000152,2549717983.34,21,21,1,BANCO FINAXIS S.A.,15,216954947613.82,0.0117522924062488
Fundo legado,2020-07-31,03751794000113,2410415568.68,6,6,1,TERRA INVESTIMENTOS DISTRIBUIDORA DE TITULOS E VALORES MOBILIARIOS LTDA,16,216954947613.82,0.0111102124896941
Fundo legado,2020-07-31,00806535000154,2299709940.94,28,28,1,PLANNER CORRETORA DE VALORES S.A.,17,216954947613.82,0.0105999423669908
Fundo legado,2020-07-31,22610500000188,2145525617.24,29,29,1,VORTX DISTRIBUIDORA DE TITULOS E VALORES MOBILIARIOS LTDA.,18,216954947613.82,0.00988926798322681
Fundo legado,2020-07-31,12063256000127,2133827669.62,12,12,1,MONETAR DISTRIBUIDORA DE TITULOS E VALORES MOBILIARIOS LTDA.,19,216954947613.82,0.00983534919617604
Fundo legado,2020-07-31,00360305000104,2129311717.07,5,5,1,CAIXA ECONOMICA FEDERAL,20,216954947613.82,0.00981453403339838
Fundo legado,2020-07-31,02201501000161,1937656670.54,14,14,1,BNY MELLON SERVICOS FINANCEIROS DTVM S.A.,21,216954947613.82,0.00893114765001364
Fundo legado,2020-07-31,62232889000190,1616251306.47,26,26,1,BANCO DAYCOVAL S.A.,22,216954947613.82,0.00744970937167531
Fundo legado,2020-07-31,34829992000186,1541848530.67,8,8,1,CBSF DISTRIBUIDORA DE TITULOS E VALORES MOBILIARIOS S.A. - EM LIQUIDAÇÃO EXTRAJUDICIAL,23,216954947613.82,0.00710676823749828
Fundo legado,2020-07-31,45246410000155,1301833175.99,14,14,1,BANCO GENIAL S.A.,24,216954947613.82,0.00600047701289239
Fundo legado,2020-07-31,24361690000172,1298962372.28,35,35,1,LIMINE TRUST DISTRIBUIDORA DE TITULOS E VALORES MOBILIARIOS S.A.,25,216954947613.82,0.00598724475549714
Fundo legado,2020-07-31,02671743000119,1294515194.59,19,19,1,BANVOX DISTRIBUIDORA DE TITULOS E VALORES MOBILIARIOS LTDA,26,216954947613.82,0.00596674659337218
Fundo legado,2020-07-31,13673855000125,1243675879.07,9,9,1,OSLO CAPITAL DISTRIBUIDORA DE TITULOS E VALORES MOBILIARIOS S.A.,27,216954947613.82,0.00573241538277221
Fundo legado,2020-07-31,37678915000160,1202325899.24,8,8,1,FIDD DISTRIBUIDORA DE TITULOS E VALORES MOBILIARIOS LTDA.,28,216954947613.82,0.00554182291053413
Fundo legado,2020-07-31,36266751000100,877612286.56,5,5,1,FINVEST DISTRIBUIDORA DE TÍTULOS E VALORES MOBILIÁRIOS LTDA.,29,216954947613.82,0.00404513608107316
Fundo legado,2020-07-31,02332886000104,861151263.78,4,4,1,XP INVESTIMENTOS CCTVM S.A.,30,216954947613.82,0.00396926308089019
Fundo legado,2020-07-31,16695922000109,759064839.02,22,22,1,ID CORRETORA DE TITULOS E VALORES MOBILIARIOS S.A.,31,216954947613.82,0.00349872103571999
Fundo legado,2020-07-31,03384738000198,559194737.35,4,4,1,TIVIO CAPITAL DISTRIBUIDORA DE TITULOS E VALORES MOBILIARIOS S.A.,32,216954947613.82,0.00257746939399311
Fundo legado,2020-07-31,03017677000120,531871730.67,10,10,1,BANCO J. SAFRA S.A.,33,216954947613.82,0.00245153077410676
Fundo legado,2020-07-31,45854066000187,424770638.67,6,6,1,WNT CAPITAL DISTRIBUIDORA DE TITULOS E VALORES MOBILIARIOS S.A.,34,216954947613.82,0.00195787486453682
Fundo legado,2020-07-31,62264924000152,403469452.62,9,9,1,QORE DISTRIBUIDORA DE TÍTULOS E VALORES MOBILIÁRIOS LTDA.,35,216954947613.82,0.00185969233270576
Fundo legado,2020-07-31,44077014000189,372370565.2,1,1,1,BR-CAPITAL DTVM S.A.,36,216954947613.82,0.00171634972742276
Fundo legado,2020-07-31,00329598000167,302394449.72,7,7,1,SEFER INVESTIMENTOS DISTRIBUIDORA DE TÍTULOS E VALORES MOBILIÁRIOS LTDA.,37,216954947613.82,0.00139381218564447
Fundo legado,2020-07-31,15489568000195,284197851.75,10,10,1,INTRA INVESTIMENTOS DTVM LTDA,38,216954947613.82,0.00130993948225542
Fundo legado,2020-07-31,40768766000135,265576449.07,2,2,1,LIONS TRUST DISTRIBUIDORA DE TÍTULOS E VALORES MOBILIÁRIOS LTDA.,39,216954947613.82,0.0012241087469585
Fundo legado,2020-07-31,44782130000107,189905645.28,12,12,1,ACTUAL DISTRIBUIDORA DE TITULOS E VALORES MOBILIARIOS S.A.,40,216954947613.82,0.000875322952385636
Fundo legado,2020-07-31,01522368000182,187259985.64,1,1,1,BANCO BNP PARIBAS BRASIL S/A,41,216954947613.82,0.00086312844071813
Fundo legado,2020-07-31,33775974000104,179511652.41,2,2,1,ATIVA INVESTIMENTOS S.A. C.T.C.V.,42,216954947613.82,0.000827414421216754
Fundo legado,2020-07-31,50657675000186,175198850.3,1,1,1,SLW CVC LTDA,43,216954947613.82,0.000807535629986434
Fundo legado,2020-07-31,41592532000142,172522778.29,4,4,1,MERITO DISTRIBUIDORA DE TITULOS E VALORES MOBILIARIOS LTDA.,44,216954947613.82,0.000795200940045353
Fundo legado,2020-07-31,29650082000100,132665947.02,2,2,1,BTG PACTUAL ASSET MANAGEMENT S/A DTVM,45,216954947613.82,0.000611490765613447
Fundo legado,2020-07-31,47215387000167,84459886.16,3,3,1,CATÁLISE DISTRIBUIDORA DE TITULOS E VALORES MOBILIARIOS LTDA.,46,216954947613.82,0.000389296889003604
Fundo legado,2020-07-31,33886862000112,77482705.92,5,5,1,"MASTER S/A CORRETORA DE CAMBIO, TITULOS E VALORES MOBILIARIOS",47,216954947613.82,0.000357137307870569
Fundo legado,2020-07-31,58006471000197,29833075.77,1,1,1,BARU DISTRIBUIDORA DE TÍTULOS E VALORES MOBILIÁRIOS LTDA.,48,216954947613.82,0.000137508160556462
Fundo legado,2020-07-31,05389174000101,18354466.98,1,1,1,XP SERVIÇOS FINANCEIROS DTVM LTDA.,49,216954947613.82,8.4600361420063e-05
Fundo legado,2020-07-31,71590442000183,17939767.17,2,2,1,LASTRO RDV DTVM LTDA,50,216954947613.82,8.26889055414989e-05
Fundo legado,2020-07-31,40434681000110,12367331.06,2,2,1,AZUMI DISTRIBUIDORA DE TÍTULOS E VALORES MOBILIÁRIOS LTDA.,51,216954947613.82,5.70041439295215e-05
Fundo legado,2020-07-31,33918160000173,1126955.06,1,1,1,"MASSA FALIDA DA GRADUAL CORRETORA DE CÂMBIO, TÍTULOS E VALORES MOBILIÁRIOS S. A.",52,216954947613.82,5.19441972812706e-06
Fundo legado,2020-07-31,30723886000162,1051367.35,1,1,1,BANCO MODAL S.A.,53,216954947613.82,4.84601693376191e-06
Fundo legado,2020-08-31,30822936000169,40486424364.63,3,3,1,BB GESTAO DE RECURSOS DTVM S.A,1,216957757859.12,0.186609710406943
Fundo legado,2020-08-31,36113876000191,35791144156.5,76,76,1,OLIVEIRA TRUST DTVM S.A.,2,216957757859.12,0.164968261608514
Fundo legado,2020-08-31,62285390000140,23255966659.85,336,336,1,QI CORRETORA DE TÍTULOS E VALORES MOBILIÁRIOS S.A.,3,216957757859.12,0.107191219568885
Fundo legado,2020-08-31,00066670000100,18871916625.3,24,24,1,BEM - DISTRIBUIDORA DE TITULOS E VALORES MOBILIARIOS LTDA.,4,216957757859.12,0.0869842904513898
Fundo legado,2020-08-31,59281253000123,13039266637.33,76,76,1,BTG PACTUAL SERVIÇOS FINANCEIROS S/A DTVM,5,216957757859.12,0.0601004857627491
Fundo legado,2020-08-31,13486793000142,9847081535.04,67,67,1,APEX GROUP DISTRIBUIDORA DE TÍTULOS E VALORES MOBILIÁRIOS S.A.,6,216957757859.12,0.0453870911656182
Fundo legado,2020-08-31,62418140000131,8320570133.08,10,10,1,INTRAG DTVM LTDA.,7,216957757859.12,0.0383511067554584
Fundo legado,2020-08-31,42066258000130,6028460429.84,12,12,1,RJI CORRETORA DE TÍTULOS E VALORES MOBILIÁRIOS LTDA.,8,216957757859.12,0.0277863326452449
Fundo legado,2020-08-31,62318407000119,5892661883.03,11,11,1,S3 CACEIS BRASIL DISTRIBUIDORA DE TITULOS E VALORES MOBILIARIOS S.A,9,216957757859.12,0.0271604110458053
Fundo legado,2020-08-31,36864992000142,5721274927.59,18,18,1,APEX DISTRIBUIDORA DE TÍTULOS E VALORES MOBILIÁRIOS S.A.,10,216957757859.12,0.0263704556317598
Fundo legado,2020-08-31,67030395000146,4764409394.17,28,28,1,TRUSTEE DISTRIBUIDORA DE TITULOS E VALORES MOBILIARIOS LTDA.,11,216957757859.12,0.0219600785018424
Fundo legado,2020-08-31,03317692000194,4561398298.33,45,45,1,FINAXIS CORRETORA DE TÍTULOS E VALORES MOBILIÁRIOS S.A.,12,216957757859.12,0.0210243613472993
Fundo legado,2020-08-31,27652684000162,4111900411.77,8,8,1,GENIAL INVESTIMENTOS CORRETORA DE VALORES MOBILIÁRIOS S.A.,13,216957757859.12,0.0189525392055353
Fundo legado,2020-08-31,39669186000101,3938912535.44,47,47,1,HEMERA DISTRIBUIDORA DE TITULOS E VALORES MOBILIARIOS LTDA,14,216957757859.12,0.0181552048394495
Fundo legado,2020-08-31,11758741000152,2547883791.74,21,21,1,BANCO FINAXIS S.A.,15,216957757859.12,0.0117436860376961
Fundo legado,2020-08-31,03751794000113,2410367466.28,6,6,1,TERRA INVESTIMENTOS DISTRIBUIDORA DE TITULOS E VALORES MOBILIARIOS LTDA,16,216957757859.12,0.0111098468663432
Fundo legado,2020-08-31,00806535000154,2319136449.22,29,29,1,PLANNER CORRETORA DE VALORES S.A.,17,216957757859.12,0.0106893455763214
Fundo legado,2020-08-31,22610500000188,2148814665.35,31,31,1,VORTX DISTRIBUIDORA DE TITULOS E VALORES MOBILIARIOS LTDA.,18,216957757859.12,0.00990429974274217
Fundo legado,2020-08-31,12063256000127,2139729715.65,12,12,1,MONETAR DISTRIBUIDORA DE TITULOS E VALORES MOBILIARIOS LTDA.,19,216957757859.12,0.00986242546366753
Fundo legado,2020-08-31,00360305000104,2123414508.36,5,5,1,CAIXA ECONOMICA FEDERAL,20,216957757859.12,0.00978722553788016
Fundo legado,2020-08-31,02201501000161,1946365856.5,14,14,1,BNY MELLON SERVICOS FINANCEIROS DTVM S.A.,21,216957757859.12,0.00897117427699386
Fundo legado,2020-08-31,62232889000190,1739803272.9,28,28,1,BANCO DAYCOVAL S.A.,22,216957757859.12,0.00801908763285491
Fundo legado,2020-08-31,45246410000155,1736302461.02,16,16,1,BANCO GENIAL S.A.,23,216957757859.12,0.00800295171812872
Fundo legado,2020-08-31,34829992000186,1544644493.26,8,8,1,CBSF DISTRIBUIDORA DE TITULOS E VALORES MOBILIARIOS S.A. - EM LIQUIDAÇÃO EXTRAJUDICIAL,24,216957757859.12,0.00711956331270258
Fundo legado,2020-08-31,02671743000119,1297251360.12,19,19,1,BANVOX DISTRIBUIDORA DE TITULOS E VALORES MOBILIARIOS LTDA,25,216957757859.12,0.00597928081909088
Fundo legado,2020-08-31,13673855000125,1287915072.14,10,10,1,OSLO CAPITAL DISTRIBUIDORA DE TITULOS E VALORES MOBILIARIOS S.A.,26,216957757859.12,0.0059362480735826
Fundo legado,2020-08-31,24361690000172,1205145880.01,33,33,1,LIMINE TRUST DISTRIBUIDORA DE TITULOS E VALORES MOBILIARIOS S.A.,27,216957757859.12,0.005554748960821
Fundo legado,2020-08-31,37678915000160,1197555255.79,8,8,1,FIDD DISTRIBUIDORA DE TITULOS E VALORES MOBILIARIOS LTDA.,28,216957757859.12,0.00551976231505685
Fundo legado,2020-08-31,02332886000104,877413691.28,4,4,1,XP INVESTIMENTOS CCTVM S.A.,29,216957757859.12,0.00404416832077396
Fundo legado,2020-08-31,16695922000109,751711953.28,22,22,1,ID CORRETORA DE TITULOS E VALORES MOBILIARIOS S.A.,30,216957757859.12,0.00346478485350185
Fundo legado,2020-08-31,36266751000100,631346805.01,5,5,1,FINVEST DISTRIBUIDORA DE TÍTULOS E VALORES MOBILIÁRIOS LTDA.,31,216957757859.12,0.00290999875385862
Fundo legado,2020-08-31,03017677000120,548708063.63,10,10,1,BANCO J. SAFRA S.A.,32,216957757859.12,0.00252910091367325
Fundo legado,2020-08-31,03384738000198,537438242.62,4,4,1,TIVIO CAPITAL DISTRIBUIDORA DE TITULOS E VALORES MOBILIARIOS S.A.,33,216957757859.12,0.00247715614285147
Fundo legado,2020-08-31,45854066000187,477684028.79,6,6,1,WNT CAPITAL DISTRIBUIDORA DE TITULOS E VALORES MOBILIARIOS S.A.,34,216957757859.12,0.00220173748799608
Fundo legado,2020-08-31,62264924000152,400772986.79,9,9,1,QORE DISTRIBUIDORA DE TÍTULOS E VALORES MOBILIÁRIOS LTDA.,35,216957757859.12,0.00184723971497825
Fundo legado,2020-08-31,44077014000189,372340707.33,1,1,1,BR-CAPITAL DTVM S.A.,36,216957757859.12,0.0017161898749515
Fundo legado,2020-08-31,15489568000195,292321098.2,10,10,1,INTRA INVESTIMENTOS DTVM LTDA,37,216957757859.12,0.00134736411864017
Fundo legado,2020-08-31,40768766000135,265774793.14,2,2,1,LIONS TRUST DISTRIBUIDORA DE TÍTULOS E VALORES MOBILIÁRIOS LTDA.,38,216957757859.12,0.00122500709706163
Fundo legado,2020-08-31,00329598000167,237082816.67,7,7,1,SEFER INVESTIMENTOS DISTRIBUIDORA DE TÍTULOS E VALORES MOBILIÁRIOS LTDA.,39,216957757859.12,0.00109276026360831
Fundo legado,2020-08-31,44782130000107,197347927.82,13,13,1,ACTUAL DISTRIBUIDORA DE TITULOS E VALORES MOBILIARIOS S.A.,40,216957757859.12,0.000909614524815225
Fundo legado,2020-08-31,01522368000182,188990423.37,1,1,1,BANCO BNP PARIBAS BRASIL S/A,41,216957757859.12,0.000871093180695201
Fundo legado,2020-08-31,33775974000104,179658182.2,2,2,1,ATIVA INVESTIMENTOS S.A. C.T.C.V.,42,216957757859.12,0.000828079087711903
Fundo legado,2020-08-31,50657675000186,175148860.7,1,1,1,SLW CVC LTDA,43,216957757859.12,0.000807294758336006
Fundo legado,2020-08-31,41592532000142,171859035.47,4,4,1,MERITO DISTRIBUIDORA DE TITULOS E VALORES MOBILIARIOS LTDA.,44,216957757859.12,0.000792131321626192
Fundo legado,2020-08-31,29650082000100,125689469.39,2,2,1,BTG PACTUAL ASSET MANAGEMENT S/A DTVM,45,216957757859.12,0.000579326918890891
Fundo legado,2020-08-31,47215387000167,106554541.93,3,3,1,CATÁLISE DISTRIBUIDORA DE TITULOS E VALORES MOBILIARIOS LTDA.,46,216957757859.12,0.000491130360958055
Fundo legado,2020-08-31,33886862000112,58067143.54,5,5,1,"MASTER S/A CORRETORA DE CAMBIO, TITULOS E VALORES MOBILIARIOS",47,216957757859.12,0.000267642623674722
Fundo legado,2020-08-31,58006471000197,30243119.66,1,1,1,BARU DISTRIBUIDORA DE TÍTULOS E VALORES MOBILIÁRIOS LTDA.,48,216957757859.12,0.000139396350508186
Fundo legado,2020-08-31,71590442000183,19198951.31,2,2,1,LASTRO RDV DTVM LTDA,49,216957757859.12,8.84916561613192e-05
Fundo legado,2020-08-31,05389174000101,18328951.14,1,1,1,XP SERVIÇOS FINANCEIROS DTVM LTDA.,50,216957757859.12,8.44816581848241e-05
Fundo legado,2020-08-31,40434681000110,16190561.46,2,2,1,AZUMI DISTRIBUIDORA DE TÍTULOS E VALORES MOBILIÁRIOS LTDA.,51,216957757859.12,7.46254092029898e-05
Fundo legado,2020-08-31,33918160000173,1106924.25,1,1,1,"MASSA FALIDA DA GRADUAL CORRETORA DE CÂMBIO, TÍTULOS E VALORES MOBILIÁRIOS S. A.",52,216957757859.12,5.10202659228611e-06
Fundo legado,2020-08-31,30723886000162,1060339.9,1,1,1,BANCO MODAL S.A.,53,216957757859.12,4.8873103707521e-06
Fundo legado,2020-09-30,30822936000169,43408340576.29,3,3,1,BB GESTAO DE RECURSOS DTVM S.A,1,221878241537.94,0.195640366876026
Fundo legado,2020-09-30,36113876000191,36587950984.18,76,76,1,OLIVEIRA TRUST DTVM S.A.,2,221878241537.94,0.164901031892862
Fundo legado,2020-09-30,62285390000140,23886345942.26,337,337,1,QI CORRETORA DE TÍTULOS E VALORES MOBILIÁRIOS S.A.,3,221878241537.94,0.107655197628631
Fundo legado,2020-09-30,00066670000100,17816602759.9,25,25,1,BEM - DISTRIBUIDORA DE TITULOS E VALORES MOBILIARIOS LTDA.,4,221878241537.94,0.0802990083047573
Fundo legado,2020-09-30,59281253000123,13359848852.79,80,80,1,BTG PACTUAL SERVIÇOS FINANCEIROS S/A DTVM,5,221878241537.94,0.0602125235903564
Fundo legado,2020-09-30,13486793000142,9883407009.92,68,68,1,APEX GROUP DISTRIBUIDORA DE TÍTULOS E VALORES MOBILIÁRIOS S.A.,6,221878241537.94,0.0445442822216977
Fundo legado,2020-09-30,62418140000131,8056011835.5,10,10,1,INTRAG DTVM LTDA.,7,221878241537.94,0.036308255282988
Fundo legado,2020-09-30,42066258000130,6005394750.56,12,12,1,RJI CORRETORA DE TÍTULOS E VALORES MOBILIÁRIOS LTDA.,8,221878241537.94,0.0270661724598764
Fundo legado,2020-09-30,62318407000119,5835847891.22,10,10,1,S3 CACEIS BRASIL DISTRIBUIDORA DE TITULOS E VALORES MOBILIARIOS S.A,9,221878241537.94,0.0263020287648264
Fundo legado,2020-09-30,36864992000142,5738939165.25,19,19,1,APEX DISTRIBUIDORA DE TÍTULOS E VALORES MOBILIÁRIOS S.A.,10,221878241537.94,0.0258652634231765
Fundo legado,2020-09-30,67030395000146,5013438222.09,29,29,1,TRUSTEE DISTRIBUIDORA DE TITULOS E VALORES MOBILIARIOS LTDA.,11,221878241537.94,0.0225954477885689
Fundo legado,2020-09-30,27652684000162,4613699665.81,8,8,1,GENIAL INVESTIMENTOS CORRETORA DE VALORES MOBILIÁRIOS S.A.,12,221878241537.94,0.0207938355461551
Fundo legado,2020-09-30,03317692000194,4572858886.48,45,45,1,FINAXIS CORRETORA DE TÍTULOS E VALORES MOBILIÁRIOS S.A.,13,221878241537.94,0.0206097671172415
Fundo legado,2020-09-30,39669186000101,4129756193.83,47,47,1,HEMERA DISTRIBUIDORA DE TITULOS E VALORES MOBILIARIOS LTDA,14,221878241537.94,0.0186127137352665
Fundo legado,2020-09-30,11758741000152,2538860192.06,21,21,1,BANCO FINAXIS S.A.,15,221878241537.94,0.011442582988138
Fundo legado,2020-09-30,03751794000113,2407763867.24,6,6,1,TERRA INVESTIMENTOS DISTRIBUIDORA DE TITULOS E VALORES MOBILIARIOS LTDA,16,221878241537.94,0.0108517349450342
Fundo legado,2020-09-30,00806535000154,2345518599.66,30,30,1,PLANNER CORRETORA DE VALORES S.A.,17,221878241537.94,0.0105711969925583
Fundo legado,2020-09-30,12063256000127,2150341061.91,12,12,1,MONETAR DISTRIBUIDORA DE TITULOS E VALORES MOBILIARIOS LTDA.,18,221878241537.94,0.00969153643460034
Fundo legado,2020-09-30,22610500000188,2149005526.6,31,31,1,VORTX DISTRIBUIDORA DE TITULOS E VALORES MOBILIARIOS LTDA.,19,221878241537.94,0.00968551720846648
Fundo legado,2020-09-30,00360305000104,2103436750.55,5,5,1,CAIXA ECONOMICA FEDERAL,20,221878241537.94,0.00948013980988002
Fundo legado,2020-09-30,02201501000161,1999453812.84,14,14,1,BNY MELLON SERVICOS FINANCEIROS DTVM S.A.,21,221878241537.94,0.00901149116281465
Fundo legado,2020-09-30,45246410000155,1943922282.01,16,16,1,BANCO GENIAL S.A.,22,221878241537.94,0.00876121186347874
Fundo legado,2020-09-30,62232889000190,1828516166.29,29,29,1,BANCO DAYCOVAL S.A.,23,221878241537.94,0.008241079222621
Fundo legado,2020-09-30,34829992000186,1546365808.22,8,8,1,CBSF DISTRIBUIDORA DE TITULOS E VALORES MOBILIARIOS S.A. - EM LIQUIDAÇÃO EXTRAJUDICIAL,24,221878241537.94,0.00696943421536708
Fundo legado,2020-09-30,02671743000119,1473800677.64,20,20,1,BANVOX DISTRIBUIDORA DE TITULOS E VALORES MOBILIARIOS LTDA,25,221878241537.94,0.00664238488381921
Fundo legado,2020-09-30,24361690000172,1453859947.82,36,36,1,LIMINE TRUST DISTRIBUIDORA DE TITULOS E VALORES MOBILIARIOS S.A.,26,221878241537.94,0.00655251248496756
Fundo legado,2020-09-30,13673855000125,1338619144.41,12,12,1,OSLO CAPITAL DISTRIBUIDORA DE TITULOS E VALORES MOBILIARIOS S.A.,27,221878241537.94,0.0060331249027909
Fundo legado,2020-09-30,37678915000160,1185083937.67,8,8,1,FIDD DISTRIBUIDORA DE TITULOS E VALORES MOBILIARIOS LTDA.,28,221878241537.94,0.00534114534825785
Fundo legado,2020-09-30,02332886000104,860877750.46,4,4,1,XP INVESTIMENTOS CCTVM S.A.,29,221878241537.94,0.00387995571126245
Fundo legado,2020-09-30,16695922000109,721657619.36,22,22,1,ID CORRETORA DE TITULOS E VALORES MOBILIARIOS S.A.,30,221878241537.94,0.00325249386491375
Fundo legado,2020-09-30,03384738000198,548648309.28,4,4,1,TIVIO CAPITAL DISTRIBUIDORA DE TITULOS E VALORES MOBILIARIOS S.A.,31,221878241537.94,0.00247274498606563
Fundo legado,2020-09-30,03017677000120,548578264.21,10,10,1,BANCO J. SAFRA S.A.,32,221878241537.94,0.00247242929458766
Fundo legado,2020-09-30,45854066000187,496678286.25,6,6,1,WNT CAPITAL DISTRIBUIDORA DE TITULOS E VALORES MOBILIARIOS S.A.,33,221878241537.94,0.00223851731836026
Fundo legado,2020-09-30,36266751000100,491248322.63,4,4,1,FINVEST DISTRIBUIDORA DE TÍTULOS E VALORES MOBILIÁRIOS LTDA.,34,221878241537.94,0.00221404460043009
Fundo legado,2020-09-30,62264924000152,406453375.69,9,9,1,QORE DISTRIBUIDORA DE TÍTULOS E VALORES MOBILIÁRIOS LTDA.,35,221878241537.94,0.00183187577507684
Fundo legado,2020-09-30,00329598000167,389083433.46,7,7,1,SEFER INVESTIMENTOS DISTRIBUIDORA DE TÍTULOS E VALORES MOBILIÁRIOS LTDA.,36,221878241537.94,0.00175358985524261
Fundo legado,2020-09-30,44077014000189,372360752.79,1,1,1,BR-CAPITAL DTVM S.A.,37,221878241537.94,0.00167822112798892
Fundo legado,2020-09-30,15489568000195,293201182.93,10,10,1,INTRA INVESTIMENTOS DTVM LTDA,38,221878241537.94,0.00132145081418389
Fundo legado,2020-09-30,40768766000135,265856024.02,2,2,1,LIONS TRUST DISTRIBUIDORA DE TÍTULOS E VALORES MOBILIÁRIOS LTDA.,39,221878241537.94,0.0011982068281109
Fundo legado,2020-09-30,01522368000182,192053611.27,1,1,1,BANCO BNP PARIBAS BRASIL S/A,40,221878241537.94,0.00086558109501314
Fundo legado,2020-09-30,44782130000107,190234676.31,14,14,1,ACTUAL DISTRIBUIDORA DE TITULOS E VALORES MOBILIARIOS S.A.,41,221878241537.94,0.000857383198061225
Fundo legado,2020-09-30,33775974000104,177055276.36,2,2,1,ATIVA INVESTIMENTOS S.A. C.T.C.V.,42,221878241537.94,0.000797983953418544
Fundo legado,2020-09-30,41592532000142,169305868.53,4,4,1,MERITO DISTRIBUIDORA DE TITULOS E VALORES MOBILIARIOS LTDA.,43,221878241537.94,0.00076305755515486
Fundo legado,2020-09-30,29650082000100,116875936.22,2,2,1,BTG PACTUAL ASSET MANAGEMENT S/A DTVM,44,221878241537.94,0.000526757087174836
Fundo legado,2020-09-30,47215387000167,110978282.06,3,3,1,CATÁLISE DISTRIBUIDORA DE TITULOS E VALORES MOBILIARIOS LTDA.,45,221878241537.94,0.000500176499014769
Fundo legado,2020-09-30,33886862000112,62838955.94,4,4,1,"MASTER S/A CORRETORA DE CAMBIO, TITULOS E VALORES MOBILIARIOS",46,221878241537.94,0.000283213691907933
Fundo legado,2020-09-30,58006471000197,30432508.93,1,1,1,BARU DISTRIBUIDORA DE TÍTULOS E VALORES MOBILIÁRIOS LTDA.,47,221878241537.94,0.000137158599775527
Fundo legado,2020-09-30,71590442000183,22112270.08,2,2,1,LASTRO RDV DTVM LTDA,48,221878241537.94,9.96594795719026e-05
Fundo legado,2020-09-30,40434681000110,19271962.75,2,2,1,AZUMI DISTRIBUIDORA DE TÍTULOS E VALORES MOBILIÁRIOS LTDA.,49,221878241537.94,8.68582814448915e-05
Fundo legado,2020-09-30,05389174000101,18301744.52,1,1,1,XP SERVIÇOS FINANCEIROS DTVM LTDA.,50,221878241537.94,8.24855307719324e-05
Fundo legado,2020-09-30,30723886000162,1069048.76,1,1,1,BANCO MODAL S.A.,51,221878241537.94,4.81817754003246e-06
Fundo legado,2020-09-30,50657675000186,77564.13,1,1,1,SLW CVC LTDA,52,221878241537.94,3.49579703996063e-07
Fundo legado,2020-09-30,33918160000173,0,1,1,1,"MASSA FALIDA DA GRADUAL CORRETORA DE CÂMBIO, TÍTULOS E VALORES MOBILIÁRIOS S. A.",53,221878241537.94,0
Fundo legado,2020-10-31,36113876000191,37122197549.55,76,76,1,OLIVEIRA TRUST DTVM S.A.,1,209341958677.87,0.177328032010404
Fundo legado,2020-10-31,30822936000169,27980947806.17,3,3,1,BB GESTAO DE RECURSOS DTVM S.A,2,209341958677.87,0.133661440749326
Fundo legado,2020-10-31,62285390000140,24411049049.8,342,342,1,QI CORRETORA DE TÍTULOS E VALORES MOBILIÁRIOS S.A.,3,209341958677.87,0.116608486917633
Fundo legado,2020-10-31,00066670000100,17716233982.02,24,24,1,BEM - DISTRIBUIDORA DE TITULOS E VALORES MOBILIARIOS LTDA.,4,209341958677.87,0.0846282039869575
Fundo legado,2020-10-31,59281253000123,14529390579.68,80,80,1,BTG PACTUAL SERVIÇOS FINANCEIROS S/A DTVM,5,209341958677.87,0.0694050570246047
Fundo legado,2020-10-31,13486793000142,10019904778.79,68,68,1,APEX GROUP DISTRIBUIDORA DE TÍTULOS E VALORES MOBILIÁRIOS S.A.,6,209341958677.87,0.0478638149851668
Fundo legado,2020-10-31,62418140000131,8083905466.96,10,10,1,INTRAG DTVM LTDA.,7,209341958677.87,0.0386157916836887
Fundo legado,2020-10-31,42066258000130,5995551410.55,12,12,1,RJI CORRETORA DE TÍTULOS E VALORES MOBILIÁRIOS LTDA.,8,209341958677.87,0.0286399890801433
Fundo legado,2020-10-31,36864992000142,5898119306.15,19,19,1,APEX DISTRIBUIDORA DE TÍTULOS E VALORES MOBILIÁRIOS S.A.,9,209341958677.87,0.0281745682681123
Fundo legado,2020-10-31,62318407000119,5782549200.77,10,10,1,S3 CACEIS BRASIL DISTRIBUIDORA DE TITULOS E VALORES MOBILIARIOS S.A,10,209341958677.87,0.0276225045246091
Fundo legado,2020-10-31,67030395000146,5146908688.95,30,30,1,TRUSTEE DISTRIBUIDORA DE TITULOS E VALORES MOBILIARIOS LTDA.,11,209341958677.87,0.024586130374704
Fundo legado,2020-10-31,03317692000194,4731316970.95,46,46,1,FINAXIS CORRETORA DE TÍTULOS E VALORES MOBILIÁRIOS S.A.,12,209341958677.87,0.022600901419053
Fundo legado,2020-10-31,39669186000101,4251338788.19,47,47,1,HEMERA DISTRIBUIDORA DE TITULOS E VALORES MOBILIARIOS LTDA,13,209341958677.87,0.0203081064830001
Fundo legado,2020-10-31,27652684000162,4211249235.63,8,8,1,GENIAL INVESTIMENTOS CORRETORA DE VALORES MOBILIÁRIOS S.A.,14,209341958677.87,0.0201166037722527
Fundo legado,2020-10-31,11758741000152,2538945451.83,21,21,1,BANCO FINAXIS S.A.,15,209341958677.87,0.0121282205816029
Fundo legado,2020-10-31,03751794000113,2407659494.76,5,5,1,TERRA INVESTIMENTOS DISTRIBUIDORA DE TITULOS E VALORES MOBILIARIOS LTDA,16,209341958677.87,0.0115010842067492
Fundo legado,2020-10-31,00806535000154,2350019689.39,30,30,1,PLANNER CORRETORA DE VALORES S.A.,17,209341958677.87,0.0112257461630334
Fundo legado,2020-10-31,12063256000127,2157495187.35,11,11,1,MONETAR DISTRIBUIDORA DE TITULOS E VALORES MOBILIARIOS LTDA.,18,209341958677.87,0.0103060810215782
Fundo legado,2020-10-31,22610500000188,2155316548.81,30,30,1,VORTX DISTRIBUIDORA DE TITULOS E VALORES MOBILIARIOS LTDA.,19,209341958677.87,0.0102956739414412
Fundo legado,2020-10-31,45246410000155,2151782250.03,17,17,1,BANCO GENIAL S.A.,20,209341958677.87,0.0102787910441839
Fundo legado,2020-10-31,62232889000190,2101063654.25,32,32,1,BANCO DAYCOVAL S.A.,21,209341958677.87,0.0100365147413332
Fundo legado,2020-10-31,00360305000104,2085300381.27,5,5,1,CAIXA ECONOMICA FEDERAL,22,209341958677.87,0.00996121558449162
Fundo legado,2020-10-31,02201501000161,1904357093.62,14,14,1,BNY MELLON SERVICOS FINANCEIROS DTVM S.A.,23,209341958677.87,0.00909687243611958
Fundo legado,2020-10-31,24361690000172,1537974662.82,36,36,1,LIMINE TRUST DISTRIBUIDORA DE TITULOS E VALORES MOBILIARIOS S.A.,24,209341958677.87,0.00734671000755561
Fundo legado,2020-10-31,34829992000186,1537220626.98,8,8,1,CBSF DISTRIBUIDORA DE TITULOS E VALORES MOBILIARIOS S.A. - EM LIQUIDAÇÃO EXTRAJUDICIAL,25,209341958677.87,0.00734310807393102
Fundo legado,2020-10-31,02671743000119,1508825440.59,20,20,1,BANVOX DISTRIBUIDORA DE TITULOS E VALORES MOBILIARIOS LTDA,26,209341958677.87,0.00720746786797644
Fundo legado,2020-10-31,13673855000125,1294585046.54,11,11,1,OSLO CAPITAL DISTRIBUIDORA DE TITULOS E VALORES MOBILIARIOS S.A.,27,209341958677.87,0.00618406866313921
Fundo legado,2020-10-31,37678915000160,1201246911.38,8,8,1,FIDD DISTRIBUIDORA DE TITULOS E VALORES MOBILIARIOS LTDA.,28,209341958677.87,0.00573820422320806
Fundo legado,2020-10-31,02332886000104,858172348.87,4,4,1,XP INVESTIMENTOS CCTVM S.A.,29,209341958677.87,0.00409938052691354
Fundo legado,2020-10-31,16695922000109,743056936.79,22,22,1,ID CORRETORA DE TITULOS E VALORES MOBILIARIOS S.A.,30,209341958677.87,0.0035494887956666
Fundo legado,2020-10-31,03384738000198,541965003.93,4,4,1,TIVIO CAPITAL DISTRIBUIDORA DE TITULOS E VALORES MOBILIARIOS S.A.,31,209341958677.87,0.00258889812320884
Fundo legado,2020-10-31,03017677000120,527821548.88,11,11,1,BANCO J. SAFRA S.A.,32,209341958677.87,0.00252133663128756
Fundo legado,2020-10-31,36266751000100,514020718.23,5,5,1,FINVEST DISTRIBUIDORA DE TÍTULOS E VALORES MOBILIÁRIOS LTDA.,33,209341958677.87,0.00245541181269333
Fundo legado,2020-10-31,45854066000187,504627525.22,6,6,1,WNT CAPITAL DISTRIBUIDORA DE TITULOS E VALORES MOBILIARIOS S.A.,34,209341958677.87,0.00241054172038444
Fundo legado,2020-10-31,62264924000152,412103762.81,9,9,1,QORE DISTRIBUIDORA DE TÍTULOS E VALORES MOBILIÁRIOS LTDA.,35,209341958677.87,0.00196856743584851
Fundo legado,2020-10-31,00329598000167,375009707.39,7,7,1,SEFER INVESTIMENTOS DISTRIBUIDORA DE TÍTULOS E VALORES MOBILIÁRIOS LTDA.,36,209341958677.87,0.00179137383522362
Fundo legado,2020-10-31,44077014000189,372346616.65,1,1,1,BR-CAPITAL DTVM S.A.,37,209341958677.87,0.00177865258833733
Fundo legado,2020-10-31,15489568000195,298723453.42,9,9,1,INTRA INVESTIMENTOS DTVM LTDA,38,209341958677.87,0.00142696407020662
Fundo legado,2020-10-31,40768766000135,265942888.7,2,2,1,LIONS TRUST DISTRIBUIDORA DE TÍTULOS E VALORES MOBILIÁRIOS LTDA.,39,209341958677.87,0.00127037546786894
Fundo legado,2020-10-31,44782130000107,205529431.71,15,15,1,ACTUAL DISTRIBUIDORA DE TITULOS E VALORES MOBILIARIOS S.A.,40,209341958677.87,0.000981788041958007
Fundo legado,2020-10-31,01522368000182,194281286.23,1,1,1,BANCO BNP PARIBAS BRASIL S/A,41,209341958677.87,0.000928057076837401
Fundo legado,2020-10-31,33775974000104,177703047.74,2,2,1,ATIVA INVESTIMENTOS S.A. C.T.C.V.,42,209341958677.87,0.000848864933061245
Fundo legado,2020-10-31,41592532000142,169191951.85,4,4,1,MERITO DISTRIBUIDORA DE TITULOS E VALORES MOBILIARIOS LTDA.,43,209341958677.87,0.000808208506878204
Fundo legado,2020-10-31,47215387000167,118339812.5,4,4,1,CATÁLISE DISTRIBUIDORA DE TITULOS E VALORES MOBILIARIOS LTDA.,44,209341958677.87,0.000565294283321856
Fundo legado,2020-10-31,29650082000100,109437847,2,2,1,BTG PACTUAL ASSET MANAGEMENT S/A DTVM,45,209341958677.87,0.000522770722559256
Fundo legado,2020-10-31,33886862000112,65655762.25,4,4,1,"MASTER S/A CORRETORA DE CAMBIO, TITULOS E VALORES MOBILIARIOS",46,209341958677.87,0.000313629253612886
Fundo legado,2020-10-31,58006471000197,31204399.05,2,2,1,BARU DISTRIBUIDORA DE TÍTULOS E VALORES MOBILIÁRIOS LTDA.,47,209341958677.87,0.000149059458729994
Fundo legado,2020-10-31,71590442000183,23712468.57,2,2,1,LASTRO RDV DTVM LTDA,48,209341958677.87,0.000113271456519083
Fundo legado,2020-10-31,40434681000110,19534827.92,2,2,1,AZUMI DISTRIBUIDORA DE TÍTULOS E VALORES MOBILIÁRIOS LTDA.,49,209341958677.87,9.33153967000934e-05
Fundo legado,2020-10-31,30723886000162,1080173.09,1,1,1,BANCO MODAL S.A.,50,209341958677.87,5.15984992603486e-06
Fundo legado,2020-10-31,50657675000186,41905.29,1,1,1,SLW CVC LTDA,51,209341958677.87,2.00176258331865e-07
