cnpj,tipo,data,cnpj_admin,campo,valor,base,percentual
09260031000156,Classe,2026-09-30,62285390000140,TAB_I1_VL_DISP,13872.41,66607652.46,0.000208270513787148
16802124000120,Classe,2026-09-30,62285390000140,TAB_I1_VL_DISP,35756.29,385139273.91,9.28398956486468e-05
16858989000109,Classe,2026-09-30,16695922000109,TAB_I1_VL_DISP,0,0,
17047287000108,Classe,2026-09-30,24361690000172,TAB_I1_VL_DISP,1111830.71,59352937.69,0.0187325304066175
17198845000136,Classe,2026-09-30,62285390000140,TAB_I1_VL_DISP,27125.56,1607530070.59,1.68740607073336e-05
19388377000198,Classe,2026-09-30,24361690000172,TAB_I1_VL_DISP,10000,186815105.11,5.35288621019795e-05
20906292000133,Classe,2026-09-30,24361690000172,TAB_I1_VL_DISP,458671.77,17762628.75,0.0258222910840266
21254441000190,Classe,2026-09-30,62285390000140,TAB_I1_VL_DISP,663496.65,69957310.4,0.00948430758996132
21917325000103,Classe,2026-09-30,24361690000172,TAB_I1_VL_DISP,132913.97,279463679.75,0.000475603735408125
23980344000100,Classe,2026-09-30,62285390000140,TAB_I1_VL_DISP,147.68,20186622.61,7.31573591348771e-06
25354121000162,Classe,2026-09-30,16695922000109,TAB_I1_VL_DISP,0,0,
26000055000195,Classe,2026-09-30,24361690000172,TAB_I1_VL_DISP,1100,3109803.76,0.000353720068818748
26199650000100,Classe,2026-09-30,24361690000172,TAB_I1_VL_DISP,52179.06,56209866.66,0.000928290051204331
26631527000108,Fundo,2026-09-30,16695922000109,TAB_I1_VL_DISP,0,0,
27531244000157,Classe,2026-09-30,16695922000109,TAB_I1_VL_DISP,0,24375444.45,0
28079865000104,Classe,2026-09-30,62285390000140,TAB_I1_VL_DISP,333765.29,34858860.02,0.00957476204926107
28079873000150,Classe,2026-09-30,62285390000140,TAB_I1_VL_DISP,157.46,754944442.47,2.08571639371009e-07
29249995000100,Classe,2026-09-30,24361690000172,TAB_I1_VL_DISP,224062.92,22632626.43,0.00989999639206699
29550273000191,Classe,2026-09-30,62232889000190,TAB_I1_VL_DISP,1000,13139414.06,7.61068945261628e-05
30366120000178,Classe,2026-09-30,62285390000140,TAB_I1_VL_DISP,1288.98,283431441.77,4.54776644380191e-06
31024416000173,Classe,2026-09-30,62285390000140,TAB_I1_VL_DISP,6454.27,38785914.33,0.000166407576345513
32156038000144,Classe,2026-09-30,62285390000140,TAB_I1_VL_DISP,1.3,239282080.98,5.43291831413259e-09
32525937000177,Classe,2026-09-30,62285390000140,TAB_I1_VL_DISP,2177.37,78996349.19,2.75629193288799e-05
32525986000100,Classe,2026-09-30,62285390000140,TAB_I1_VL_DISP,6.24,57173668.36,1.09141151494936e-07
32907653000145,Classe,2026-09-30,16695922000109,TAB_I1_VL_DISP,0,23721857.76,0
32999032000139,Classe,2026-09-30,62285390000140,TAB_I1_VL_DISP,17755.8,86872299.79,0.000204389662100829
33304615000160,Classe,2026-09-30,24361690000172,TAB_I1_VL_DISP,1000,26007286.86,3.84507621030639e-05
33490076000100,Classe,2026-09-30,40434681000110,TAB_I1_VL_DISP,504151.43,122682076.38,0.00410941390035186
33521644000184,Classe,2026-09-30,16695922000109,TAB_I1_VL_DISP,0,107342274.18,0
33632618000123,Classe,2026-09-30,62285390000140,TAB_I1_VL_DISP,6455.53,71807386.67,8.99006397443095e-05
34027968000123,Classe,2026-09-30,16695922000109,TAB_I1_VL_DISP,0,0,
34218960000144,Classe,2026-09-30,62285390000140,TAB_I1_VL_DISP,99960.54,110815788.57,0.00090204240108671
34599321000176,Classe,2026-09-30,16695922000109,TAB_I1_VL_DISP,0,107339422.21,0
35277363000153,Classe,2026-09-30,16695922000109,TAB_I1_VL_DISP,2320.59,218645507.12,1.06134812947534e-05
35686949000171,Classe,2026-09-30,16695922000109,TAB_I1_VL_DISP,0,20000028.24,0
35715919000146,Classe,2026-09-30,00806535000154,TAB_I1_VL_DISP,1021.93,878721.17,0.00116297414343619
36113052000111,Classe,2026-09-30,62285390000140,TAB_I1_VL_DISP,1701800.73,32595663.24,0.052209421770919
36420767000117,Classe,2026-09-30,62285390000140,TAB_I1_VL_DISP,15277.03,15277.04,0.999999345422935
36953080000147,Classe,2026-09-30,62285390000140,TAB_I1_VL_DISP,5709.72,591794522.28,9.64814607949095e-06
37606580000175,Fundo,2026-09-30,48967968000118,TAB_I1_VL_DISP,0,0,
38134439000180,Classe,2026-09-30,16695922000109,TAB_I1_VL_DISP,0,0,
39273409000117,Classe,2026-09-30,16695922000109,TAB_I1_VL_DISP,0,31931495.54,0
39469320000120,Classe,2026-09-30,16695922000109,TAB_I1_VL_DISP,0,70715839.89,0
39806180000139,Classe,2026-09-30,62285390000140,TAB_I1_VL_DISP,0,234964190.31,0
39851520000143,Classe,2026-09-30,24361690000172,TAB_I1_VL_DISP,442.07,9550222.56,4.62889736048204e-05
40226175000136,Classe,2026-09-30,48967968000118,TAB_I1_VL_DISP,0,0,
40902151000150,Classe,2026-09-30,62285390000140,TAB_I1_VL_DISP,1454.7,44644782.89,3.25838744380105e-05
40989019000127,Classe,2026-09-30,62285390000140,TAB_I1_VL_DISP,814.23,102232622.92,7.96448312430719e-06
41096982000144,Classe,2026-09-30,62285390000140,TAB_I1_VL_DISP,33803.22,234052907.9,0.000144425550202703
41251476000182,Classe,2026-09-30,62285390000140,TAB_I1_VL_DISP,0,66483918.27,0
41341232000190,Classe,2026-09-30,40434681000110,TAB_I1_VL_DISP,1988380.93,30288397.4,0.0656482713080092
41351648000190,Classe,2026-09-30,62285390000140,TAB_I1_VL_DISP,0,27359408.43,0
41801514000123,Classe,2026-09-30,62232889000190,TAB_I1_VL_DISP,1000,191926964.13,5.21031531204057e-06
41992676000196,Classe,2026-09-30,62285390000140,TAB_I1_VL_DISP,4087.54,403331089.22,1.01344530814743e-05
42031108000191,Classe,2026-09-30,16695922000109,TAB_I1_VL_DISP,0,5712117.51,0
42067232000107,Classe,2026-09-30,62285390000140,TAB_I1_VL_DISP,5581.77,56418514.49,9.89350756654423e-05
42196288000161,Classe,2026-09-30,62285390000140,TAB_I1_VL_DISP,14449.78,402257200.51,3.59217435553171e-05
42336359000184,Classe,2026-09-30,62285390000140,TAB_I1_VL_DISP,403262.68,66409349.73,0.00607237808591022
42533772000139,Classe,2026-09-30,62285390000140,TAB_I1_VL_DISP,518.44,264465549.49,1.960330942914e-06
42867211000176,Fundo,2026-09-30,16695922000109,TAB_I1_VL_DISP,0,0,
43122353000177,Classe,2026-09-30,24361690000172,TAB_I1_VL_DISP,26114.86,13689002.58,0.00190772555176186
43236160000147,Classe,2026-09-30,62285390000140,TAB_I1_VL_DISP,0,219240591.59,0
43702427000144,Classe,2026-09-30,24361690000172,TAB_I1_VL_DISP,405106.84,18580056.93,0.0218033153249332
44173512000125,Classe,2026-09-30,62232889000190,TAB_I1_VL_DISP,92.59,107822395.54,8.58726979087113e-07
44395590000174,Classe,2026-09-30,62285390000140,TAB_I1_VL_DISP,3157436.5,110007538.18,0.0287020012649828
44414972000106,Classe,2026-09-30,40434681000110,TAB_I1_VL_DISP,90625.17,13518168.21,0.0067039534197363
44415022000198,Classe,2026-09-30,40434681000110,TAB_I1_VL_DISP,111180.46,28658268.19,0.00387952472434448
44465412000172,Classe,2026-09-30,40434681000110,TAB_I1_VL_DISP,56791.84,22935380.19,0.00247616736803699
44465521000190,Classe,2026-09-30,40434681000110,TAB_I1_VL_DISP,1007.92,14553297.64,6.92571556586401e-05
44479362000182,Classe,2026-09-30,24361690000172,TAB_I1_VL_DISP,0,0,
44585152000179,Classe,2026-09-30,40434681000110,TAB_I1_VL_DISP,1424.71,17648686.03,8.07261230427136e-05
44585499000111,Classe,2026-09-30,40434681000110,TAB_I1_VL_DISP,1344152.88,22622552.55,0.0594164993994013
44680424000110,Classe,2026-09-30,16695922000109,TAB_I1_VL_DISP,-62248.13,51742488.92,-0.00120303702622893
44680449000113,Classe,2026-09-30,16695922000109,TAB_I1_VL_DISP,0,6402067.2,0
44705452000144,Classe,2026-09-30,62285390000140,TAB_I1_VL_DISP,1096.27,45228287.08,2.42385920576853e-05
44705662000132,Classe,2026-09-30,62285390000140,TAB_I1_VL_DISP,293610.17,23179933.79,0.0126665663784883
45018911000184,Classe,2026-09-30,16695922000109,TAB_I1_VL_DISP,0,0,
45019108000164,Classe,2026-09-30,16695922000109,TAB_I1_VL_DISP,0,14194939.69,0
45521676000169,Classe,2026-09-30,16695922000109,TAB_I1_VL_DISP,0.59,417963813.49,1.4116054571172e-09
45525150000157,Classe,2026-09-30,62285390000140,TAB_I1_VL_DISP,0.01,5514328.85,1.81345731675034e-09
45721977000136,Classe,2026-09-30,16695922000109,TAB_I1_VL_DISP,20940.48,52762108.42,0.000396884821836693
45756256000161,Classe,2026-09-30,62285390000140,TAB_I1_VL_DISP,959.65,30841264.53,3.11157799339429e-05
45777614000112,Classe,2026-09-30,62285390000140,TAB_I1_VL_DISP,136768.57,47323316.2,0.00289008845918537
45880798000141,Fundo,2026-09-30,24361690000172,TAB_I1_VL_DISP,0,0,
45899684000143,Classe,2026-09-30,16695922000109,TAB_I1_VL_DISP,0,133.14,0
45899975000131,Classe,2026-09-30,16695922000109,TAB_I1_VL_DISP,0,0,
46098515000177,Classe,2026-09-30,40434681000110,TAB_I1_VL_DISP,9747.1,68323980.39,0.00014266001401503
46098560000121,Classe,2026-09-30,40434681000110,TAB_I1_VL_DISP,2225306.05,114390994.79,0.0194535072807544
46322877000108,Classe,2026-09-30,62232889000190,TAB_I1_VL_DISP,910.28,30414869.57,2.99287819697857e-05
46449843000170,Classe,2026-09-30,62232889000190,TAB_I1_VL_DISP,0,301060799.09,0
46766050000185,Classe,2026-09-30,62285390000140,TAB_I1_VL_DISP,0,265215593.84,0
47094392000169,Classe,2026-09-30,16695922000109,TAB_I1_VL_DISP,0,1370067130.53,0
47167918000193,Classe,2026-09-30,62285390000140,TAB_I1_VL_DISP,507606.46,146458094.11,0.00346588191717662
47168002000158,Classe,2026-09-30,62285390000140,TAB_I1_VL_DISP,40251.15,20488999.87,0.00196452487946646
47410102000149,Classe,2026-09-30,62232889000190,TAB_I1_VL_DISP,910.28,92139390.89,9.87937939688284e-06
47410122000110,Classe,2026-09-30,62232889000190,TAB_I1_VL_DISP,910.28,57178808.22,1.5919884102824e-05
47425860000130,Classe,2026-09-30,24361690000172,TAB_I1_VL_DISP,56359.35,7004053.32,0.00804667632084788
47463381000109,Classe,2026-09-30,62232889000190,TAB_I1_VL_DISP,1000,160412253.77,6.23393772294856e-06
47465008000197,Classe,2026-09-30,16695922000109,TAB_I1_VL_DISP,100,4110031.65,2.43307128790602e-05
47640501000104,Classe,2026-09-30,40434681000110,TAB_I1_VL_DISP,0,55783081.79,0
47669160000191,Classe,2026-09-30,40434681000110,TAB_I1_VL_DISP,2498994.63,6533163.25,0.382509135984012
47669241000191,Classe,2026-09-30,40434681000110,TAB_I1_VL_DISP,52028.28,2551917.58,0.020387915506268
47669306000107,Classe,2026-09-30,40434681000110,TAB_I1_VL_DISP,4730.65,2853275.43,0.00165797172970434
47715992000105,Classe,2026-09-30,62285390000140,TAB_I1_VL_DISP,8860.05,26743281.1,0.000331300036329499
47731522000127,Classe,2026-09-30,40434681000110,TAB_I1_VL_DISP,1894.08,3595221.22,0.000526832671509432
48181830000199,Classe,2026-09-30,62232889000190,TAB_I1_VL_DISP,1000,236960438.8,4.22011372473876e-06
48213067000130,Classe,2026-09-30,24361690000172,TAB_I1_VL_DISP,2263293.21,134651079.81,0.0168085782393549
48213253000170,Classe,2026-09-30,40434681000110,TAB_I1_VL_DISP,18772.86,16082862.03,0.00116725866111282
48279539000158,Classe,2026-09-30,62232889000190,TAB_I1_VL_DISP,173.16,244775876.29,7.07422653835574e-07
48313744000192,Classe,2026-09-30,62285390000140,TAB_I1_VL_DISP,0,84327734.18,0
48357311000139,Classe,2026-09-30,16695922000109,TAB_I1_VL_DISP,0,0,
48502650000161,Classe,2026-09-30,16695922000109,TAB_I1_VL_DISP,0,32669191.03,0
49000918000120,Classe,2026-09-30,62285390000140,TAB_I1_VL_DISP,0,9836978.41,0
49087632000123,Classe,2026-09-30,24361690000172,TAB_I1_VL_DISP,0,0,
49141366000170,Classe,2026-09-30,40434681000110,TAB_I1_VL_DISP,37435.16,29920130.26,0.00125116968658545
49220648000162,Classe,2026-09-30,62285390000140,TAB_I1_VL_DISP,0,211156647.59,0
49223648000116,Classe,2026-09-30,16695922000109,TAB_I1_VL_DISP,0,0,
49261110000104,Classe,2026-09-30,40434681000110,TAB_I1_VL_DISP,583616.22,7711564.8,0.0756806478498372
49275773000170,Classe,2026-09-30,24361690000172,TAB_I1_VL_DISP,0,0,
49460350000120,Classe,2026-09-30,24361690000172,TAB_I1_VL_DISP,596.93,63195941.97,9.44570143892105e-06
49466992000136,Classe,2026-09-30,24361690000172,TAB_I1_VL_DISP,213441.13,3390281.21,0.0629567628108348
49815200000191,Classe,2026-09-30,00806535000154,TAB_I1_VL_DISP,4638.8,81271227.69,5.70780106545724e-05
49916055000135,Classe,2026-09-30,62285390000140,TAB_I1_VL_DISP,0,95336988.55,0
49916151000183,Classe,2026-09-30,62285390000140,TAB_I1_VL_DISP,1e+06,1247723019.13,0.000801459927137731
49934838000141,Classe,2026-09-30,16695922000109,TAB_I1_VL_DISP,10077.78,42118622.62,0.000239271357255035
50041351000119,Classe,2026-09-30,62232889000190,TAB_I1_VL_DISP,0,6629823.43,0
50133597000110,Classe,2026-09-30,16695922000109,TAB_I1_VL_DISP,0,0,
50153414000129,Classe,2026-09-30,16695922000109,TAB_I1_VL_DISP,53332.77,42504999.02,0.00125474111821306
50284896000156,Classe,2026-09-30,62285390000140,TAB_I1_VL_DISP,4836.96,35179495.76,0.000137493727397303
50327909000127,Classe,2026-09-30,62285390000140,TAB_I1_VL_DISP,0,958939238.18,0
50356663000111,Classe,2026-09-30,40434681000110,TAB_I1_VL_DISP,0,0,
50434429000165,Classe,2026-09-30,62285390000140,TAB_I1_VL_DISP,3530327.09,89038491.81,0.0396494484377992
50692376000182,Classe,2026-09-30,24361690000172,TAB_I1_VL_DISP,329940.5,5669289.66,0.0581978554258595
50695489000131,Classe,2026-09-30,62232889000190,TAB_I1_VL_DISP,77.94,23003393.12,3.38819580195915e-06
50791925000176,Classe,2026-09-30,24361690000172,TAB_I1_VL_DISP,222806.76,17901177.83,0.012446486042198
50808063000147,Classe,2026-09-30,62285390000140,TAB_I1_VL_DISP,250.89,71762017.38,3.49613917166608e-06
50818107000110,Classe,2026-09-30,16695922000109,TAB_I1_VL_DISP,0,0,
50823781000192,Classe,2026-09-30,24361690000172,TAB_I1_VL_DISP,0,0,
50824501000160,Classe,2026-09-30,24361690000172,TAB_I1_VL_DISP,613603.11,33772510,0.01816871502888
50946637000143,Fundo,2026-09-30,16695922000109,TAB_I1_VL_DISP,1886.76,14696991.44,0.000128377294611801
50948197000163,Classe,2026-09-30,16695922000109,TAB_I1_VL_DISP,0,0,
51027087000121,Classe,2026-09-30,62285390000140,TAB_I1_VL_DISP,0,51302161.34,0
51119641000109,Classe,2026-09-30,24361690000172,TAB_I1_VL_DISP,0,0,
51253601000147,Classe,2026-09-30,24361690000172,TAB_I1_VL_DISP,22293.75,9013208.43,0.00247345328504735
51294885000110,Classe,2026-09-30,24361690000172,TAB_I1_VL_DISP,725991.74,27353149,0.0265414318475727
51313788000127,Classe,2026-09-30,24361690000172,TAB_I1_VL_DISP,22953.85,9319257.52,0.0024630556619708
51364521000169,Classe,2026-09-30,62285390000140,TAB_I1_VL_DISP,1925.34,157209811.69,1.22469455265079e-05
51382517000123,Classe,2026-09-30,16695922000109,TAB_I1_VL_DISP,100,232916412.98,4.29338571380913e-07
51388032000147,Classe,2026-09-30,40434681000110,TAB_I1_VL_DISP,79179.51,7546838.44,0.0104917457329324
51476020000174,Classe,2026-09-30,62285390000140,TAB_I1_VL_DISP,8447.17,23212379.26,0.000363907977953657
51497411000175,Classe,2026-09-30,62232889000190,TAB_I1_VL_DISP,910.26,29067858.08,3.13150008333879e-05
51555510000166,Classe,2026-09-30,24361690000172,TAB_I1_VL_DISP,51024.99,151986895.09,0.000335719668263407
51581780000141,Classe,2026-09-30,40434681000110,TAB_I1_VL_DISP,418,15882582.73,2.63181377428279e-05
51730136000198,Classe,2026-09-30,40434681000110,TAB_I1_VL_DISP,102.2,1680864.58,6.08020427201815e-05
51731270000103,Classe,2026-09-30,24361690000172,TAB_I1_VL_DISP,114826.89,13296702.22,0.00863574201333058
51781164000134,Classe,2026-09-30,40434681000110,TAB_I1_VL_DISP,44404.14,2507286.02,0.017710041712752
51863167000117,Fundo,2026-09-30,40434681000110,TAB_I1_VL_DISP,0,0,
52043752000133,Classe,2026-09-30,40434681000110,TAB_I1_VL_DISP,91007.64,1036727.94,0.0877835317142123
52069691000183,Classe,2026-09-30,16695922000109,TAB_I1_VL_DISP,68.21,744705619.26,9.15932393094858e-08
52098409000196,Classe,2026-09-30,62232889000190,TAB_I1_VL_DISP,107.23,43019704.19,2.49257873848714e-06
52115758000179,Classe,2026-09-30,22610500000188,TAB_I1_VL_DISP,1000,156253124.15,6.39987203737456e-06
52148267000124,Classe,2026-09-30,62232889000190,TAB_I1_VL_DISP,910.29,165578654.6,5.49762891961558e-06
52200741000110,Classe,2026-09-30,24361690000172,TAB_I1_VL_DISP,81.11,180085557.84,4.5039702779533e-07
52200745000106,Classe,2026-09-30,24361690000172,TAB_I1_VL_DISP,85256.95,31781265.32,0.00268261660262934
52258572000179,Classe,2026-09-30,62232889000190,TAB_I1_VL_DISP,163.2,51397450.5,3.17525477260784e-06
52287219000117,Classe,2026-09-30,00806535000154,TAB_I1_VL_DISP,0,74221147.18,0
52348286000102,Classe,2026-09-30,16695922000109,TAB_I1_VL_DISP,0,0,
52430088000185,Classe,2026-09-30,62285390000140,TAB_I1_VL_DISP,0,3234423.57,0
52511370000197,Classe,2026-09-30,62232889000190,TAB_I1_VL_DISP,1000,36847885.49,2.71385993172223e-05
52511479000124,Classe,2026-09-30,62232889000190,TAB_I1_VL_DISP,23.68,52686342.73,4.49452339505745e-07
52607408000120,Classe,2026-09-30,62285390000140,TAB_I1_VL_DISP,0,8875848.63,0
52719781000172,Classe,2026-09-30,16695922000109,TAB_I1_VL_DISP,97.5,63643607.09,1.53196847975827e-06
52756013000199,Classe,2026-09-30,62285390000140,TAB_I1_VL_DISP,737212.78,600330107.75,0.00122801233934948
52989090000199,Classe,2026-09-30,62285390000140,TAB_I1_VL_DISP,0,925475503.77,0
53030737000113,Classe,2026-09-30,40434681000110,TAB_I1_VL_DISP,4500,66714192.17,6.74519147070413e-05
53032513000140,Classe,2026-09-30,62285390000140,TAB_I1_VL_DISP,464756.79,12458957.33,0.037303024457826
53109835000140,Classe,2026-09-30,62232889000190,TAB_I1_VL_DISP,101.4,113735509.49,8.91542144178951e-07
53121758000144,Classe,2026-09-30,62285390000140,TAB_I1_VL_DISP,0,88925989.57,0
53214754000100,Classe,2026-09-30,62285390000140,TAB_I1_VL_DISP,0,1024659.38,0
53292327000140,Classe,2026-09-30,16695922000109,TAB_I1_VL_DISP,0,29152140.96,0
53323818000101,Classe,2026-09-30,16695922000109,TAB_I1_VL_DISP,97.9,2522427.92,3.88118127078137e-05
53577135000180,Classe,2026-09-30,62285390000140,TAB_I1_VL_DISP,0,230099985.01,0
53604320000117,Classe,2026-09-30,24361690000172,TAB_I1_VL_DISP,1808194.3,110118356.68,0.016420462078403
53640662000192,Classe,2026-09-30,40434681000110,TAB_I1_VL_DISP,9870.29,18065757.2,0.00054635351791399
53765941000182,Classe,2026-09-30,24361690000172,TAB_I1_VL_DISP,361394.06,16272980.48,0.0222082279545634
53822280000180,Classe,2026-09-30,16695922000109,TAB_I1_VL_DISP,0,0,
53841740000117,Classe,2026-09-30,62285390000140,TAB_I1_VL_DISP,1790585.85,1892850547.19,0.000945973179265624
53872780000126,Classe,2026-09-30,00806535000154,TAB_I1_VL_DISP,67094.8,187824598.28,0.000357220516452154
53880657000157,Classe,2026-09-30,62285390000140,TAB_I1_VL_DISP,12726787.83,200744103.9,0.0633980654113747
54071756000150,Classe,2026-09-30,62285390000140,TAB_I1_VL_DISP,0,92284022.07,0
54083491000100,Classe,2026-09-30,62232889000190,TAB_I1_VL_DISP,1000,56304820.4,1.77604686933696e-05
54111764000183,Classe,2026-09-30,62285390000140,TAB_I1_VL_DISP,2198.83,71870101.71,3.05945024103682e-05
54148306000119,Classe,2026-09-30,16695922000109,TAB_I1_VL_DISP,0,0,
54379696000138,Classe,2026-09-30,16695922000109,TAB_I1_VL_DISP,0,10670721.65,0
54495443000120,Classe,2026-09-30,62285390000140,TAB_I1_VL_DISP,427205.75,190855803.49,0.00223836918861303
54585485000151,Classe,2026-09-30,16695922000109,TAB_I1_VL_DISP,100,13396089.96,7.46486477013775e-06
54585643000173,Classe,2026-09-30,24361690000172,TAB_I1_VL_DISP,0,0,
54857414000160,Classe,2026-09-30,24361690000172,TAB_I1_VL_DISP,1100,108159018.19,1.01702106621166e-05
54976450000143,Classe,2026-09-30,62232889000190,TAB_I1_VL_DISP,153.4,18403541.74,8.33535208424506e-06
54976534000187,Classe,2026-09-30,62285390000140,TAB_I1_VL_DISP,0,48982596.77,0
55074368000196,Classe,2026-09-30,24361690000172,TAB_I1_VL_DISP,100,52449374.48,1.90660043120499e-06
55175561000113,Classe,2026-09-30,62285390000140,TAB_I1_VL_DISP,5000.15,129126360.66,3.87229220621016e-05
55296116000101,Classe,2026-09-30,62285390000140,TAB_I1_VL_DISP,0,35497473.5,0
55331747000114,Classe,2026-09-30,00806535000154,TAB_I1_VL_DISP,1000,10966160.38,9.11896201904718e-05
55364405000109,Classe,2026-09-30,62232889000190,TAB_I1_VL_DISP,5071.3,34757888.49,0.000145903569529519
55401645000128,Classe,2026-09-30,62285390000140,TAB_I1_VL_DISP,16334.35,206263079.86,7.91918263369618e-05
55445774000118,Classe,2026-09-30,24361690000172,TAB_I1_VL_DISP,53779.69,25590491.49,0.00210154971118923
55466785000184,Classe,2026-09-30,00806535000154,TAB_I1_VL_DISP,197601.59,68995123.27,0.00286399357860007
55483719000112,Classe,2026-09-30,62285390000140,TAB_I1_VL_DISP,0,28796459.47,0
55508226000190,Classe,2026-09-30,62285390000140,TAB_I1_VL_DISP,68.64,44925252.9,1.52787119869502e-06
55523204000107,Classe,2026-09-30,24361690000172,TAB_I1_VL_DISP,1471455.67,117591731.67,0.0125132579400172
55595058000117,Classe,2026-09-30,62232889000190,TAB_I1_VL_DISP,1000.01,484328710.1,2.06473409307808e-06
55595705000190,Classe,2026-09-30,62232889000190,TAB_I1_VL_DISP,910.22,72378302.1,1.25758683692581e-05
55626390000100,Classe,2026-09-30,40434681000110,TAB_I1_VL_DISP,0,0,
55636084000146,Classe,2026-09-30,62285390000140,TAB_I1_VL_DISP,187055.84,33691789.46,0.00555197105876727
55690923000104,Classe,2026-09-30,40434681000110,TAB_I1_VL_DISP,1399.63,1969953.19,0.000710488963445878
55706529000117,Classe,2026-09-30,16695922000109,TAB_I1_VL_DISP,0,0,
55747288000154,Classe,2026-09-30,40434681000110,TAB_I1_VL_DISP,45733.72,6561850.99,0.00696963708406308
55790118000152,Classe,2026-09-30,40434681000110,TAB_I1_VL_DISP,155392.3,17220904.38,0.00902346918437509
55798735000102,Classe,2026-09-30,40434681000110,TAB_I1_VL_DISP,109.38,3368242.54,3.24739084852245e-05
55914922000104,Classe,2026-09-30,62285390000140,TAB_I1_VL_DISP,0,27783130.26,0
56030860000122,Classe,2026-09-30,62285390000140,TAB_I1_VL_DISP,11552.44,3497776.46,0.00330279539933778
56073212000153,Classe,2026-09-30,62285390000140,TAB_I1_VL_DISP,50,41442115.06,1.20650212778981e-06
56075525000140,Classe,2026-09-30,24361690000172,TAB_I1_VL_DISP,3095,85466155.68,3.62131650286016e-05
56125191000172,Classe,2026-09-30,62285390000140,TAB_I1_VL_DISP,6168.84,31006427.41,0.000198953588506958
56822599000101,Classe,2026-09-30,62232889000190,TAB_I1_VL_DISP,628.31,11725077.27,5.35868536753788e-05
56912548000162,Classe,2026-09-30,40434681000110,TAB_I1_VL_DISP,117834.43,15798554.73,0.00745855757148743
56924942000110,Classe,2026-09-30,62285390000140,TAB_I1_VL_DISP,0,2929114942.48,0
56975898000178,Classe,2026-09-30,62285390000140,TAB_I1_VL_DISP,10536.84,7607073.08,0.00138513721232714
56986018000169,Classe,2026-09-30,40434681000110,TAB_I1_VL_DISP,2462812.5,93124003.85,0.0264465916217154
57053395000108,Classe,2026-09-30,24361690000172,TAB_I1_VL_DISP,1213.89,77145234.49,1.57351261944424e-05
57088363000148,Classe,2026-09-30,62232889000190,TAB_I1_VL_DISP,35.62,107156104.7,3.32412232599567e-07
57127130000107,Classe,2026-09-30,62285390000140,TAB_I1_VL_DISP,0,1669318.13,0
57140603000106,Classe,2026-09-30,24361690000172,TAB_I1_VL_DISP,42375.67,103920960.24,0.000407768268327541
57182384000128,Classe,2026-09-30,62232889000190,TAB_I1_VL_DISP,0,44171693.18,0
57224939000157,Classe,2026-09-30,62285390000140,TAB_I1_VL_DISP,0,92457618.7,0
57270666000187,Classe,2026-09-30,24361690000172,TAB_I1_VL_DISP,2322.54,53797367.35,4.3172001055178e-05
57325152000181,Classe,2026-09-30,62285390000140,TAB_I1_VL_DISP,75627.87,22372040.76,0.00338046362472299
57340272000158,Classe,2026-09-30,62285390000140,TAB_I1_VL_DISP,109317.2,57656933.68,0.00189599399452489
57378463000109,Classe,2026-09-30,24361690000172,TAB_I1_VL_DISP,948.9,157624019.89,6.02002157197997e-06
57391433000132,Classe,2026-09-30,62232889000190,TAB_I1_VL_DISP,40.56,49716336.56,8.15828413886657e-07
57391980000118,Classe,2026-09-30,62232889000190,TAB_I1_VL_DISP,1000,22053193.55,4.53449065203529e-05
57441997000132,Classe,2026-09-30,16695922000109,TAB_I1_VL_DISP,0,0,
57533260000140,Classe,2026-09-30,62285390000140,TAB_I1_VL_DISP,86342.27,28338164.18,0.00304685474512626
57584175000100,Classe,2026-09-30,62232889000190,TAB_I1_VL_DISP,1.44,20256688.98,7.10876294453527e-08
57584525000139,Classe,2026-09-30,62232889000190,TAB_I1_VL_DISP,910.31,55434541.04,1.64213499908504e-05
57585602000175,Classe,2026-09-30,40434681000110,TAB_I1_VL_DISP,93583.61,4937412.57,0.0189539781562147
57691078000117,Classe,2026-09-30,39669186000101,TAB_I1_VL_DISP,0,0,
57740051000177,Classe,2026-09-30,16695922000109,TAB_I1_VL_DISP,0,65504535.38,0
57752597000148,Classe,2026-09-30,24361690000172,TAB_I1_VL_DISP,5756.62,71942623.99,8.00168200815162e-05
57821748000172,Classe,2026-09-30,40434681000110,TAB_I1_VL_DISP,116589.75,12273113.72,0.00949960642913362
57823707000115,Classe,2026-09-30,62285390000140,TAB_I1_VL_DISP,5000,184683260.51,2.70733795049566e-05
57888289000144,Classe,2026-09-30,40434681000110,TAB_I1_VL_DISP,250.49,13063346.12,1.91750258853281e-05
57998329000100,Classe,2026-09-30,40434681000110,TAB_I1_VL_DISP,505137.49,19583632.41,0.0257938608846672
58036896000149,Classe,2026-09-30,24361690000172,TAB_I1_VL_DISP,963214.13,343081543.13,0.00280753701062555
58114311000161,Classe,2026-09-30,24361690000172,TAB_I1_VL_DISP,3159.25,53849289.96,5.86683687444483e-05
58114447000171,Classe,2026-09-30,16695922000109,TAB_I1_VL_DISP,0,0,
58157393000121,Classe,2026-09-30,16695922000109,TAB_I1_VL_DISP,0,10300054.98,0
58238421000135,Classe,2026-09-30,40434681000110,TAB_I1_VL_DISP,174474.86,9433923.6,0.0184944109574939
58307031000170,Classe,2026-09-30,24361690000172,TAB_I1_VL_DISP,239.3,3026040.7,7.90802318025663e-05
58364147000140,Classe,2026-09-30,62285390000140,TAB_I1_VL_DISP,0,11618876.04,0
58423669000176,Classe,2026-09-30,16695922000109,TAB_I1_VL_DISP,0,0,
58482694000120,Classe,2026-09-30,24361690000172,TAB_I1_VL_DISP,100,147365215.24,6.78586190351226e-07
58559343000170,Classe,2026-09-30,16695922000109,TAB_I1_VL_DISP,0,0,
58731626000158,Classe,2026-09-30,62232889000190,TAB_I1_VL_DISP,10516.39,36632035.06,0.000287081784639458
58900579000129,Classe,2026-09-30,62285390000140,TAB_I1_VL_DISP,0,4361769872.69,0
58922423000149,Classe,2026-09-30,24361690000172,TAB_I1_VL_DISP,4714.06,164926677.29,2.85827622156663e-05
58944590000190,Classe,2026-09-30,18945670000146,TAB_I1_VL_DISP,10.97,66648302.38,1.64595340140155e-07
58954874000168,Classe,2026-09-30,16695922000109,TAB_I1_VL_DISP,0,43796715.54,0
59291327000102,Classe,2026-09-30,24361690000172,TAB_I1_VL_DISP,92.5,13442326.88,6.88124911897694e-06
59357545000100,Classe,2026-09-30,16695922000109,TAB_I1_VL_DISP,0,6570014.14,0
59400011000101,Classe,2026-09-30,62232889000190,TAB_I1_VL_DISP,0,6233147.29,0
59400337000139,Classe,2026-09-30,16695922000109,TAB_I1_VL_DISP,20,385504168.13,5.18801135069844e-08
59657112000162,Classe,2026-09-30,18945670000146,TAB_I1_VL_DISP,816.34,13283664.72,6.14544267118479e-05
59710430000140,Classe,2026-09-30,40434681000110,TAB_I1_VL_DISP,162216.51,20401114.69,0.0079513552305803
59843866000107,Classe,2026-09-30,62285390000140,TAB_I1_VL_DISP,216.45,156068967.47,1.38688685847561e-06
59870750000167,Classe,2026-09-30,40434681000110,TAB_I1_VL_DISP,141008.29,64991183.34,0.00216965260137391
59936269000127,Classe,2026-09-30,24361690000172,TAB_I1_VL_DISP,4228.85,4457691.3,0.000948663717471867
60043514000156,Classe,2026-09-30,40434681000110,TAB_I1_VL_DISP,45511.72,45236166.62,0.00100609143967292
60058603000176,Classe,2026-09-30,62285390000140,TAB_I1_VL_DISP,1493006.35,54589199.39,0.0273498488104498
60078440000193,Classe,2026-09-30,24361690000172,TAB_I1_VL_DISP,8585.14,34976446.31,0.00024545489624386
60079965000143,Classe,2026-09-30,40434681000110,TAB_I1_VL_DISP,14.49,25212.83,0.000574707400954197
60095481000198,Classe,2026-09-30,62232889000190,TAB_I1_VL_DISP,910.3,40032152.86,2.27392217246844e-05
60115778000178,Classe,2026-09-30,24361690000172,TAB_I1_VL_DISP,2406.37,45750406.28,5.25977842748023e-05
60282653000132,Classe,2026-09-30,16695922000109,TAB_I1_VL_DISP,0,0,
60331197000173,Classe,2026-09-30,24361690000172,TAB_I1_VL_DISP,3100,1446049.1,0.00214377229652852
60368384000121,Classe,2026-09-30,24361690000172,TAB_I1_VL_DISP,870002.39,24429541.79,0.0356127183014185
60369537000155,Classe,2026-09-30,62285390000140,TAB_I1_VL_DISP,250000,135700398.09,0.00184229378482879
60369959000120,Classe,2026-09-30,62285390000140,TAB_I1_VL_DISP,0,19226087.99,0
60401316000117,Classe,2026-09-30,62285390000140,TAB_I1_VL_DISP,717504.11,37840733.78,0.018961157417598
60604288000135,Classe,2026-09-30,40434681000110,TAB_I1_VL_DISP,30397.32,9278389.14,0.00327614196185783
60606404000155,Classe,2026-09-30,18945670000146,TAB_I1_VL_DISP,36.62,80751461.57,4.5349024386705e-07
60675473000110,Classe,2026-09-30,16695922000109,TAB_I1_VL_DISP,1118.4,7673074.19,0.0001457564428945
60681487000147,Classe,2026-09-30,24361690000172,TAB_I1_VL_DISP,248244.83,5068039.93,0.0489824139960949
60686437000152,Classe,2026-09-30,24361690000172,TAB_I1_VL_DISP,168235.9,11333601.22,0.0148439932493054
60696087000105,Classe,2026-09-30,62285390000140,TAB_I1_VL_DISP,23.2,18018090.78,1.28759480031879e-06
60736775000151,Classe,2026-09-30,62285390000140,TAB_I1_VL_DISP,10446452.96,100865925.08,0.103567710817252
60792713000167,Classe,2026-09-30,16695922000109,TAB_I1_VL_DISP,70,1922460.67,3.64116681773261e-05
60866189000121,Classe,2026-09-30,62285390000140,TAB_I1_VL_DISP,881757,32611562.71,0.0270381707200317
60894511000126,Classe,2026-09-30,16695922000109,TAB_I1_VL_DISP,100.04,2579588,3.87813867951006e-05
60910091000124,Classe,2026-09-30,62285390000140,TAB_I1_VL_DISP,200,22912312.9,8.72893107181685e-06
60931216000100,Classe,2026-09-30,24361690000172,TAB_I1_VL_DISP,75030.8,5685664.14,0.0131964882470177
60974918000163,Classe,2026-09-30,24361690000172,TAB_I1_VL_DISP,256651.56,6294095.07,0.0407765623406766
61084525000147,Classe,2026-09-30,40434681000110,TAB_I1_VL_DISP,10097,3089465.27,0.00326820310881825
61130895000173,Classe,2026-09-30,16695922000109,TAB_I1_VL_DISP,0,55578297.19,0
61138429000134,Classe,2026-09-30,24361690000172,TAB_I1_VL_DISP,294544.7,19752446.21,0.0149118087384479
61279682000108,Classe,2026-09-30,40434681000110,TAB_I1_VL_DISP,1108.63,8669375.8,0.000127878872202079
61306033000159,Classe,2026-09-30,62285390000140,TAB_I1_VL_DISP,38651,22456849.16,0.00172112301795414
61328619000114,Classe,2026-09-30,40434681000110,TAB_I1_VL_DISP,357872.74,10228468.76,0.0349879095685873
61350212000193,Classe,2026-09-30,16695922000109,TAB_I1_VL_DISP,21000,10104247.8,0.00207833382708607
61351481000174,Classe,2026-09-30,62285390000140,TAB_I1_VL_DISP,587739.49,507654428.84,0.00115775507236881
61371110000154,Classe,2026-09-30,16695922000109,TAB_I1_VL_DISP,0,0,
61385893000125,Classe,2026-09-30,62285390000140,TAB_I1_VL_DISP,80499.96,401107108.13,0.000200694423929056
61430639000100,Classe,2026-09-30,24361690000172,TAB_I1_VL_DISP,1442502.62,61314144.92,0.0235264248059255
61527968000165,Classe,2026-09-30,16695922000109,TAB_I1_VL_DISP,0,0,
61543748000125,Classe,2026-09-30,24361690000172,TAB_I1_VL_DISP,0,14888141.78,0
61631599000156,Classe,2026-09-30,16695922000109,TAB_I1_VL_DISP,9630.76,425109106.32,2.26547958084682e-05
61664240000185,Classe,2026-09-30,24361690000172,TAB_I1_VL_DISP,48074.62,49504875.82,0.000971108788855457
61690116000194,Classe,2026-09-30,40434681000110,TAB_I1_VL_DISP,59471.03,6295220.97,0.0094470123103558
61750443000194,Classe,2026-09-30,24361690000172,TAB_I1_VL_DISP,2123.04,12754789.38,0.000166450416133802
61766813000181,Classe,2026-09-30,40434681000110,TAB_I1_VL_DISP,983464.77,43020619.62,0.0228603116060837
61866286000187,Classe,2026-09-30,16695922000109,TAB_I1_VL_DISP,0,7725106.74,0
61955311000107,Classe,2026-09-30,16695922000109,TAB_I1_VL_DISP,0,9724323.01,0
61975703000120,Classe,2026-09-30,24361690000172,TAB_I1_VL_DISP,5286810.75,70116672.61,0.0754001944645331
62016007000159,Classe,2026-09-30,62285390000140,TAB_I1_VL_DISP,0,3629674.39,0
62161418000138,Classe,2026-09-30,62285390000140,TAB_I1_VL_DISP,231860.04,70750242.24,0.00327716248961355
62164403000123,Classe,2026-09-30,16695922000109,TAB_I1_VL_DISP,0,7149114.01,0
62230042000176,Classe,2026-09-30,16695922000109,TAB_I1_VL_DISP,0,28720201.28,0
62303024000177,Classe,2026-09-30,62232889000190,TAB_I1_VL_DISP,1000,302245585.52,3.30856776048373e-06
62359337000147,Classe,2026-09-30,40434681000110,TAB_I1_VL_DISP,9877.48,23458244.92,0.000421066453764351
62497138000103,Classe,2026-09-30,16695922000109,TAB_I1_VL_DISP,0,4041792.81,0
62541630000120,Classe,2026-09-30,62232889000190,TAB_I1_VL_DISP,999.99,41983411.22,2.38186934063049e-05
62627243000101,Classe,2026-09-30,62285390000140,TAB_I1_VL_DISP,0,77544315.4,0
62627291000108,Classe,2026-09-30,62285390000140,TAB_I1_VL_DISP,33211907.69,604900476.78,0.0549047470863195
62741028000137,Classe,2026-09-30,40434681000110,TAB_I1_VL_DISP,822.79,13306124.92,6.18354333020947e-05
62762366000155,Classe,2026-09-30,16695922000109,TAB_I1_VL_DISP,0,3429775.37,0
62772042000106,Classe,2026-09-30,24361690000172,TAB_I1_VL_DISP,1600683.83,49867133.96,0.0320989738709259
62951957000170,Classe,2026-09-30,16695922000109,TAB_I1_VL_DISP,100,12375932.68,8.08019909170999e-06
62966067000132,Classe,2026-09-30,40434681000110,TAB_I1_VL_DISP,9984.6,37177713.43,0.000268564122933474
62967950000147,Classe,2026-09-30,40434681000110,TAB_I1_VL_DISP,9984.61,36226090.17,0.000275619310644475
62968483000170,Classe,2026-09-30,40434681000110,TAB_I1_VL_DISP,41868.04,76351040.17,0.000548362404844497
62972105000160,Classe,2026-09-30,62285390000140,TAB_I1_VL_DISP,20987.92,36706522.71,0.000571776307056245
63098061000153,Classe,2026-09-30,16695922000109,TAB_I1_VL_DISP,0,31084424.25,0
63212782000142,Classe,2026-09-30,62285390000140,TAB_I1_VL_DISP,0,28870347.66,0
63249135000105,Classe,2026-09-30,40434681000110,TAB_I1_VL_DISP,799.86,4276109.48,0.000187053208937017
63310209000171,Classe,2026-09-30,62285390000140,TAB_I1_VL_DISP,40811.67,2109141.46,0.0193498969955292
63322011000108,Classe,2026-09-30,62285390000140,TAB_I1_VL_DISP,0,633663020.08,0
63457029000117,Classe,2026-09-30,16695922000109,TAB_I1_VL_DISP,0,1523827.7,0
63458316000141,Classe,2026-09-30,16695922000109,TAB_I1_VL_DISP,0,5211791.26,0
63459064000175,Classe,2026-09-30,16695922000109,TAB_I1_VL_DISP,0,4021060.87,0
63516387000153,Classe,2026-09-30,62285390000140,TAB_I1_VL_DISP,4993.65,88338043.12,5.65288727668162e-05
63565588000140,Classe,2026-09-30,62285390000140,TAB_I1_VL_DISP,400766.4,11440833.48,0.0350294758419996
63566193000162,Classe,2026-09-30,16695922000109,TAB_I1_VL_DISP,0,3526305.01,0
63604811000111,Classe,2026-09-30,40434681000110,TAB_I1_VL_DISP,421387.48,72157979.24,0.00583979047692633
63606548000108,Classe,2026-09-30,40434681000110,TAB_I1_VL_DISP,9985.24,18708119.03,0.000533738318854389
63606839000198,Classe,2026-09-30,40434681000110,TAB_I1_VL_DISP,275733.35,53613140.96,0.00514301801876747
63622544000105,Classe,2026-09-30,16695922000109,TAB_I1_VL_DISP,0,1889422.1,0
63659752000189,Classe,2026-09-30,16695922000109,TAB_I1_VL_DISP,10,32710945.96,3.05708065191032e-07
63697245000130,Classe,2026-09-30,24361690000172,TAB_I1_VL_DISP,11775.58,10394280.51,0.00113289034182511
63699134000162,Classe,2026-09-30,24361690000172,TAB_I1_VL_DISP,81332.81,20003299.37,0.00406596974307044
63709161000179,Classe,2026-09-30,40434681000110,TAB_I1_VL_DISP,10000,108124232.35,9.24862057529327e-05
63796349000100,Classe,2026-09-30,62285390000140,TAB_I1_VL_DISP,356784.61,1916167.79,0.186196956165305
63863686000164,Classe,2026-09-30,24361690000172,TAB_I1_VL_DISP,0,56531662.82,0
63887027000168,Classe,2026-09-30,40434681000110,TAB_I1_VL_DISP,0,0,
63894672000108,Classe,2026-09-30,16695922000109,TAB_I1_VL_DISP,0,52783160.67,0
63938673000107,Classe,2026-09-30,62285390000140,TAB_I1_VL_DISP,0,106506235.35,0
63974821000149,Classe,2026-09-30,62285390000140,TAB_I1_VL_DISP,0,10108347.15,0
64019393000168,Classe,2026-09-30,16695922000109,TAB_I1_VL_DISP,0,131324281.98,0
64029467000147,Classe,2026-09-30,16695922000109,TAB_I1_VL_DISP,0,8924582.61,0
64039922000195,Classe,2026-09-30,62285390000140,TAB_I1_VL_DISP,0,56417369.07,0
64054825000171,Classe,2026-09-30,40434681000110,TAB_I1_VL_DISP,590.32,8693755.28,6.79016122478203e-05
64155784000100,Classe,2026-09-30,18945670000146,TAB_I1_VL_DISP,17.57,34660357.54,5.06919179345546e-07
64276414000120,Classe,2026-09-30,24361690000172,TAB_I1_VL_DISP,107000.17,16326240.32,0.0065538769430536
64276709000105,Classe,2026-09-30,24361690000172,TAB_I1_VL_DISP,2543236.59,96852442.87,0.0262588791220646
64282009000115,Classe,2026-09-30,40434681000110,TAB_I1_VL_DISP,327.78,17845441.47,1.83677159542974e-05
64291147000160,Classe,2026-09-30,62232889000190,TAB_I1_VL_DISP,0,21094843.39,0
64310285000140,Classe,2026-09-30,40434681000110,TAB_I1_VL_DISP,685493.24,13901451.33,0.0493109117693829
64382297000180,Classe,2026-09-30,62232889000190,TAB_I1_VL_DISP,910.31,18666724.54,4.87664559494271e-05
64432874000109,Classe,2026-09-30,40434681000110,TAB_I1_VL_DISP,400.52,10744175.58,3.72778718122922e-05
64530753000191,Classe,2026-09-30,24361690000172,TAB_I1_VL_DISP,3768.67,4178799.3,0.000901854750478206
64598309000108,Classe,2026-09-30,16695922000109,TAB_I1_VL_DISP,5500,7216639.11,0.000762127621482239
64630838000141,Classe,2026-09-30,62285390000140,TAB_I1_VL_DISP,120009.57,16762294.34,0.00715949544649268
64636877000156,Classe,2026-09-30,16695922000109,TAB_I1_VL_DISP,0,3184456.43,0
64637478000100,Classe,2026-09-30,00806535000154,TAB_I1_VL_DISP,8556.7,76790679.88,0.00011142888711718
64656737000140,Classe,2026-09-30,62232889000190,TAB_I1_VL_DISP,330.4,60708407.98,5.44240923117022e-06
64721990000130,Classe,2026-09-30,40434681000110,TAB_I1_VL_DISP,9044.54,16547718,0.000546573249556223
64987557000140,Classe,2026-09-30,24361690000172,TAB_I1_VL_DISP,389680.96,5719426.45,0.0681328737079922
65014891000180,Classe,2026-09-30,40434681000110,TAB_I1_VL_DISP,37.67,1040044.11,3.62196176467939e-05
65095860000100,Classe,2026-09-30,00806535000154,TAB_I1_VL_DISP,0,15291505.04,0
65190945000169,Classe,2026-09-30,40434681000110,TAB_I1_VL_DISP,4.95,15218382.43,3.25264529444474e-07
65343721000140,Classe,2026-09-30,62232889000190,TAB_I1_VL_DISP,826.63,62224520.33,1.32846343469756e-05
65619110000181,Classe,2026-09-30,16695922000109,TAB_I1_VL_DISP,0,1368681.7,0
65659857000163,Classe,2026-09-30,24361690000172,TAB_I1_VL_DISP,415452.26,33054826.01,0.0125685810560405
65675575000150,Classe,2026-09-30,62285390000140,TAB_I1_VL_DISP,0,7455886.05,0
65706613000194,Classe,2026-09-30,24361690000172,TAB_I1_VL_DISP,1713.27,4178247.67,0.000410045103908357
65784807000108,Classe,2026-09-30,24361690000172,TAB_I1_VL_DISP,6566.14,6566.14,1
65784847000150,Classe,2026-09-30,24361690000172,TAB_I1_VL_DISP,5566.99,220730609.24,2.52207431455373e-05
65804305000100,Classe,2026-09-30,62232889000190,TAB_I1_VL_DISP,1000,11091783.24,9.01568285605985e-05
65804737000102,Classe,2026-09-30,00806535000154,TAB_I1_VL_DISP,0,187469323.23,0
65900819000150,Classe,2026-09-30,24361690000172,TAB_I1_VL_DISP,5.76,2674542.69,2.15363920775555e-06
66004736000146,Classe,2026-09-30,16695922000109,TAB_I1_VL_DISP,90.1,42617517.09,2.11415413548673e-06
66107567000170,Classe,2026-09-30,40434681000110,TAB_I1_VL_DISP,9044.44,2103819.3,0.00429905743330713
66146849000186,Classe,2026-09-30,24361690000172,TAB_I1_VL_DISP,1119339.58,10535367.29,0.106245900042086
66147948000182,Classe,2026-09-30,24361690000172,TAB_I1_VL_DISP,100,2521151.44,3.96644161923093e-05
66188571000100,Classe,2026-09-30,40434681000110,TAB_I1_VL_DISP,103428.57,1158440.72,0.0892825745973432
66226431000189,Classe,2026-09-30,62232889000190,TAB_I1_VL_DISP,472.76,583830.71,0.000809755279916673
66247874000156,Classe,2026-09-30,40434681000110,TAB_I1_VL_DISP,3571976.42,31705213.46,0.112662115475314
66279914000141,Classe,2026-09-30,24361690000172,TAB_I1_VL_DISP,393.47,35113892.63,1.12055363427248e-05
66289666000110,Classe,2026-09-30,62285390000140,TAB_I1_VL_DISP,712526.65,6513252.46,0.109396442772003
66320254000103,Classe,2026-09-30,62285390000140,TAB_I1_VL_DISP,18930.45,104410835.55,0.000181307331756144
66575588000110,Classe,2026-09-30,62285390000140,TAB_I1_VL_DISP,0,95068964.05,0
66584882000198,Classe,2026-09-30,62285390000140,TAB_I1_VL_DISP,3567.99,5229736.96,0.000682250374596278
66589036000160,Classe,2026-09-30,62285390000140,TAB_I1_VL_DISP,955.55,527629322.54,1.81102520117721e-06
66614411000185,Classe,2026-09-30,62232889000190,TAB_I1_VL_DISP,910.28,84677412.84,1.07499741604056e-05
66625873000106,Classe,2026-09-30,40434681000110,TAB_I1_VL_DISP,423.33,6167513.9,6.8638677895805e-05
66687692000104,Classe,2026-09-30,62285390000140,TAB_I1_VL_DISP,0,44391739.09,0
66790149000120,Classe,2026-09-30,16695922000109,TAB_I1_VL_DISP,54041.75,105199.36,0.513707973128354
66790195000129,Classe,2026-09-30,24361690000172,TAB_I1_VL_DISP,3139.84,98508166.58,3.18739055756366e-05
67220127000197,Classe,2026-09-30,24361690000172,TAB_I1_VL_DISP,13961277.14,173303605.72,0.0805596460731273
67220139000111,Classe,2026-09-30,40434681000110,TAB_I1_VL_DISP,930.83,21702512.09,4.2890426515597e-05
67851316000168,Classe,2026-09-30,62285390000140,TAB_I1_VL_DISP,0,78570120.4,0
67873873000180,Classe,2026-09-30,62285390000140,TAB_I1_VL_DISP,28149.86,6106835.88,0.0046095655021926
68099385000120,Classe,2026-09-30,40434681000110,TAB_I1_VL_DISP,35.7,7171598.08,4.97796998685124e-06
68119920000167,Classe,2026-09-30,40434681000110,TAB_I1_VL_DISP,15757.19,2028525.1,0.00776780627461795
68234432000109,Classe,2026-09-30,40434681000110,TAB_I1_VL_DISP,37352.91,6496187.71,0.00574997393355803
68250073000175,Classe,2026-09-30,16695922000109,TAB_I1_VL_DISP,0,467617.25,0
68564198000170,Classe,2026-09-30,16695922000109,TAB_I1_VL_DISP,0.08,13233022.61,6.04548200042711e-09
68706406000128,Classe,2026-09-30,62285390000140,TAB_I1_VL_DISP,0,2008326.55,0
09260031000156,Classe,2026-09-30,62285390000140,TAB_I2_VL_CARTEIRA,66569700.67,66607652.46,0.999430218772193
16802124000120,Classe,2026-09-30,62285390000140,TAB_I2_VL_CARTEIRA,385017818.6,385139273.91,0.999684645741872
16858989000109,Classe,2026-09-30,16695922000109,TAB_I2_VL_CARTEIRA,0,0,
17047287000108,Classe,2026-09-30,24361690000172,TAB_I2_VL_CARTEIRA,58017901.04,59352937.69,0.977506814288235
17198845000136,Classe,2026-09-30,62285390000140,TAB_I2_VL_CARTEIRA,1607435228.61,1607530070.59,0.999941001427137
19388377000198,Classe,2026-09-30,24361690000172,TAB_I2_VL_CARTEIRA,186787082.1,186815105.11,0.999849996016203
20906292000133,Classe,2026-09-30,24361690000172,TAB_I2_VL_CARTEIRA,14256208.26,17762628.75,0.802595632698792
21254441000190,Classe,2026-09-30,62285390000140,TAB_I2_VL_CARTEIRA,69285668.91,69957310.4,0.990399266550419
21917325000103,Classe,2026-09-30,24361690000172,TAB_I2_VL_CARTEIRA,278228784.88,279463679.75,0.995581197273632
23980344000100,Classe,2026-09-30,62285390000140,TAB_I2_VL_CARTEIRA,20180937.49,20186622.61,0.999718371908475
25354121000162,Classe,2026-09-30,16695922000109,TAB_I2_VL_CARTEIRA,0,0,
26000055000195,Classe,2026-09-30,24361690000172,TAB_I2_VL_CARTEIRA,2575655.5,3109803.76,0.828237309739442
26199650000100,Classe,2026-09-30,24361690000172,TAB_I2_VL_CARTEIRA,56129835.74,56209866.66,0.998576212242522
26631527000108,Fundo,2026-09-30,16695922000109,TAB_I2_VL_CARTEIRA,0,0,
27531244000157,Classe,2026-09-30,16695922000109,TAB_I2_VL_CARTEIRA,24375444.45,24375444.45,1
28079865000104,Classe,2026-09-30,62285390000140,TAB_I2_VL_CARTEIRA,34519557.29,34858860.02,0.990266384792695
28079873000150,Classe,2026-09-30,62285390000140,TAB_I2_VL_CARTEIRA,754914753.36,754944442.47,0.999960673781632
29249995000100,Classe,2026-09-30,24361690000172,TAB_I2_VL_CARTEIRA,21121430.13,22632626.43,0.933229300422823
29550273000191,Classe,2026-09-30,62232889000190,TAB_I2_VL_CARTEIRA,13137164.57,13139414.06,0.999828798301832
30366120000178,Classe,2026-09-30,62285390000140,TAB_I2_VL_CARTEIRA,283402282.07,283431441.77,0.999897119035849
31024416000173,Classe,2026-09-30,62285390000140,TAB_I2_VL_CARTEIRA,38772077.18,38785914.33,0.999643242908179
32156038000144,Classe,2026-09-30,62285390000140,TAB_I2_VL_CARTEIRA,239264432.77,239282080.98,0.999926245166676
32525937000177,Classe,2026-09-30,62285390000140,TAB_I2_VL_CARTEIRA,78994171.82,78996349.19,0.999972437080671
32525986000100,Classe,2026-09-30,62285390000140,TAB_I2_VL_CARTEIRA,57166279.24,57173668.36,0.999870760085684
32907653000145,Classe,2026-09-30,16695922000109,TAB_I2_VL_CARTEIRA,23721857.76,23721857.76,1
32999032000139,Classe,2026-09-30,62285390000140,TAB_I2_VL_CARTEIRA,86847161.11,86872299.79,0.999710624905053
33304615000160,Classe,2026-09-30,24361690000172,TAB_I2_VL_CARTEIRA,25984584.67,26007286.86,0.999127083493092
33490076000100,Classe,2026-09-30,40434681000110,TAB_I2_VL_CARTEIRA,112775629.29,122682076.38,0.91925106435829
33521644000184,Classe,2026-09-30,16695922000109,TAB_I2_VL_CARTEIRA,107342274.18,107342274.18,1
33632618000123,Classe,2026-09-30,62285390000140,TAB_I2_VL_CARTEIRA,71793219.16,71807386.67,0.999802701217006
34027968000123,Classe,2026-09-30,16695922000109,TAB_I2_VL_CARTEIRA,0,0,
34218960000144,Classe,2026-09-30,62285390000140,TAB_I2_VL_CARTEIRA,110699216.44,110815788.57,0.998948054861999
34599321000176,Classe,2026-09-30,16695922000109,TAB_I2_VL_CARTEIRA,107327443.81,107339422.21,0.99988840633056
35277363000153,Classe,2026-09-30,16695922000109,TAB_I2_VL_CARTEIRA,218625467.39,218645507.12,0.999908346024284
35686949000171,Classe,2026-09-30,16695922000109,TAB_I2_VL_CARTEIRA,20000028.24,20000028.24,1
35715919000146,Classe,2026-09-30,00806535000154,TAB_I2_VL_CARTEIRA,877683.76,878721.17,0.998819409346881
36113052000111,Classe,2026-09-30,62285390000140,TAB_I2_VL_CARTEIRA,30888325.07,32595663.24,0.947620695506977
36420767000117,Classe,2026-09-30,62285390000140,TAB_I2_VL_CARTEIRA,0.01,15277.04,6.54577064666977e-07
36953080000147,Classe,2026-09-30,62285390000140,TAB_I2_VL_CARTEIRA,591765186.82,591794522.28,0.999950429652699
37606580000175,Fundo,2026-09-30,48967968000118,TAB_I2_VL_CARTEIRA,0,0,
38134439000180,Classe,2026-09-30,16695922000109,TAB_I2_VL_CARTEIRA,0,0,
39273409000117,Classe,2026-09-30,16695922000109,TAB_I2_VL_CARTEIRA,31908373.53,31931495.54,0.999275887032255
39469320000120,Classe,2026-09-30,16695922000109,TAB_I2_VL_CARTEIRA,70589112.12,70715839.89,0.998207929507772
39806180000139,Classe,2026-09-30,62285390000140,TAB_I2_VL_CARTEIRA,234940564.57,234964190.31,0.999899449614136
39851520000143,Classe,2026-09-30,24361690000172,TAB_I2_VL_CARTEIRA,9548514.77,9550222.56,0.999821177989385
40226175000136,Classe,2026-09-30,48967968000118,TAB_I2_VL_CARTEIRA,0,0,
40902151000150,Classe,2026-09-30,62285390000140,TAB_I2_VL_CARTEIRA,44635945.31,44644782.89,0.999802046747057
40989019000127,Classe,2026-09-30,62285390000140,TAB_I2_VL_CARTEIRA,102218150.05,102232622.92,0.99985843198006
41096982000144,Classe,2026-09-30,62285390000140,TAB_I2_VL_CARTEIRA,233994295.26,234052907.9,0.999749575254049
41251476000182,Classe,2026-09-30,62285390000140,TAB_I2_VL_CARTEIRA,66473881.51,66483918.27,0.999849034770194
41341232000190,Classe,2026-09-30,40434681000110,TAB_I2_VL_CARTEIRA,26070049.35,30288397.4,0.860727261522262
41351648000190,Classe,2026-09-30,62285390000140,TAB_I2_VL_CARTEIRA,27350641.19,27359408.43,0.999679553012909
41801514000123,Classe,2026-09-30,62232889000190,TAB_I2_VL_CARTEIRA,191359157.31,191926964.13,0.997041547431473
41992676000196,Classe,2026-09-30,62285390000140,TAB_I2_VL_CARTEIRA,398303380.63,403331089.22,0.987534537444849
42031108000191,Classe,2026-09-30,16695922000109,TAB_I2_VL_CARTEIRA,4101455.27,5712117.51,0.718027117407814
42067232000107,Classe,2026-09-30,62285390000140,TAB_I2_VL_CARTEIRA,56405549.84,56418514.49,0.999770205753959
42196288000161,Classe,2026-09-30,62285390000140,TAB_I2_VL_CARTEIRA,402204455.56,402257200.51,0.999868877549157
42336359000184,Classe,2026-09-30,62285390000140,TAB_I2_VL_CARTEIRA,65983527.9,66409349.73,0.993587923511806
42533772000139,Classe,2026-09-30,62285390000140,TAB_I2_VL_CARTEIRA,264447311.91,264465549.49,0.999931039864984
42867211000176,Fundo,2026-09-30,16695922000109,TAB_I2_VL_CARTEIRA,0,0,
43122353000177,Classe,2026-09-30,24361690000172,TAB_I2_VL_CARTEIRA,13498884.09,13689002.58,0.986111589293016
43236160000147,Classe,2026-09-30,62285390000140,TAB_I2_VL_CARTEIRA,219213182.07,219240591.59,0.999874979720675
43702427000144,Classe,2026-09-30,24361690000172,TAB_I2_VL_CARTEIRA,15452112.05,18580056.93,0.831650414647034
44173512000125,Classe,2026-09-30,62232889000190,TAB_I2_VL_CARTEIRA,107817019.06,107822395.54,0.999950135776774
44395590000174,Classe,2026-09-30,62285390000140,TAB_I2_VL_CARTEIRA,106838336.93,110007538.18,0.97119105379111
44414972000106,Classe,2026-09-30,40434681000110,TAB_I2_VL_CARTEIRA,13303981.25,13518168.21,0.984155622516847
44415022000198,Classe,2026-09-30,40434681000110,TAB_I2_VL_CARTEIRA,20435638.41,28658268.19,0.713080018461506
44465412000172,Classe,2026-09-30,40434681000110,TAB_I2_VL_CARTEIRA,22818609.21,22935380.19,0.994908696562575
44465521000190,Classe,2026-09-30,40434681000110,TAB_I2_VL_CARTEIRA,14552289.72,14553297.64,0.999930742844341
44479362000182,Classe,2026-09-30,24361690000172,TAB_I2_VL_CARTEIRA,0,0,
44585152000179,Classe,2026-09-30,40434681000110,TAB_I2_VL_CARTEIRA,15947146.6,17648686.03,0.903588322263332
44585499000111,Classe,2026-09-30,40434681000110,TAB_I2_VL_CARTEIRA,20652481.01,22622552.55,0.912915594487148
44680424000110,Classe,2026-09-30,16695922000109,TAB_I2_VL_CARTEIRA,51797194.94,51742488.92,1.00105727461399
44680449000113,Classe,2026-09-30,16695922000109,TAB_I2_VL_CARTEIRA,6271249.58,6402067.2,0.979566346944937
44705452000144,Classe,2026-09-30,62285390000140,TAB_I2_VL_CARTEIRA,45219807.93,45228287.08,0.999812525511192
44705662000132,Classe,2026-09-30,62285390000140,TAB_I2_VL_CARTEIRA,22880786.18,23179933.79,0.987094544242009
45018911000184,Classe,2026-09-30,16695922000109,TAB_I2_VL_CARTEIRA,0,0,
45019108000164,Classe,2026-09-30,16695922000109,TAB_I2_VL_CARTEIRA,14194939.69,14194939.69,1
45521676000169,Classe,2026-09-30,16695922000109,TAB_I2_VL_CARTEIRA,417963812.9,417963813.49,0.999999998588395
45525150000157,Classe,2026-09-30,62285390000140,TAB_I2_VL_CARTEIRA,5508330.3,5514328.85,0.998912188561261
45721977000136,Classe,2026-09-30,16695922000109,TAB_I2_VL_CARTEIRA,52722819.3,52762108.42,0.999255353488014
45756256000161,Classe,2026-09-30,62285390000140,TAB_I2_VL_CARTEIRA,30834767.44,30841264.53,0.999789337755795
45777614000112,Classe,2026-09-30,62285390000140,TAB_I2_VL_CARTEIRA,47178241.49,47323316.2,0.996934392564822
45880798000141,Fundo,2026-09-30,24361690000172,TAB_I2_VL_CARTEIRA,0,0,
45899684000143,Classe,2026-09-30,16695922000109,TAB_I2_VL_CARTEIRA,133.14,133.14,1
45899975000131,Classe,2026-09-30,16695922000109,TAB_I2_VL_CARTEIRA,0,0,
46098515000177,Classe,2026-09-30,40434681000110,TAB_I2_VL_CARTEIRA,68314233.29,68323980.39,0.999857339985985
46098560000121,Classe,2026-09-30,40434681000110,TAB_I2_VL_CARTEIRA,110436029.06,114390994.79,0.965425899676276
46322877000108,Classe,2026-09-30,62232889000190,TAB_I2_VL_CARTEIRA,29498722.37,30414869.57,0.969878312386266
46449843000170,Classe,2026-09-30,62232889000190,TAB_I2_VL_CARTEIRA,301052919.76,301060799.09,0.999973828110389
46766050000185,Classe,2026-09-30,62285390000140,TAB_I2_VL_CARTEIRA,265187169.15,265215593.84,0.999892824212979
47094392000169,Classe,2026-09-30,16695922000109,TAB_I2_VL_CARTEIRA,1370067130.53,1370067130.53,1
47167918000193,Classe,2026-09-30,62285390000140,TAB_I2_VL_CARTEIRA,145932768.51,146458094.11,0.996413133714512
47168002000158,Classe,2026-09-30,62285390000140,TAB_I2_VL_CARTEIRA,20444595.65,20488999.87,0.997832777574223
47410102000149,Classe,2026-09-30,62232889000190,TAB_I2_VL_CARTEIRA,92133165.72,92139390.89,0.99993243747392
47410122000110,Classe,2026-09-30,62232889000190,TAB_I2_VL_CARTEIRA,57174589.81,57178808.22,0.999926224240565
47425860000130,Classe,2026-09-30,24361690000172,TAB_I2_VL_CARTEIRA,6719515.44,7004053.32,0.95937525501305
47463381000109,Classe,2026-09-30,62232889000190,TAB_I2_VL_CARTEIRA,160406214.06,160412253.77,0.999962348823995
47465008000197,Classe,2026-09-30,16695922000109,TAB_I2_VL_CARTEIRA,4109931.65,4110031.65,0.999975669287121
47640501000104,Classe,2026-09-30,40434681000110,TAB_I2_VL_CARTEIRA,52724561.55,55783081.79,0.945171185566369
47669160000191,Classe,2026-09-30,40434681000110,TAB_I2_VL_CARTEIRA,4034168.62,6533163.25,0.617490864015988
47669241000191,Classe,2026-09-30,40434681000110,TAB_I2_VL_CARTEIRA,2360663.23,2551917.58,0.925054652431212
47669306000107,Classe,2026-09-30,40434681000110,TAB_I2_VL_CARTEIRA,2848544.78,2853275.43,0.998342028270296
47715992000105,Classe,2026-09-30,62285390000140,TAB_I2_VL_CARTEIRA,26730267.98,26743281.1,0.999513406004621
47731522000127,Classe,2026-09-30,40434681000110,TAB_I2_VL_CARTEIRA,3593327.14,3595221.22,0.99947316732849
48181830000199,Classe,2026-09-30,62232889000190,TAB_I2_VL_CARTEIRA,236462863.02,236960438.8,0.997900173621724
48213067000130,Classe,2026-09-30,24361690000172,TAB_I2_VL_CARTEIRA,132354124.58,134651079.81,0.982941427330244
48213253000170,Classe,2026-09-30,40434681000110,TAB_I2_VL_CARTEIRA,16064089.17,16082862.03,0.998832741338887
48279539000158,Classe,2026-09-30,62232889000190,TAB_I2_VL_CARTEIRA,244767823.8,244775876.29,0.999967102599643
48313744000192,Classe,2026-09-30,62285390000140,TAB_I2_VL_CARTEIRA,84296208.35,84327734.18,0.999626151107858
48357311000139,Classe,2026-09-30,16695922000109,TAB_I2_VL_CARTEIRA,0,0,
48502650000161,Classe,2026-09-30,16695922000109,TAB_I2_VL_CARTEIRA,32662478.15,32669191.03,0.999794519552264
49000918000120,Classe,2026-09-30,62285390000140,TAB_I2_VL_CARTEIRA,9831568.8,9836978.41,0.999450074019223
49087632000123,Classe,2026-09-30,24361690000172,TAB_I2_VL_CARTEIRA,0,0,
49141366000170,Classe,2026-09-30,40434681000110,TAB_I2_VL_CARTEIRA,29882695.1,29920130.26,0.998748830313415
49220648000162,Classe,2026-09-30,62285390000140,TAB_I2_VL_CARTEIRA,211130068.9,211156647.59,0.999874128092564
49223648000116,Classe,2026-09-30,16695922000109,TAB_I2_VL_CARTEIRA,0,0,
49261110000104,Classe,2026-09-30,40434681000110,TAB_I2_VL_CARTEIRA,6670203.14,7711564.8,0.864961043963477
49275773000170,Classe,2026-09-30,24361690000172,TAB_I2_VL_CARTEIRA,0,0,
49460350000120,Classe,2026-09-30,24361690000172,TAB_I2_VL_CARTEIRA,63191969.88,63195941.97,0.999937146438898
49466992000136,Classe,2026-09-30,24361690000172,TAB_I2_VL_CARTEIRA,3171457.12,3390281.21,0.935455475093171
49815200000191,Classe,2026-09-30,00806535000154,TAB_I2_VL_CARTEIRA,81255139.25,81271227.69,0.999802040150527
49916055000135,Classe,2026-09-30,62285390000140,TAB_I2_VL_CARTEIRA,95319638.67,95336988.55,0.999818015229305
49916151000183,Classe,2026-09-30,62285390000140,TAB_I2_VL_CARTEIRA,1246650258.2,1247723019.13,0.999140225103206
49934838000141,Classe,2026-09-30,16695922000109,TAB_I2_VL_CARTEIRA,42102752.88,42118622.62,0.999623213224631
50041351000119,Classe,2026-09-30,62232889000190,TAB_I2_VL_CARTEIRA,6627365.67,6629823.43,0.999629287261426
50133597000110,Classe,2026-09-30,16695922000109,TAB_I2_VL_CARTEIRA,0,0,
50153414000129,Classe,2026-09-30,16695922000109,TAB_I2_VL_CARTEIRA,42445882.9,42504999.02,0.99860919606251
50284896000156,Classe,2026-09-30,62285390000140,TAB_I2_VL_CARTEIRA,35169121.36,35179495.76,0.999705100946563
50327909000127,Classe,2026-09-30,62285390000140,TAB_I2_VL_CARTEIRA,958909826.44,958939238.18,0.999969328880466
50356663000111,Classe,2026-09-30,40434681000110,TAB_I2_VL_CARTEIRA,0,0,
50434429000165,Classe,2026-09-30,62285390000140,TAB_I2_VL_CARTEIRA,85488763.83,89038491.81,0.96013265827127
50692376000182,Classe,2026-09-30,24361690000172,TAB_I2_VL_CARTEIRA,5337764.75,5669289.66,0.941522672171949
50695489000131,Classe,2026-09-30,62232889000190,TAB_I2_VL_CARTEIRA,23000846.3,23003393.12,0.999889285029095
50791925000176,Classe,2026-09-30,24361690000172,TAB_I2_VL_CARTEIRA,15979956.48,17901177.83,0.892676260286053
50808063000147,Classe,2026-09-30,62285390000140,TAB_I2_VL_CARTEIRA,71761766.49,71762017.38,0.999996503860828
50818107000110,Classe,2026-09-30,16695922000109,TAB_I2_VL_CARTEIRA,0,0,
50823781000192,Classe,2026-09-30,24361690000172,TAB_I2_VL_CARTEIRA,0,0,
50824501000160,Classe,2026-09-30,24361690000172,TAB_I2_VL_CARTEIRA,33154854.24,33772510,0.981711286487146
50946637000143,Fundo,2026-09-30,16695922000109,TAB_I2_VL_CARTEIRA,14685951.61,14696991.44,0.999248837420565
50948197000163,Classe,2026-09-30,16695922000109,TAB_I2_VL_CARTEIRA,0,0,
51027087000121,Classe,2026-09-30,62285390000140,TAB_I2_VL_CARTEIRA,51294778.46,51302161.34,0.999856090273642
51119641000109,Classe,2026-09-30,24361690000172,TAB_I2_VL_CARTEIRA,0,0,
51253601000147,Classe,2026-09-30,24361690000172,TAB_I2_VL_CARTEIRA,8527522.33,9013208.43,0.946113961108076
51294885000110,Classe,2026-09-30,24361690000172,TAB_I2_VL_CARTEIRA,26621555.46,27353149,0.973253772719185
51313788000127,Classe,2026-09-30,24361690000172,TAB_I2_VL_CARTEIRA,9292864.61,9319257.52,0.997167917085309
51364521000169,Classe,2026-09-30,62285390000140,TAB_I2_VL_CARTEIRA,157185240.99,157209811.69,0.999843707592193
51382517000123,Classe,2026-09-30,16695922000109,TAB_I2_VL_CARTEIRA,232898593.84,232916412.98,0.999923495558892
51388032000147,Classe,2026-09-30,40434681000110,TAB_I2_VL_CARTEIRA,7466375.34,7546838.44,0.989338171124278
51476020000174,Classe,2026-09-30,62285390000140,TAB_I2_VL_CARTEIRA,23198394.65,23212379.26,0.99939753655395
51497411000175,Classe,2026-09-30,62232889000190,TAB_I2_VL_CARTEIRA,29064478.94,29067858.08,0.999883749948459
51555510000166,Classe,2026-09-30,24361690000172,TAB_I2_VL_CARTEIRA,151901449.12,151986895.09,0.999437806990205
51581780000141,Classe,2026-09-30,40434681000110,TAB_I2_VL_CARTEIRA,15878705.68,15882582.73,0.99975589297623
51730136000198,Classe,2026-09-30,40434681000110,TAB_I2_VL_CARTEIRA,1680762.38,1680864.58,0.99993919795728
51731270000103,Classe,2026-09-30,24361690000172,TAB_I2_VL_CARTEIRA,13092220.39,13296702.22,0.984621613192748
51781164000134,Classe,2026-09-30,40434681000110,TAB_I2_VL_CARTEIRA,2462881.88,2507286.02,0.982289958287248
51863167000117,Fundo,2026-09-30,40434681000110,TAB_I2_VL_CARTEIRA,0,0,
52043752000133,Classe,2026-09-30,40434681000110,TAB_I2_VL_CARTEIRA,945512.35,1036727.94,0.912015885286163
52069691000183,Classe,2026-09-30,16695922000109,TAB_I2_VL_CARTEIRA,744705551.05,744705619.26,0.999999908406761
52098409000196,Classe,2026-09-30,62232889000190,TAB_I2_VL_CARTEIRA,42238393.21,43019704.19,0.981838299571999
52115758000179,Classe,2026-09-30,22610500000188,TAB_I2_VL_CARTEIRA,155897808.64,156253124.15,0.997726026203105
52148267000124,Classe,2026-09-30,62232889000190,TAB_I2_VL_CARTEIRA,165424650.75,165578654.6,0.999069905173635
52200741000110,Classe,2026-09-30,24361690000172,TAB_I2_VL_CARTEIRA,180076557.41,180085557.84,0.999950021367022
52200745000106,Classe,2026-09-30,24361690000172,TAB_I2_VL_CARTEIRA,31689542.08,31781265.32,0.99711392107657
52258572000179,Classe,2026-09-30,62232889000190,TAB_I2_VL_CARTEIRA,51393959.64,51397450.5,0.999932081066939
52287219000117,Classe,2026-09-30,00806535000154,TAB_I2_VL_CARTEIRA,74213694.7,74221147.18,0.999899590880993
52348286000102,Classe,2026-09-30,16695922000109,TAB_I2_VL_CARTEIRA,0,0,
52430088000185,Classe,2026-09-30,62285390000140,TAB_I2_VL_CARTEIRA,3232578.1,3234423.57,0.999429428471547
52511370000197,Classe,2026-09-30,62232889000190,TAB_I2_VL_CARTEIRA,36844416.61,36847885.49,0.9999058594556
52511479000124,Classe,2026-09-30,62232889000190,TAB_I2_VL_CARTEIRA,52683010.92,52686342.73,0.999936761410503
52607408000120,Classe,2026-09-30,62285390000140,TAB_I2_VL_CARTEIRA,8873079.93,8875848.63,0.99968806363026
52719781000172,Classe,2026-09-30,16695922000109,TAB_I2_VL_CARTEIRA,63643509.59,63643607.09,0.99999846803152
52756013000199,Classe,2026-09-30,62285390000140,TAB_I2_VL_CARTEIRA,599569269.23,600330107.75,0.998732633079404
52989090000199,Classe,2026-09-30,62285390000140,TAB_I2_VL_CARTEIRA,925416808.85,925475503.77,0.999936578634701
53030737000113,Classe,2026-09-30,40434681000110,TAB_I2_VL_CARTEIRA,66709492.17,66714192.17,0.999929550222417
53032513000140,Classe,2026-09-30,62285390000140,TAB_I2_VL_CARTEIRA,11989586.37,12458957.33,0.962326625931225
53109835000140,Classe,2026-09-30,62232889000190,TAB_I2_VL_CARTEIRA,113730124.2,113735509.49,0.999952650759432
53121758000144,Classe,2026-09-30,62285390000140,TAB_I2_VL_CARTEIRA,86108979.22,88925989.57,0.968321855470807
53214754000100,Classe,2026-09-30,62285390000140,TAB_I2_VL_CARTEIRA,1022813.91,1024659.38,0.998198942950193
53292327000140,Classe,2026-09-30,16695922000109,TAB_I2_VL_CARTEIRA,29152140.96,29152140.96,1
53323818000101,Classe,2026-09-30,16695922000109,TAB_I2_VL_CARTEIRA,2397330.02,2522427.92,0.950405758274353
53577135000180,Classe,2026-09-30,62285390000140,TAB_I2_VL_CARTEIRA,230074882.99,230099985.01,0.999890908206713
53604320000117,Classe,2026-09-30,24361690000172,TAB_I2_VL_CARTEIRA,108306823.83,110118356.68,0.983549220088125
53640662000192,Classe,2026-09-30,40434681000110,TAB_I2_VL_CARTEIRA,18055886.91,18065757.2,0.999453646482086
53765941000182,Classe,2026-09-30,24361690000172,TAB_I2_VL_CARTEIRA,15909803.89,16272980.48,0.977682232800171
53822280000180,Classe,2026-09-30,16695922000109,TAB_I2_VL_CARTEIRA,0,0,
53841740000117,Classe,2026-09-30,62285390000140,TAB_I2_VL_CARTEIRA,1811838521.15,1892850547.19,0.957201044657083
53872780000126,Classe,2026-09-30,00806535000154,TAB_I2_VL_CARTEIRA,174836061.64,187824598.28,0.93084752072443
53880657000157,Classe,2026-09-30,62285390000140,TAB_I2_VL_CARTEIRA,187972729.96,200744103.9,0.936379830381658
54071756000150,Classe,2026-09-30,62285390000140,TAB_I2_VL_CARTEIRA,92242709.77,92284022.07,0.999552335289757
54083491000100,Classe,2026-09-30,62232889000190,TAB_I2_VL_CARTEIRA,56200602.2,56304820.4,0.998149035921621
54111764000183,Classe,2026-09-30,62285390000140,TAB_I2_VL_CARTEIRA,71860520,71870101.71,0.999866680166411
54148306000119,Classe,2026-09-30,16695922000109,TAB_I2_VL_CARTEIRA,0,0,
54379696000138,Classe,2026-09-30,16695922000109,TAB_I2_VL_CARTEIRA,10663721.65,10670721.65,0.99934399938171
54495443000120,Classe,2026-09-30,62285390000140,TAB_I2_VL_CARTEIRA,190321521.43,190855803.49,0.997200598303902
54585485000151,Classe,2026-09-30,16695922000109,TAB_I2_VL_CARTEIRA,13393221.26,13396089.96,0.999785855424339
54585643000173,Classe,2026-09-30,24361690000172,TAB_I2_VL_CARTEIRA,0,0,
54857414000160,Classe,2026-09-30,24361690000172,TAB_I2_VL_CARTEIRA,103236110.19,108159018.19,0.954484535063437
54976450000143,Classe,2026-09-30,62232889000190,TAB_I2_VL_CARTEIRA,18401536.57,18403541.74,0.99989104434199
54976534000187,Classe,2026-09-30,62285390000140,TAB_I2_VL_CARTEIRA,48975213.89,48982596.77,0.99984927544706
55074368000196,Classe,2026-09-30,24361690000172,TAB_I2_VL_CARTEIRA,52441436.13,52449374.48,0.999848647384669
55175561000113,Classe,2026-09-30,62285390000140,TAB_I2_VL_CARTEIRA,124189403.94,129126360.66,0.961766468947426
55296116000101,Classe,2026-09-30,62285390000140,TAB_I2_VL_CARTEIRA,35491936.06,35497473.5,0.999844004672614
55331747000114,Classe,2026-09-30,00806535000154,TAB_I2_VL_CARTEIRA,10962368.51,10966160.38,0.999654220814888
55364405000109,Classe,2026-09-30,62232889000190,TAB_I2_VL_CARTEIRA,34740289.13,34757888.49,0.999493658540131
55401645000128,Classe,2026-09-30,62285390000140,TAB_I2_VL_CARTEIRA,206205229.25,206263079.86,0.999719529980648
55445774000118,Classe,2026-09-30,24361690000172,TAB_I2_VL_CARTEIRA,25465404.04,25590491.49,0.995111955936881
55466785000184,Classe,2026-09-30,00806535000154,TAB_I2_VL_CARTEIRA,68690069.2,68995123.27,0.995578614030354
55483719000112,Classe,2026-09-30,62285390000140,TAB_I2_VL_CARTEIRA,28790922.03,28796459.47,0.999807704137873
55508226000190,Classe,2026-09-30,62285390000140,TAB_I2_VL_CARTEIRA,43372994.81,44925252.9,0.965447983265554
55523204000107,Classe,2026-09-30,24361690000172,TAB_I2_VL_CARTEIRA,116106919.03,117591731.67,0.987373154396885
55595058000117,Classe,2026-09-30,62232889000190,TAB_I2_VL_CARTEIRA,482276088.06,484328710.1,0.995761923674572
55595705000190,Classe,2026-09-30,62232889000190,TAB_I2_VL_CARTEIRA,70778730.42,72378302.1,0.977899845207892
55626390000100,Classe,2026-09-30,40434681000110,TAB_I2_VL_CARTEIRA,0,0,
55636084000146,Classe,2026-09-30,62285390000140,TAB_I2_VL_CARTEIRA,33495966.38,33691789.46,0.994187810052877
55690923000104,Classe,2026-09-30,40434681000110,TAB_I2_VL_CARTEIRA,1950470.13,1969953.19,0.990109886824265
55706529000117,Classe,2026-09-30,16695922000109,TAB_I2_VL_CARTEIRA,0,0,
55747288000154,Classe,2026-09-30,40434681000110,TAB_I2_VL_CARTEIRA,6516117.27,6561850.99,0.993030362915937
55790118000152,Classe,2026-09-30,40434681000110,TAB_I2_VL_CARTEIRA,16929975.02,17220904.38,0.983106034759831
55798735000102,Classe,2026-09-30,40434681000110,TAB_I2_VL_CARTEIRA,3368133.16,3368242.54,0.999967526091515
55914922000104,Classe,2026-09-30,62285390000140,TAB_I2_VL_CARTEIRA,27777592.82,27783130.26,0.999800690564807
56030860000122,Classe,2026-09-30,62285390000140,TAB_I2_VL_CARTEIRA,3482532.47,3497776.46,0.995641805537224
56073212000153,Classe,2026-09-30,62285390000140,TAB_I2_VL_CARTEIRA,41436527.62,41442115.06,0.999865174835022
56075525000140,Classe,2026-09-30,24361690000172,TAB_I2_VL_CARTEIRA,85457280.73,85466155.68,0.99989615831051
56125191000172,Classe,2026-09-30,62285390000140,TAB_I2_VL_CARTEIRA,30575721.13,31006427.41,0.986109129107177
56822599000101,Classe,2026-09-30,62232889000190,TAB_I2_VL_CARTEIRA,11722586.09,11725077.27,0.999787534022793
56912548000162,Classe,2026-09-30,40434681000110,TAB_I2_VL_CARTEIRA,15148164.99,15798554.73,0.958832326683341
56924942000110,Classe,2026-09-30,62285390000140,TAB_I2_VL_CARTEIRA,2929042166.98,2929114942.48,0.999975154440359
56975898000178,Classe,2026-09-30,62285390000140,TAB_I2_VL_CARTEIRA,7591011.45,7607073.08,0.997888592651722
56986018000169,Classe,2026-09-30,40434681000110,TAB_I2_VL_CARTEIRA,88316793.37,93124003.85,0.948378395673974
57053395000108,Classe,2026-09-30,24361690000172,TAB_I2_VL_CARTEIRA,77142611.03,77145234.49,0.999965993233188
57088363000148,Classe,2026-09-30,62232889000190,TAB_I2_VL_CARTEIRA,107150785.19,107156104.7,0.999950357378006
57127130000107,Classe,2026-09-30,62285390000140,TAB_I2_VL_CARTEIRA,1667472.66,1669318.13,0.998894476752613
57140603000106,Classe,2026-09-30,24361690000172,TAB_I2_VL_CARTEIRA,103873920.52,103920960.24,0.999547350987795
57182384000128,Classe,2026-09-30,62232889000190,TAB_I2_VL_CARTEIRA,24168385.05,44171693.18,0.547146448552779
57224939000157,Classe,2026-09-30,62285390000140,TAB_I2_VL_CARTEIRA,91722215.04,92457618.7,0.992046045849546
57270666000187,Classe,2026-09-30,24361690000172,TAB_I2_VL_CARTEIRA,53677579.12,53797367.35,0.99777334401476
57325152000181,Classe,2026-09-30,62285390000140,TAB_I2_VL_CARTEIRA,22290875.45,22372040.76,0.996372020287701
57340272000158,Classe,2026-09-30,62285390000140,TAB_I2_VL_CARTEIRA,57536127.43,57656933.68,0.99790474029246
57378463000109,Classe,2026-09-30,24361690000172,TAB_I2_VL_CARTEIRA,157614044.44,157624019.89,0.999936713642965
57391433000132,Classe,2026-09-30,62232889000190,TAB_I2_VL_CARTEIRA,49712588.71,49716336.56,0.999924615322461
57391980000118,Classe,2026-09-30,62232889000190,TAB_I2_VL_CARTEIRA,22050316.28,22053193.55,0.999869530460816
57441997000132,Classe,2026-09-30,16695922000109,TAB_I2_VL_CARTEIRA,0,0,
57533260000140,Classe,2026-09-30,62285390000140,TAB_I2_VL_CARTEIRA,28244900.14,28338164.18,0.996708889135951
57584175000100,Classe,2026-09-30,62232889000190,TAB_I2_VL_CARTEIRA,20254835.77,20256688.98,0.999908513676552
57584525000139,Classe,2026-09-30,62232889000190,TAB_I2_VL_CARTEIRA,55430322.6,55434541.04,0.999923902319369
57585602000175,Classe,2026-09-30,40434681000110,TAB_I2_VL_CARTEIRA,4646703.06,4937412.57,0.941121081967837
57691078000117,Classe,2026-09-30,39669186000101,TAB_I2_VL_CARTEIRA,0,0,
57740051000177,Classe,2026-09-30,16695922000109,TAB_I2_VL_CARTEIRA,65504535.38,65504535.38,1
57752597000148,Classe,2026-09-30,24361690000172,TAB_I2_VL_CARTEIRA,56518593.63,71942623.99,0.785606508289941
57821748000172,Classe,2026-09-30,40434681000110,TAB_I2_VL_CARTEIRA,12156523.97,12273113.72,0.990500393570866
57823707000115,Classe,2026-09-30,62285390000140,TAB_I2_VL_CARTEIRA,184635320.27,184683260.51,0.999740419137784
57888289000144,Classe,2026-09-30,40434681000110,TAB_I2_VL_CARTEIRA,13063095.63,13063346.12,0.999980824974115
57998329000100,Classe,2026-09-30,40434681000110,TAB_I2_VL_CARTEIRA,18571674.27,19583632.41,0.948326330947508
58036896000149,Classe,2026-09-30,24361690000172,TAB_I2_VL_CARTEIRA,327823655.05,343081543.13,0.955526934090364
58114311000161,Classe,2026-09-30,24361690000172,TAB_I2_VL_CARTEIRA,53839267.32,53849289.96,0.999813876097392
58114447000171,Classe,2026-09-30,16695922000109,TAB_I2_VL_CARTEIRA,0,0,
58157393000121,Classe,2026-09-30,16695922000109,TAB_I2_VL_CARTEIRA,10298071.24,10300054.98,0.999807404911541
58238421000135,Classe,2026-09-30,40434681000110,TAB_I2_VL_CARTEIRA,9247560.85,9433923.6,0.980245467538024
58307031000170,Classe,2026-09-30,24361690000172,TAB_I2_VL_CARTEIRA,3025801.4,3026040.7,0.999920919768197
58364147000140,Classe,2026-09-30,62285390000140,TAB_I2_VL_CARTEIRA,11614722.97,11618876.04,0.999642558369183
58423669000176,Classe,2026-09-30,16695922000109,TAB_I2_VL_CARTEIRA,0,0,
58482694000120,Classe,2026-09-30,24361690000172,TAB_I2_VL_CARTEIRA,78555151.67,147365215.24,0.53306441104208
58559343000170,Classe,2026-09-30,16695922000109,TAB_I2_VL_CARTEIRA,0,0,
58731626000158,Classe,2026-09-30,62232889000190,TAB_I2_VL_CARTEIRA,36440153.82,36632035.06,0.994761927922221
58900579000129,Classe,2026-09-30,62285390000140,TAB_I2_VL_CARTEIRA,4361736649.14,4361769872.69,0.99999238301172
58922423000149,Classe,2026-09-30,24361690000172,TAB_I2_VL_CARTEIRA,164915566.23,164926677.29,0.999932630304675
58944590000190,Classe,2026-09-30,18945670000146,TAB_I2_VL_CARTEIRA,66648291.41,66648302.38,0.99999983540466
58954874000168,Classe,2026-09-30,16695922000109,TAB_I2_VL_CARTEIRA,43790932.19,43796715.54,0.999867950143551
59291327000102,Classe,2026-09-30,24361690000172,TAB_I2_VL_CARTEIRA,13441044.03,13442326.88,0.999904566373705
59357545000100,Classe,2026-09-30,16695922000109,TAB_I2_VL_CARTEIRA,6570014.14,6570014.14,1
59400011000101,Classe,2026-09-30,62232889000190,TAB_I2_VL_CARTEIRA,6231909.27,6233147.29,0.999801381237696
59400337000139,Classe,2026-09-30,16695922000109,TAB_I2_VL_CARTEIRA,385504148.13,385504168.13,0.999999948119886
59657112000162,Classe,2026-09-30,18945670000146,TAB_I2_VL_CARTEIRA,13280527.92,13283664.72,0.99976386034531
59710430000140,Classe,2026-09-30,40434681000110,TAB_I2_VL_CARTEIRA,19899545.33,20401114.69,0.975414610053349
59843866000107,Classe,2026-09-30,62285390000140,TAB_I2_VL_CARTEIRA,156048447.82,156068967.47,0.999868521908406
59870750000167,Classe,2026-09-30,40434681000110,TAB_I2_VL_CARTEIRA,63685360.76,64991183.34,0.979907696507561
59936269000127,Classe,2026-09-30,24361690000172,TAB_I2_VL_CARTEIRA,4451056.67,4457691.3,0.998511644357248
60043514000156,Classe,2026-09-30,40434681000110,TAB_I2_VL_CARTEIRA,45146062.15,45236166.62,0.998008132060417
60058603000176,Classe,2026-09-30,62285390000140,TAB_I2_VL_CARTEIRA,52817033.37,54589199.39,0.967536325137521
60078440000193,Classe,2026-09-30,24361690000172,TAB_I2_VL_CARTEIRA,34949346.91,34976446.31,0.999225210023917
60079965000143,Classe,2026-09-30,40434681000110,TAB_I2_VL_CARTEIRA,25198.34,25212.83,0.999425292599046
60095481000198,Classe,2026-09-30,62232889000190,TAB_I2_VL_CARTEIRA,40027535.27,40032152.86,0.999884652968424
60115778000178,Classe,2026-09-30,24361690000172,TAB_I2_VL_CARTEIRA,45737474.08,45750406.28,0.999717331471969
60282653000132,Classe,2026-09-30,16695922000109,TAB_I2_VL_CARTEIRA,0,0,
60331197000173,Classe,2026-09-30,24361690000172,TAB_I2_VL_CARTEIRA,1442949.1,1446049.1,0.997856227703472
60368384000121,Classe,2026-09-30,24361690000172,TAB_I2_VL_CARTEIRA,23557756.87,24429541.79,0.964314315532645
60369537000155,Classe,2026-09-30,62285390000140,TAB_I2_VL_CARTEIRA,135433048.21,135700398.09,0.998029851910805
60369959000120,Classe,2026-09-30,62285390000140,TAB_I2_VL_CARTEIRA,19220089.45,19226087.99,0.999687999971543
60401316000117,Classe,2026-09-30,62285390000140,TAB_I2_VL_CARTEIRA,37111740.58,37840733.78,0.980735225584201
60604288000135,Classe,2026-09-30,40434681000110,TAB_I2_VL_CARTEIRA,9247991.82,9278389.14,0.996723858038142
60606404000155,Classe,2026-09-30,18945670000146,TAB_I2_VL_CARTEIRA,80747771.54,80751461.57,0.999954303861153
60675473000110,Classe,2026-09-30,16695922000109,TAB_I2_VL_CARTEIRA,7671955.79,7673074.19,0.999854243557106
60681487000147,Classe,2026-09-30,24361690000172,TAB_I2_VL_CARTEIRA,4819208.27,5068039.93,0.950901795677052
60686437000152,Classe,2026-09-30,24361690000172,TAB_I2_VL_CARTEIRA,10724800.4,11333601.22,0.946283550287117
60696087000105,Classe,2026-09-30,62285390000140,TAB_I2_VL_CARTEIRA,18017967.58,18018090.78,0.999993162427612
60736775000151,Classe,2026-09-30,62285390000140,TAB_I2_VL_CARTEIRA,90409359.78,100865925.08,0.896332033918228
60792713000167,Classe,2026-09-30,16695922000109,TAB_I2_VL_CARTEIRA,1920513.58,1922460.67,0.99898718864298
60866189000121,Classe,2026-09-30,62285390000140,TAB_I2_VL_CARTEIRA,31270914.06,32611562.71,0.958890389218027
60894511000126,Classe,2026-09-30,16695922000109,TAB_I2_VL_CARTEIRA,2577649.7,2579588,0.999248600939375
60910091000124,Classe,2026-09-30,62285390000140,TAB_I2_VL_CARTEIRA,22907959.83,22912312.9,0.999810011760096
60931216000100,Classe,2026-09-30,24361690000172,TAB_I2_VL_CARTEIRA,5413345.67,5685664.14,0.952104369288334
60974918000163,Classe,2026-09-30,24361690000172,TAB_I2_VL_CARTEIRA,6028359.21,6294095.07,0.957780132482174
61084525000147,Classe,2026-09-30,40434681000110,TAB_I2_VL_CARTEIRA,3057713.43,3089465.27,0.989722545092731
61130895000173,Classe,2026-09-30,16695922000109,TAB_I2_VL_CARTEIRA,55571359.75,55578297.19,0.999875177176151
61138429000134,Classe,2026-09-30,24361690000172,TAB_I2_VL_CARTEIRA,19205540.1,19752446.21,0.972311980795416
61279682000108,Classe,2026-09-30,40434681000110,TAB_I2_VL_CARTEIRA,8668267.17,8669375.8,0.999872121127798
61306033000159,Classe,2026-09-30,62285390000140,TAB_I2_VL_CARTEIRA,22415269.57,22456849.16,0.998148467324879
61328619000114,Classe,2026-09-30,40434681000110,TAB_I2_VL_CARTEIRA,9441819.91,10228468.76,0.923092217568644
61350212000193,Classe,2026-09-30,16695922000109,TAB_I2_VL_CARTEIRA,10080398.52,10104247.8,0.997639677839255
61351481000174,Classe,2026-09-30,62285390000140,TAB_I2_VL_CARTEIRA,506432844.72,507654428.84,0.997593669924655
61371110000154,Classe,2026-09-30,16695922000109,TAB_I2_VL_CARTEIRA,0,0,
61385893000125,Classe,2026-09-30,62285390000140,TAB_I2_VL_CARTEIRA,400151028.08,401107108.13,0.997616397140262
61430639000100,Classe,2026-09-30,24361690000172,TAB_I2_VL_CARTEIRA,59863195.4,61314144.92,0.976335810898233
61527968000165,Classe,2026-09-30,16695922000109,TAB_I2_VL_CARTEIRA,0,0,
61543748000125,Classe,2026-09-30,24361690000172,TAB_I2_VL_CARTEIRA,14681356.02,14888141.78,0.986110707228904
61631599000156,Classe,2026-09-30,16695922000109,TAB_I2_VL_CARTEIRA,425003447.2,425109106.32,0.99975145411277
61664240000185,Classe,2026-09-30,24361690000172,TAB_I2_VL_CARTEIRA,49446322.77,49504875.82,0.998817226605862
61690116000194,Classe,2026-09-30,40434681000110,TAB_I2_VL_CARTEIRA,6114482.49,6295220.97,0.971289573334866
61750443000194,Classe,2026-09-30,24361690000172,TAB_I2_VL_CARTEIRA,12750767.91,12754789.38,0.999684709023396
61766813000181,Classe,2026-09-30,40434681000110,TAB_I2_VL_CARTEIRA,41957419.42,43020619.62,0.975286264833208
61866286000187,Classe,2026-09-30,16695922000109,TAB_I2_VL_CARTEIRA,7725106.74,7725106.74,1
61955311000107,Classe,2026-09-30,16695922000109,TAB_I2_VL_CARTEIRA,9721565.43,9724323.01,0.999716424475291
61975703000120,Classe,2026-09-30,24361690000172,TAB_I2_VL_CARTEIRA,64807715.81,70116672.61,0.924283959828938
62016007000159,Classe,2026-09-30,62285390000140,TAB_I2_VL_CARTEIRA,3629674.39,3629674.39,1
62161418000138,Classe,2026-09-30,62285390000140,TAB_I2_VL_CARTEIRA,70497102.5,70750242.24,0.99642206539532
62164403000123,Classe,2026-09-30,16695922000109,TAB_I2_VL_CARTEIRA,7146138.89,7149114.01,0.999583847733322
62230042000176,Classe,2026-09-30,16695922000109,TAB_I2_VL_CARTEIRA,28659234.19,28720201.28,0.997877205336912
62303024000177,Classe,2026-09-30,62232889000190,TAB_I2_VL_CARTEIRA,302237026.17,302245585.52,0.999971680810539
62359337000147,Classe,2026-09-30,40434681000110,TAB_I2_VL_CARTEIRA,23354126.96,23458244.92,0.995561562241546
62497138000103,Classe,2026-09-30,16695922000109,TAB_I2_VL_CARTEIRA,4041792.81,4041792.81,1
62541630000120,Classe,2026-09-30,62232889000190,TAB_I2_VL_CARTEIRA,41979103.1,41983411.22,0.999897385184414
62627243000101,Classe,2026-09-30,62285390000140,TAB_I2_VL_CARTEIRA,77384146.82,77544315.4,0.997934489727921
62627291000108,Classe,2026-09-30,62285390000140,TAB_I2_VL_CARTEIRA,571554220.3,604900476.78,0.944873152262156
62741028000137,Classe,2026-09-30,40434681000110,TAB_I2_VL_CARTEIRA,13305302.13,13306124.92,0.999938164566698
62762366000155,Classe,2026-09-30,16695922000109,TAB_I2_VL_CARTEIRA,3429775.37,3429775.37,1
62772042000106,Classe,2026-09-30,24361690000172,TAB_I2_VL_CARTEIRA,48261968.46,49867133.96,0.967811153909756
62951957000170,Classe,2026-09-30,16695922000109,TAB_I2_VL_CARTEIRA,12371590.58,12375932.68,0.999649149675239
62966067000132,Classe,2026-09-30,40434681000110,TAB_I2_VL_CARTEIRA,37167728.83,37177713.43,0.999731435877066
62967950000147,Classe,2026-09-30,40434681000110,TAB_I2_VL_CARTEIRA,36216105.56,36226090.17,0.999724380689356
62968483000170,Classe,2026-09-30,40434681000110,TAB_I2_VL_CARTEIRA,70920259.13,76351040.17,0.928870896481462
62972105000160,Classe,2026-09-30,62285390000140,TAB_I2_VL_CARTEIRA,36678613.02,36706522.71,0.999239653120496
63098061000153,Classe,2026-09-30,16695922000109,TAB_I2_VL_CARTEIRA,31074263.33,31084424.25,0.999673118603765
63212782000142,Classe,2026-09-30,62285390000140,TAB_I2_VL_CARTEIRA,28864810.22,28870347.66,0.999808196282732
63249135000105,Classe,2026-09-30,40434681000110,TAB_I2_VL_CARTEIRA,4275300.56,4276109.48,0.999810828042691
63310209000171,Classe,2026-09-30,62285390000140,TAB_I2_VL_CARTEIRA,2066484.32,2109141.46,0.979775116648648
63322011000108,Classe,2026-09-30,62285390000140,TAB_I2_VL_CARTEIRA,633091869.24,633663020.08,0.999098652088096
63457029000117,Classe,2026-09-30,16695922000109,TAB_I2_VL_CARTEIRA,1521927.95,1523827.7,0.998753303933247
63458316000141,Classe,2026-09-30,16695922000109,TAB_I2_VL_CARTEIRA,5209807.52,5211791.26,0.999619374625529
63459064000175,Classe,2026-09-30,16695922000109,TAB_I2_VL_CARTEIRA,4021024.37,4021060.87,0.999990922793467
63516387000153,Classe,2026-09-30,62285390000140,TAB_I2_VL_CARTEIRA,88012431.05,88338043.12,0.99631402215286
63565588000140,Classe,2026-09-30,62285390000140,TAB_I2_VL_CARTEIRA,11038221.61,11440833.48,0.964809218602489
63566193000162,Classe,2026-09-30,16695922000109,TAB_I2_VL_CARTEIRA,3526305.01,3526305.01,1
63604811000111,Classe,2026-09-30,40434681000110,TAB_I2_VL_CARTEIRA,70913786,72157979.24,0.982757371352352
63606548000108,Classe,2026-09-30,40434681000110,TAB_I2_VL_CARTEIRA,18697883.79,18708119.03,0.999452898499117
63606839000198,Classe,2026-09-30,40434681000110,TAB_I2_VL_CARTEIRA,53070719.34,53613140.96,0.989882674092818
63622544000105,Classe,2026-09-30,16695922000109,TAB_I2_VL_CARTEIRA,1889422.1,1889422.1,1
63659752000189,Classe,2026-09-30,16695922000109,TAB_I2_VL_CARTEIRA,32676194.78,32710945.96,0.998937628399909
63697245000130,Classe,2026-09-30,24361690000172,TAB_I2_VL_CARTEIRA,10381302.04,10394280.51,0.998751383514471
63699134000162,Classe,2026-09-30,24361690000172,TAB_I2_VL_CARTEIRA,19050347.65,20003299.37,0.952360273054295
63709161000179,Classe,2026-09-30,40434681000110,TAB_I2_VL_CARTEIRA,108114022.35,108124232.35,0.999905571583926
63796349000100,Classe,2026-09-30,62285390000140,TAB_I2_VL_CARTEIRA,1559383.18,1916167.79,0.813803043834695
63863686000164,Classe,2026-09-30,24361690000172,TAB_I2_VL_CARTEIRA,56029882.97,56531662.82,0.991123914900616
63887027000168,Classe,2026-09-30,40434681000110,TAB_I2_VL_CARTEIRA,0,0,
63894672000108,Classe,2026-09-30,16695922000109,TAB_I2_VL_CARTEIRA,52775618.56,52783160.67,0.999857111436597
63938673000107,Classe,2026-09-30,62285390000140,TAB_I2_VL_CARTEIRA,106466416.63,106506235.35,0.999626137194042
63974821000149,Classe,2026-09-30,62285390000140,TAB_I2_VL_CARTEIRA,10104194.08,10108347.15,0.999589144502225
64019393000168,Classe,2026-09-30,16695922000109,TAB_I2_VL_CARTEIRA,131303425.01,131324281.98,0.999841179638026
64029467000147,Classe,2026-09-30,16695922000109,TAB_I2_VL_CARTEIRA,8921726.63,8924582.61,0.999679987275058
64039922000195,Classe,2026-09-30,62285390000140,TAB_I2_VL_CARTEIRA,56373965.98,56417369.07,0.999230678588607
64054825000171,Classe,2026-09-30,40434681000110,TAB_I2_VL_CARTEIRA,8585316.6,8693755.28,0.987526830867961
64155784000100,Classe,2026-09-30,18945670000146,TAB_I2_VL_CARTEIRA,34652149.65,34660357.54,0.999763190844453
64276414000120,Classe,2026-09-30,24361690000172,TAB_I2_VL_CARTEIRA,16216834.37,16326240.32,0.993298766411886
64276709000105,Classe,2026-09-30,24361690000172,TAB_I2_VL_CARTEIRA,94297638.45,96852442.87,0.973621683209073
64282009000115,Classe,2026-09-30,40434681000110,TAB_I2_VL_CARTEIRA,17845113.69,17845441.47,0.999981632284046
64291147000160,Classe,2026-09-30,62232889000190,TAB_I2_VL_CARTEIRA,21094733.09,21094843.39,0.999994771233995
64310285000140,Classe,2026-09-30,40434681000110,TAB_I2_VL_CARTEIRA,12894779.98,13901451.33,0.927585161714191
64382297000180,Classe,2026-09-30,62232889000190,TAB_I2_VL_CARTEIRA,18663049.23,18666724.54,0.99980310900329
64432874000109,Classe,2026-09-30,40434681000110,TAB_I2_VL_CARTEIRA,10668989.54,10744175.58,0.993002158291237
64530753000191,Classe,2026-09-30,24361690000172,TAB_I2_VL_CARTEIRA,4173825.76,4178799.3,0.998809816015811
64598309000108,Classe,2026-09-30,16695922000109,TAB_I2_VL_CARTEIRA,7211139.11,7216639.11,0.999237872378518
64630838000141,Classe,2026-09-30,62285390000140,TAB_I2_VL_CARTEIRA,16625447.98,16762294.34,0.991836060313448
64636877000156,Classe,2026-09-30,16695922000109,TAB_I2_VL_CARTEIRA,3183553.58,3184456.43,0.999716482225508
64637478000100,Classe,2026-09-30,00806535000154,TAB_I2_VL_CARTEIRA,76678412.72,76790679.88,0.998538010600044
64656737000140,Classe,2026-09-30,62232889000190,TAB_I2_VL_CARTEIRA,60707967.28,60708407.98,0.999992740708995
64721990000130,Classe,2026-09-30,40434681000110,TAB_I2_VL_CARTEIRA,16538673.46,16547718,0.999453426750444
64987557000140,Classe,2026-09-30,24361690000172,TAB_I2_VL_CARTEIRA,5181730.59,5719426.45,0.905987800577451
65014891000180,Classe,2026-09-30,40434681000110,TAB_I2_VL_CARTEIRA,1040006.34,1040044.11,0.999963684232585
65095860000100,Classe,2026-09-30,00806535000154,TAB_I2_VL_CARTEIRA,15287369,15291505.04,0.999729520410896
65190945000169,Classe,2026-09-30,40434681000110,TAB_I2_VL_CARTEIRA,15218377.48,15218382.43,0.999999674735471
65343721000140,Classe,2026-09-30,62232889000190,TAB_I2_VL_CARTEIRA,62218788.14,62224520.33,0.999907878920246
65619110000181,Classe,2026-09-30,16695922000109,TAB_I2_VL_CARTEIRA,1368681.7,1368681.7,1
65659857000163,Classe,2026-09-30,24361690000172,TAB_I2_VL_CARTEIRA,32634533.96,33054826.01,0.987285001897367
65675575000150,Classe,2026-09-30,62285390000140,TAB_I2_VL_CARTEIRA,7455886.05,7455886.05,1
65706613000194,Classe,2026-09-30,24361690000172,TAB_I2_VL_CARTEIRA,4176528.49,4178247.67,0.999588540427523
65784807000108,Classe,2026-09-30,24361690000172,TAB_I2_VL_CARTEIRA,0,6566.14,0
65784847000150,Classe,2026-09-30,24361690000172,TAB_I2_VL_CARTEIRA,220721842.85,220730609.24,0.999960284665411
65804305000100,Classe,2026-09-30,62232889000190,TAB_I2_VL_CARTEIRA,11090720.1,11091783.24,0.999904150669284
65804737000102,Classe,2026-09-30,00806535000154,TAB_I2_VL_CARTEIRA,187457213,187469323.23,0.999935401537748
65900819000150,Classe,2026-09-30,24361690000172,TAB_I2_VL_CARTEIRA,2674536.93,2674542.69,0.999997846360792
66004736000146,Classe,2026-09-30,16695922000109,TAB_I2_VL_CARTEIRA,42617426.99,42617517.09,0.999997885845865
66107567000170,Classe,2026-09-30,40434681000110,TAB_I2_VL_CARTEIRA,2094774.86,2103819.3,0.995700942566693
66146849000186,Classe,2026-09-30,24361690000172,TAB_I2_VL_CARTEIRA,9416027.71,10535367.29,0.893754099957915
66147948000182,Classe,2026-09-30,24361690000172,TAB_I2_VL_CARTEIRA,2521051.44,2521151.44,0.999960335583808
66188571000100,Classe,2026-09-30,40434681000110,TAB_I2_VL_CARTEIRA,1055012.15,1158440.72,0.910717425402657
66226431000189,Classe,2026-09-30,62232889000190,TAB_I2_VL_CARTEIRA,583357.95,583830.71,0.999190244720083
66247874000156,Classe,2026-09-30,40434681000110,TAB_I2_VL_CARTEIRA,27781907.34,31705213.46,0.87625675111919
66279914000141,Classe,2026-09-30,24361690000172,TAB_I2_VL_CARTEIRA,34667862.43,35113892.63,0.987297614516856
66289666000110,Classe,2026-09-30,62285390000140,TAB_I2_VL_CARTEIRA,4943170.02,6513252.46,0.758940337466974
66320254000103,Classe,2026-09-30,62285390000140,TAB_I2_VL_CARTEIRA,104390059.63,104410835.55,0.99980101758701
66575588000110,Classe,2026-09-30,62285390000140,TAB_I2_VL_CARTEIRA,95068964.05,95068964.05,1
66584882000198,Classe,2026-09-30,62285390000140,TAB_I2_VL_CARTEIRA,5226156.27,5229736.96,0.999315321204988
66589036000160,Classe,2026-09-30,62285390000140,TAB_I2_VL_CARTEIRA,522476019.2,527629322.54,0.990233099034011
66614411000185,Classe,2026-09-30,62232889000190,TAB_I2_VL_CARTEIRA,84676374.62,84677412.84,0.999987739115247
66625873000106,Classe,2026-09-30,40434681000110,TAB_I2_VL_CARTEIRA,6042090.57,6167513.9,0.979663875585266
66687692000104,Classe,2026-09-30,62285390000140,TAB_I2_VL_CARTEIRA,44249161.16,44391739.09,0.996788187781719
66790149000120,Classe,2026-09-30,16695922000109,TAB_I2_VL_CARTEIRA,51157.61,105199.36,0.486292026871646
66790195000129,Classe,2026-09-30,24361690000172,TAB_I2_VL_CARTEIRA,96486499.58,98508166.58,0.979477163465851
67220127000197,Classe,2026-09-30,24361690000172,TAB_I2_VL_CARTEIRA,155701365.44,173303605.72,0.898431194164308
67220139000111,Classe,2026-09-30,40434681000110,TAB_I2_VL_CARTEIRA,21701581.26,21702512.09,0.999957109573485
67851316000168,Classe,2026-09-30,62285390000140,TAB_I2_VL_CARTEIRA,78559509.19,78570120.4,0.999864945987788
67873873000180,Classe,2026-09-30,62285390000140,TAB_I2_VL_CARTEIRA,6078686.02,6106835.88,0.995390434497807
68099385000120,Classe,2026-09-30,40434681000110,TAB_I2_VL_CARTEIRA,7171562.38,7171598.08,0.999995022030013
68119920000167,Classe,2026-09-30,40434681000110,TAB_I2_VL_CARTEIRA,2012767.91,2028525.1,0.992232193725382
68234432000109,Classe,2026-09-30,40434681000110,TAB_I2_VL_CARTEIRA,6458834.8,6496187.71,0.994250026066442
68250073000175,Classe,2026-09-30,16695922000109,TAB_I2_VL_CARTEIRA,467617.25,467617.25,1
68564198000170,Classe,2026-09-30,16695922000109,TAB_I2_VL_CARTEIRA,13215580.8,13233022.61,0.998681948144877
68706406000128,Classe,2026-09-30,62285390000140,TAB_I2_VL_CARTEIRA,2008326.55,2008326.55,1
09260031000156,Classe,2026-09-30,62285390000140,TAB_I3_VL_POSICAO_DERIV,0,66607652.46,0
16802124000120,Classe,2026-09-30,62285390000140,TAB_I3_VL_POSICAO_DERIV,0,385139273.91,0
16858989000109,Classe,2026-09-30,16695922000109,TAB_I3_VL_POSICAO_DERIV,0,0,
17047287000108,Classe,2026-09-30,24361690000172,TAB_I3_VL_POSICAO_DERIV,0,59352937.69,0
17198845000136,Classe,2026-09-30,62285390000140,TAB_I3_VL_POSICAO_DERIV,0,1607530070.59,0
19388377000198,Classe,2026-09-30,24361690000172,TAB_I3_VL_POSICAO_DERIV,0,186815105.11,0
20906292000133,Classe,2026-09-30,24361690000172,TAB_I3_VL_POSICAO_DERIV,0,17762628.75,0
21254441000190,Classe,2026-09-30,62285390000140,TAB_I3_VL_POSICAO_DERIV,0,69957310.4,0
21917325000103,Classe,2026-09-30,24361690000172,TAB_I3_VL_POSICAO_DERIV,0,279463679.75,0
23980344000100,Classe,2026-09-30,62285390000140,TAB_I3_VL_POSICAO_DERIV,0,20186622.61,0
25354121000162,Classe,2026-09-30,16695922000109,TAB_I3_VL_POSICAO_DERIV,0,0,
26000055000195,Classe,2026-09-30,24361690000172,TAB_I3_VL_POSICAO_DERIV,0,3109803.76,0
26199650000100,Classe,2026-09-30,24361690000172,TAB_I3_VL_POSICAO_DERIV,0,56209866.66,0
26631527000108,Fundo,2026-09-30,16695922000109,TAB_I3_VL_POSICAO_DERIV,0,0,
27531244000157,Classe,2026-09-30,16695922000109,TAB_I3_VL_POSICAO_DERIV,0,24375444.45,0
28079865000104,Classe,2026-09-30,62285390000140,TAB_I3_VL_POSICAO_DERIV,0,34858860.02,0
28079873000150,Classe,2026-09-30,62285390000140,TAB_I3_VL_POSICAO_DERIV,0,754944442.47,0
29249995000100,Classe,2026-09-30,24361690000172,TAB_I3_VL_POSICAO_DERIV,0,22632626.43,0
29550273000191,Classe,2026-09-30,62232889000190,TAB_I3_VL_POSICAO_DERIV,0,13139414.06,0
30366120000178,Classe,2026-09-30,62285390000140,TAB_I3_VL_POSICAO_DERIV,0,283431441.77,0
31024416000173,Classe,2026-09-30,62285390000140,TAB_I3_VL_POSICAO_DERIV,0,38785914.33,0
32156038000144,Classe,2026-09-30,62285390000140,TAB_I3_VL_POSICAO_DERIV,0,239282080.98,0
32525937000177,Classe,2026-09-30,62285390000140,TAB_I3_VL_POSICAO_DERIV,0,78996349.19,0
32525986000100,Classe,2026-09-30,62285390000140,TAB_I3_VL_POSICAO_DERIV,0,57173668.36,0
32907653000145,Classe,2026-09-30,16695922000109,TAB_I3_VL_POSICAO_DERIV,0,23721857.76,0
32999032000139,Classe,2026-09-30,62285390000140,TAB_I3_VL_POSICAO_DERIV,0,86872299.79,0
33304615000160,Classe,2026-09-30,24361690000172,TAB_I3_VL_POSICAO_DERIV,0,26007286.86,0
33490076000100,Classe,2026-09-30,40434681000110,TAB_I3_VL_POSICAO_DERIV,0,122682076.38,0
33521644000184,Classe,2026-09-30,16695922000109,TAB_I3_VL_POSICAO_DERIV,0,107342274.18,0
33632618000123,Classe,2026-09-30,62285390000140,TAB_I3_VL_POSICAO_DERIV,0,71807386.67,0
34027968000123,Classe,2026-09-30,16695922000109,TAB_I3_VL_POSICAO_DERIV,0,0,
34218960000144,Classe,2026-09-30,62285390000140,TAB_I3_VL_POSICAO_DERIV,0,110815788.57,0
34599321000176,Classe,2026-09-30,16695922000109,TAB_I3_VL_POSICAO_DERIV,0,107339422.21,0
35277363000153,Classe,2026-09-30,16695922000109,TAB_I3_VL_POSICAO_DERIV,0,218645507.12,0
35686949000171,Classe,2026-09-30,16695922000109,TAB_I3_VL_POSICAO_DERIV,0,20000028.24,0
35715919000146,Classe,2026-09-30,00806535000154,TAB_I3_VL_POSICAO_DERIV,0,878721.17,0
36113052000111,Classe,2026-09-30,62285390000140,TAB_I3_VL_POSICAO_DERIV,0,32595663.24,0
36420767000117,Classe,2026-09-30,62285390000140,TAB_I3_VL_POSICAO_DERIV,0,15277.04,0
36953080000147,Classe,2026-09-30,62285390000140,TAB_I3_VL_POSICAO_DERIV,0,591794522.28,0
37606580000175,Fundo,2026-09-30,48967968000118,TAB_I3_VL_POSICAO_DERIV,0,0,
38134439000180,Classe,2026-09-30,16695922000109,TAB_I3_VL_POSICAO_DERIV,0,0,
39273409000117,Classe,2026-09-30,16695922000109,TAB_I3_VL_POSICAO_DERIV,0,31931495.54,0
39469320000120,Classe,2026-09-30,16695922000109,TAB_I3_VL_POSICAO_DERIV,0,70715839.89,0
39806180000139,Classe,2026-09-30,62285390000140,TAB_I3_VL_POSICAO_DERIV,0,234964190.31,0
39851520000143,Classe,2026-09-30,24361690000172,TAB_I3_VL_POSICAO_DERIV,0,9550222.56,0
40226175000136,Classe,2026-09-30,48967968000118,TAB_I3_VL_POSICAO_DERIV,0,0,
40902151000150,Classe,2026-09-30,62285390000140,TAB_I3_VL_POSICAO_DERIV,0,44644782.89,0
40989019000127,Classe,2026-09-30,62285390000140,TAB_I3_VL_POSICAO_DERIV,0,102232622.92,0
41096982000144,Classe,2026-09-30,62285390000140,TAB_I3_VL_POSICAO_DERIV,0,234052907.9,0
41251476000182,Classe,2026-09-30,62285390000140,TAB_I3_VL_POSICAO_DERIV,0,66483918.27,0
41341232000190,Classe,2026-09-30,40434681000110,TAB_I3_VL_POSICAO_DERIV,0,30288397.4,0
41351648000190,Classe,2026-09-30,62285390000140,TAB_I3_VL_POSICAO_DERIV,0,27359408.43,0
41801514000123,Classe,2026-09-30,62232889000190,TAB_I3_VL_POSICAO_DERIV,0,191926964.13,0
41992676000196,Classe,2026-09-30,62285390000140,TAB_I3_VL_POSICAO_DERIV,0,403331089.22,0
42031108000191,Classe,2026-09-30,16695922000109,TAB_I3_VL_POSICAO_DERIV,0,5712117.51,0
42067232000107,Classe,2026-09-30,62285390000140,TAB_I3_VL_POSICAO_DERIV,0,56418514.49,0
42196288000161,Classe,2026-09-30,62285390000140,TAB_I3_VL_POSICAO_DERIV,0,402257200.51,0
42336359000184,Classe,2026-09-30,62285390000140,TAB_I3_VL_POSICAO_DERIV,0,66409349.73,0
42533772000139,Classe,2026-09-30,62285390000140,TAB_I3_VL_POSICAO_DERIV,0,264465549.49,0
42867211000176,Fundo,2026-09-30,16695922000109,TAB_I3_VL_POSICAO_DERIV,0,0,
43122353000177,Classe,2026-09-30,24361690000172,TAB_I3_VL_POSICAO_DERIV,0,13689002.58,0
43236160000147,Classe,2026-09-30,62285390000140,TAB_I3_VL_POSICAO_DERIV,0,219240591.59,0
43702427000144,Classe,2026-09-30,24361690000172,TAB_I3_VL_POSICAO_DERIV,0,18580056.93,0
44173512000125,Classe,2026-09-30,62232889000190,TAB_I3_VL_POSICAO_DERIV,0,107822395.54,0
44395590000174,Classe,2026-09-30,62285390000140,TAB_I3_VL_POSICAO_DERIV,0,110007538.18,0
44414972000106,Classe,2026-09-30,40434681000110,TAB_I3_VL_POSICAO_DERIV,0,13518168.21,0
44415022000198,Classe,2026-09-30,40434681000110,TAB_I3_VL_POSICAO_DERIV,0,28658268.19,0
44465412000172,Classe,2026-09-30,40434681000110,TAB_I3_VL_POSICAO_DERIV,0,22935380.19,0
44465521000190,Classe,2026-09-30,40434681000110,TAB_I3_VL_POSICAO_DERIV,0,14553297.64,0
44479362000182,Classe,2026-09-30,24361690000172,TAB_I3_VL_POSICAO_DERIV,0,0,
44585152000179,Classe,2026-09-30,40434681000110,TAB_I3_VL_POSICAO_DERIV,0,17648686.03,0
44585499000111,Classe,2026-09-30,40434681000110,TAB_I3_VL_POSICAO_DERIV,0,22622552.55,0
44680424000110,Classe,2026-09-30,16695922000109,TAB_I3_VL_POSICAO_DERIV,0,51742488.92,0
44680449000113,Classe,2026-09-30,16695922000109,TAB_I3_VL_POSICAO_DERIV,0,6402067.2,0
44705452000144,Classe,2026-09-30,62285390000140,TAB_I3_VL_POSICAO_DERIV,0,45228287.08,0
44705662000132,Classe,2026-09-30,62285390000140,TAB_I3_VL_POSICAO_DERIV,0,23179933.79,0
45018911000184,Classe,2026-09-30,16695922000109,TAB_I3_VL_POSICAO_DERIV,0,0,
45019108000164,Classe,2026-09-30,16695922000109,TAB_I3_VL_POSICAO_DERIV,0,14194939.69,0
45521676000169,Classe,2026-09-30,16695922000109,TAB_I3_VL_POSICAO_DERIV,0,417963813.49,0
45525150000157,Classe,2026-09-30,62285390000140,TAB_I3_VL_POSICAO_DERIV,0,5514328.85,0
45721977000136,Classe,2026-09-30,16695922000109,TAB_I3_VL_POSICAO_DERIV,0,52762108.42,0
45756256000161,Classe,2026-09-30,62285390000140,TAB_I3_VL_POSICAO_DERIV,0,30841264.53,0
45777614000112,Classe,2026-09-30,62285390000140,TAB_I3_VL_POSICAO_DERIV,0,47323316.2,0
45880798000141,Fundo,2026-09-30,24361690000172,TAB_I3_VL_POSICAO_DERIV,0,0,
45899684000143,Classe,2026-09-30,16695922000109,TAB_I3_VL_POSICAO_DERIV,0,133.14,0
45899975000131,Classe,2026-09-30,16695922000109,TAB_I3_VL_POSICAO_DERIV,0,0,
46098515000177,Classe,2026-09-30,40434681000110,TAB_I3_VL_POSICAO_DERIV,0,68323980.39,0
46098560000121,Classe,2026-09-30,40434681000110,TAB_I3_VL_POSICAO_DERIV,0,114390994.79,0
46322877000108,Classe,2026-09-30,62232889000190,TAB_I3_VL_POSICAO_DERIV,0,30414869.57,0
46449843000170,Classe,2026-09-30,62232889000190,TAB_I3_VL_POSICAO_DERIV,0,301060799.09,0
46766050000185,Classe,2026-09-30,62285390000140,TAB_I3_VL_POSICAO_DERIV,0,265215593.84,0
47094392000169,Classe,2026-09-30,16695922000109,TAB_I3_VL_POSICAO_DERIV,0,1370067130.53,0
47167918000193,Classe,2026-09-30,62285390000140,TAB_I3_VL_POSICAO_DERIV,0,146458094.11,0
47168002000158,Classe,2026-09-30,62285390000140,TAB_I3_VL_POSICAO_DERIV,0,20488999.87,0
47410102000149,Classe,2026-09-30,62232889000190,TAB_I3_VL_POSICAO_DERIV,0,92139390.89,0
47410122000110,Classe,2026-09-30,62232889000190,TAB_I3_VL_POSICAO_DERIV,0,57178808.22,0
47425860000130,Classe,2026-09-30,24361690000172,TAB_I3_VL_POSICAO_DERIV,0,7004053.32,0
47463381000109,Classe,2026-09-30,62232889000190,TAB_I3_VL_POSICAO_DERIV,0,160412253.77,0
47465008000197,Classe,2026-09-30,16695922000109,TAB_I3_VL_POSICAO_DERIV,0,4110031.65,0
47640501000104,Classe,2026-09-30,40434681000110,TAB_I3_VL_POSICAO_DERIV,0,55783081.79,0
47669160000191,Classe,2026-09-30,40434681000110,TAB_I3_VL_POSICAO_DERIV,0,6533163.25,0
47669241000191,Classe,2026-09-30,40434681000110,TAB_I3_VL_POSICAO_DERIV,0,2551917.58,0
47669306000107,Classe,2026-09-30,40434681000110,TAB_I3_VL_POSICAO_DERIV,0,2853275.43,0
47715992000105,Classe,2026-09-30,62285390000140,TAB_I3_VL_POSICAO_DERIV,0,26743281.1,0
47731522000127,Classe,2026-09-30,40434681000110,TAB_I3_VL_POSICAO_DERIV,0,3595221.22,0
48181830000199,Classe,2026-09-30,62232889000190,TAB_I3_VL_POSICAO_DERIV,0,236960438.8,0
48213067000130,Classe,2026-09-30,24361690000172,TAB_I3_VL_POSICAO_DERIV,0,134651079.81,0
48213253000170,Classe,2026-09-30,40434681000110,TAB_I3_VL_POSICAO_DERIV,0,16082862.03,0
48279539000158,Classe,2026-09-30,62232889000190,TAB_I3_VL_POSICAO_DERIV,0,244775876.29,0
48313744000192,Classe,2026-09-30,62285390000140,TAB_I3_VL_POSICAO_DERIV,0,84327734.18,0
48357311000139,Classe,2026-09-30,16695922000109,TAB_I3_VL_POSICAO_DERIV,0,0,
48502650000161,Classe,2026-09-30,16695922000109,TAB_I3_VL_POSICAO_DERIV,0,32669191.03,0
49000918000120,Classe,2026-09-30,62285390000140,TAB_I3_VL_POSICAO_DERIV,0,9836978.41,0
49087632000123,Classe,2026-09-30,24361690000172,TAB_I3_VL_POSICAO_DERIV,0,0,
49141366000170,Classe,2026-09-30,40434681000110,TAB_I3_VL_POSICAO_DERIV,0,29920130.26,0
49220648000162,Classe,2026-09-30,62285390000140,TAB_I3_VL_POSICAO_DERIV,0,211156647.59,0
49223648000116,Classe,2026-09-30,16695922000109,TAB_I3_VL_POSICAO_DERIV,0,0,
49261110000104,Classe,2026-09-30,40434681000110,TAB_I3_VL_POSICAO_DERIV,0,7711564.8,0
49275773000170,Classe,2026-09-30,24361690000172,TAB_I3_VL_POSICAO_DERIV,0,0,
49460350000120,Classe,2026-09-30,24361690000172,TAB_I3_VL_POSICAO_DERIV,0,63195941.97,0
49466992000136,Classe,2026-09-30,24361690000172,TAB_I3_VL_POSICAO_DERIV,0,3390281.21,0
49815200000191,Classe,2026-09-30,00806535000154,TAB_I3_VL_POSICAO_DERIV,0,81271227.69,0
49916055000135,Classe,2026-09-30,62285390000140,TAB_I3_VL_POSICAO_DERIV,0,95336988.55,0
49916151000183,Classe,2026-09-30,62285390000140,TAB_I3_VL_POSICAO_DERIV,0,1247723019.13,0
49934838000141,Classe,2026-09-30,16695922000109,TAB_I3_VL_POSICAO_DERIV,0,42118622.62,0
50041351000119,Classe,2026-09-30,62232889000190,TAB_I3_VL_POSICAO_DERIV,0,6629823.43,0
50133597000110,Classe,2026-09-30,16695922000109,TAB_I3_VL_POSICAO_DERIV,0,0,
50153414000129,Classe,2026-09-30,16695922000109,TAB_I3_VL_POSICAO_DERIV,0,42504999.02,0
50284896000156,Classe,2026-09-30,62285390000140,TAB_I3_VL_POSICAO_DERIV,0,35179495.76,0
50327909000127,Classe,2026-09-30,62285390000140,TAB_I3_VL_POSICAO_DERIV,0,958939238.18,0
50356663000111,Classe,2026-09-30,40434681000110,TAB_I3_VL_POSICAO_DERIV,0,0,
50434429000165,Classe,2026-09-30,62285390000140,TAB_I3_VL_POSICAO_DERIV,0,89038491.81,0
50692376000182,Classe,2026-09-30,24361690000172,TAB_I3_VL_POSICAO_DERIV,0,5669289.66,0
50695489000131,Classe,2026-09-30,62232889000190,TAB_I3_VL_POSICAO_DERIV,0,23003393.12,0
50791925000176,Classe,2026-09-30,24361690000172,TAB_I3_VL_POSICAO_DERIV,0,17901177.83,0
50808063000147,Classe,2026-09-30,62285390000140,TAB_I3_VL_POSICAO_DERIV,0,71762017.38,0
50818107000110,Classe,2026-09-30,16695922000109,TAB_I3_VL_POSICAO_DERIV,0,0,
50823781000192,Classe,2026-09-30,24361690000172,TAB_I3_VL_POSICAO_DERIV,0,0,
50824501000160,Classe,2026-09-30,24361690000172,TAB_I3_VL_POSICAO_DERIV,0,33772510,0
50946637000143,Fundo,2026-09-30,16695922000109,TAB_I3_VL_POSICAO_DERIV,0,14696991.44,0
50948197000163,Classe,2026-09-30,16695922000109,TAB_I3_VL_POSICAO_DERIV,0,0,
51027087000121,Classe,2026-09-30,62285390000140,TAB_I3_VL_POSICAO_DERIV,0,51302161.34,0
51119641000109,Classe,2026-09-30,24361690000172,TAB_I3_VL_POSICAO_DERIV,0,0,
51253601000147,Classe,2026-09-30,24361690000172,TAB_I3_VL_POSICAO_DERIV,0,9013208.43,0
51294885000110,Classe,2026-09-30,24361690000172,TAB_I3_VL_POSICAO_DERIV,0,27353149,0
51313788000127,Classe,2026-09-30,24361690000172,TAB_I3_VL_POSICAO_DERIV,0,9319257.52,0
51364521000169,Classe,2026-09-30,62285390000140,TAB_I3_VL_POSICAO_DERIV,0,157209811.69,0
51382517000123,Classe,2026-09-30,16695922000109,TAB_I3_VL_POSICAO_DERIV,0,232916412.98,0
51388032000147,Classe,2026-09-30,40434681000110,TAB_I3_VL_POSICAO_DERIV,0,7546838.44,0
51476020000174,Classe,2026-09-30,62285390000140,TAB_I3_VL_POSICAO_DERIV,0,23212379.26,0
51497411000175,Classe,2026-09-30,62232889000190,TAB_I3_VL_POSICAO_DERIV,0,29067858.08,0
51555510000166,Classe,2026-09-30,24361690000172,TAB_I3_VL_POSICAO_DERIV,0,151986895.09,0
51581780000141,Classe,2026-09-30,40434681000110,TAB_I3_VL_POSICAO_DERIV,0,15882582.73,0
51730136000198,Classe,2026-09-30,40434681000110,TAB_I3_VL_POSICAO_DERIV,0,1680864.58,0
51731270000103,Classe,2026-09-30,24361690000172,TAB_I3_VL_POSICAO_DERIV,0,13296702.22,0
51781164000134,Classe,2026-09-30,40434681000110,TAB_I3_VL_POSICAO_DERIV,0,2507286.02,0
51863167000117,Fundo,2026-09-30,40434681000110,TAB_I3_VL_POSICAO_DERIV,0,0,
52043752000133,Classe,2026-09-30,40434681000110,TAB_I3_VL_POSICAO_DERIV,0,1036727.94,0
52069691000183,Classe,2026-09-30,16695922000109,TAB_I3_VL_POSICAO_DERIV,0,744705619.26,0
52098409000196,Classe,2026-09-30,62232889000190,TAB_I3_VL_POSICAO_DERIV,0,43019704.19,0
52115758000179,Classe,2026-09-30,22610500000188,TAB_I3_VL_POSICAO_DERIV,0,156253124.15,0
52148267000124,Classe,2026-09-30,62232889000190,TAB_I3_VL_POSICAO_DERIV,0,165578654.6,0
52200741000110,Classe,2026-09-30,24361690000172,TAB_I3_VL_POSICAO_DERIV,0,180085557.84,0
52200745000106,Classe,2026-09-30,24361690000172,TAB_I3_VL_POSICAO_DERIV,0,31781265.32,0
52258572000179,Classe,2026-09-30,62232889000190,TAB_I3_VL_POSICAO_DERIV,0,51397450.5,0
52287219000117,Classe,2026-09-30,00806535000154,TAB_I3_VL_POSICAO_DERIV,0,74221147.18,0
52348286000102,Classe,2026-09-30,16695922000109,TAB_I3_VL_POSICAO_DERIV,0,0,
52430088000185,Classe,2026-09-30,62285390000140,TAB_I3_VL_POSICAO_DERIV,0,3234423.57,0
52511370000197,Classe,2026-09-30,62232889000190,TAB_I3_VL_POSICAO_DERIV,0,36847885.49,0
52511479000124,Classe,2026-09-30,62232889000190,TAB_I3_VL_POSICAO_DERIV,0,52686342.73,0
52607408000120,Classe,2026-09-30,62285390000140,TAB_I3_VL_POSICAO_DERIV,0,8875848.63,0
52719781000172,Classe,2026-09-30,16695922000109,TAB_I3_VL_POSICAO_DERIV,0,63643607.09,0
52756013000199,Classe,2026-09-30,62285390000140,TAB_I3_VL_POSICAO_DERIV,0,600330107.75,0
52989090000199,Classe,2026-09-30,62285390000140,TAB_I3_VL_POSICAO_DERIV,0,925475503.77,0
53030737000113,Classe,2026-09-30,40434681000110,TAB_I3_VL_POSICAO_DERIV,0,66714192.17,0
53032513000140,Classe,2026-09-30,62285390000140,TAB_I3_VL_POSICAO_DERIV,0,12458957.33,0
53109835000140,Classe,2026-09-30,62232889000190,TAB_I3_VL_POSICAO_DERIV,0,113735509.49,0
53121758000144,Classe,2026-09-30,62285390000140,TAB_I3_VL_POSICAO_DERIV,2251423.01,88925989.57,0.0253179415926291
53214754000100,Classe,2026-09-30,62285390000140,TAB_I3_VL_POSICAO_DERIV,0,1024659.38,0
53292327000140,Classe,2026-09-30,16695922000109,TAB_I3_VL_POSICAO_DERIV,0,29152140.96,0
53323818000101,Classe,2026-09-30,16695922000109,TAB_I3_VL_POSICAO_DERIV,0,2522427.92,0
53577135000180,Classe,2026-09-30,62285390000140,TAB_I3_VL_POSICAO_DERIV,0,230099985.01,0
53604320000117,Classe,2026-09-30,24361690000172,TAB_I3_VL_POSICAO_DERIV,0,110118356.68,0
53640662000192,Classe,2026-09-30,40434681000110,TAB_I3_VL_POSICAO_DERIV,0,18065757.2,0
53765941000182,Classe,2026-09-30,24361690000172,TAB_I3_VL_POSICAO_DERIV,0,16272980.48,0
53822280000180,Classe,2026-09-30,16695922000109,TAB_I3_VL_POSICAO_DERIV,0,0,
53841740000117,Classe,2026-09-30,62285390000140,TAB_I3_VL_POSICAO_DERIV,7757788.91,1892850547.19,0.00409846879961902
53872780000126,Classe,2026-09-30,00806535000154,TAB_I3_VL_POSICAO_DERIV,0,187824598.28,0
53880657000157,Classe,2026-09-30,62285390000140,TAB_I3_VL_POSICAO_DERIV,0,200744103.9,0
54071756000150,Classe,2026-09-30,62285390000140,TAB_I3_VL_POSICAO_DERIV,0,92284022.07,0
54083491000100,Classe,2026-09-30,62232889000190,TAB_I3_VL_POSICAO_DERIV,0,56304820.4,0
54111764000183,Classe,2026-09-30,62285390000140,TAB_I3_VL_POSICAO_DERIV,0,71870101.71,0
54148306000119,Classe,2026-09-30,16695922000109,TAB_I3_VL_POSICAO_DERIV,0,0,
54379696000138,Classe,2026-09-30,16695922000109,TAB_I3_VL_POSICAO_DERIV,0,10670721.65,0
54495443000120,Classe,2026-09-30,62285390000140,TAB_I3_VL_POSICAO_DERIV,0,190855803.49,0
54585485000151,Classe,2026-09-30,16695922000109,TAB_I3_VL_POSICAO_DERIV,0,13396089.96,0
54585643000173,Classe,2026-09-30,24361690000172,TAB_I3_VL_POSICAO_DERIV,0,0,
54857414000160,Classe,2026-09-30,24361690000172,TAB_I3_VL_POSICAO_DERIV,0,108159018.19,0
54976450000143,Classe,2026-09-30,62232889000190,TAB_I3_VL_POSICAO_DERIV,0,18403541.74,0
54976534000187,Classe,2026-09-30,62285390000140,TAB_I3_VL_POSICAO_DERIV,0,48982596.77,0
55074368000196,Classe,2026-09-30,24361690000172,TAB_I3_VL_POSICAO_DERIV,0,52449374.48,0
55175561000113,Classe,2026-09-30,62285390000140,TAB_I3_VL_POSICAO_DERIV,4909992.48,129126360.66,0.0380247104843944
55296116000101,Classe,2026-09-30,62285390000140,TAB_I3_VL_POSICAO_DERIV,0,35497473.5,0
55331747000114,Classe,2026-09-30,00806535000154,TAB_I3_VL_POSICAO_DERIV,0,10966160.38,0
55364405000109,Classe,2026-09-30,62232889000190,TAB_I3_VL_POSICAO_DERIV,0,34757888.49,0
55401645000128,Classe,2026-09-30,62285390000140,TAB_I3_VL_POSICAO_DERIV,0,206263079.86,0
55445774000118,Classe,2026-09-30,24361690000172,TAB_I3_VL_POSICAO_DERIV,0,25590491.49,0
55466785000184,Classe,2026-09-30,00806535000154,TAB_I3_VL_POSICAO_DERIV,0,68995123.27,0
55483719000112,Classe,2026-09-30,62285390000140,TAB_I3_VL_POSICAO_DERIV,0,28796459.47,0
55508226000190,Classe,2026-09-30,62285390000140,TAB_I3_VL_POSICAO_DERIV,1474951.44,44925252.9,0.0328312328765989
55523204000107,Classe,2026-09-30,24361690000172,TAB_I3_VL_POSICAO_DERIV,0,117591731.67,0
55595058000117,Classe,2026-09-30,62232889000190,TAB_I3_VL_POSICAO_DERIV,0,484328710.1,0
55595705000190,Classe,2026-09-30,62232889000190,TAB_I3_VL_POSICAO_DERIV,0,72378302.1,0
55626390000100,Classe,2026-09-30,40434681000110,TAB_I3_VL_POSICAO_DERIV,0,0,
55636084000146,Classe,2026-09-30,62285390000140,TAB_I3_VL_POSICAO_DERIV,0,33691789.46,0
55690923000104,Classe,2026-09-30,40434681000110,TAB_I3_VL_POSICAO_DERIV,0,1969953.19,0
55706529000117,Classe,2026-09-30,16695922000109,TAB_I3_VL_POSICAO_DERIV,0,0,
55747288000154,Classe,2026-09-30,40434681000110,TAB_I3_VL_POSICAO_DERIV,0,6561850.99,0
55790118000152,Classe,2026-09-30,40434681000110,TAB_I3_VL_POSICAO_DERIV,0,17220904.38,0
55798735000102,Classe,2026-09-30,40434681000110,TAB_I3_VL_POSICAO_DERIV,0,3368242.54,0
55914922000104,Classe,2026-09-30,62285390000140,TAB_I3_VL_POSICAO_DERIV,0,27783130.26,0
56030860000122,Classe,2026-09-30,62285390000140,TAB_I3_VL_POSICAO_DERIV,0,3497776.46,0
56073212000153,Classe,2026-09-30,62285390000140,TAB_I3_VL_POSICAO_DERIV,0,41442115.06,0
56075525000140,Classe,2026-09-30,24361690000172,TAB_I3_VL_POSICAO_DERIV,0,85466155.68,0
56125191000172,Classe,2026-09-30,62285390000140,TAB_I3_VL_POSICAO_DERIV,0,31006427.41,0
56822599000101,Classe,2026-09-30,62232889000190,TAB_I3_VL_POSICAO_DERIV,0,11725077.27,0
56912548000162,Classe,2026-09-30,40434681000110,TAB_I3_VL_POSICAO_DERIV,0,15798554.73,0
56924942000110,Classe,2026-09-30,62285390000140,TAB_I3_VL_POSICAO_DERIV,0,2929114942.48,0
56975898000178,Classe,2026-09-30,62285390000140,TAB_I3_VL_POSICAO_DERIV,0,7607073.08,0
56986018000169,Classe,2026-09-30,40434681000110,TAB_I3_VL_POSICAO_DERIV,0,93124003.85,0
57053395000108,Classe,2026-09-30,24361690000172,TAB_I3_VL_POSICAO_DERIV,0,77145234.49,0
57088363000148,Classe,2026-09-30,62232889000190,TAB_I3_VL_POSICAO_DERIV,0,107156104.7,0
57127130000107,Classe,2026-09-30,62285390000140,TAB_I3_VL_POSICAO_DERIV,0,1669318.13,0
57140603000106,Classe,2026-09-30,24361690000172,TAB_I3_VL_POSICAO_DERIV,0,103920960.24,0
57182384000128,Classe,2026-09-30,62232889000190,TAB_I3_VL_POSICAO_DERIV,0,44171693.18,0
57224939000157,Classe,2026-09-30,62285390000140,TAB_I3_VL_POSICAO_DERIV,707473.71,92457618.7,0.00765187033743061
57270666000187,Classe,2026-09-30,24361690000172,TAB_I3_VL_POSICAO_DERIV,0,53797367.35,0
57325152000181,Classe,2026-09-30,62285390000140,TAB_I3_VL_POSICAO_DERIV,0,22372040.76,0
57340272000158,Classe,2026-09-30,62285390000140,TAB_I3_VL_POSICAO_DERIV,0,57656933.68,0
57378463000109,Classe,2026-09-30,24361690000172,TAB_I3_VL_POSICAO_DERIV,0,157624019.89,0
57391433000132,Classe,2026-09-30,62232889000190,TAB_I3_VL_POSICAO_DERIV,0,49716336.56,0
57391980000118,Classe,2026-09-30,62232889000190,TAB_I3_VL_POSICAO_DERIV,0,22053193.55,0
57441997000132,Classe,2026-09-30,16695922000109,TAB_I3_VL_POSICAO_DERIV,0,0,
57533260000140,Classe,2026-09-30,62285390000140,TAB_I3_VL_POSICAO_DERIV,0,28338164.18,0
57584175000100,Classe,2026-09-30,62232889000190,TAB_I3_VL_POSICAO_DERIV,0,20256688.98,0
57584525000139,Classe,2026-09-30,62232889000190,TAB_I3_VL_POSICAO_DERIV,0,55434541.04,0
57585602000175,Classe,2026-09-30,40434681000110,TAB_I3_VL_POSICAO_DERIV,0,4937412.57,0
57691078000117,Classe,2026-09-30,39669186000101,TAB_I3_VL_POSICAO_DERIV,0,0,
57740051000177,Classe,2026-09-30,16695922000109,TAB_I3_VL_POSICAO_DERIV,0,65504535.38,0
57752597000148,Classe,2026-09-30,24361690000172,TAB_I3_VL_POSICAO_DERIV,0,71942623.99,0
57821748000172,Classe,2026-09-30,40434681000110,TAB_I3_VL_POSICAO_DERIV,0,12273113.72,0
57823707000115,Classe,2026-09-30,62285390000140,TAB_I3_VL_POSICAO_DERIV,13695.41,184683260.51,7.41562064811956e-05
57888289000144,Classe,2026-09-30,40434681000110,TAB_I3_VL_POSICAO_DERIV,0,13063346.12,0
57998329000100,Classe,2026-09-30,40434681000110,TAB_I3_VL_POSICAO_DERIV,0,19583632.41,0
58036896000149,Classe,2026-09-30,24361690000172,TAB_I3_VL_POSICAO_DERIV,0,343081543.13,0
58114311000161,Classe,2026-09-30,24361690000172,TAB_I3_VL_POSICAO_DERIV,0,53849289.96,0
58114447000171,Classe,2026-09-30,16695922000109,TAB_I3_VL_POSICAO_DERIV,0,0,
58157393000121,Classe,2026-09-30,16695922000109,TAB_I3_VL_POSICAO_DERIV,0,10300054.98,0
58238421000135,Classe,2026-09-30,40434681000110,TAB_I3_VL_POSICAO_DERIV,0,9433923.6,0
58307031000170,Classe,2026-09-30,24361690000172,TAB_I3_VL_POSICAO_DERIV,0,3026040.7,0
58364147000140,Classe,2026-09-30,62285390000140,TAB_I3_VL_POSICAO_DERIV,0,11618876.04,0
58423669000176,Classe,2026-09-30,16695922000109,TAB_I3_VL_POSICAO_DERIV,0,0,
58482694000120,Classe,2026-09-30,24361690000172,TAB_I3_VL_POSICAO_DERIV,68762696.71,147365215.24,0.466614163987157
58559343000170,Classe,2026-09-30,16695922000109,TAB_I3_VL_POSICAO_DERIV,0,0,
58731626000158,Classe,2026-09-30,62232889000190,TAB_I3_VL_POSICAO_DERIV,11.84,36632035.06,3.23214366349212e-07
58900579000129,Classe,2026-09-30,62285390000140,TAB_I3_VL_POSICAO_DERIV,0,4361769872.69,0
58922423000149,Classe,2026-09-30,24361690000172,TAB_I3_VL_POSICAO_DERIV,0,164926677.29,0
58944590000190,Classe,2026-09-30,18945670000146,TAB_I3_VL_POSICAO_DERIV,0,66648302.38,0
58954874000168,Classe,2026-09-30,16695922000109,TAB_I3_VL_POSICAO_DERIV,0,43796715.54,0
59291327000102,Classe,2026-09-30,24361690000172,TAB_I3_VL_POSICAO_DERIV,0,13442326.88,0
59357545000100,Classe,2026-09-30,16695922000109,TAB_I3_VL_POSICAO_DERIV,0,6570014.14,0
59400011000101,Classe,2026-09-30,62232889000190,TAB_I3_VL_POSICAO_DERIV,0,6233147.29,0
59400337000139,Classe,2026-09-30,16695922000109,TAB_I3_VL_POSICAO_DERIV,0,385504168.13,0
59657112000162,Classe,2026-09-30,18945670000146,TAB_I3_VL_POSICAO_DERIV,0,13283664.72,0
59710430000140,Classe,2026-09-30,40434681000110,TAB_I3_VL_POSICAO_DERIV,0,20401114.69,0
59843866000107,Classe,2026-09-30,62285390000140,TAB_I3_VL_POSICAO_DERIV,0,156068967.47,0
59870750000167,Classe,2026-09-30,40434681000110,TAB_I3_VL_POSICAO_DERIV,0,64991183.34,0
59936269000127,Classe,2026-09-30,24361690000172,TAB_I3_VL_POSICAO_DERIV,0,4457691.3,0
60043514000156,Classe,2026-09-30,40434681000110,TAB_I3_VL_POSICAO_DERIV,0,45236166.62,0
60058603000176,Classe,2026-09-30,62285390000140,TAB_I3_VL_POSICAO_DERIV,0,54589199.39,0
60078440000193,Classe,2026-09-30,24361690000172,TAB_I3_VL_POSICAO_DERIV,0,34976446.31,0
60079965000143,Classe,2026-09-30,40434681000110,TAB_I3_VL_POSICAO_DERIV,0,25212.83,0
60095481000198,Classe,2026-09-30,62232889000190,TAB_I3_VL_POSICAO_DERIV,0,40032152.86,0
60115778000178,Classe,2026-09-30,24361690000172,TAB_I3_VL_POSICAO_DERIV,0,45750406.28,0
60282653000132,Classe,2026-09-30,16695922000109,TAB_I3_VL_POSICAO_DERIV,0,0,
60331197000173,Classe,2026-09-30,24361690000172,TAB_I3_VL_POSICAO_DERIV,0,1446049.1,0
60368384000121,Classe,2026-09-30,24361690000172,TAB_I3_VL_POSICAO_DERIV,0,24429541.79,0
60369537000155,Classe,2026-09-30,62285390000140,TAB_I3_VL_POSICAO_DERIV,0,135700398.09,0
60369959000120,Classe,2026-09-30,62285390000140,TAB_I3_VL_POSICAO_DERIV,0,19226087.99,0
60401316000117,Classe,2026-09-30,62285390000140,TAB_I3_VL_POSICAO_DERIV,0,37840733.78,0
60604288000135,Classe,2026-09-30,40434681000110,TAB_I3_VL_POSICAO_DERIV,0,9278389.14,0
60606404000155,Classe,2026-09-30,18945670000146,TAB_I3_VL_POSICAO_DERIV,0,80751461.57,0
60675473000110,Classe,2026-09-30,16695922000109,TAB_I3_VL_POSICAO_DERIV,0,7673074.19,0
60681487000147,Classe,2026-09-30,24361690000172,TAB_I3_VL_POSICAO_DERIV,0,5068039.93,0
60686437000152,Classe,2026-09-30,24361690000172,TAB_I3_VL_POSICAO_DERIV,0,11333601.22,0
60696087000105,Classe,2026-09-30,62285390000140,TAB_I3_VL_POSICAO_DERIV,0,18018090.78,0
60736775000151,Classe,2026-09-30,62285390000140,TAB_I3_VL_POSICAO_DERIV,0,100865925.08,0
60792713000167,Classe,2026-09-30,16695922000109,TAB_I3_VL_POSICAO_DERIV,0,1922460.67,0
60866189000121,Classe,2026-09-30,62285390000140,TAB_I3_VL_POSICAO_DERIV,0,32611562.71,0
60894511000126,Classe,2026-09-30,16695922000109,TAB_I3_VL_POSICAO_DERIV,0,2579588,0
60910091000124,Classe,2026-09-30,62285390000140,TAB_I3_VL_POSICAO_DERIV,0,22912312.9,0
60931216000100,Classe,2026-09-30,24361690000172,TAB_I3_VL_POSICAO_DERIV,0,5685664.14,0
60974918000163,Classe,2026-09-30,24361690000172,TAB_I3_VL_POSICAO_DERIV,0,6294095.07,0
61084525000147,Classe,2026-09-30,40434681000110,TAB_I3_VL_POSICAO_DERIV,0,3089465.27,0
61130895000173,Classe,2026-09-30,16695922000109,TAB_I3_VL_POSICAO_DERIV,0,55578297.19,0
61138429000134,Classe,2026-09-30,24361690000172,TAB_I3_VL_POSICAO_DERIV,0,19752446.21,0
61279682000108,Classe,2026-09-30,40434681000110,TAB_I3_VL_POSICAO_DERIV,0,8669375.8,0
61306033000159,Classe,2026-09-30,62285390000140,TAB_I3_VL_POSICAO_DERIV,0,22456849.16,0
61328619000114,Classe,2026-09-30,40434681000110,TAB_I3_VL_POSICAO_DERIV,0,10228468.76,0
61350212000193,Classe,2026-09-30,16695922000109,TAB_I3_VL_POSICAO_DERIV,0,10104247.8,0
61351481000174,Classe,2026-09-30,62285390000140,TAB_I3_VL_POSICAO_DERIV,175058.44,507654428.84,0.000344837807088597
61371110000154,Classe,2026-09-30,16695922000109,TAB_I3_VL_POSICAO_DERIV,0,0,
61385893000125,Classe,2026-09-30,62285390000140,TAB_I3_VL_POSICAO_DERIV,0,401107108.13,0
61430639000100,Classe,2026-09-30,24361690000172,TAB_I3_VL_POSICAO_DERIV,0,61314144.92,0
61527968000165,Classe,2026-09-30,16695922000109,TAB_I3_VL_POSICAO_DERIV,0,0,
61543748000125,Classe,2026-09-30,24361690000172,TAB_I3_VL_POSICAO_DERIV,0,14888141.78,0
61631599000156,Classe,2026-09-30,16695922000109,TAB_I3_VL_POSICAO_DERIV,0,425109106.32,0
61664240000185,Classe,2026-09-30,24361690000172,TAB_I3_VL_POSICAO_DERIV,0,49504875.82,0
61690116000194,Classe,2026-09-30,40434681000110,TAB_I3_VL_POSICAO_DERIV,0,6295220.97,0
61750443000194,Classe,2026-09-30,24361690000172,TAB_I3_VL_POSICAO_DERIV,0,12754789.38,0
61766813000181,Classe,2026-09-30,40434681000110,TAB_I3_VL_POSICAO_DERIV,0,43020619.62,0
61866286000187,Classe,2026-09-30,16695922000109,TAB_I3_VL_POSICAO_DERIV,0,7725106.74,0
61955311000107,Classe,2026-09-30,16695922000109,TAB_I3_VL_POSICAO_DERIV,0,9724323.01,0
61975703000120,Classe,2026-09-30,24361690000172,TAB_I3_VL_POSICAO_DERIV,0,70116672.61,0
62016007000159,Classe,2026-09-30,62285390000140,TAB_I3_VL_POSICAO_DERIV,0,3629674.39,0
62161418000138,Classe,2026-09-30,62285390000140,TAB_I3_VL_POSICAO_DERIV,0,70750242.24,0
62164403000123,Classe,2026-09-30,16695922000109,TAB_I3_VL_POSICAO_DERIV,0,7149114.01,0
62230042000176,Classe,2026-09-30,16695922000109,TAB_I3_VL_POSICAO_DERIV,0,28720201.28,0
62303024000177,Classe,2026-09-30,62232889000190,TAB_I3_VL_POSICAO_DERIV,0,302245585.52,0
62359337000147,Classe,2026-09-30,40434681000110,TAB_I3_VL_POSICAO_DERIV,0,23458244.92,0
62497138000103,Classe,2026-09-30,16695922000109,TAB_I3_VL_POSICAO_DERIV,0,4041792.81,0
62541630000120,Classe,2026-09-30,62232889000190,TAB_I3_VL_POSICAO_DERIV,0,41983411.22,0
62627243000101,Classe,2026-09-30,62285390000140,TAB_I3_VL_POSICAO_DERIV,140789.22,77544315.4,0.00181559691737249
62627291000108,Classe,2026-09-30,62285390000140,TAB_I3_VL_POSICAO_DERIV,0,604900476.78,0
62741028000137,Classe,2026-09-30,40434681000110,TAB_I3_VL_POSICAO_DERIV,0,13306124.92,0
62762366000155,Classe,2026-09-30,16695922000109,TAB_I3_VL_POSICAO_DERIV,0,3429775.37,0
62772042000106,Classe,2026-09-30,24361690000172,TAB_I3_VL_POSICAO_DERIV,0,49867133.96,0
62951957000170,Classe,2026-09-30,16695922000109,TAB_I3_VL_POSICAO_DERIV,0,12375932.68,0
62966067000132,Classe,2026-09-30,40434681000110,TAB_I3_VL_POSICAO_DERIV,0,37177713.43,0
62967950000147,Classe,2026-09-30,40434681000110,TAB_I3_VL_POSICAO_DERIV,0,36226090.17,0
62968483000170,Classe,2026-09-30,40434681000110,TAB_I3_VL_POSICAO_DERIV,0,76351040.17,0
62972105000160,Classe,2026-09-30,62285390000140,TAB_I3_VL_POSICAO_DERIV,0,36706522.71,0
63098061000153,Classe,2026-09-30,16695922000109,TAB_I3_VL_POSICAO_DERIV,0,31084424.25,0
63212782000142,Classe,2026-09-30,62285390000140,TAB_I3_VL_POSICAO_DERIV,0,28870347.66,0
63249135000105,Classe,2026-09-30,40434681000110,TAB_I3_VL_POSICAO_DERIV,0,4276109.48,0
63310209000171,Classe,2026-09-30,62285390000140,TAB_I3_VL_POSICAO_DERIV,0,2109141.46,0
63322011000108,Classe,2026-09-30,62285390000140,TAB_I3_VL_POSICAO_DERIV,235774.28,633663020.08,0.000372081488943813
63457029000117,Classe,2026-09-30,16695922000109,TAB_I3_VL_POSICAO_DERIV,0,1523827.7,0
63458316000141,Classe,2026-09-30,16695922000109,TAB_I3_VL_POSICAO_DERIV,0,5211791.26,0
63459064000175,Classe,2026-09-30,16695922000109,TAB_I3_VL_POSICAO_DERIV,0,4021060.87,0
63516387000153,Classe,2026-09-30,62285390000140,TAB_I3_VL_POSICAO_DERIV,0,88338043.12,0
63565588000140,Classe,2026-09-30,62285390000140,TAB_I3_VL_POSICAO_DERIV,0,11440833.48,0
63566193000162,Classe,2026-09-30,16695922000109,TAB_I3_VL_POSICAO_DERIV,0,3526305.01,0
63604811000111,Classe,2026-09-30,40434681000110,TAB_I3_VL_POSICAO_DERIV,0,72157979.24,0
63606548000108,Classe,2026-09-30,40434681000110,TAB_I3_VL_POSICAO_DERIV,0,18708119.03,0
63606839000198,Classe,2026-09-30,40434681000110,TAB_I3_VL_POSICAO_DERIV,0,53613140.96,0
63622544000105,Classe,2026-09-30,16695922000109,TAB_I3_VL_POSICAO_DERIV,0,1889422.1,0
63659752000189,Classe,2026-09-30,16695922000109,TAB_I3_VL_POSICAO_DERIV,0,32710945.96,0
63697245000130,Classe,2026-09-30,24361690000172,TAB_I3_VL_POSICAO_DERIV,0,10394280.51,0
63699134000162,Classe,2026-09-30,24361690000172,TAB_I3_VL_POSICAO_DERIV,0,20003299.37,0
63709161000179,Classe,2026-09-30,40434681000110,TAB_I3_VL_POSICAO_DERIV,0,108124232.35,0
63796349000100,Classe,2026-09-30,62285390000140,TAB_I3_VL_POSICAO_DERIV,0,1916167.79,0
63863686000164,Classe,2026-09-30,24361690000172,TAB_I3_VL_POSICAO_DERIV,0,56531662.82,0
63887027000168,Classe,2026-09-30,40434681000110,TAB_I3_VL_POSICAO_DERIV,0,0,
63894672000108,Classe,2026-09-30,16695922000109,TAB_I3_VL_POSICAO_DERIV,0,52783160.67,0
63938673000107,Classe,2026-09-30,62285390000140,TAB_I3_VL_POSICAO_DERIV,0,106506235.35,0
63974821000149,Classe,2026-09-30,62285390000140,TAB_I3_VL_POSICAO_DERIV,0,10108347.15,0
64019393000168,Classe,2026-09-30,16695922000109,TAB_I3_VL_POSICAO_DERIV,0,131324281.98,0
64029467000147,Classe,2026-09-30,16695922000109,TAB_I3_VL_POSICAO_DERIV,0,8924582.61,0
64039922000195,Classe,2026-09-30,62285390000140,TAB_I3_VL_POSICAO_DERIV,0,56417369.07,0
64054825000171,Classe,2026-09-30,40434681000110,TAB_I3_VL_POSICAO_DERIV,0,8693755.28,0
64155784000100,Classe,2026-09-30,18945670000146,TAB_I3_VL_POSICAO_DERIV,0,34660357.54,0
64276414000120,Classe,2026-09-30,24361690000172,TAB_I3_VL_POSICAO_DERIV,0,16326240.32,0
64276709000105,Classe,2026-09-30,24361690000172,TAB_I3_VL_POSICAO_DERIV,0,96852442.87,0
64282009000115,Classe,2026-09-30,40434681000110,TAB_I3_VL_POSICAO_DERIV,0,17845441.47,0
64291147000160,Classe,2026-09-30,62232889000190,TAB_I3_VL_POSICAO_DERIV,0,21094843.39,0
64310285000140,Classe,2026-09-30,40434681000110,TAB_I3_VL_POSICAO_DERIV,0,13901451.33,0
64382297000180,Classe,2026-09-30,62232889000190,TAB_I3_VL_POSICAO_DERIV,0,18666724.54,0
64432874000109,Classe,2026-09-30,40434681000110,TAB_I3_VL_POSICAO_DERIV,0,10744175.58,0
64530753000191,Classe,2026-09-30,24361690000172,TAB_I3_VL_POSICAO_DERIV,0,4178799.3,0
64598309000108,Classe,2026-09-30,16695922000109,TAB_I3_VL_POSICAO_DERIV,0,7216639.11,0
64630838000141,Classe,2026-09-30,62285390000140,TAB_I3_VL_POSICAO_DERIV,0,16762294.34,0
64636877000156,Classe,2026-09-30,16695922000109,TAB_I3_VL_POSICAO_DERIV,0,3184456.43,0
64637478000100,Classe,2026-09-30,00806535000154,TAB_I3_VL_POSICAO_DERIV,0,76790679.88,0
64656737000140,Classe,2026-09-30,62232889000190,TAB_I3_VL_POSICAO_DERIV,0,60708407.98,0
64721990000130,Classe,2026-09-30,40434681000110,TAB_I3_VL_POSICAO_DERIV,0,16547718,0
64987557000140,Classe,2026-09-30,24361690000172,TAB_I3_VL_POSICAO_DERIV,0,5719426.45,0
65014891000180,Classe,2026-09-30,40434681000110,TAB_I3_VL_POSICAO_DERIV,0,1040044.11,0
65095860000100,Classe,2026-09-30,00806535000154,TAB_I3_VL_POSICAO_DERIV,0,15291505.04,0
65190945000169,Classe,2026-09-30,40434681000110,TAB_I3_VL_POSICAO_DERIV,0,15218382.43,0
65343721000140,Classe,2026-09-30,62232889000190,TAB_I3_VL_POSICAO_DERIV,0,62224520.33,0
65619110000181,Classe,2026-09-30,16695922000109,TAB_I3_VL_POSICAO_DERIV,0,1368681.7,0
65659857000163,Classe,2026-09-30,24361690000172,TAB_I3_VL_POSICAO_DERIV,0,33054826.01,0
65675575000150,Classe,2026-09-30,62285390000140,TAB_I3_VL_POSICAO_DERIV,0,7455886.05,0
65706613000194,Classe,2026-09-30,24361690000172,TAB_I3_VL_POSICAO_DERIV,0,4178247.67,0
65784807000108,Classe,2026-09-30,24361690000172,TAB_I3_VL_POSICAO_DERIV,0,6566.14,0
65784847000150,Classe,2026-09-30,24361690000172,TAB_I3_VL_POSICAO_DERIV,0,220730609.24,0
65804305000100,Classe,2026-09-30,62232889000190,TAB_I3_VL_POSICAO_DERIV,0,11091783.24,0
65804737000102,Classe,2026-09-30,00806535000154,TAB_I3_VL_POSICAO_DERIV,0,187469323.23,0
65900819000150,Classe,2026-09-30,24361690000172,TAB_I3_VL_POSICAO_DERIV,0,2674542.69,0
66004736000146,Classe,2026-09-30,16695922000109,TAB_I3_VL_POSICAO_DERIV,0,42617517.09,0
66107567000170,Classe,2026-09-30,40434681000110,TAB_I3_VL_POSICAO_DERIV,0,2103819.3,0
66146849000186,Classe,2026-09-30,24361690000172,TAB_I3_VL_POSICAO_DERIV,0,10535367.29,0
66147948000182,Classe,2026-09-30,24361690000172,TAB_I3_VL_POSICAO_DERIV,0,2521151.44,0
66188571000100,Classe,2026-09-30,40434681000110,TAB_I3_VL_POSICAO_DERIV,0,1158440.72,0
66226431000189,Classe,2026-09-30,62232889000190,TAB_I3_VL_POSICAO_DERIV,0,583830.71,0
66247874000156,Classe,2026-09-30,40434681000110,TAB_I3_VL_POSICAO_DERIV,0,31705213.46,0
66279914000141,Classe,2026-09-30,24361690000172,TAB_I3_VL_POSICAO_DERIV,0,35113892.63,0
66289666000110,Classe,2026-09-30,62285390000140,TAB_I3_VL_POSICAO_DERIV,0,6513252.46,0
66320254000103,Classe,2026-09-30,62285390000140,TAB_I3_VL_POSICAO_DERIV,0,104410835.55,0
66575588000110,Classe,2026-09-30,62285390000140,TAB_I3_VL_POSICAO_DERIV,0,95068964.05,0
66584882000198,Classe,2026-09-30,62285390000140,TAB_I3_VL_POSICAO_DERIV,0,5229736.96,0
66589036000160,Classe,2026-09-30,62285390000140,TAB_I3_VL_POSICAO_DERIV,0,527629322.54,0
66614411000185,Classe,2026-09-30,62232889000190,TAB_I3_VL_POSICAO_DERIV,0,84677412.84,0
66625873000106,Classe,2026-09-30,40434681000110,TAB_I3_VL_POSICAO_DERIV,0,6167513.9,0
66687692000104,Classe,2026-09-30,62285390000140,TAB_I3_VL_POSICAO_DERIV,0,44391739.09,0
66790149000120,Classe,2026-09-30,16695922000109,TAB_I3_VL_POSICAO_DERIV,0,105199.36,0
66790195000129,Classe,2026-09-30,24361690000172,TAB_I3_VL_POSICAO_DERIV,0,98508166.58,0
67220127000197,Classe,2026-09-30,24361690000172,TAB_I3_VL_POSICAO_DERIV,0,173303605.72,0
67220139000111,Classe,2026-09-30,40434681000110,TAB_I3_VL_POSICAO_DERIV,0,21702512.09,0
67851316000168,Classe,2026-09-30,62285390000140,TAB_I3_VL_POSICAO_DERIV,0,78570120.4,0
67873873000180,Classe,2026-09-30,62285390000140,TAB_I3_VL_POSICAO_DERIV,0,6106835.88,0
68099385000120,Classe,2026-09-30,40434681000110,TAB_I3_VL_POSICAO_DERIV,0,7171598.08,0
68119920000167,Classe,2026-09-30,40434681000110,TAB_I3_VL_POSICAO_DERIV,0,2028525.1,0
68234432000109,Classe,2026-09-30,40434681000110,TAB_I3_VL_POSICAO_DERIV,0,6496187.71,0
68250073000175,Classe,2026-09-30,16695922000109,TAB_I3_VL_POSICAO_DERIV,0,467617.25,0
68564198000170,Classe,2026-09-30,16695922000109,TAB_I3_VL_POSICAO_DERIV,0,13233022.61,0
68706406000128,Classe,2026-09-30,62285390000140,TAB_I3_VL_POSICAO_DERIV,0,2008326.55,0
09260031000156,Classe,2026-09-30,62285390000140,TAB_I4_VL_OUTRO_ATIVO,24079.38,66607652.46,0.000361510714019841
16802124000120,Classe,2026-09-30,62285390000140,TAB_I4_VL_OUTRO_ATIVO,85699.02,385139273.91,0.000222514362479757
16858989000109,Classe,2026-09-30,16695922000109,TAB_I4_VL_OUTRO_ATIVO,0,0,
17047287000108,Classe,2026-09-30,24361690000172,TAB_I4_VL_OUTRO_ATIVO,223205.94,59352937.69,0.00376065530514771
17198845000136,Classe,2026-09-30,62285390000140,TAB_I4_VL_OUTRO_ATIVO,67716.42,1607530070.59,4.21245121561841e-05
19388377000198,Classe,2026-09-30,24361690000172,TAB_I4_VL_OUTRO_ATIVO,18023.01,186815105.11,9.64751216952598e-05
20906292000133,Classe,2026-09-30,24361690000172,TAB_I4_VL_OUTRO_ATIVO,3047748.72,17762628.75,0.171582076217182
21254441000190,Classe,2026-09-30,62285390000140,TAB_I4_VL_OUTRO_ATIVO,8144.84,69957310.4,0.000116425859619669
21917325000103,Classe,2026-09-30,24361690000172,TAB_I4_VL_OUTRO_ATIVO,1101980.9,279463679.75,0.0039431989909594
23980344000100,Classe,2026-09-30,62285390000140,TAB_I4_VL_OUTRO_ATIVO,5537.44,20186622.61,0.000274312355612022
25354121000162,Classe,2026-09-30,16695922000109,TAB_I4_VL_OUTRO_ATIVO,0,0,
26000055000195,Classe,2026-09-30,24361690000172,TAB_I4_VL_OUTRO_ATIVO,533048.26,3109803.76,0.17140897019174
26199650000100,Classe,2026-09-30,24361690000172,TAB_I4_VL_OUTRO_ATIVO,27851.86,56209866.66,0.000495497706274047
26631527000108,Fundo,2026-09-30,16695922000109,TAB_I4_VL_OUTRO_ATIVO,0,0,
27531244000157,Classe,2026-09-30,16695922000109,TAB_I4_VL_OUTRO_ATIVO,0,24375444.45,0
28079865000104,Classe,2026-09-30,62285390000140,TAB_I4_VL_OUTRO_ATIVO,5537.44,34858860.02,0.000158853158044266
28079873000150,Classe,2026-09-30,62285390000140,TAB_I4_VL_OUTRO_ATIVO,29531.65,754944442.47,3.91176467282538e-05
29249995000100,Classe,2026-09-30,24361690000172,TAB_I4_VL_OUTRO_ATIVO,1287133.38,22632626.43,0.0568707031851097
29550273000191,Classe,2026-09-30,62232889000190,TAB_I4_VL_OUTRO_ATIVO,1249.49,13139414.06,9.50948036414951e-05
30366120000178,Classe,2026-09-30,62285390000140,TAB_I4_VL_OUTRO_ATIVO,27870.72,283431441.77,9.83331977071783e-05
31024416000173,Classe,2026-09-30,62285390000140,TAB_I4_VL_OUTRO_ATIVO,7382.88,38785914.33,0.000190349515475764
32156038000144,Classe,2026-09-30,62285390000140,TAB_I4_VL_OUTRO_ATIVO,17646.91,239282080.98,7.37494004052689e-05
32525937000177,Classe,2026-09-30,62285390000140,TAB_I4_VL_OUTRO_ATIVO,0,78996349.19,0
32525986000100,Classe,2026-09-30,62285390000140,TAB_I4_VL_OUTRO_ATIVO,7382.88,57173668.36,0.000129130773164893
32907653000145,Classe,2026-09-30,16695922000109,TAB_I4_VL_OUTRO_ATIVO,0,23721857.76,0
32999032000139,Classe,2026-09-30,62285390000140,TAB_I4_VL_OUTRO_ATIVO,7382.88,86872299.79,8.4985432846223e-05
33304615000160,Classe,2026-09-30,24361690000172,TAB_I4_VL_OUTRO_ATIVO,21702.19,26007286.86,0.000834465744805492
33490076000100,Classe,2026-09-30,40434681000110,TAB_I4_VL_OUTRO_ATIVO,9402295.66,122682076.38,0.0766395217413584
33521644000184,Classe,2026-09-30,16695922000109,TAB_I4_VL_OUTRO_ATIVO,0,107342274.18,0
33632618000123,Classe,2026-09-30,62285390000140,TAB_I4_VL_OUTRO_ATIVO,7711.98,71807386.67,0.0001073981432501
34027968000123,Classe,2026-09-30,16695922000109,TAB_I4_VL_OUTRO_ATIVO,0,0,
34218960000144,Classe,2026-09-30,62285390000140,TAB_I4_VL_OUTRO_ATIVO,16611.59,110815788.57,0.000149902736914666
34599321000176,Classe,2026-09-30,16695922000109,TAB_I4_VL_OUTRO_ATIVO,11978.4,107339422.21,0.000111593669440155
35277363000153,Classe,2026-09-30,16695922000109,TAB_I4_VL_OUTRO_ATIVO,17719.14,218645507.12,8.10404944212969e-05
35686949000171,Classe,2026-09-30,16695922000109,TAB_I4_VL_OUTRO_ATIVO,0,20000028.24,0
35715919000146,Classe,2026-09-30,00806535000154,TAB_I4_VL_OUTRO_ATIVO,15.48,878721.17,1.76165096830431e-05
36113052000111,Classe,2026-09-30,62285390000140,TAB_I4_VL_OUTRO_ATIVO,5537.44,32595663.24,0.000169882722104108
36420767000117,Classe,2026-09-30,62285390000140,TAB_I4_VL_OUTRO_ATIVO,0,15277.04,0
36953080000147,Classe,2026-09-30,62285390000140,TAB_I4_VL_OUTRO_ATIVO,23625.74,591794522.28,3.99222012210883e-05
37606580000175,Fundo,2026-09-30,48967968000118,TAB_I4_VL_OUTRO_ATIVO,0,0,
38134439000180,Classe,2026-09-30,16695922000109,TAB_I4_VL_OUTRO_ATIVO,0,0,
39273409000117,Classe,2026-09-30,16695922000109,TAB_I4_VL_OUTRO_ATIVO,23122.01,31931495.54,0.000724112967744824
39469320000120,Classe,2026-09-30,16695922000109,TAB_I4_VL_OUTRO_ATIVO,126727.77,70715839.89,0.00179207049222816
39806180000139,Classe,2026-09-30,62285390000140,TAB_I4_VL_OUTRO_ATIVO,23625.74,234964190.31,0.000100550385864456
39851520000143,Classe,2026-09-30,24361690000172,TAB_I4_VL_OUTRO_ATIVO,1265.72,9550222.56,0.000132533037010187
40226175000136,Classe,2026-09-30,48967968000118,TAB_I4_VL_OUTRO_ATIVO,0,0,
40902151000150,Classe,2026-09-30,62285390000140,TAB_I4_VL_OUTRO_ATIVO,7382.88,44644782.89,0.000165369378504777
40989019000127,Classe,2026-09-30,62285390000140,TAB_I4_VL_OUTRO_ATIVO,13658.64,102232622.92,0.000133603536815135
41096982000144,Classe,2026-09-30,62285390000140,TAB_I4_VL_OUTRO_ATIVO,24809.42,234052907.9,0.00010599919574851
41251476000182,Classe,2026-09-30,62285390000140,TAB_I4_VL_OUTRO_ATIVO,10036.76,66483918.27,0.000150965229805491
41341232000190,Classe,2026-09-30,40434681000110,TAB_I4_VL_OUTRO_ATIVO,2229967.12,30288397.4,0.0736244671697288
41351648000190,Classe,2026-09-30,62285390000140,TAB_I4_VL_OUTRO_ATIVO,8767.24,27359408.43,0.000320446987091526
41801514000123,Classe,2026-09-30,62232889000190,TAB_I4_VL_OUTRO_ATIVO,566806.82,191926964.13,0.00295324225321502
41992676000196,Classe,2026-09-30,62285390000140,TAB_I4_VL_OUTRO_ATIVO,5023621.05,403331089.22,0.0124553281020691
42031108000191,Classe,2026-09-30,16695922000109,TAB_I4_VL_OUTRO_ATIVO,1610662.24,5712117.51,0.281972882592186
42067232000107,Classe,2026-09-30,62285390000140,TAB_I4_VL_OUTRO_ATIVO,7382.88,56418514.49,0.000130859170375863
42196288000161,Classe,2026-09-30,62285390000140,TAB_I4_VL_OUTRO_ATIVO,38295.17,402257200.51,9.52007072873963e-05
42336359000184,Classe,2026-09-30,62285390000140,TAB_I4_VL_OUTRO_ATIVO,22559.15,66409349.73,0.000339698402283994
42533772000139,Classe,2026-09-30,62285390000140,TAB_I4_VL_OUTRO_ATIVO,17719.14,264465549.49,6.69998040734224e-05
42867211000176,Fundo,2026-09-30,16695922000109,TAB_I4_VL_OUTRO_ATIVO,0,0,
43122353000177,Classe,2026-09-30,24361690000172,TAB_I4_VL_OUTRO_ATIVO,164003.63,13689002.58,0.0119806851552219
43236160000147,Classe,2026-09-30,62285390000140,TAB_I4_VL_OUTRO_ATIVO,27409.52,219240591.59,0.000125020279325182
43702427000144,Classe,2026-09-30,24361690000172,TAB_I4_VL_OUTRO_ATIVO,2722838.04,18580056.93,0.146546270028033
44173512000125,Classe,2026-09-30,62232889000190,TAB_I4_VL_OUTRO_ATIVO,5283.89,107822395.54,4.90054962472039e-05
44395590000174,Classe,2026-09-30,62285390000140,TAB_I4_VL_OUTRO_ATIVO,11764.75,110007538.18,0.000106944943906934
44414972000106,Classe,2026-09-30,40434681000110,TAB_I4_VL_OUTRO_ATIVO,123561.79,13518168.21,0.0091404240634168
44415022000198,Classe,2026-09-30,40434681000110,TAB_I4_VL_OUTRO_ATIVO,8111449.32,28658268.19,0.283040456814149
44465412000172,Classe,2026-09-30,40434681000110,TAB_I4_VL_OUTRO_ATIVO,59979.14,22935380.19,0.00261513606938817
44465521000190,Classe,2026-09-30,40434681000110,TAB_I4_VL_OUTRO_ATIVO,0,14553297.64,0
44479362000182,Classe,2026-09-30,24361690000172,TAB_I4_VL_OUTRO_ATIVO,0,0,
44585152000179,Classe,2026-09-30,40434681000110,TAB_I4_VL_OUTRO_ATIVO,1700114.72,17648686.03,0.0963309516136256
44585499000111,Classe,2026-09-30,40434681000110,TAB_I4_VL_OUTRO_ATIVO,625918.66,22622552.55,0.0276679061134505
44680424000110,Classe,2026-09-30,16695922000109,TAB_I4_VL_OUTRO_ATIVO,7542.11,51742488.92,0.000145762412234576
44680449000113,Classe,2026-09-30,16695922000109,TAB_I4_VL_OUTRO_ATIVO,130817.62,6402067.2,0.0204336530550632
44705452000144,Classe,2026-09-30,62285390000140,TAB_I4_VL_OUTRO_ATIVO,7382.88,45228287.08,0.000163235896750658
44705662000132,Classe,2026-09-30,62285390000140,TAB_I4_VL_OUTRO_ATIVO,5537.44,23179933.79,0.000238889379502408
45018911000184,Classe,2026-09-30,16695922000109,TAB_I4_VL_OUTRO_ATIVO,0,0,
45019108000164,Classe,2026-09-30,16695922000109,TAB_I4_VL_OUTRO_ATIVO,0,14194939.69,0
45521676000169,Classe,2026-09-30,16695922000109,TAB_I4_VL_OUTRO_ATIVO,0,417963813.49,0
45525150000157,Classe,2026-09-30,62285390000140,TAB_I4_VL_OUTRO_ATIVO,5998.54,5514328.85,0.00108780962528196
45721977000136,Classe,2026-09-30,16695922000109,TAB_I4_VL_OUTRO_ATIVO,18348.64,52762108.42,0.000347761690149683
45756256000161,Classe,2026-09-30,62285390000140,TAB_I4_VL_OUTRO_ATIVO,5537.44,30841264.53,0.000179546464270737
45777614000112,Classe,2026-09-30,62285390000140,TAB_I4_VL_OUTRO_ATIVO,8306.14,47323316.2,0.000175518975992642
45880798000141,Fundo,2026-09-30,24361690000172,TAB_I4_VL_OUTRO_ATIVO,0,0,
45899684000143,Classe,2026-09-30,16695922000109,TAB_I4_VL_OUTRO_ATIVO,0,133.14,0
45899975000131,Classe,2026-09-30,16695922000109,TAB_I4_VL_OUTRO_ATIVO,0,0,
46098515000177,Classe,2026-09-30,40434681000110,TAB_I4_VL_OUTRO_ATIVO,0,68323980.39,0
46098560000121,Classe,2026-09-30,40434681000110,TAB_I4_VL_OUTRO_ATIVO,1729659.68,114390994.79,0.0151205930429692
46322877000108,Classe,2026-09-30,62232889000190,TAB_I4_VL_OUTRO_ATIVO,915236.92,30414869.57,0.0300917588317641
46449843000170,Classe,2026-09-30,62232889000190,TAB_I4_VL_OUTRO_ATIVO,7879.33,301060799.09,2.61718896110567e-05
46766050000185,Classe,2026-09-30,62285390000140,TAB_I4_VL_OUTRO_ATIVO,28424.69,265215593.84,0.000107175787020835
47094392000169,Classe,2026-09-30,16695922000109,TAB_I4_VL_OUTRO_ATIVO,0,1370067130.53,0
47167918000193,Classe,2026-09-30,62285390000140,TAB_I4_VL_OUTRO_ATIVO,17719.14,146458094.11,0.000120984368311469
47168002000158,Classe,2026-09-30,62285390000140,TAB_I4_VL_OUTRO_ATIVO,4153.07,20488999.87,0.000202697546310248
47410102000149,Classe,2026-09-30,62232889000190,TAB_I4_VL_OUTRO_ATIVO,5314.89,92139390.89,5.7683146683107e-05
47410122000110,Classe,2026-09-30,62232889000190,TAB_I4_VL_OUTRO_ATIVO,3308.13,57178808.22,5.78558753318486e-05
47425860000130,Classe,2026-09-30,24361690000172,TAB_I4_VL_OUTRO_ATIVO,228178.53,7004053.32,0.032578068666102
47463381000109,Classe,2026-09-30,62232889000190,TAB_I4_VL_OUTRO_ATIVO,5039.71,160412253.77,3.14172382817211e-05
47465008000197,Classe,2026-09-30,16695922000109,TAB_I4_VL_OUTRO_ATIVO,0,4110031.65,0
47640501000104,Classe,2026-09-30,40434681000110,TAB_I4_VL_OUTRO_ATIVO,3058520.24,55783081.79,0.0548288144336315
47669160000191,Classe,2026-09-30,40434681000110,TAB_I4_VL_OUTRO_ATIVO,0,6533163.25,0
47669241000191,Classe,2026-09-30,40434681000110,TAB_I4_VL_OUTRO_ATIVO,139226.07,2551917.58,0.0545574320625198
47669306000107,Classe,2026-09-30,40434681000110,TAB_I4_VL_OUTRO_ATIVO,0,2853275.43,0
47715992000105,Classe,2026-09-30,62285390000140,TAB_I4_VL_OUTRO_ATIVO,4153.07,26743281.1,0.000155293959049774
47731522000127,Classe,2026-09-30,40434681000110,TAB_I4_VL_OUTRO_ATIVO,0,3595221.22,0
48181830000199,Classe,2026-09-30,62232889000190,TAB_I4_VL_OUTRO_ATIVO,496575.78,236960438.8,0.00209560626455086
48213067000130,Classe,2026-09-30,24361690000172,TAB_I4_VL_OUTRO_ATIVO,33662.02,134651079.81,0.000249994430401145
48213253000170,Classe,2026-09-30,40434681000110,TAB_I4_VL_OUTRO_ATIVO,0,16082862.03,0
48279539000158,Classe,2026-09-30,62232889000190,TAB_I4_VL_OUTRO_ATIVO,7879.33,244775876.29,3.21899777029698e-05
48313744000192,Classe,2026-09-30,62285390000140,TAB_I4_VL_OUTRO_ATIVO,31525.83,84327734.18,0.000373848892141549
48357311000139,Classe,2026-09-30,16695922000109,TAB_I4_VL_OUTRO_ATIVO,0,0,
48502650000161,Classe,2026-09-30,16695922000109,TAB_I4_VL_OUTRO_ATIVO,6712.88,32669191.03,0.00020548044773547
49000918000120,Classe,2026-09-30,62285390000140,TAB_I4_VL_OUTRO_ATIVO,5409.61,9836978.41,0.000549925980776855
49087632000123,Classe,2026-09-30,24361690000172,TAB_I4_VL_OUTRO_ATIVO,0,0,
49141366000170,Classe,2026-09-30,40434681000110,TAB_I4_VL_OUTRO_ATIVO,0,29920130.26,0
49220648000162,Classe,2026-09-30,62285390000140,TAB_I4_VL_OUTRO_ATIVO,26578.69,211156647.59,0.000125871907436263
49223648000116,Classe,2026-09-30,16695922000109,TAB_I4_VL_OUTRO_ATIVO,0,0,
49261110000104,Classe,2026-09-30,40434681000110,TAB_I4_VL_OUTRO_ATIVO,457745.44,7711564.8,0.0593583081866861
49275773000170,Classe,2026-09-30,24361690000172,TAB_I4_VL_OUTRO_ATIVO,0,0,
49460350000120,Classe,2026-09-30,24361690000172,TAB_I4_VL_OUTRO_ATIVO,3375.16,63195941.97,5.34078596629232e-05
49466992000136,Classe,2026-09-30,24361690000172,TAB_I4_VL_OUTRO_ATIVO,5382.96,3390281.21,0.00158776209599439
49815200000191,Classe,2026-09-30,00806535000154,TAB_I4_VL_OUTRO_ATIVO,11449.64,81271227.69,0.000140881838818448
49916055000135,Classe,2026-09-30,62285390000140,TAB_I4_VL_OUTRO_ATIVO,17349.88,95336988.55,0.000181984770694753
49916151000183,Classe,2026-09-30,62285390000140,TAB_I4_VL_OUTRO_ATIVO,72760.93,1247723019.13,5.83149696562736e-05
49934838000141,Classe,2026-09-30,16695922000109,TAB_I4_VL_OUTRO_ATIVO,5791.96,42118622.62,0.000137515418114592
50041351000119,Classe,2026-09-30,62232889000190,TAB_I4_VL_OUTRO_ATIVO,2457.76,6629823.43,0.000370712738574397
50133597000110,Classe,2026-09-30,16695922000109,TAB_I4_VL_OUTRO_ATIVO,0,0,
50153414000129,Classe,2026-09-30,16695922000109,TAB_I4_VL_OUTRO_ATIVO,5783.35,42504999.02,0.000136062819276357
50284896000156,Classe,2026-09-30,62285390000140,TAB_I4_VL_OUTRO_ATIVO,5537.44,35179495.76,0.000157405326039272
50327909000127,Classe,2026-09-30,62285390000140,TAB_I4_VL_OUTRO_ATIVO,29411.74,958939238.18,3.06711195339357e-05
50356663000111,Classe,2026-09-30,40434681000110,TAB_I4_VL_OUTRO_ATIVO,0,0,
50434429000165,Classe,2026-09-30,62285390000140,TAB_I4_VL_OUTRO_ATIVO,19400.89,89038491.81,0.000217893290930845
50692376000182,Classe,2026-09-30,24361690000172,TAB_I4_VL_OUTRO_ATIVO,1584.41,5669289.66,0.000279472402191565
50695489000131,Classe,2026-09-30,62232889000190,TAB_I4_VL_OUTRO_ATIVO,2468.88,23003393.12,0.000107326775103168
50791925000176,Classe,2026-09-30,24361690000172,TAB_I4_VL_OUTRO_ATIVO,1698414.59,17901177.83,0.094877253671749
50808063000147,Classe,2026-09-30,62285390000140,TAB_I4_VL_OUTRO_ATIVO,0,71762017.38,0
50818107000110,Classe,2026-09-30,16695922000109,TAB_I4_VL_OUTRO_ATIVO,0,0,
50823781000192,Classe,2026-09-30,24361690000172,TAB_I4_VL_OUTRO_ATIVO,0,0,
50824501000160,Classe,2026-09-30,24361690000172,TAB_I4_VL_OUTRO_ATIVO,4052.65,33772510,0.000119998483974096
50946637000143,Fundo,2026-09-30,16695922000109,TAB_I4_VL_OUTRO_ATIVO,9153.07,14696991.44,0.000622785284822892
50948197000163,Classe,2026-09-30,16695922000109,TAB_I4_VL_OUTRO_ATIVO,0,0,
51027087000121,Classe,2026-09-30,62285390000140,TAB_I4_VL_OUTRO_ATIVO,7382.88,51302161.34,0.000143909726357739
51119641000109,Classe,2026-09-30,24361690000172,TAB_I4_VL_OUTRO_ATIVO,0,0,
51253601000147,Classe,2026-09-30,24361690000172,TAB_I4_VL_OUTRO_ATIVO,463392.35,9013208.43,0.051412585606877
51294885000110,Classe,2026-09-30,24361690000172,TAB_I4_VL_OUTRO_ATIVO,5601.8,27353149,0.00020479543324244
51313788000127,Classe,2026-09-30,24361690000172,TAB_I4_VL_OUTRO_ATIVO,3439.06,9319257.52,0.000369027252720451
51364521000169,Classe,2026-09-30,62285390000140,TAB_I4_VL_OUTRO_ATIVO,22645.36,157209811.69,0.000144045462281032
51382517000123,Classe,2026-09-30,16695922000109,TAB_I4_VL_OUTRO_ATIVO,17719.14,232916412.98,7.6075102536984e-05
51388032000147,Classe,2026-09-30,40434681000110,TAB_I4_VL_OUTRO_ATIVO,1283.59,7546838.44,0.000170083142789526
51476020000174,Classe,2026-09-30,62285390000140,TAB_I4_VL_OUTRO_ATIVO,5537.44,23212379.26,0.00023855546809638
51497411000175,Classe,2026-09-30,62232889000190,TAB_I4_VL_OUTRO_ATIVO,2468.88,29067858.08,8.49350507080775e-05
51555510000166,Classe,2026-09-30,24361690000172,TAB_I4_VL_OUTRO_ATIVO,34420.98,151986895.09,0.000226473341531304
51581780000141,Classe,2026-09-30,40434681000110,TAB_I4_VL_OUTRO_ATIVO,3459.05,15882582.73,0.000217788886027103
51730136000198,Classe,2026-09-30,40434681000110,TAB_I4_VL_OUTRO_ATIVO,0,1680864.58,0
51731270000103,Classe,2026-09-30,24361690000172,TAB_I4_VL_OUTRO_ATIVO,89654.94,13296702.22,0.00674264479392094
51781164000134,Classe,2026-09-30,40434681000110,TAB_I4_VL_OUTRO_ATIVO,0,2507286.02,0
51863167000117,Fundo,2026-09-30,40434681000110,TAB_I4_VL_OUTRO_ATIVO,0,0,
52043752000133,Classe,2026-09-30,40434681000110,TAB_I4_VL_OUTRO_ATIVO,207.95,1036727.94,0.000200582999624762
52069691000183,Classe,2026-09-30,16695922000109,TAB_I4_VL_OUTRO_ATIVO,0,744705619.26,0
52098409000196,Classe,2026-09-30,62232889000190,TAB_I4_VL_OUTRO_ATIVO,781203.75,43019704.19,0.0181592078492625
52115758000179,Classe,2026-09-30,22610500000188,TAB_I4_VL_OUTRO_ATIVO,354315.51,156253124.15,0.00226757392485711
52148267000124,Classe,2026-09-30,62232889000190,TAB_I4_VL_OUTRO_ATIVO,153093.56,165578654.6,0.000924597197445763
52200741000110,Classe,2026-09-30,24361690000172,TAB_I4_VL_OUTRO_ATIVO,8919.32,180085557.84,4.95282359506281e-05
52200745000106,Classe,2026-09-30,24361690000172,TAB_I4_VL_OUTRO_ATIVO,6466.29,31781265.32,0.000203462320801015
52258572000179,Classe,2026-09-30,62232889000190,TAB_I4_VL_OUTRO_ATIVO,3327.66,51397450.5,6.47436782880894e-05
52287219000117,Classe,2026-09-30,00806535000154,TAB_I4_VL_OUTRO_ATIVO,7452.48,74221147.18,0.00010040911900656
52348286000102,Classe,2026-09-30,16695922000109,TAB_I4_VL_OUTRO_ATIVO,0,0,
52430088000185,Classe,2026-09-30,62285390000140,TAB_I4_VL_OUTRO_ATIVO,1845.47,3234423.57,0.000570571528453214
52511370000197,Classe,2026-09-30,62232889000190,TAB_I4_VL_OUTRO_ATIVO,2468.88,36847885.49,6.70019450823038e-05
52511479000124,Classe,2026-09-30,62232889000190,TAB_I4_VL_OUTRO_ATIVO,3308.13,52686342.73,6.27891371574806e-05
52607408000120,Classe,2026-09-30,62285390000140,TAB_I4_VL_OUTRO_ATIVO,2768.7,8875848.63,0.000311936369739555
52719781000172,Classe,2026-09-30,16695922000109,TAB_I4_VL_OUTRO_ATIVO,0,63643607.09,0
52756013000199,Classe,2026-09-30,62285390000140,TAB_I4_VL_OUTRO_ATIVO,23625.74,600330107.75,3.9354581246221e-05
52989090000199,Classe,2026-09-30,62285390000140,TAB_I4_VL_OUTRO_ATIVO,58694.92,925475503.77,6.3421365299137e-05
53030737000113,Classe,2026-09-30,40434681000110,TAB_I4_VL_OUTRO_ATIVO,200,66714192.17,2.9978628758685e-06
53032513000140,Classe,2026-09-30,62285390000140,TAB_I4_VL_OUTRO_ATIVO,4614.17,12458957.33,0.000370349610949346
53109835000140,Classe,2026-09-30,62232889000190,TAB_I4_VL_OUTRO_ATIVO,5283.89,113735509.49,4.64576984241195e-05
53121758000144,Classe,2026-09-30,62285390000140,TAB_I4_VL_OUTRO_ATIVO,565587.34,88925989.57,0.0063602029365643
53214754000100,Classe,2026-09-30,62285390000140,TAB_I4_VL_OUTRO_ATIVO,1845.47,1024659.38,0.00180105704980713
53292327000140,Classe,2026-09-30,16695922000109,TAB_I4_VL_OUTRO_ATIVO,0,29152140.96,0
53323818000101,Classe,2026-09-30,16695922000109,TAB_I4_VL_OUTRO_ATIVO,125000,2522427.92,0.0495554299129388
53577135000180,Classe,2026-09-30,62285390000140,TAB_I4_VL_OUTRO_ATIVO,25102.02,230099985.01,0.000109091793286771
53604320000117,Classe,2026-09-30,24361690000172,TAB_I4_VL_OUTRO_ATIVO,3338.55,110118356.68,3.03178334716864e-05
53640662000192,Classe,2026-09-30,40434681000110,TAB_I4_VL_OUTRO_ATIVO,0,18065757.2,0
53765941000182,Classe,2026-09-30,24361690000172,TAB_I4_VL_OUTRO_ATIVO,1782.53,16272980.48,0.000109539245265536
53822280000180,Classe,2026-09-30,16695922000109,TAB_I4_VL_OUTRO_ATIVO,0,0,
53841740000117,Classe,2026-09-30,62285390000140,TAB_I4_VL_OUTRO_ATIVO,71463651.28,1892850547.19,0.0377545133640319
53872780000126,Classe,2026-09-30,00806535000154,TAB_I4_VL_OUTRO_ATIVO,12921441.84,187824598.28,0.0687952587591181
53880657000157,Classe,2026-09-30,62285390000140,TAB_I4_VL_OUTRO_ATIVO,44586.11,200744103.9,0.000222104206966947
54071756000150,Classe,2026-09-30,62285390000140,TAB_I4_VL_OUTRO_ATIVO,41312.3,92284022.07,0.000447664710242727
54083491000100,Classe,2026-09-30,62232889000190,TAB_I4_VL_OUTRO_ATIVO,103218.2,56304820.4,0.00183320360968597
54111764000183,Classe,2026-09-30,62285390000140,TAB_I4_VL_OUTRO_ATIVO,7382.88,71870101.71,0.000102725331178608
54148306000119,Classe,2026-09-30,16695922000109,TAB_I4_VL_OUTRO_ATIVO,0,0,
54379696000138,Classe,2026-09-30,16695922000109,TAB_I4_VL_OUTRO_ATIVO,7000,10670721.65,0.000656000618289954
54495443000120,Classe,2026-09-30,62285390000140,TAB_I4_VL_OUTRO_ATIVO,107076.31,190855803.49,0.00056103250748469
54585485000151,Classe,2026-09-30,16695922000109,TAB_I4_VL_OUTRO_ATIVO,2768.7,13396089.96,0.000206679710890804
54585643000173,Classe,2026-09-30,24361690000172,TAB_I4_VL_OUTRO_ATIVO,0,0,
54857414000160,Classe,2026-09-30,24361690000172,TAB_I4_VL_OUTRO_ATIVO,4921808,108159018.19,0.0455052947259007
54976450000143,Classe,2026-09-30,62232889000190,TAB_I4_VL_OUTRO_ATIVO,1851.77,18403541.74,0.000100620305925961
54976534000187,Classe,2026-09-30,62285390000140,TAB_I4_VL_OUTRO_ATIVO,7382.88,48982596.77,0.00015072455294003
55074368000196,Classe,2026-09-30,24361690000172,TAB_I4_VL_OUTRO_ATIVO,7838.35,52449374.48,0.000149446014899356
55175561000113,Classe,2026-09-30,62285390000140,TAB_I4_VL_OUTRO_ATIVO,21964.09,129126360.66,0.000170097646117613
55296116000101,Classe,2026-09-30,62285390000140,TAB_I4_VL_OUTRO_ATIVO,5537.44,35497473.5,0.000155995327385765
55331747000114,Classe,2026-09-30,00806535000154,TAB_I4_VL_OUTRO_ATIVO,2791.87,10966160.38,0.000254589564921173
55364405000109,Classe,2026-09-30,62232889000190,TAB_I4_VL_OUTRO_ATIVO,12528.06,34757888.49,0.000360437890339753
55401645000128,Classe,2026-09-30,62285390000140,TAB_I4_VL_OUTRO_ATIVO,41516.26,206263079.86,0.000201278193015342
55445774000118,Classe,2026-09-30,24361690000172,TAB_I4_VL_OUTRO_ATIVO,71307.76,25590491.49,0.00278649435193009
55466785000184,Classe,2026-09-30,00806535000154,TAB_I4_VL_OUTRO_ATIVO,107452.48,68995123.27,0.00155739239104631
55483719000112,Classe,2026-09-30,62285390000140,TAB_I4_VL_OUTRO_ATIVO,5537.44,28796459.47,0.000192295862127387
55508226000190,Classe,2026-09-30,62285390000140,TAB_I4_VL_OUTRO_ATIVO,77238.01,44925252.9,0.00171925598664799
55523204000107,Classe,2026-09-30,24361690000172,TAB_I4_VL_OUTRO_ATIVO,13356.97,117591731.67,0.00011358766309764
55595058000117,Classe,2026-09-30,62232889000190,TAB_I4_VL_OUTRO_ATIVO,2051622.03,484328710.1,0.00423601159133515
55595705000190,Classe,2026-09-30,62232889000190,TAB_I4_VL_OUTRO_ATIVO,1598661.46,72378302.1,0.0220875789237394
55626390000100,Classe,2026-09-30,40434681000110,TAB_I4_VL_OUTRO_ATIVO,0,0,
55636084000146,Classe,2026-09-30,62285390000140,TAB_I4_VL_OUTRO_ATIVO,8767.24,33691789.46,0.000260218888355834
55690923000104,Classe,2026-09-30,40434681000110,TAB_I4_VL_OUTRO_ATIVO,18083.43,1969953.19,0.00917962421228902
55706529000117,Classe,2026-09-30,16695922000109,TAB_I4_VL_OUTRO_ATIVO,0,0,
55747288000154,Classe,2026-09-30,40434681000110,TAB_I4_VL_OUTRO_ATIVO,0,6561850.99,0
55790118000152,Classe,2026-09-30,40434681000110,TAB_I4_VL_OUTRO_ATIVO,135537.06,17220904.38,0.00787049605579425
55798735000102,Classe,2026-09-30,40434681000110,TAB_I4_VL_OUTRO_ATIVO,0,3368242.54,0
55914922000104,Classe,2026-09-30,62285390000140,TAB_I4_VL_OUTRO_ATIVO,5537.44,27783130.26,0.000199309435192491
56030860000122,Classe,2026-09-30,62285390000140,TAB_I4_VL_OUTRO_ATIVO,3691.55,3497776.46,0.00105539906343815
56073212000153,Classe,2026-09-30,62285390000140,TAB_I4_VL_OUTRO_ATIVO,5537.44,41442115.06,0.000133618662850168
56075525000140,Classe,2026-09-30,24361690000172,TAB_I4_VL_OUTRO_ATIVO,5779.95,85466155.68,6.76285244610876e-05
56125191000172,Classe,2026-09-30,62285390000140,TAB_I4_VL_OUTRO_ATIVO,424537.44,31006427.41,0.0136919173043161
56822599000101,Classe,2026-09-30,62232889000190,TAB_I4_VL_OUTRO_ATIVO,1862.87,11725077.27,0.00015887912353178
56912548000162,Classe,2026-09-30,40434681000110,TAB_I4_VL_OUTRO_ATIVO,532555.31,15798554.73,0.0337091157451717
56924942000110,Classe,2026-09-30,62285390000140,TAB_I4_VL_OUTRO_ATIVO,72775.5,2929114942.48,2.48455596414332e-05
56975898000178,Classe,2026-09-30,62285390000140,TAB_I4_VL_OUTRO_ATIVO,5524.79,7607073.08,0.000726270135950896
56986018000169,Classe,2026-09-30,40434681000110,TAB_I4_VL_OUTRO_ATIVO,2344397.98,93124003.85,0.0251750127043104
57053395000108,Classe,2026-09-30,24361690000172,TAB_I4_VL_OUTRO_ATIVO,1409.57,77145234.49,1.82716406180957e-05
57088363000148,Classe,2026-09-30,62232889000190,TAB_I4_VL_OUTRO_ATIVO,5283.89,107156104.7,4.93102097616656e-05
57127130000107,Classe,2026-09-30,62285390000140,TAB_I4_VL_OUTRO_ATIVO,1845.47,1669318.13,0.00110552324738724
57140603000106,Classe,2026-09-30,24361690000172,TAB_I4_VL_OUTRO_ATIVO,4664.05,103920960.24,4.48807438771603e-05
57182384000128,Classe,2026-09-30,62232889000190,TAB_I4_VL_OUTRO_ATIVO,20003308.13,44171693.18,0.452853551447221
57224939000157,Classe,2026-09-30,62285390000140,TAB_I4_VL_OUTRO_ATIVO,27929.95,92457618.7,0.000302083813023837
57270666000187,Classe,2026-09-30,24361690000172,TAB_I4_VL_OUTRO_ATIVO,117465.69,53797367.35,0.00218348398418422
57325152000181,Classe,2026-09-30,62285390000140,TAB_I4_VL_OUTRO_ATIVO,5537.44,22372040.76,0.000247516087575732
57340272000158,Classe,2026-09-30,62285390000140,TAB_I4_VL_OUTRO_ATIVO,11489.05,57656933.68,0.000199265713014935
57378463000109,Classe,2026-09-30,24361690000172,TAB_I4_VL_OUTRO_ATIVO,9026.55,157624019.89,5.72663354626998e-05
57391433000132,Classe,2026-09-30,62232889000190,TAB_I4_VL_OUTRO_ATIVO,3707.29,49716336.56,7.45688491251939e-05
57391980000118,Classe,2026-09-30,62232889000190,TAB_I4_VL_OUTRO_ATIVO,1877.27,22053193.55,8.51246326634629e-05
57441997000132,Classe,2026-09-30,16695922000109,TAB_I4_VL_OUTRO_ATIVO,0,0,
57533260000140,Classe,2026-09-30,62285390000140,TAB_I4_VL_OUTRO_ATIVO,6921.77,28338164.18,0.000244256118922662
57584175000100,Classe,2026-09-30,62232889000190,TAB_I4_VL_OUTRO_ATIVO,1851.77,20256688.98,9.141523581807e-05
57584525000139,Classe,2026-09-30,62232889000190,TAB_I4_VL_OUTRO_ATIVO,3308.13,55434541.04,5.96763306403664e-05
57585602000175,Classe,2026-09-30,40434681000110,TAB_I4_VL_OUTRO_ATIVO,197125.9,4937412.57,0.039924939875948
57691078000117,Classe,2026-09-30,39669186000101,TAB_I4_VL_OUTRO_ATIVO,0,0,
57740051000177,Classe,2026-09-30,16695922000109,TAB_I4_VL_OUTRO_ATIVO,0,65504535.38,0
57752597000148,Classe,2026-09-30,24361690000172,TAB_I4_VL_OUTRO_ATIVO,15418273.74,71942623.99,0.214313474889978
57821748000172,Classe,2026-09-30,40434681000110,TAB_I4_VL_OUTRO_ATIVO,0,12273113.72,0
57823707000115,Classe,2026-09-30,62285390000140,TAB_I4_VL_OUTRO_ATIVO,29244.83,184683260.51,0.000158351276229588
57888289000144,Classe,2026-09-30,40434681000110,TAB_I4_VL_OUTRO_ATIVO,0,13063346.12,0
57998329000100,Classe,2026-09-30,40434681000110,TAB_I4_VL_OUTRO_ATIVO,506820.65,19583632.41,0.025879808167825
58036896000149,Classe,2026-09-30,24361690000172,TAB_I4_VL_OUTRO_ATIVO,14294673.95,343081543.13,0.0416655288990101
58114311000161,Classe,2026-09-30,24361690000172,TAB_I4_VL_OUTRO_ATIVO,6863.39,53849289.96,0.000127455533863088
58114447000171,Classe,2026-09-30,16695922000109,TAB_I4_VL_OUTRO_ATIVO,0,0,
58157393000121,Classe,2026-09-30,16695922000109,TAB_I4_VL_OUTRO_ATIVO,1983.74,10300054.98,0.00019259508845845
58238421000135,Classe,2026-09-30,40434681000110,TAB_I4_VL_OUTRO_ATIVO,11887.89,9433923.6,0.00126012150448197
58307031000170,Classe,2026-09-30,24361690000172,TAB_I4_VL_OUTRO_ATIVO,0,3026040.7,0
58364147000140,Classe,2026-09-30,62285390000140,TAB_I4_VL_OUTRO_ATIVO,4153.07,11618876.04,0.000357441630817158
58423669000176,Classe,2026-09-30,16695922000109,TAB_I4_VL_OUTRO_ATIVO,0,0,
58482694000120,Classe,2026-09-30,24361690000172,TAB_I4_VL_OUTRO_ATIVO,47266.86,147365215.24,0.000320746384572647
58559343000170,Classe,2026-09-30,16695922000109,TAB_I4_VL_OUTRO_ATIVO,0,0,
58731626000158,Classe,2026-09-30,62232889000190,TAB_I4_VL_OUTRO_ATIVO,165556.49,36632035.06,0.00451944560898223
58900579000129,Classe,2026-09-30,62285390000140,TAB_I4_VL_OUTRO_ATIVO,33223.55,4361769872.69,7.61698827992278e-06
58922423000149,Classe,2026-09-30,24361690000172,TAB_I4_VL_OUTRO_ATIVO,6397,164926677.29,3.87869331093828e-05
58944590000190,Classe,2026-09-30,18945670000146,TAB_I4_VL_OUTRO_ATIVO,0,66648302.38,0
58954874000168,Classe,2026-09-30,16695922000109,TAB_I4_VL_OUTRO_ATIVO,5783.35,43796715.54,0.000132049856449121
59291327000102,Classe,2026-09-30,24361690000172,TAB_I4_VL_OUTRO_ATIVO,1190.35,13442326.88,8.85523771759373e-05
59357545000100,Classe,2026-09-30,16695922000109,TAB_I4_VL_OUTRO_ATIVO,0,6570014.14,0
59400011000101,Classe,2026-09-30,62232889000190,TAB_I4_VL_OUTRO_ATIVO,1238.02,6233147.29,0.000198618762304268
59400337000139,Classe,2026-09-30,16695922000109,TAB_I4_VL_OUTRO_ATIVO,0,385504168.13,0
59657112000162,Classe,2026-09-30,18945670000146,TAB_I4_VL_OUTRO_ATIVO,2320.46,13283664.72,0.000174685227978262
59710430000140,Classe,2026-09-30,40434681000110,TAB_I4_VL_OUTRO_ATIVO,339352.85,20401114.69,0.0166340347160707
59843866000107,Classe,2026-09-30,62285390000140,TAB_I4_VL_OUTRO_ATIVO,20303.2,156068967.47,0.000130091204735514
59870750000167,Classe,2026-09-30,40434681000110,TAB_I4_VL_OUTRO_ATIVO,1164814.29,64991183.34,0.0179226508910647
59936269000127,Classe,2026-09-30,24361690000172,TAB_I4_VL_OUTRO_ATIVO,2405.78,4457691.3,0.000539691925279797
60043514000156,Classe,2026-09-30,40434681000110,TAB_I4_VL_OUTRO_ATIVO,44592.75,45236166.62,0.000985776499909797
60058603000176,Classe,2026-09-30,62285390000140,TAB_I4_VL_OUTRO_ATIVO,279159.67,54589199.39,0.00511382605202923
60078440000193,Classe,2026-09-30,24361690000172,TAB_I4_VL_OUTRO_ATIVO,18514.26,34976446.31,0.000529335079839333
60079965000143,Classe,2026-09-30,40434681000110,TAB_I4_VL_OUTRO_ATIVO,0,25212.83,0
60095481000198,Classe,2026-09-30,62232889000190,TAB_I4_VL_OUTRO_ATIVO,3707.29,40032152.86,9.26078098513736e-05
60115778000178,Classe,2026-09-30,24361690000172,TAB_I4_VL_OUTRO_ATIVO,10525.83,45750406.28,0.000230070743756464
60282653000132,Classe,2026-09-30,16695922000109,TAB_I4_VL_OUTRO_ATIVO,0,0,
60331197000173,Classe,2026-09-30,24361690000172,TAB_I4_VL_OUTRO_ATIVO,0,1446049.1,0
60368384000121,Classe,2026-09-30,24361690000172,TAB_I4_VL_OUTRO_ATIVO,1782.53,24429541.79,7.29661659364263e-05
60369537000155,Classe,2026-09-30,62285390000140,TAB_I4_VL_OUTRO_ATIVO,17349.88,135700398.09,0.000127854304366102
60369959000120,Classe,2026-09-30,62285390000140,TAB_I4_VL_OUTRO_ATIVO,5998.54,19226087.99,0.000312000028457167
60401316000117,Classe,2026-09-30,62285390000140,TAB_I4_VL_OUTRO_ATIVO,11489.09,37840733.78,0.000303616998200821
60604288000135,Classe,2026-09-30,40434681000110,TAB_I4_VL_OUTRO_ATIVO,0,9278389.14,0
60606404000155,Classe,2026-09-30,18945670000146,TAB_I4_VL_OUTRO_ATIVO,3653.41,80751461.57,4.52426486031218e-05
60675473000110,Classe,2026-09-30,16695922000109,TAB_I4_VL_OUTRO_ATIVO,0,7673074.19,0
60681487000147,Classe,2026-09-30,24361690000172,TAB_I4_VL_OUTRO_ATIVO,586.83,5068039.93,0.000115790326853246
60686437000152,Classe,2026-09-30,24361690000172,TAB_I4_VL_OUTRO_ATIVO,440564.92,11333601.22,0.0388724564635776
60696087000105,Classe,2026-09-30,62285390000140,TAB_I4_VL_OUTRO_ATIVO,100,18018090.78,5.54997758758101e-06
60736775000151,Classe,2026-09-30,62285390000140,TAB_I4_VL_OUTRO_ATIVO,10112.34,100865925.08,0.000100255264520497
60792713000167,Classe,2026-09-30,16695922000109,TAB_I4_VL_OUTRO_ATIVO,1877.09,1922460.67,0.000976399688842529
60866189000121,Classe,2026-09-30,62285390000140,TAB_I4_VL_OUTRO_ATIVO,458891.65,32611562.71,0.0140714400619411
60894511000126,Classe,2026-09-30,16695922000109,TAB_I4_VL_OUTRO_ATIVO,1838.26,2579588,0.000712617673830085
60910091000124,Classe,2026-09-30,62285390000140,TAB_I4_VL_OUTRO_ATIVO,4153.07,22912312.9,0.000181259308832152
60931216000100,Classe,2026-09-30,24361690000172,TAB_I4_VL_OUTRO_ATIVO,197287.67,5685664.14,0.0346991424646479
60974918000163,Classe,2026-09-30,24361690000172,TAB_I4_VL_OUTRO_ATIVO,9084.3,6294095.07,0.00144330517714916
61084525000147,Classe,2026-09-30,40434681000110,TAB_I4_VL_OUTRO_ATIVO,21654.84,3089465.27,0.00700925179845119
61130895000173,Classe,2026-09-30,16695922000109,TAB_I4_VL_OUTRO_ATIVO,6937.44,55578297.19,0.000124822823849454
61138429000134,Classe,2026-09-30,24361690000172,TAB_I4_VL_OUTRO_ATIVO,252361.41,19752446.21,0.0127762104661365
61279682000108,Classe,2026-09-30,40434681000110,TAB_I4_VL_OUTRO_ATIVO,0,8669375.8,0
61306033000159,Classe,2026-09-30,62285390000140,TAB_I4_VL_OUTRO_ATIVO,2928.59,22456849.16,0.000130409657166705
61328619000114,Classe,2026-09-30,40434681000110,TAB_I4_VL_OUTRO_ATIVO,428776.11,10228468.76,0.0419198728627686
61350212000193,Classe,2026-09-30,16695922000109,TAB_I4_VL_OUTRO_ATIVO,2849.28,10104247.8,0.000281988333659038
61351481000174,Classe,2026-09-30,62285390000140,TAB_I4_VL_OUTRO_ATIVO,458786.19,507654428.84,0.000903737195888028
61371110000154,Classe,2026-09-30,16695922000109,TAB_I4_VL_OUTRO_ATIVO,0,0,
61385893000125,Classe,2026-09-30,62285390000140,TAB_I4_VL_OUTRO_ATIVO,875580.09,401107108.13,0.00218290843580918
61430639000100,Classe,2026-09-30,24361690000172,TAB_I4_VL_OUTRO_ATIVO,8446.9,61314144.92,0.000137764295841052
61527968000165,Classe,2026-09-30,16695922000109,TAB_I4_VL_OUTRO_ATIVO,0,0,
61543748000125,Classe,2026-09-30,24361690000172,TAB_I4_VL_OUTRO_ATIVO,206785.76,14888141.78,0.0138892927710956
61631599000156,Classe,2026-09-30,16695922000109,TAB_I4_VL_OUTRO_ATIVO,96028.36,425109106.32,0.000225891091421869
61664240000185,Classe,2026-09-30,24361690000172,TAB_I4_VL_OUTRO_ATIVO,10478.43,49504875.82,0.000211664605282511
61690116000194,Classe,2026-09-30,40434681000110,TAB_I4_VL_OUTRO_ATIVO,121267.45,6295220.97,0.0192634143547784
61750443000194,Classe,2026-09-30,24361690000172,TAB_I4_VL_OUTRO_ATIVO,1898.43,12754789.38,0.000148840560470313
61766813000181,Classe,2026-09-30,40434681000110,TAB_I4_VL_OUTRO_ATIVO,79735.43,43020619.62,0.00185342356070882
61866286000187,Classe,2026-09-30,16695922000109,TAB_I4_VL_OUTRO_ATIVO,0,7725106.74,0
61955311000107,Classe,2026-09-30,16695922000109,TAB_I4_VL_OUTRO_ATIVO,2757.58,9724323.01,0.000283575524708943
61975703000120,Classe,2026-09-30,24361690000172,TAB_I4_VL_OUTRO_ATIVO,22146.05,70116672.61,0.000315845706529456
62016007000159,Classe,2026-09-30,62285390000140,TAB_I4_VL_OUTRO_ATIVO,0,3629674.39,0
62161418000138,Classe,2026-09-30,62285390000140,TAB_I4_VL_OUTRO_ATIVO,21279.7,70750242.24,0.000300772115066613
62164403000123,Classe,2026-09-30,16695922000109,TAB_I4_VL_OUTRO_ATIVO,2975.12,7149114.01,0.000416152266677868
62230042000176,Classe,2026-09-30,16695922000109,TAB_I4_VL_OUTRO_ATIVO,60967.09,28720201.28,0.0021227946630881
62303024000177,Classe,2026-09-30,62232889000190,TAB_I4_VL_OUTRO_ATIVO,7559.35,302245585.52,2.50106217002127e-05
62359337000147,Classe,2026-09-30,40434681000110,TAB_I4_VL_OUTRO_ATIVO,94240.48,23458244.92,0.00401737130469009
62497138000103,Classe,2026-09-30,16695922000109,TAB_I4_VL_OUTRO_ATIVO,0,4041792.81,0
62541630000120,Classe,2026-09-30,62232889000190,TAB_I4_VL_OUTRO_ATIVO,3308.13,41983411.22,7.87961221794211e-05
62627243000101,Classe,2026-09-30,62285390000140,TAB_I4_VL_OUTRO_ATIVO,19379.36,77544315.4,0.000249913354706076
62627291000108,Classe,2026-09-30,62285390000140,TAB_I4_VL_OUTRO_ATIVO,134348.79,604900476.78,0.000222100651523973
62741028000137,Classe,2026-09-30,40434681000110,TAB_I4_VL_OUTRO_ATIVO,0,13306124.92,0
62762366000155,Classe,2026-09-30,16695922000109,TAB_I4_VL_OUTRO_ATIVO,0,3429775.37,0
62772042000106,Classe,2026-09-30,24361690000172,TAB_I4_VL_OUTRO_ATIVO,4481.67,49867133.96,8.98722193177352e-05
62951957000170,Classe,2026-09-30,16695922000109,TAB_I4_VL_OUTRO_ATIVO,4242.1,12375932.68,0.00034277012566943
62966067000132,Classe,2026-09-30,40434681000110,TAB_I4_VL_OUTRO_ATIVO,0,37177713.43,0
62967950000147,Classe,2026-09-30,40434681000110,TAB_I4_VL_OUTRO_ATIVO,0,36226090.17,0
62968483000170,Classe,2026-09-30,40434681000110,TAB_I4_VL_OUTRO_ATIVO,5388913,76351040.17,0.0705807411136937
62972105000160,Classe,2026-09-30,62285390000140,TAB_I4_VL_OUTRO_ATIVO,6921.77,36706522.71,0.000188570572447994
63098061000153,Classe,2026-09-30,16695922000109,TAB_I4_VL_OUTRO_ATIVO,10160.92,31084424.25,0.000326881396234965
63212782000142,Classe,2026-09-30,62285390000140,TAB_I4_VL_OUTRO_ATIVO,5537.44,28870347.66,0.00019180371726774
63249135000105,Classe,2026-09-30,40434681000110,TAB_I4_VL_OUTRO_ATIVO,9.06,4276109.48,2.11874837217685e-06
63310209000171,Classe,2026-09-30,62285390000140,TAB_I4_VL_OUTRO_ATIVO,1845.47,2109141.46,0.000874986355822715
63322011000108,Classe,2026-09-30,62285390000140,TAB_I4_VL_OUTRO_ATIVO,335376.56,633663020.08,0.000529266422960359
63457029000117,Classe,2026-09-30,16695922000109,TAB_I4_VL_OUTRO_ATIVO,1899.75,1523827.7,0.00124669606675348
63458316000141,Classe,2026-09-30,16695922000109,TAB_I4_VL_OUTRO_ATIVO,1983.74,5211791.26,0.000380625374470581
63459064000175,Classe,2026-09-30,16695922000109,TAB_I4_VL_OUTRO_ATIVO,36.5,4021060.87,9.0772065333097e-06
63516387000153,Classe,2026-09-30,62285390000140,TAB_I4_VL_OUTRO_ATIVO,320618.42,88338043.12,0.00362944897437298
63565588000140,Classe,2026-09-30,62285390000140,TAB_I4_VL_OUTRO_ATIVO,1845.47,11440833.48,0.000161305555510978
63566193000162,Classe,2026-09-30,16695922000109,TAB_I4_VL_OUTRO_ATIVO,0,3526305.01,0
63604811000111,Classe,2026-09-30,40434681000110,TAB_I4_VL_OUTRO_ATIVO,822805.76,72157979.24,0.0114028381707215
63606548000108,Classe,2026-09-30,40434681000110,TAB_I4_VL_OUTRO_ATIVO,250,18708119.03,1.33631820280331e-05
63606839000198,Classe,2026-09-30,40434681000110,TAB_I4_VL_OUTRO_ATIVO,266688.27,53613140.96,0.00497430788841438
63622544000105,Classe,2026-09-30,16695922000109,TAB_I4_VL_OUTRO_ATIVO,0,1889422.1,0
63659752000189,Classe,2026-09-30,16695922000109,TAB_I4_VL_OUTRO_ATIVO,34741.18,32710945.96,0.00106206589202534
63697245000130,Classe,2026-09-30,24361690000172,TAB_I4_VL_OUTRO_ATIVO,1202.89,10394280.51,0.000115726143704005
63699134000162,Classe,2026-09-30,24361690000172,TAB_I4_VL_OUTRO_ATIVO,871618.91,20003299.37,0.0435737572026349
63709161000179,Classe,2026-09-30,40434681000110,TAB_I4_VL_OUTRO_ATIVO,210,108124232.35,1.94221032081159e-06
63796349000100,Classe,2026-09-30,62285390000140,TAB_I4_VL_OUTRO_ATIVO,0,1916167.79,0
63863686000164,Classe,2026-09-30,24361690000172,TAB_I4_VL_OUTRO_ATIVO,501779.85,56531662.82,0.00887608509938396
63887027000168,Classe,2026-09-30,40434681000110,TAB_I4_VL_OUTRO_ATIVO,0,0,
63894672000108,Classe,2026-09-30,16695922000109,TAB_I4_VL_OUTRO_ATIVO,7542.11,52783160.67,0.000142888563402886
63938673000107,Classe,2026-09-30,62285390000140,TAB_I4_VL_OUTRO_ATIVO,39818.72,106506235.35,0.000373862805958243
63974821000149,Classe,2026-09-30,62285390000140,TAB_I4_VL_OUTRO_ATIVO,4153.07,10108347.15,0.00041085549777542
64019393000168,Classe,2026-09-30,16695922000109,TAB_I4_VL_OUTRO_ATIVO,20856.97,131324281.98,0.000158820361973701
64029467000147,Classe,2026-09-30,16695922000109,TAB_I4_VL_OUTRO_ATIVO,2855.98,8924582.61,0.000320012724942439
64039922000195,Classe,2026-09-30,62285390000140,TAB_I4_VL_OUTRO_ATIVO,43403.09,56417369.07,0.000769321411392784
64054825000171,Classe,2026-09-30,40434681000110,TAB_I4_VL_OUTRO_ATIVO,107848.36,8693755.28,0.0124052675197915
64155784000100,Classe,2026-09-30,18945670000146,TAB_I4_VL_OUTRO_ATIVO,8190.32,34660357.54,0.000236302236367525
64276414000120,Classe,2026-09-30,24361690000172,TAB_I4_VL_OUTRO_ATIVO,2405.78,16326240.32,0.000147356645060092
64276709000105,Classe,2026-09-30,24361690000172,TAB_I4_VL_OUTRO_ATIVO,11567.83,96852442.87,0.000119437668862177
64282009000115,Classe,2026-09-30,40434681000110,TAB_I4_VL_OUTRO_ATIVO,0,17845441.47,0
64291147000160,Classe,2026-09-30,62232889000190,TAB_I4_VL_OUTRO_ATIVO,110.3,21094843.39,5.22876600507438e-06
64310285000140,Classe,2026-09-30,40434681000110,TAB_I4_VL_OUTRO_ATIVO,321178.11,13901451.33,0.0231039265164265
64382297000180,Classe,2026-09-30,62232889000190,TAB_I4_VL_OUTRO_ATIVO,2765,18666724.54,0.000148124540761022
64432874000109,Classe,2026-09-30,40434681000110,TAB_I4_VL_OUTRO_ATIVO,74785.52,10744175.58,0.006960563836951
64530753000191,Classe,2026-09-30,24361690000172,TAB_I4_VL_OUTRO_ATIVO,1204.87,4178799.3,0.000288329233710746
64598309000108,Classe,2026-09-30,16695922000109,TAB_I4_VL_OUTRO_ATIVO,0,7216639.11,0
64630838000141,Classe,2026-09-30,62285390000140,TAB_I4_VL_OUTRO_ATIVO,16836.79,16762294.34,0.0010044442400598
64636877000156,Classe,2026-09-30,16695922000109,TAB_I4_VL_OUTRO_ATIVO,902.85,3184456.43,0.000283517774491893
64637478000100,Classe,2026-09-30,00806535000154,TAB_I4_VL_OUTRO_ATIVO,103710.46,76790679.88,0.00135056051283915
64656737000140,Classe,2026-09-30,62232889000190,TAB_I4_VL_OUTRO_ATIVO,110.3,60708407.98,1.81688177420725e-06
64721990000130,Classe,2026-09-30,40434681000110,TAB_I4_VL_OUTRO_ATIVO,0,16547718,0
64987557000140,Classe,2026-09-30,24361690000172,TAB_I4_VL_OUTRO_ATIVO,148014.9,5719426.45,0.0258793257145566
65014891000180,Classe,2026-09-30,40434681000110,TAB_I4_VL_OUTRO_ATIVO,0.1,1040044.11,9.61497681093545e-08
65095860000100,Classe,2026-09-30,00806535000154,TAB_I4_VL_OUTRO_ATIVO,4136.04,15291505.04,0.000270479589103938
65190945000169,Classe,2026-09-30,40434681000110,TAB_I4_VL_OUTRO_ATIVO,0,15218382.43,0
65343721000140,Classe,2026-09-30,62232889000190,TAB_I4_VL_OUTRO_ATIVO,4905.56,62224520.33,7.8836445407437e-05
65619110000181,Classe,2026-09-30,16695922000109,TAB_I4_VL_OUTRO_ATIVO,0,1368681.7,0
65659857000163,Classe,2026-09-30,24361690000172,TAB_I4_VL_OUTRO_ATIVO,4839.79,33054826.01,0.000146417046592102
65675575000150,Classe,2026-09-30,62285390000140,TAB_I4_VL_OUTRO_ATIVO,0,7455886.05,0
65706613000194,Classe,2026-09-30,24361690000172,TAB_I4_VL_OUTRO_ATIVO,5.91,4178247.67,1.41446856835081e-06
65784807000108,Classe,2026-09-30,24361690000172,TAB_I4_VL_OUTRO_ATIVO,0,6566.14,0
65784847000150,Classe,2026-09-30,24361690000172,TAB_I4_VL_OUTRO_ATIVO,3199.4,220730609.24,1.44945914434608e-05
65804305000100,Classe,2026-09-30,62232889000190,TAB_I4_VL_OUTRO_ATIVO,63.14,11091783.24,5.69250215531619e-06
65804737000102,Classe,2026-09-30,00806535000154,TAB_I4_VL_OUTRO_ATIVO,12110.23,187469323.23,6.45984622515672e-05
65900819000150,Classe,2026-09-30,24361690000172,TAB_I4_VL_OUTRO_ATIVO,0,2674542.69,0
66004736000146,Classe,2026-09-30,16695922000109,TAB_I4_VL_OUTRO_ATIVO,0,42617517.09,0
66107567000170,Classe,2026-09-30,40434681000110,TAB_I4_VL_OUTRO_ATIVO,0,2103819.3,0
66146849000186,Classe,2026-09-30,24361690000172,TAB_I4_VL_OUTRO_ATIVO,0,10535367.29,0
66147948000182,Classe,2026-09-30,24361690000172,TAB_I4_VL_OUTRO_ATIVO,0,2521151.44,0
66188571000100,Classe,2026-09-30,40434681000110,TAB_I4_VL_OUTRO_ATIVO,0,1158440.72,0
66226431000189,Classe,2026-09-30,62232889000190,TAB_I4_VL_OUTRO_ATIVO,0,583830.71,0
66247874000156,Classe,2026-09-30,40434681000110,TAB_I4_VL_OUTRO_ATIVO,351329.7,31705213.46,0.0110811334054964
66279914000141,Classe,2026-09-30,24361690000172,TAB_I4_VL_OUTRO_ATIVO,445636.73,35113892.63,0.0126911799468016
66289666000110,Classe,2026-09-30,62285390000140,TAB_I4_VL_OUTRO_ATIVO,857555.79,6513252.46,0.131663219761022
66320254000103,Classe,2026-09-30,62285390000140,TAB_I4_VL_OUTRO_ATIVO,1845.47,104410835.55,1.7675081233463e-05
66575588000110,Classe,2026-09-30,62285390000140,TAB_I4_VL_OUTRO_ATIVO,0,95068964.05,0
66584882000198,Classe,2026-09-30,62285390000140,TAB_I4_VL_OUTRO_ATIVO,12.7,5229736.96,2.42842041524016e-06
66589036000160,Classe,2026-09-30,62285390000140,TAB_I4_VL_OUTRO_ATIVO,5152347.79,527629322.54,0.00976508994078773
66614411000185,Classe,2026-09-30,62232889000190,TAB_I4_VL_OUTRO_ATIVO,127.94,84677412.84,1.51091059243562e-06
66625873000106,Classe,2026-09-30,40434681000110,TAB_I4_VL_OUTRO_ATIVO,125000,6167513.9,0.020267485736838
66687692000104,Classe,2026-09-30,62285390000140,TAB_I4_VL_OUTRO_ATIVO,142577.93,44391739.09,0.0032118122182809
66790149000120,Classe,2026-09-30,16695922000109,TAB_I4_VL_OUTRO_ATIVO,0,105199.36,0
66790195000129,Classe,2026-09-30,24361690000172,TAB_I4_VL_OUTRO_ATIVO,2018527.16,98508166.58,0.0204909626285728
67220127000197,Classe,2026-09-30,24361690000172,TAB_I4_VL_OUTRO_ATIVO,3640963.14,173303605.72,0.0210091597625647
67220139000111,Classe,2026-09-30,40434681000110,TAB_I4_VL_OUTRO_ATIVO,0,21702512.09,0
67851316000168,Classe,2026-09-30,62285390000140,TAB_I4_VL_OUTRO_ATIVO,10611.21,78570120.4,0.000135054012212001
67873873000180,Classe,2026-09-30,62285390000140,TAB_I4_VL_OUTRO_ATIVO,0,6106835.88,0
68099385000120,Classe,2026-09-30,40434681000110,TAB_I4_VL_OUTRO_ATIVO,0,7171598.08,0
68119920000167,Classe,2026-09-30,40434681000110,TAB_I4_VL_OUTRO_ATIVO,0,2028525.1,0
68234432000109,Classe,2026-09-30,40434681000110,TAB_I4_VL_OUTRO_ATIVO,0,6496187.71,0
68250073000175,Classe,2026-09-30,16695922000109,TAB_I4_VL_OUTRO_ATIVO,0,467617.25,0
68564198000170,Classe,2026-09-30,16695922000109,TAB_I4_VL_OUTRO_ATIVO,17441.73,13233022.61,0.00131804580964137
68706406000128,Classe,2026-09-30,62285390000140,TAB_I4_VL_OUTRO_ATIVO,0,2008326.55,0
09260031000156,Classe,2026-09-30,62285390000140,TAB_I2A_VL_DIRCRED_RISCO,0,66569700.67,0
16802124000120,Classe,2026-09-30,62285390000140,TAB_I2A_VL_DIRCRED_RISCO,99568910.3,385017818.6,0.258608577291441
16858989000109,Classe,2026-09-30,16695922000109,TAB_I2A_VL_DIRCRED_RISCO,0,0,
17047287000108,Classe,2026-09-30,24361690000172,TAB_I2A_VL_DIRCRED_RISCO,3510035.77,58017901.04,0.0604991857182154
17198845000136,Classe,2026-09-30,62285390000140,TAB_I2A_VL_DIRCRED_RISCO,0,1607435228.61,0
19388377000198,Classe,2026-09-30,24361690000172,TAB_I2A_VL_DIRCRED_RISCO,133878489.2,186787082.1,0.716743833111144
20906292000133,Classe,2026-09-30,24361690000172,TAB_I2A_VL_DIRCRED_RISCO,5453029.05,14256208.26,0.382502061596566
21254441000190,Classe,2026-09-30,62285390000140,TAB_I2A_VL_DIRCRED_RISCO,0,69285668.91,0
21917325000103,Classe,2026-09-30,24361690000172,TAB_I2A_VL_DIRCRED_RISCO,62220477.39,278228784.88,0.223630626201511
23980344000100,Classe,2026-09-30,62285390000140,TAB_I2A_VL_DIRCRED_RISCO,0,20180937.49,0
25354121000162,Classe,2026-09-30,16695922000109,TAB_I2A_VL_DIRCRED_RISCO,0,0,
26000055000195,Classe,2026-09-30,24361690000172,TAB_I2A_VL_DIRCRED_RISCO,69433.33,2575655.5,0.0269575376054756
26199650000100,Classe,2026-09-30,24361690000172,TAB_I2A_VL_DIRCRED_RISCO,11163238.71,56129835.74,0.198882440378223
26631527000108,Fundo,2026-09-30,16695922000109,TAB_I2A_VL_DIRCRED_RISCO,0,0,
27531244000157,Classe,2026-09-30,16695922000109,TAB_I2A_VL_DIRCRED_RISCO,24190284.59,24375444.45,0.992403836558558
28079865000104,Classe,2026-09-30,62285390000140,TAB_I2A_VL_DIRCRED_RISCO,0,34519557.29,0
28079873000150,Classe,2026-09-30,62285390000140,TAB_I2A_VL_DIRCRED_RISCO,0,754914753.36,0
29249995000100,Classe,2026-09-30,24361690000172,TAB_I2A_VL_DIRCRED_RISCO,10503185.13,21121430.13,0.497276229183066
29550273000191,Classe,2026-09-30,62232889000190,TAB_I2A_VL_DIRCRED_RISCO,12386249.74,13137164.57,0.942840418417625
30366120000178,Classe,2026-09-30,62285390000140,TAB_I2A_VL_DIRCRED_RISCO,242871856.47,283402282.07,0.856986241239973
31024416000173,Classe,2026-09-30,62285390000140,TAB_I2A_VL_DIRCRED_RISCO,0,38772077.18,0
32156038000144,Classe,2026-09-30,62285390000140,TAB_I2A_VL_DIRCRED_RISCO,0,239264432.77,0
32525937000177,Classe,2026-09-30,62285390000140,TAB_I2A_VL_DIRCRED_RISCO,0,78994171.82,0
32525986000100,Classe,2026-09-30,62285390000140,TAB_I2A_VL_DIRCRED_RISCO,0,57166279.24,0
32907653000145,Classe,2026-09-30,16695922000109,TAB_I2A_VL_DIRCRED_RISCO,23718409.8,23721857.76,0.999854650506934
32999032000139,Classe,2026-09-30,62285390000140,TAB_I2A_VL_DIRCRED_RISCO,0,86847161.11,0
33304615000160,Classe,2026-09-30,24361690000172,TAB_I2A_VL_DIRCRED_RISCO,49873.13,25984584.67,0.00191933527641025
33490076000100,Classe,2026-09-30,40434681000110,TAB_I2A_VL_DIRCRED_RISCO,43833910.46,112775629.29,0.388682472764413
33521644000184,Classe,2026-09-30,16695922000109,TAB_I2A_VL_DIRCRED_RISCO,0,107342274.18,0
33632618000123,Classe,2026-09-30,62285390000140,TAB_I2A_VL_DIRCRED_RISCO,0,71793219.16,0
34027968000123,Classe,2026-09-30,16695922000109,TAB_I2A_VL_DIRCRED_RISCO,0,0,
34218960000144,Classe,2026-09-30,62285390000140,TAB_I2A_VL_DIRCRED_RISCO,108144029.82,110699216.44,0.976917753330396
34599321000176,Classe,2026-09-30,16695922000109,TAB_I2A_VL_DIRCRED_RISCO,107311881.28,107327443.81,0.999854999528102
35277363000153,Classe,2026-09-30,16695922000109,TAB_I2A_VL_DIRCRED_RISCO,0,218625467.39,0
35686949000171,Classe,2026-09-30,16695922000109,TAB_I2A_VL_DIRCRED_RISCO,2e+07,20000028.24,0.999998588001994
35715919000146,Classe,2026-09-30,00806535000154,TAB_I2A_VL_DIRCRED_RISCO,595144.9,877683.76,0.678085806213391
36113052000111,Classe,2026-09-30,62285390000140,TAB_I2A_VL_DIRCRED_RISCO,0,30888325.07,0
36420767000117,Classe,2026-09-30,62285390000140,TAB_I2A_VL_DIRCRED_RISCO,0,0.01,0
36953080000147,Classe,2026-09-30,62285390000140,TAB_I2A_VL_DIRCRED_RISCO,352164680.64,591765186.82,0.595108817624852
37606580000175,Fundo,2026-09-30,48967968000118,TAB_I2A_VL_DIRCRED_RISCO,0,0,
38134439000180,Classe,2026-09-30,16695922000109,TAB_I2A_VL_DIRCRED_RISCO,0,0,
39273409000117,Classe,2026-09-30,16695922000109,TAB_I2A_VL_DIRCRED_RISCO,24997504.48,31908373.53,0.783415189009792
39469320000120,Classe,2026-09-30,16695922000109,TAB_I2A_VL_DIRCRED_RISCO,70558923.59,70589112.12,0.999572334470666
39806180000139,Classe,2026-09-30,62285390000140,TAB_I2A_VL_DIRCRED_RISCO,0,234940564.57,0
39851520000143,Classe,2026-09-30,24361690000172,TAB_I2A_VL_DIRCRED_RISCO,0,9548514.77,0
40226175000136,Classe,2026-09-30,48967968000118,TAB_I2A_VL_DIRCRED_RISCO,0,0,
40902151000150,Classe,2026-09-30,62285390000140,TAB_I2A_VL_DIRCRED_RISCO,0,44635945.31,0
40989019000127,Classe,2026-09-30,62285390000140,TAB_I2A_VL_DIRCRED_RISCO,0,102218150.05,0
41096982000144,Classe,2026-09-30,62285390000140,TAB_I2A_VL_DIRCRED_RISCO,138757304.08,233994295.26,0.592994388712859
41251476000182,Classe,2026-09-30,62285390000140,TAB_I2A_VL_DIRCRED_RISCO,0,66473881.51,0
41341232000190,Classe,2026-09-30,40434681000110,TAB_I2A_VL_DIRCRED_RISCO,12572267.49,26070049.35,0.482249470310266
41351648000190,Classe,2026-09-30,62285390000140,TAB_I2A_VL_DIRCRED_RISCO,0,27350641.19,0
41801514000123,Classe,2026-09-30,62232889000190,TAB_I2A_VL_DIRCRED_RISCO,85863356.64,191359157.31,0.448702627284788
41992676000196,Classe,2026-09-30,62285390000140,TAB_I2A_VL_DIRCRED_RISCO,0,398303380.63,0
42031108000191,Classe,2026-09-30,16695922000109,TAB_I2A_VL_DIRCRED_RISCO,3812712.28,4101455.27,0.929599868585181
42067232000107,Classe,2026-09-30,62285390000140,TAB_I2A_VL_DIRCRED_RISCO,0,56405549.84,0
42196288000161,Classe,2026-09-30,62285390000140,TAB_I2A_VL_DIRCRED_RISCO,0,402204455.56,0
42336359000184,Classe,2026-09-30,62285390000140,TAB_I2A_VL_DIRCRED_RISCO,56223260.37,65983527.9,0.852080241226386
42533772000139,Classe,2026-09-30,62285390000140,TAB_I2A_VL_DIRCRED_RISCO,0,264447311.91,0
42867211000176,Fundo,2026-09-30,16695922000109,TAB_I2A_VL_DIRCRED_RISCO,0,0,
43122353000177,Classe,2026-09-30,24361690000172,TAB_I2A_VL_DIRCRED_RISCO,991537.18,13498884.09,0.0734532701658304
43236160000147,Classe,2026-09-30,62285390000140,TAB_I2A_VL_DIRCRED_RISCO,215997227.46,219213182.07,0.985329556463566
43702427000144,Classe,2026-09-30,24361690000172,TAB_I2A_VL_DIRCRED_RISCO,950894.32,15452112.05,0.0615381455249025
44173512000125,Classe,2026-09-30,62232889000190,TAB_I2A_VL_DIRCRED_RISCO,0,107817019.06,0
44395590000174,Classe,2026-09-30,62285390000140,TAB_I2A_VL_DIRCRED_RISCO,37303123.46,106838336.93,0.349154849578395
44414972000106,Classe,2026-09-30,40434681000110,TAB_I2A_VL_DIRCRED_RISCO,13064904.17,13303981.25,0.982029658978962
44415022000198,Classe,2026-09-30,40434681000110,TAB_I2A_VL_DIRCRED_RISCO,20354777.24,20435638.41,0.996043129733572
44465412000172,Classe,2026-09-30,40434681000110,TAB_I2A_VL_DIRCRED_RISCO,22686081.24,22818609.21,0.99419211009837
44465521000190,Classe,2026-09-30,40434681000110,TAB_I2A_VL_DIRCRED_RISCO,0,14552289.72,0
44479362000182,Classe,2026-09-30,24361690000172,TAB_I2A_VL_DIRCRED_RISCO,0,0,
44585152000179,Classe,2026-09-30,40434681000110,TAB_I2A_VL_DIRCRED_RISCO,13569406.25,15947146.6,0.850898696196848
44585499000111,Classe,2026-09-30,40434681000110,TAB_I2A_VL_DIRCRED_RISCO,3198529.91,20652481.01,0.154873882147683
44680424000110,Classe,2026-09-30,16695922000109,TAB_I2A_VL_DIRCRED_RISCO,51772788.22,51797194.94,0.999528802283053
44680449000113,Classe,2026-09-30,16695922000109,TAB_I2A_VL_DIRCRED_RISCO,6197847.62,6271249.58,0.988295480978131
44705452000144,Classe,2026-09-30,62285390000140,TAB_I2A_VL_DIRCRED_RISCO,0,45219807.93,0
44705662000132,Classe,2026-09-30,62285390000140,TAB_I2A_VL_DIRCRED_RISCO,0,22880786.18,0
45018911000184,Classe,2026-09-30,16695922000109,TAB_I2A_VL_DIRCRED_RISCO,0,0,
45019108000164,Classe,2026-09-30,16695922000109,TAB_I2A_VL_DIRCRED_RISCO,14194436.57,14194939.69,0.999964556383402
45521676000169,Classe,2026-09-30,16695922000109,TAB_I2A_VL_DIRCRED_RISCO,417963690.16,417963812.9,0.999999706338214
45525150000157,Classe,2026-09-30,62285390000140,TAB_I2A_VL_DIRCRED_RISCO,5306252.07,5508330.3,0.963314068148746
45721977000136,Classe,2026-09-30,16695922000109,TAB_I2A_VL_DIRCRED_RISCO,0,52722819.3,0
45756256000161,Classe,2026-09-30,62285390000140,TAB_I2A_VL_DIRCRED_RISCO,0,30834767.44,0
45777614000112,Classe,2026-09-30,62285390000140,TAB_I2A_VL_DIRCRED_RISCO,0,47178241.49,0
45880798000141,Fundo,2026-09-30,24361690000172,TAB_I2A_VL_DIRCRED_RISCO,0,0,
45899684000143,Classe,2026-09-30,16695922000109,TAB_I2A_VL_DIRCRED_RISCO,0,133.14,0
45899975000131,Classe,2026-09-30,16695922000109,TAB_I2A_VL_DIRCRED_RISCO,0,0,
46098515000177,Classe,2026-09-30,40434681000110,TAB_I2A_VL_DIRCRED_RISCO,49849722.83,68314233.29,0.729712102870034
46098560000121,Classe,2026-09-30,40434681000110,TAB_I2A_VL_DIRCRED_RISCO,2316587.51,110436029.06,0.0209767367562754
46322877000108,Classe,2026-09-30,62232889000190,TAB_I2A_VL_DIRCRED_RISCO,26466079.06,29498722.37,0.897194079392259
46449843000170,Classe,2026-09-30,62232889000190,TAB_I2A_VL_DIRCRED_RISCO,300876726.89,301052919.76,0.999414744523519
46766050000185,Classe,2026-09-30,62285390000140,TAB_I2A_VL_DIRCRED_RISCO,259919284.4,265187169.15,0.980135220090455
47094392000169,Classe,2026-09-30,16695922000109,TAB_I2A_VL_DIRCRED_RISCO,1262649571.24,1370067130.53,0.921596864200044
47167918000193,Classe,2026-09-30,62285390000140,TAB_I2A_VL_DIRCRED_RISCO,0,145932768.51,0
47168002000158,Classe,2026-09-30,62285390000140,TAB_I2A_VL_DIRCRED_RISCO,0,20444595.65,0
47410102000149,Classe,2026-09-30,62232889000190,TAB_I2A_VL_DIRCRED_RISCO,68462235.44,92133165.72,0.743079160527949
47410122000110,Classe,2026-09-30,62232889000190,TAB_I2A_VL_DIRCRED_RISCO,28937834.59,57174589.81,0.506131039788215
47425860000130,Classe,2026-09-30,24361690000172,TAB_I2A_VL_DIRCRED_RISCO,432408.79,6719515.44,0.0643511863111367
47463381000109,Classe,2026-09-30,62232889000190,TAB_I2A_VL_DIRCRED_RISCO,155236756.02,160406214.06,0.967772707121768
47465008000197,Classe,2026-09-30,16695922000109,TAB_I2A_VL_DIRCRED_RISCO,0,4109931.65,0
47640501000104,Classe,2026-09-30,40434681000110,TAB_I2A_VL_DIRCRED_RISCO,0,52724561.55,0
47669160000191,Classe,2026-09-30,40434681000110,TAB_I2A_VL_DIRCRED_RISCO,4000936.8,4034168.62,0.99176241175561
47669241000191,Classe,2026-09-30,40434681000110,TAB_I2A_VL_DIRCRED_RISCO,951502.01,2360663.23,0.403065544423293
47669306000107,Classe,2026-09-30,40434681000110,TAB_I2A_VL_DIRCRED_RISCO,0,2848544.78,0
47715992000105,Classe,2026-09-30,62285390000140,TAB_I2A_VL_DIRCRED_RISCO,0,26730267.98,0
47731522000127,Classe,2026-09-30,40434681000110,TAB_I2A_VL_DIRCRED_RISCO,0,3593327.14,0
48181830000199,Classe,2026-09-30,62232889000190,TAB_I2A_VL_DIRCRED_RISCO,235936053.64,236462863.02,0.997772126357298
48213067000130,Classe,2026-09-30,24361690000172,TAB_I2A_VL_DIRCRED_RISCO,130400918.01,132354124.58,0.985242571199061
48213253000170,Classe,2026-09-30,40434681000110,TAB_I2A_VL_DIRCRED_RISCO,15342221.25,16064089.17,0.955063252428398
48279539000158,Classe,2026-09-30,62232889000190,TAB_I2A_VL_DIRCRED_RISCO,241297753.54,244767823.8,0.985823012983784
48313744000192,Classe,2026-09-30,62285390000140,TAB_I2A_VL_DIRCRED_RISCO,48803039.01,84296208.35,0.578947024608373
48357311000139,Classe,2026-09-30,16695922000109,TAB_I2A_VL_DIRCRED_RISCO,0,0,
48502650000161,Classe,2026-09-30,16695922000109,TAB_I2A_VL_DIRCRED_RISCO,28081060.77,32662478.15,0.859734544361264
49000918000120,Classe,2026-09-30,62285390000140,TAB_I2A_VL_DIRCRED_RISCO,0,9831568.8,0
49087632000123,Classe,2026-09-30,24361690000172,TAB_I2A_VL_DIRCRED_RISCO,0,0,
49141366000170,Classe,2026-09-30,40434681000110,TAB_I2A_VL_DIRCRED_RISCO,0,29882695.1,0
49220648000162,Classe,2026-09-30,62285390000140,TAB_I2A_VL_DIRCRED_RISCO,205030976.51,211130068.9,0.971112156493025
49223648000116,Classe,2026-09-30,16695922000109,TAB_I2A_VL_DIRCRED_RISCO,0,0,
49261110000104,Classe,2026-09-30,40434681000110,TAB_I2A_VL_DIRCRED_RISCO,0,6670203.14,0
49275773000170,Classe,2026-09-30,24361690000172,TAB_I2A_VL_DIRCRED_RISCO,0,0,
49460350000120,Classe,2026-09-30,24361690000172,TAB_I2A_VL_DIRCRED_RISCO,22529041.34,63191969.88,0.356517471805074
49466992000136,Classe,2026-09-30,24361690000172,TAB_I2A_VL_DIRCRED_RISCO,2107967.69,3171457.12,0.664668513632623
49815200000191,Classe,2026-09-30,00806535000154,TAB_I2A_VL_DIRCRED_RISCO,81248295.61,81255139.25,0.999915775911983
49916055000135,Classe,2026-09-30,62285390000140,TAB_I2A_VL_DIRCRED_RISCO,0,95319638.67,0
49916151000183,Classe,2026-09-30,62285390000140,TAB_I2A_VL_DIRCRED_RISCO,0,1246650258.2,0
49934838000141,Classe,2026-09-30,16695922000109,TAB_I2A_VL_DIRCRED_RISCO,41519304.46,42102752.88,0.986142273839838
50041351000119,Classe,2026-09-30,62232889000190,TAB_I2A_VL_DIRCRED_RISCO,0,6627365.67,0
50133597000110,Classe,2026-09-30,16695922000109,TAB_I2A_VL_DIRCRED_RISCO,0,0,
50153414000129,Classe,2026-09-30,16695922000109,TAB_I2A_VL_DIRCRED_RISCO,37583320.06,42445882.9,0.885440883596275
50284896000156,Classe,2026-09-30,62285390000140,TAB_I2A_VL_DIRCRED_RISCO,0,35169121.36,0
50327909000127,Classe,2026-09-30,62285390000140,TAB_I2A_VL_DIRCRED_RISCO,784311190.19,958909826.44,0.817919650590915
50356663000111,Classe,2026-09-30,40434681000110,TAB_I2A_VL_DIRCRED_RISCO,0,0,
50434429000165,Classe,2026-09-30,62285390000140,TAB_I2A_VL_DIRCRED_RISCO,9206954.99,85488763.83,0.107697837441054
50692376000182,Classe,2026-09-30,24361690000172,TAB_I2A_VL_DIRCRED_RISCO,4550341.13,5337764.75,0.852480643700156
50695489000131,Classe,2026-09-30,62232889000190,TAB_I2A_VL_DIRCRED_RISCO,21004812.9,23000846.3,0.913219132289058
50791925000176,Classe,2026-09-30,24361690000172,TAB_I2A_VL_DIRCRED_RISCO,14678270.37,15979956.48,0.918542574779277
50808063000147,Classe,2026-09-30,62285390000140,TAB_I2A_VL_DIRCRED_RISCO,0,71761766.49,0
50818107000110,Classe,2026-09-30,16695922000109,TAB_I2A_VL_DIRCRED_RISCO,0,0,
50823781000192,Classe,2026-09-30,24361690000172,TAB_I2A_VL_DIRCRED_RISCO,0,0,
50824501000160,Classe,2026-09-30,24361690000172,TAB_I2A_VL_DIRCRED_RISCO,775436.12,33154854.24,0.0233883133488329
50946637000143,Fundo,2026-09-30,16695922000109,TAB_I2A_VL_DIRCRED_RISCO,11311345.47,14685951.61,0.770215357532422
50948197000163,Classe,2026-09-30,16695922000109,TAB_I2A_VL_DIRCRED_RISCO,0,0,
51027087000121,Classe,2026-09-30,62285390000140,TAB_I2A_VL_DIRCRED_RISCO,51250897.93,51294778.46,0.999144541972548
51119641000109,Classe,2026-09-30,24361690000172,TAB_I2A_VL_DIRCRED_RISCO,0,0,
51253601000147,Classe,2026-09-30,24361690000172,TAB_I2A_VL_DIRCRED_RISCO,304658.08,8527522.33,0.0357264476374581
51294885000110,Classe,2026-09-30,24361690000172,TAB_I2A_VL_DIRCRED_RISCO,0,26621555.46,0
51313788000127,Classe,2026-09-30,24361690000172,TAB_I2A_VL_DIRCRED_RISCO,75679.71,9292864.61,0.008143851565271
51364521000169,Classe,2026-09-30,62285390000140,TAB_I2A_VL_DIRCRED_RISCO,0,157185240.99,0
51382517000123,Classe,2026-09-30,16695922000109,TAB_I2A_VL_DIRCRED_RISCO,232849451.82,232898593.84,0.99978899821081
51388032000147,Classe,2026-09-30,40434681000110,TAB_I2A_VL_DIRCRED_RISCO,0,7466375.34,0
51476020000174,Classe,2026-09-30,62285390000140,TAB_I2A_VL_DIRCRED_RISCO,0,23198394.65,0
51497411000175,Classe,2026-09-30,62232889000190,TAB_I2A_VL_DIRCRED_RISCO,20022.95,29064478.94,0.000688914810457634
51555510000166,Classe,2026-09-30,24361690000172,TAB_I2A_VL_DIRCRED_RISCO,149791989.66,151901449.12,0.986112973429677
51581780000141,Classe,2026-09-30,40434681000110,TAB_I2A_VL_DIRCRED_RISCO,0,15878705.68,0
51730136000198,Classe,2026-09-30,40434681000110,TAB_I2A_VL_DIRCRED_RISCO,0,1680762.38,0
51731270000103,Classe,2026-09-30,24361690000172,TAB_I2A_VL_DIRCRED_RISCO,3378567.87,13092220.39,0.258059196175814
51781164000134,Classe,2026-09-30,40434681000110,TAB_I2A_VL_DIRCRED_RISCO,2440271.2,2462881.88,0.990819421676853
51863167000117,Fundo,2026-09-30,40434681000110,TAB_I2A_VL_DIRCRED_RISCO,0,0,
52043752000133,Classe,2026-09-30,40434681000110,TAB_I2A_VL_DIRCRED_RISCO,0,945512.35,0
52069691000183,Classe,2026-09-30,16695922000109,TAB_I2A_VL_DIRCRED_RISCO,744705394.9,744705551.05,0.999999790319812
52098409000196,Classe,2026-09-30,62232889000190,TAB_I2A_VL_DIRCRED_RISCO,0,42238393.21,0
52115758000179,Classe,2026-09-30,22610500000188,TAB_I2A_VL_DIRCRED_RISCO,135791326.97,155897808.64,0.87102781081144
52148267000124,Classe,2026-09-30,62232889000190,TAB_I2A_VL_DIRCRED_RISCO,163349792.85,165424650.75,0.987457383826455
52200741000110,Classe,2026-09-30,24361690000172,TAB_I2A_VL_DIRCRED_RISCO,179437098.53,180076557.41,0.99644896099083
52200745000106,Classe,2026-09-30,24361690000172,TAB_I2A_VL_DIRCRED_RISCO,2613212.77,31689542.08,0.0824629388270416
52258572000179,Classe,2026-09-30,62232889000190,TAB_I2A_VL_DIRCRED_RISCO,48928543.63,51393959.64,0.952029070589822
52287219000117,Classe,2026-09-30,00806535000154,TAB_I2A_VL_DIRCRED_RISCO,70948497.78,74213694.7,0.956002771008785
52348286000102,Classe,2026-09-30,16695922000109,TAB_I2A_VL_DIRCRED_RISCO,0,0,
52430088000185,Classe,2026-09-30,62285390000140,TAB_I2A_VL_DIRCRED_RISCO,2006527.12,3232578.1,0.620720384141686
52511370000197,Classe,2026-09-30,62232889000190,TAB_I2A_VL_DIRCRED_RISCO,0,36844416.61,0
52511479000124,Classe,2026-09-30,62232889000190,TAB_I2A_VL_DIRCRED_RISCO,52082999.58,52683010.92,0.98861091403999
52607408000120,Classe,2026-09-30,62285390000140,TAB_I2A_VL_DIRCRED_RISCO,0,8873079.93,0
52719781000172,Classe,2026-09-30,16695922000109,TAB_I2A_VL_DIRCRED_RISCO,17947803.33,63643509.59,0.28200524209966
52756013000199,Classe,2026-09-30,62285390000140,TAB_I2A_VL_DIRCRED_RISCO,520174786.95,599569269.23,0.867580801160869
52989090000199,Classe,2026-09-30,62285390000140,TAB_I2A_VL_DIRCRED_RISCO,914048714.6,925416808.85,0.987715703733405
53030737000113,Classe,2026-09-30,40434681000110,TAB_I2A_VL_DIRCRED_RISCO,0,66709492.17,0
53032513000140,Classe,2026-09-30,62285390000140,TAB_I2A_VL_DIRCRED_RISCO,11526573.53,11989586.37,0.961382083942567
53109835000140,Classe,2026-09-30,62232889000190,TAB_I2A_VL_DIRCRED_RISCO,111230567.25,113730124.2,0.978022032706089
53121758000144,Classe,2026-09-30,62285390000140,TAB_I2A_VL_DIRCRED_RISCO,85020743.67,86108979.22,0.987362112989173
53214754000100,Classe,2026-09-30,62285390000140,TAB_I2A_VL_DIRCRED_RISCO,0,1022813.91,0
53292327000140,Classe,2026-09-30,16695922000109,TAB_I2A_VL_DIRCRED_RISCO,2.9e+07,29152140.96,0.994781139395259
53323818000101,Classe,2026-09-30,16695922000109,TAB_I2A_VL_DIRCRED_RISCO,0,2397330.02,0
53577135000180,Classe,2026-09-30,62285390000140,TAB_I2A_VL_DIRCRED_RISCO,226741882.62,230074882.99,0.985513410561444
53604320000117,Classe,2026-09-30,24361690000172,TAB_I2A_VL_DIRCRED_RISCO,98657135.31,108306823.83,0.910904150091722
53640662000192,Classe,2026-09-30,40434681000110,TAB_I2A_VL_DIRCRED_RISCO,0,18055886.91,0
53765941000182,Classe,2026-09-30,24361690000172,TAB_I2A_VL_DIRCRED_RISCO,13723025.5,15909803.89,0.862551518226162
53822280000180,Classe,2026-09-30,16695922000109,TAB_I2A_VL_DIRCRED_RISCO,0,0,
53841740000117,Classe,2026-09-30,62285390000140,TAB_I2A_VL_DIRCRED_RISCO,1687934892.7,1811838521.15,0.931614419826245
53872780000126,Classe,2026-09-30,00806535000154,TAB_I2A_VL_DIRCRED_RISCO,168701338.01,174836061.64,0.964911565883749
53880657000157,Classe,2026-09-30,62285390000140,TAB_I2A_VL_DIRCRED_RISCO,0,187972729.96,0
54071756000150,Classe,2026-09-30,62285390000140,TAB_I2A_VL_DIRCRED_RISCO,89487006.7,92242709.77,0.97012551911288
54083491000100,Classe,2026-09-30,62232889000190,TAB_I2A_VL_DIRCRED_RISCO,49347871.8,56200602.2,0.87806660192691
54111764000183,Classe,2026-09-30,62285390000140,TAB_I2A_VL_DIRCRED_RISCO,66019020.74,71860520,0.918710590182203
54148306000119,Classe,2026-09-30,16695922000109,TAB_I2A_VL_DIRCRED_RISCO,0,0,
54379696000138,Classe,2026-09-30,16695922000109,TAB_I2A_VL_DIRCRED_RISCO,10660900.75,10663721.65,0.999735467588841
54495443000120,Classe,2026-09-30,62285390000140,TAB_I2A_VL_DIRCRED_RISCO,178500523.08,190321521.43,0.937889324017685
54585485000151,Classe,2026-09-30,16695922000109,TAB_I2A_VL_DIRCRED_RISCO,13340966.6,13393221.26,0.996098424793738
54585643000173,Classe,2026-09-30,24361690000172,TAB_I2A_VL_DIRCRED_RISCO,0,0,
54857414000160,Classe,2026-09-30,24361690000172,TAB_I2A_VL_DIRCRED_RISCO,82604256.55,103236110.19,0.800148866496149
54976450000143,Classe,2026-09-30,62232889000190,TAB_I2A_VL_DIRCRED_RISCO,17532742.17,18401536.57,0.952786855777229
54976534000187,Classe,2026-09-30,62285390000140,TAB_I2A_VL_DIRCRED_RISCO,0,48975213.89,0
55074368000196,Classe,2026-09-30,24361690000172,TAB_I2A_VL_DIRCRED_RISCO,31144721.05,52441436.13,0.593895273439759
55175561000113,Classe,2026-09-30,62285390000140,TAB_I2A_VL_DIRCRED_RISCO,123085089.86,124189403.94,0.99110782365512
55296116000101,Classe,2026-09-30,62285390000140,TAB_I2A_VL_DIRCRED_RISCO,0,35491936.06,0
55331747000114,Classe,2026-09-30,00806535000154,TAB_I2A_VL_DIRCRED_RISCO,10746014.49,10962368.51,0.980263934768965
55364405000109,Classe,2026-09-30,62232889000190,TAB_I2A_VL_DIRCRED_RISCO,31929804.77,34740289.13,0.919100144806423
55401645000128,Classe,2026-09-30,62285390000140,TAB_I2A_VL_DIRCRED_RISCO,204874114.97,206205229.25,0.993544711330351
55445774000118,Classe,2026-09-30,24361690000172,TAB_I2A_VL_DIRCRED_RISCO,18865577.44,25465404.04,0.740831655777648
55466785000184,Classe,2026-09-30,00806535000154,TAB_I2A_VL_DIRCRED_RISCO,68647282.58,68690069.2,0.999377106174177
55483719000112,Classe,2026-09-30,62285390000140,TAB_I2A_VL_DIRCRED_RISCO,28669012.1,28790922.03,0.995765681631419
55508226000190,Classe,2026-09-30,62285390000140,TAB_I2A_VL_DIRCRED_RISCO,42829219.23,43372994.81,0.987462807620685
55523204000107,Classe,2026-09-30,24361690000172,TAB_I2A_VL_DIRCRED_RISCO,0,116106919.03,0
55595058000117,Classe,2026-09-30,62232889000190,TAB_I2A_VL_DIRCRED_RISCO,229053796.84,482276088.06,0.474943300136215
55595705000190,Classe,2026-09-30,62232889000190,TAB_I2A_VL_DIRCRED_RISCO,70675674.64,70778730.42,0.998543972470423
55626390000100,Classe,2026-09-30,40434681000110,TAB_I2A_VL_DIRCRED_RISCO,0,0,
55636084000146,Classe,2026-09-30,62285390000140,TAB_I2A_VL_DIRCRED_RISCO,19476940.6,33495966.38,0.581471224894393
55690923000104,Classe,2026-09-30,40434681000110,TAB_I2A_VL_DIRCRED_RISCO,0,1950470.13,0
55706529000117,Classe,2026-09-30,16695922000109,TAB_I2A_VL_DIRCRED_RISCO,0,0,
55747288000154,Classe,2026-09-30,40434681000110,TAB_I2A_VL_DIRCRED_RISCO,416536.88,6516117.27,0.0639240920229786
55790118000152,Classe,2026-09-30,40434681000110,TAB_I2A_VL_DIRCRED_RISCO,153756.86,16929975.02,0.00908193070682983
55798735000102,Classe,2026-09-30,40434681000110,TAB_I2A_VL_DIRCRED_RISCO,0,3368133.16,0
55914922000104,Classe,2026-09-30,62285390000140,TAB_I2A_VL_DIRCRED_RISCO,0,27777592.82,0
56030860000122,Classe,2026-09-30,62285390000140,TAB_I2A_VL_DIRCRED_RISCO,0,3482532.47,0
56073212000153,Classe,2026-09-30,62285390000140,TAB_I2A_VL_DIRCRED_RISCO,0,41436527.62,0
56075525000140,Classe,2026-09-30,24361690000172,TAB_I2A_VL_DIRCRED_RISCO,76978565.56,85457280.73,0.900784168445656
56125191000172,Classe,2026-09-30,62285390000140,TAB_I2A_VL_DIRCRED_RISCO,26980652.09,30575721.13,0.882420793128159
56822599000101,Classe,2026-09-30,62232889000190,TAB_I2A_VL_DIRCRED_RISCO,0,11722586.09,0
56912548000162,Classe,2026-09-30,40434681000110,TAB_I2A_VL_DIRCRED_RISCO,14166469.64,15148164.99,0.935193777553383
56924942000110,Classe,2026-09-30,62285390000140,TAB_I2A_VL_DIRCRED_RISCO,0,2929042166.98,0
56975898000178,Classe,2026-09-30,62285390000140,TAB_I2A_VL_DIRCRED_RISCO,7175606.6,7591011.45,0.945276745696385
56986018000169,Classe,2026-09-30,40434681000110,TAB_I2A_VL_DIRCRED_RISCO,16046962.6,88316793.37,0.181697749518281
57053395000108,Classe,2026-09-30,24361690000172,TAB_I2A_VL_DIRCRED_RISCO,76481857.26,77142611.03,0.991434646025359
57088363000148,Classe,2026-09-30,62232889000190,TAB_I2A_VL_DIRCRED_RISCO,102704594.24,107150785.19,0.958505288205625
57127130000107,Classe,2026-09-30,62285390000140,TAB_I2A_VL_DIRCRED_RISCO,1364516.53,1667472.66,0.818314184533616
57140603000106,Classe,2026-09-30,24361690000172,TAB_I2A_VL_DIRCRED_RISCO,103835354,103873920.52,0.999628717970719
57182384000128,Classe,2026-09-30,62232889000190,TAB_I2A_VL_DIRCRED_RISCO,20216686.92,24168385.05,0.836493082933566
57224939000157,Classe,2026-09-30,62285390000140,TAB_I2A_VL_DIRCRED_RISCO,91282484.44,91722215.04,0.995205844082502
57270666000187,Classe,2026-09-30,24361690000172,TAB_I2A_VL_DIRCRED_RISCO,52844523.99,53677579.12,0.984480389323489
57325152000181,Classe,2026-09-30,62285390000140,TAB_I2A_VL_DIRCRED_RISCO,0,22290875.45,0
57340272000158,Classe,2026-09-30,62285390000140,TAB_I2A_VL_DIRCRED_RISCO,44945429.2,57536127.43,0.78116882744119
57378463000109,Classe,2026-09-30,24361690000172,TAB_I2A_VL_DIRCRED_RISCO,154851530.74,157614044.44,0.982472921687816
57391433000132,Classe,2026-09-30,62232889000190,TAB_I2A_VL_DIRCRED_RISCO,49038751.43,49712588.71,0.986445339148785
57391980000118,Classe,2026-09-30,62232889000190,TAB_I2A_VL_DIRCRED_RISCO,0,22050316.28,0
57441997000132,Classe,2026-09-30,16695922000109,TAB_I2A_VL_DIRCRED_RISCO,0,0,
57533260000140,Classe,2026-09-30,62285390000140,TAB_I2A_VL_DIRCRED_RISCO,27118237.11,28244900.14,0.960110921815424
57584175000100,Classe,2026-09-30,62232889000190,TAB_I2A_VL_DIRCRED_RISCO,0,20254835.77,0
57584525000139,Classe,2026-09-30,62232889000190,TAB_I2A_VL_DIRCRED_RISCO,0,55430322.6,0
57585602000175,Classe,2026-09-30,40434681000110,TAB_I2A_VL_DIRCRED_RISCO,2948683.44,4646703.06,0.634575397206466
57691078000117,Classe,2026-09-30,39669186000101,TAB_I2A_VL_DIRCRED_RISCO,0,0,
57740051000177,Classe,2026-09-30,16695922000109,TAB_I2A_VL_DIRCRED_RISCO,65503914.26,65504535.38,0.999990517908472
57752597000148,Classe,2026-09-30,24361690000172,TAB_I2A_VL_DIRCRED_RISCO,0,56518593.63,0
57821748000172,Classe,2026-09-30,40434681000110,TAB_I2A_VL_DIRCRED_RISCO,5334839.67,12156523.97,0.438845815067315
57823707000115,Classe,2026-09-30,62285390000140,TAB_I2A_VL_DIRCRED_RISCO,176201627.18,184635320.27,0.95432242824576
57888289000144,Classe,2026-09-30,40434681000110,TAB_I2A_VL_DIRCRED_RISCO,0,13063095.63,0
57998329000100,Classe,2026-09-30,40434681000110,TAB_I2A_VL_DIRCRED_RISCO,16023217.43,18571674.27,0.862777216369949
58036896000149,Classe,2026-09-30,24361690000172,TAB_I2A_VL_DIRCRED_RISCO,325043849.95,327823655.05,0.991520425517872
58114311000161,Classe,2026-09-30,24361690000172,TAB_I2A_VL_DIRCRED_RISCO,53618735.27,53839267.32,0.995903880922279
58114447000171,Classe,2026-09-30,16695922000109,TAB_I2A_VL_DIRCRED_RISCO,0,0,
58157393000121,Classe,2026-09-30,16695922000109,TAB_I2A_VL_DIRCRED_RISCO,10283726.96,10298071.24,0.998607090622535
58238421000135,Classe,2026-09-30,40434681000110,TAB_I2A_VL_DIRCRED_RISCO,9237185.08,9247560.85,0.998877999272641
58307031000170,Classe,2026-09-30,24361690000172,TAB_I2A_VL_DIRCRED_RISCO,1772721.44,3025801.4,0.585868404978595
58364147000140,Classe,2026-09-30,62285390000140,TAB_I2A_VL_DIRCRED_RISCO,0,11614722.97,0
58423669000176,Classe,2026-09-30,16695922000109,TAB_I2A_VL_DIRCRED_RISCO,0,0,
58482694000120,Classe,2026-09-30,24361690000172,TAB_I2A_VL_DIRCRED_RISCO,61228599.67,78555151.67,0.779434554810783
58559343000170,Classe,2026-09-30,16695922000109,TAB_I2A_VL_DIRCRED_RISCO,0,0,
58731626000158,Classe,2026-09-30,62232889000190,TAB_I2A_VL_DIRCRED_RISCO,24322199.45,36440153.82,0.667456003894552
58900579000129,Classe,2026-09-30,62285390000140,TAB_I2A_VL_DIRCRED_RISCO,0,4361736649.14,0
58922423000149,Classe,2026-09-30,24361690000172,TAB_I2A_VL_DIRCRED_RISCO,131192305.72,164915566.23,0.79551196238827
58944590000190,Classe,2026-09-30,18945670000146,TAB_I2A_VL_DIRCRED_RISCO,61031174.32,66648291.41,0.915720013654285
58954874000168,Classe,2026-09-30,16695922000109,TAB_I2A_VL_DIRCRED_RISCO,0,43790932.19,0
59291327000102,Classe,2026-09-30,24361690000172,TAB_I2A_VL_DIRCRED_RISCO,0,13441044.03,0
59357545000100,Classe,2026-09-30,16695922000109,TAB_I2A_VL_DIRCRED_RISCO,0,6570014.14,0
59400011000101,Classe,2026-09-30,62232889000190,TAB_I2A_VL_DIRCRED_RISCO,5926315.68,6231909.27,0.950963087432754
59400337000139,Classe,2026-09-30,16695922000109,TAB_I2A_VL_DIRCRED_RISCO,385410504.2,385504148.13,0.999757087101516
59657112000162,Classe,2026-09-30,18945670000146,TAB_I2A_VL_DIRCRED_RISCO,0,13280527.92,0
59710430000140,Classe,2026-09-30,40434681000110,TAB_I2A_VL_DIRCRED_RISCO,16590426.58,19899545.33,0.833708826250856
59843866000107,Classe,2026-09-30,62285390000140,TAB_I2A_VL_DIRCRED_RISCO,155857193.81,156048447.82,0.998774393384415
59870750000167,Classe,2026-09-30,40434681000110,TAB_I2A_VL_DIRCRED_RISCO,14530014.61,63685360.76,0.228153133414079
59936269000127,Classe,2026-09-30,24361690000172,TAB_I2A_VL_DIRCRED_RISCO,4291249.12,4451056.67,0.964096716387123
60043514000156,Classe,2026-09-30,40434681000110,TAB_I2A_VL_DIRCRED_RISCO,0,45146062.15,0
60058603000176,Classe,2026-09-30,62285390000140,TAB_I2A_VL_DIRCRED_RISCO,16644962.14,52817033.37,0.3151438291393
60078440000193,Classe,2026-09-30,24361690000172,TAB_I2A_VL_DIRCRED_RISCO,164406.3,34949346.91,0.00470413082176819
60079965000143,Classe,2026-09-30,40434681000110,TAB_I2A_VL_DIRCRED_RISCO,0,25198.34,0
60095481000198,Classe,2026-09-30,62232889000190,TAB_I2A_VL_DIRCRED_RISCO,39844266.77,40027535.27,0.995421439297629
60115778000178,Classe,2026-09-30,24361690000172,TAB_I2A_VL_DIRCRED_RISCO,0,45737474.08,0
60282653000132,Classe,2026-09-30,16695922000109,TAB_I2A_VL_DIRCRED_RISCO,0,0,
60331197000173,Classe,2026-09-30,24361690000172,TAB_I2A_VL_DIRCRED_RISCO,1414385.77,1442949.1,0.980204894268273
60368384000121,Classe,2026-09-30,24361690000172,TAB_I2A_VL_DIRCRED_RISCO,23479309.4,23557756.87,0.996669994073167
60369537000155,Classe,2026-09-30,62285390000140,TAB_I2A_VL_DIRCRED_RISCO,0,135433048.21,0
60369959000120,Classe,2026-09-30,62285390000140,TAB_I2A_VL_DIRCRED_RISCO,0,19220089.45,0
60401316000117,Classe,2026-09-30,62285390000140,TAB_I2A_VL_DIRCRED_RISCO,524302.84,37111740.58,0.014127681208317
60604288000135,Classe,2026-09-30,40434681000110,TAB_I2A_VL_DIRCRED_RISCO,9247495.18,9247991.82,0.999946297530354
60606404000155,Classe,2026-09-30,18945670000146,TAB_I2A_VL_DIRCRED_RISCO,0,80747771.54,0
60675473000110,Classe,2026-09-30,16695922000109,TAB_I2A_VL_DIRCRED_RISCO,0,7671955.79,0
60681487000147,Classe,2026-09-30,24361690000172,TAB_I2A_VL_DIRCRED_RISCO,4064257.43,4819208.27,0.843345463050511
60686437000152,Classe,2026-09-30,24361690000172,TAB_I2A_VL_DIRCRED_RISCO,1412874.43,10724800.4,0.131738995347643
60696087000105,Classe,2026-09-30,62285390000140,TAB_I2A_VL_DIRCRED_RISCO,16510742.55,18017967.58,0.916348776669294
60736775000151,Classe,2026-09-30,62285390000140,TAB_I2A_VL_DIRCRED_RISCO,90409359.78,90409359.78,1
60792713000167,Classe,2026-09-30,16695922000109,TAB_I2A_VL_DIRCRED_RISCO,0,1920513.58,0
60866189000121,Classe,2026-09-30,62285390000140,TAB_I2A_VL_DIRCRED_RISCO,6279864.65,31270914.06,0.200821269181666
60894511000126,Classe,2026-09-30,16695922000109,TAB_I2A_VL_DIRCRED_RISCO,0,2577649.7,0
60910091000124,Classe,2026-09-30,62285390000140,TAB_I2A_VL_DIRCRED_RISCO,0,22907959.83,0
60931216000100,Classe,2026-09-30,24361690000172,TAB_I2A_VL_DIRCRED_RISCO,536456.29,5413345.67,0.0990988425093497
60974918000163,Classe,2026-09-30,24361690000172,TAB_I2A_VL_DIRCRED_RISCO,10778.2,6028359.21,0.00178791601902568
61084525000147,Classe,2026-09-30,40434681000110,TAB_I2A_VL_DIRCRED_RISCO,2817891.66,3057713.43,0.921568264819375
61130895000173,Classe,2026-09-30,16695922000109,TAB_I2A_VL_DIRCRED_RISCO,0,55571359.75,0
61138429000134,Classe,2026-09-30,24361690000172,TAB_I2A_VL_DIRCRED_RISCO,2038153.96,19205540.1,0.106123230556791
61279682000108,Classe,2026-09-30,40434681000110,TAB_I2A_VL_DIRCRED_RISCO,0,8668267.17,0
61306033000159,Classe,2026-09-30,62285390000140,TAB_I2A_VL_DIRCRED_RISCO,0,22415269.57,0
61328619000114,Classe,2026-09-30,40434681000110,TAB_I2A_VL_DIRCRED_RISCO,0,9441819.91,0
61350212000193,Classe,2026-09-30,16695922000109,TAB_I2A_VL_DIRCRED_RISCO,1e+07,10080398.52,0.992024271675323
61351481000174,Classe,2026-09-30,62285390000140,TAB_I2A_VL_DIRCRED_RISCO,492149370.33,506432844.72,0.971795916203071
61371110000154,Classe,2026-09-30,16695922000109,TAB_I2A_VL_DIRCRED_RISCO,0,0,
61385893000125,Classe,2026-09-30,62285390000140,TAB_I2A_VL_DIRCRED_RISCO,0,400151028.08,0
61430639000100,Classe,2026-09-30,24361690000172,TAB_I2A_VL_DIRCRED_RISCO,45929753.93,59863195.4,0.767245276886773
61527968000165,Classe,2026-09-30,16695922000109,TAB_I2A_VL_DIRCRED_RISCO,0,0,
61543748000125,Classe,2026-09-30,24361690000172,TAB_I2A_VL_DIRCRED_RISCO,12620744.55,14681356.02,0.859644336177606
61631599000156,Classe,2026-09-30,16695922000109,TAB_I2A_VL_DIRCRED_RISCO,0,425003447.2,0
61664240000185,Classe,2026-09-30,24361690000172,TAB_I2A_VL_DIRCRED_RISCO,45073914.29,49446322.77,0.911572625929368
61690116000194,Classe,2026-09-30,40434681000110,TAB_I2A_VL_DIRCRED_RISCO,0,6114482.49,0
61750443000194,Classe,2026-09-30,24361690000172,TAB_I2A_VL_DIRCRED_RISCO,12745558.46,12750767.91,0.999591440293105
61766813000181,Classe,2026-09-30,40434681000110,TAB_I2A_VL_DIRCRED_RISCO,25954964.11,41957419.42,0.618602489590386
61866286000187,Classe,2026-09-30,16695922000109,TAB_I2A_VL_DIRCRED_RISCO,7691188.87,7725106.74,0.995609397883867
61955311000107,Classe,2026-09-30,16695922000109,TAB_I2A_VL_DIRCRED_RISCO,0,9721565.43,0
61975703000120,Classe,2026-09-30,24361690000172,TAB_I2A_VL_DIRCRED_RISCO,62322890.37,64807715.81,0.961658493761994
62016007000159,Classe,2026-09-30,62285390000140,TAB_I2A_VL_DIRCRED_RISCO,0,3629674.39,0
62161418000138,Classe,2026-09-30,62285390000140,TAB_I2A_VL_DIRCRED_RISCO,51743186.45,70497102.5,0.733976072988248
62164403000123,Classe,2026-09-30,16695922000109,TAB_I2A_VL_DIRCRED_RISCO,7084328.43,7146138.89,0.991350509561675
62230042000176,Classe,2026-09-30,16695922000109,TAB_I2A_VL_DIRCRED_RISCO,0,28659234.19,0
62303024000177,Classe,2026-09-30,62232889000190,TAB_I2A_VL_DIRCRED_RISCO,0,302237026.17,0
62359337000147,Classe,2026-09-30,40434681000110,TAB_I2A_VL_DIRCRED_RISCO,16785799.51,23354126.96,0.718750888815071
62497138000103,Classe,2026-09-30,16695922000109,TAB_I2A_VL_DIRCRED_RISCO,0,4041792.81,0
62541630000120,Classe,2026-09-30,62232889000190,TAB_I2A_VL_DIRCRED_RISCO,40998857.52,41979103.1,0.976649201445183
62627243000101,Classe,2026-09-30,62285390000140,TAB_I2A_VL_DIRCRED_RISCO,77167706.27,77384146.82,0.997203037587228
62627291000108,Classe,2026-09-30,62285390000140,TAB_I2A_VL_DIRCRED_RISCO,531554220.3,571554220.3,0.930015388603019
62741028000137,Classe,2026-09-30,40434681000110,TAB_I2A_VL_DIRCRED_RISCO,0,13305302.13,0
62762366000155,Classe,2026-09-30,16695922000109,TAB_I2A_VL_DIRCRED_RISCO,0,3429775.37,0
62772042000106,Classe,2026-09-30,24361690000172,TAB_I2A_VL_DIRCRED_RISCO,1196827.18,48261968.46,0.0247985570872838
62951957000170,Classe,2026-09-30,16695922000109,TAB_I2A_VL_DIRCRED_RISCO,12348585.73,12371590.58,0.998140509916551
62966067000132,Classe,2026-09-30,40434681000110,TAB_I2A_VL_DIRCRED_RISCO,36201232.75,37167728.83,0.973996364307848
62967950000147,Classe,2026-09-30,40434681000110,TAB_I2A_VL_DIRCRED_RISCO,5179921.52,36216105.56,0.143028120774011
62968483000170,Classe,2026-09-30,40434681000110,TAB_I2A_VL_DIRCRED_RISCO,55056490.98,70920259.13,0.77631542320057
62972105000160,Classe,2026-09-30,62285390000140,TAB_I2A_VL_DIRCRED_RISCO,33801317.65,36678613.02,0.921553866597107
63098061000153,Classe,2026-09-30,16695922000109,TAB_I2A_VL_DIRCRED_RISCO,22336182.25,31074263.33,0.718800056908702
63212782000142,Classe,2026-09-30,62285390000140,TAB_I2A_VL_DIRCRED_RISCO,28735368.67,28864810.22,0.995515593242657
63249135000105,Classe,2026-09-30,40434681000110,TAB_I2A_VL_DIRCRED_RISCO,0,4275300.56,0
63310209000171,Classe,2026-09-30,62285390000140,TAB_I2A_VL_DIRCRED_RISCO,0,2066484.32,0
63322011000108,Classe,2026-09-30,62285390000140,TAB_I2A_VL_DIRCRED_RISCO,604375644.67,633091869.24,0.954641299367069
63457029000117,Classe,2026-09-30,16695922000109,TAB_I2A_VL_DIRCRED_RISCO,0,1521927.95,0
63458316000141,Classe,2026-09-30,16695922000109,TAB_I2A_VL_DIRCRED_RISCO,0,5209807.52,0
63459064000175,Classe,2026-09-30,16695922000109,TAB_I2A_VL_DIRCRED_RISCO,0,4021024.37,0
63516387000153,Classe,2026-09-30,62285390000140,TAB_I2A_VL_DIRCRED_RISCO,86658855.34,88012431.05,0.984620630360375
63565588000140,Classe,2026-09-30,62285390000140,TAB_I2A_VL_DIRCRED_RISCO,9667401.86,11038221.61,0.875811539355387
63566193000162,Classe,2026-09-30,16695922000109,TAB_I2A_VL_DIRCRED_RISCO,0,3526305.01,0
63604811000111,Classe,2026-09-30,40434681000110,TAB_I2A_VL_DIRCRED_RISCO,0,70913786,0
63606548000108,Classe,2026-09-30,40434681000110,TAB_I2A_VL_DIRCRED_RISCO,0,18697883.79,0
63606839000198,Classe,2026-09-30,40434681000110,TAB_I2A_VL_DIRCRED_RISCO,50356131.96,53070719.34,0.94884962152842
63622544000105,Classe,2026-09-30,16695922000109,TAB_I2A_VL_DIRCRED_RISCO,0,1889422.1,0
63659752000189,Classe,2026-09-30,16695922000109,TAB_I2A_VL_DIRCRED_RISCO,29769018.01,32676194.78,0.911030743035619
63697245000130,Classe,2026-09-30,24361690000172,TAB_I2A_VL_DIRCRED_RISCO,9856180.69,10381302.04,0.94941661961316
63699134000162,Classe,2026-09-30,24361690000172,TAB_I2A_VL_DIRCRED_RISCO,18863866.32,19050347.65,0.990211132446184
63709161000179,Classe,2026-09-30,40434681000110,TAB_I2A_VL_DIRCRED_RISCO,0,108114022.35,0
63796349000100,Classe,2026-09-30,62285390000140,TAB_I2A_VL_DIRCRED_RISCO,522240.56,1559383.18,0.33490200913928
63863686000164,Classe,2026-09-30,24361690000172,TAB_I2A_VL_DIRCRED_RISCO,55535282.77,56029882.97,0.991172564107178
63887027000168,Classe,2026-09-30,40434681000110,TAB_I2A_VL_DIRCRED_RISCO,0,0,
63894672000108,Classe,2026-09-30,16695922000109,TAB_I2A_VL_DIRCRED_RISCO,49568706.11,52775618.56,0.93923496232727
63938673000107,Classe,2026-09-30,62285390000140,TAB_I2A_VL_DIRCRED_RISCO,102175056.62,106466416.63,0.959692829477734
63974821000149,Classe,2026-09-30,62285390000140,TAB_I2A_VL_DIRCRED_RISCO,0,10104194.08,0
64019393000168,Classe,2026-09-30,16695922000109,TAB_I2A_VL_DIRCRED_RISCO,131302546.95,131303425.01,0.999993312741081
64029467000147,Classe,2026-09-30,16695922000109,TAB_I2A_VL_DIRCRED_RISCO,8880934.63,8921726.63,0.995427790864738
64039922000195,Classe,2026-09-30,62285390000140,TAB_I2A_VL_DIRCRED_RISCO,55141055.78,56373965.98,0.978129794869543
64054825000171,Classe,2026-09-30,40434681000110,TAB_I2A_VL_DIRCRED_RISCO,0,8585316.6,0
64155784000100,Classe,2026-09-30,18945670000146,TAB_I2A_VL_DIRCRED_RISCO,32789247.38,34652149.65,0.946239921943775
64276414000120,Classe,2026-09-30,24361690000172,TAB_I2A_VL_DIRCRED_RISCO,16216834.37,16216834.37,1
64276709000105,Classe,2026-09-30,24361690000172,TAB_I2A_VL_DIRCRED_RISCO,93886732.41,94297638.45,0.995642456727929
64282009000115,Classe,2026-09-30,40434681000110,TAB_I2A_VL_DIRCRED_RISCO,0,17845113.69,0
64291147000160,Classe,2026-09-30,62232889000190,TAB_I2A_VL_DIRCRED_RISCO,0,21094733.09,0
64310285000140,Classe,2026-09-30,40434681000110,TAB_I2A_VL_DIRCRED_RISCO,0,12894779.98,0
64382297000180,Classe,2026-09-30,62232889000190,TAB_I2A_VL_DIRCRED_RISCO,18256700.67,18663049.23,0.978227107746851
64432874000109,Classe,2026-09-30,40434681000110,TAB_I2A_VL_DIRCRED_RISCO,0,10668989.54,0
64530753000191,Classe,2026-09-30,24361690000172,TAB_I2A_VL_DIRCRED_RISCO,3873558.67,4173825.76,0.928059505291855
64598309000108,Classe,2026-09-30,16695922000109,TAB_I2A_VL_DIRCRED_RISCO,6994786.45,7211139.11,0.969997436368968
64630838000141,Classe,2026-09-30,62285390000140,TAB_I2A_VL_DIRCRED_RISCO,6275550.82,16625447.98,0.377466569776004
64636877000156,Classe,2026-09-30,16695922000109,TAB_I2A_VL_DIRCRED_RISCO,3044393.16,3183553.58,0.956287709158016
64637478000100,Classe,2026-09-30,00806535000154,TAB_I2A_VL_DIRCRED_RISCO,73915907.98,76678412.72,0.963972849176109
64656737000140,Classe,2026-09-30,62232889000190,TAB_I2A_VL_DIRCRED_RISCO,0,60707967.28,0
64721990000130,Classe,2026-09-30,40434681000110,TAB_I2A_VL_DIRCRED_RISCO,0,16538673.46,0
64987557000140,Classe,2026-09-30,24361690000172,TAB_I2A_VL_DIRCRED_RISCO,0,5181730.59,0
65014891000180,Classe,2026-09-30,40434681000110,TAB_I2A_VL_DIRCRED_RISCO,0,1040006.34,0
65095860000100,Classe,2026-09-30,00806535000154,TAB_I2A_VL_DIRCRED_RISCO,15034077.37,15287369,0.983431313131776
65190945000169,Classe,2026-09-30,40434681000110,TAB_I2A_VL_DIRCRED_RISCO,0,15218377.48,0
65343721000140,Classe,2026-09-30,62232889000190,TAB_I2A_VL_DIRCRED_RISCO,53492228.7,62218788.14,0.859743982470952
65619110000181,Classe,2026-09-30,16695922000109,TAB_I2A_VL_DIRCRED_RISCO,0,1368681.7,0
65659857000163,Classe,2026-09-30,24361690000172,TAB_I2A_VL_DIRCRED_RISCO,10618708.99,32634533.96,0.325382584075363
65675575000150,Classe,2026-09-30,62285390000140,TAB_I2A_VL_DIRCRED_RISCO,5412646.25,7455886.05,0.725956139042656
65706613000194,Classe,2026-09-30,24361690000172,TAB_I2A_VL_DIRCRED_RISCO,4118343.87,4176528.49,0.986068664408895
65784807000108,Classe,2026-09-30,24361690000172,TAB_I2A_VL_DIRCRED_RISCO,0,0,
65784847000150,Classe,2026-09-30,24361690000172,TAB_I2A_VL_DIRCRED_RISCO,0,220721842.85,0
65804305000100,Classe,2026-09-30,62232889000190,TAB_I2A_VL_DIRCRED_RISCO,0,11090720.1,0
65804737000102,Classe,2026-09-30,00806535000154,TAB_I2A_VL_DIRCRED_RISCO,187431836.58,187457213,0.99986462820185
65900819000150,Classe,2026-09-30,24361690000172,TAB_I2A_VL_DIRCRED_RISCO,0,2674536.93,0
66004736000146,Classe,2026-09-30,16695922000109,TAB_I2A_VL_DIRCRED_RISCO,42589661.65,42617426.99,0.999348497974631
66107567000170,Classe,2026-09-30,40434681000110,TAB_I2A_VL_DIRCRED_RISCO,0,2094774.86,0
66146849000186,Classe,2026-09-30,24361690000172,TAB_I2A_VL_DIRCRED_RISCO,9416027.71,9416027.71,1
66147948000182,Classe,2026-09-30,24361690000172,TAB_I2A_VL_DIRCRED_RISCO,2381797.28,2521051.44,0.944763459487364
66188571000100,Classe,2026-09-30,40434681000110,TAB_I2A_VL_DIRCRED_RISCO,0,1055012.15,0
66226431000189,Classe,2026-09-30,62232889000190,TAB_I2A_VL_DIRCRED_RISCO,0,583357.95,0
66247874000156,Classe,2026-09-30,40434681000110,TAB_I2A_VL_DIRCRED_RISCO,27781907.34,27781907.34,1
66279914000141,Classe,2026-09-30,24361690000172,TAB_I2A_VL_DIRCRED_RISCO,34303018.55,34667862.43,0.989476020313145
66289666000110,Classe,2026-09-30,62285390000140,TAB_I2A_VL_DIRCRED_RISCO,0,4943170.02,0
66320254000103,Classe,2026-09-30,62285390000140,TAB_I2A_VL_DIRCRED_RISCO,94998904.12,104390059.63,0.910037837479105
66575588000110,Classe,2026-09-30,62285390000140,TAB_I2A_VL_DIRCRED_RISCO,88290166.05,95068964.05,0.92869599382155
66584882000198,Classe,2026-09-30,62285390000140,TAB_I2A_VL_DIRCRED_RISCO,1130119.18,5226156.27,0.216242898530855
66589036000160,Classe,2026-09-30,62285390000140,TAB_I2A_VL_DIRCRED_RISCO,512609956.63,522476019.2,0.981116716925867
66614411000185,Classe,2026-09-30,62232889000190,TAB_I2A_VL_DIRCRED_RISCO,0,84676374.62,0
66625873000106,Classe,2026-09-30,40434681000110,TAB_I2A_VL_DIRCRED_RISCO,0,6042090.57,0
66687692000104,Classe,2026-09-30,62285390000140,TAB_I2A_VL_DIRCRED_RISCO,0,44249161.16,0
66790149000120,Classe,2026-09-30,16695922000109,TAB_I2A_VL_DIRCRED_RISCO,0,51157.61,0
66790195000129,Classe,2026-09-30,24361690000172,TAB_I2A_VL_DIRCRED_RISCO,95625076.84,96486499.58,0.991072090460845
67220127000197,Classe,2026-09-30,24361690000172,TAB_I2A_VL_DIRCRED_RISCO,155701365.44,155701365.44,1
67220139000111,Classe,2026-09-30,40434681000110,TAB_I2A_VL_DIRCRED_RISCO,0,21701581.26,0
67851316000168,Classe,2026-09-30,62285390000140,TAB_I2A_VL_DIRCRED_RISCO,0,78559509.19,0
67873873000180,Classe,2026-09-30,62285390000140,TAB_I2A_VL_DIRCRED_RISCO,2784294.22,6078686.02,0.4580421181221
68099385000120,Classe,2026-09-30,40434681000110,TAB_I2A_VL_DIRCRED_RISCO,1586536.5,7171562.38,0.221226061482017
68119920000167,Classe,2026-09-30,40434681000110,TAB_I2A_VL_DIRCRED_RISCO,0,2012767.91,0
68234432000109,Classe,2026-09-30,40434681000110,TAB_I2A_VL_DIRCRED_RISCO,245012.4,6458834.8,0.0379344583948795
68250073000175,Classe,2026-09-30,16695922000109,TAB_I2A_VL_DIRCRED_RISCO,0,467617.25,0
68564198000170,Classe,2026-09-30,16695922000109,TAB_I2A_VL_DIRCRED_RISCO,0,13215580.8,0
68706406000128,Classe,2026-09-30,62285390000140,TAB_I2A_VL_DIRCRED_RISCO,0,2008326.55,0
09260031000156,Classe,2026-09-30,62285390000140,TAB_I2B_VL_DIRCRED_SEM_RISCO,0,66569700.67,0
16802124000120,Classe,2026-09-30,62285390000140,TAB_I2B_VL_DIRCRED_SEM_RISCO,0,385017818.6,0
16858989000109,Classe,2026-09-30,16695922000109,TAB_I2B_VL_DIRCRED_SEM_RISCO,0,0,
17047287000108,Classe,2026-09-30,24361690000172,TAB_I2B_VL_DIRCRED_SEM_RISCO,47124973.66,58017901.04,0.812248854495961
17198845000136,Classe,2026-09-30,62285390000140,TAB_I2B_VL_DIRCRED_SEM_RISCO,0,1607435228.61,0
19388377000198,Classe,2026-09-30,24361690000172,TAB_I2B_VL_DIRCRED_SEM_RISCO,0,186787082.1,0
20906292000133,Classe,2026-09-30,24361690000172,TAB_I2B_VL_DIRCRED_SEM_RISCO,6682693.87,14256208.26,0.468756751313059
21254441000190,Classe,2026-09-30,62285390000140,TAB_I2B_VL_DIRCRED_SEM_RISCO,60033661.31,69285668.91,0.866465782238199
21917325000103,Classe,2026-09-30,24361690000172,TAB_I2B_VL_DIRCRED_SEM_RISCO,173874272.85,278228784.88,0.624932725508584
23980344000100,Classe,2026-09-30,62285390000140,TAB_I2B_VL_DIRCRED_SEM_RISCO,0,20180937.49,0
25354121000162,Classe,2026-09-30,16695922000109,TAB_I2B_VL_DIRCRED_SEM_RISCO,0,0,
26000055000195,Classe,2026-09-30,24361690000172,TAB_I2B_VL_DIRCRED_SEM_RISCO,1661150.69,2575655.5,0.644942885413053
26199650000100,Classe,2026-09-30,24361690000172,TAB_I2B_VL_DIRCRED_SEM_RISCO,44640174.37,56129835.74,0.795302066743586
26631527000108,Fundo,2026-09-30,16695922000109,TAB_I2B_VL_DIRCRED_SEM_RISCO,0,0,
27531244000157,Classe,2026-09-30,16695922000109,TAB_I2B_VL_DIRCRED_SEM_RISCO,0,24375444.45,0
28079865000104,Classe,2026-09-30,62285390000140,TAB_I2B_VL_DIRCRED_SEM_RISCO,0,34519557.29,0
28079873000150,Classe,2026-09-30,62285390000140,TAB_I2B_VL_DIRCRED_SEM_RISCO,0,754914753.36,0
29249995000100,Classe,2026-09-30,24361690000172,TAB_I2B_VL_DIRCRED_SEM_RISCO,0,21121430.13,0
29550273000191,Classe,2026-09-30,62232889000190,TAB_I2B_VL_DIRCRED_SEM_RISCO,0,13137164.57,0
30366120000178,Classe,2026-09-30,62285390000140,TAB_I2B_VL_DIRCRED_SEM_RISCO,0,283402282.07,0
31024416000173,Classe,2026-09-30,62285390000140,TAB_I2B_VL_DIRCRED_SEM_RISCO,0,38772077.18,0
32156038000144,Classe,2026-09-30,62285390000140,TAB_I2B_VL_DIRCRED_SEM_RISCO,181598902.08,239264432.77,0.758988287467562
32525937000177,Classe,2026-09-30,62285390000140,TAB_I2B_VL_DIRCRED_SEM_RISCO,0,78994171.82,0
32525986000100,Classe,2026-09-30,62285390000140,TAB_I2B_VL_DIRCRED_SEM_RISCO,0,57166279.24,0
32907653000145,Classe,2026-09-30,16695922000109,TAB_I2B_VL_DIRCRED_SEM_RISCO,0,23721857.76,0
32999032000139,Classe,2026-09-30,62285390000140,TAB_I2B_VL_DIRCRED_SEM_RISCO,0,86847161.11,0
33304615000160,Classe,2026-09-30,24361690000172,TAB_I2B_VL_DIRCRED_SEM_RISCO,24734794.01,25984584.67,0.951902611649478
33490076000100,Classe,2026-09-30,40434681000110,TAB_I2B_VL_DIRCRED_SEM_RISCO,68820043.06,112775629.29,0.610238608228297
33521644000184,Classe,2026-09-30,16695922000109,TAB_I2B_VL_DIRCRED_SEM_RISCO,0,107342274.18,0
33632618000123,Classe,2026-09-30,62285390000140,TAB_I2B_VL_DIRCRED_SEM_RISCO,0,71793219.16,0
34027968000123,Classe,2026-09-30,16695922000109,TAB_I2B_VL_DIRCRED_SEM_RISCO,0,0,
34218960000144,Classe,2026-09-30,62285390000140,TAB_I2B_VL_DIRCRED_SEM_RISCO,0,110699216.44,0
34599321000176,Classe,2026-09-30,16695922000109,TAB_I2B_VL_DIRCRED_SEM_RISCO,0,107327443.81,0
35277363000153,Classe,2026-09-30,16695922000109,TAB_I2B_VL_DIRCRED_SEM_RISCO,0,218625467.39,0
35686949000171,Classe,2026-09-30,16695922000109,TAB_I2B_VL_DIRCRED_SEM_RISCO,0,20000028.24,0
35715919000146,Classe,2026-09-30,00806535000154,TAB_I2B_VL_DIRCRED_SEM_RISCO,0,877683.76,0
36113052000111,Classe,2026-09-30,62285390000140,TAB_I2B_VL_DIRCRED_SEM_RISCO,0,30888325.07,0
36420767000117,Classe,2026-09-30,62285390000140,TAB_I2B_VL_DIRCRED_SEM_RISCO,0,0.01,0
36953080000147,Classe,2026-09-30,62285390000140,TAB_I2B_VL_DIRCRED_SEM_RISCO,0,591765186.82,0
37606580000175,Fundo,2026-09-30,48967968000118,TAB_I2B_VL_DIRCRED_SEM_RISCO,0,0,
38134439000180,Classe,2026-09-30,16695922000109,TAB_I2B_VL_DIRCRED_SEM_RISCO,0,0,
39273409000117,Classe,2026-09-30,16695922000109,TAB_I2B_VL_DIRCRED_SEM_RISCO,0,31908373.53,0
39469320000120,Classe,2026-09-30,16695922000109,TAB_I2B_VL_DIRCRED_SEM_RISCO,0,70589112.12,0
39806180000139,Classe,2026-09-30,62285390000140,TAB_I2B_VL_DIRCRED_SEM_RISCO,0,234940564.57,0
39851520000143,Classe,2026-09-30,24361690000172,TAB_I2B_VL_DIRCRED_SEM_RISCO,0,9548514.77,0
40226175000136,Classe,2026-09-30,48967968000118,TAB_I2B_VL_DIRCRED_SEM_RISCO,0,0,
40902151000150,Classe,2026-09-30,62285390000140,TAB_I2B_VL_DIRCRED_SEM_RISCO,0,44635945.31,0
40989019000127,Classe,2026-09-30,62285390000140,TAB_I2B_VL_DIRCRED_SEM_RISCO,0,102218150.05,0
41096982000144,Classe,2026-09-30,62285390000140,TAB_I2B_VL_DIRCRED_SEM_RISCO,54882569.87,233994295.26,0.234546614946394
41251476000182,Classe,2026-09-30,62285390000140,TAB_I2B_VL_DIRCRED_SEM_RISCO,0,66473881.51,0
41341232000190,Classe,2026-09-30,40434681000110,TAB_I2B_VL_DIRCRED_SEM_RISCO,0,26070049.35,0
41351648000190,Classe,2026-09-30,62285390000140,TAB_I2B_VL_DIRCRED_SEM_RISCO,0,27350641.19,0
41801514000123,Classe,2026-09-30,62232889000190,TAB_I2B_VL_DIRCRED_SEM_RISCO,0,191359157.31,0
41992676000196,Classe,2026-09-30,62285390000140,TAB_I2B_VL_DIRCRED_SEM_RISCO,0,398303380.63,0
42031108000191,Classe,2026-09-30,16695922000109,TAB_I2B_VL_DIRCRED_SEM_RISCO,0,4101455.27,0
42067232000107,Classe,2026-09-30,62285390000140,TAB_I2B_VL_DIRCRED_SEM_RISCO,0,56405549.84,0
42196288000161,Classe,2026-09-30,62285390000140,TAB_I2B_VL_DIRCRED_SEM_RISCO,0,402204455.56,0
42336359000184,Classe,2026-09-30,62285390000140,TAB_I2B_VL_DIRCRED_SEM_RISCO,0,65983527.9,0
42533772000139,Classe,2026-09-30,62285390000140,TAB_I2B_VL_DIRCRED_SEM_RISCO,0,264447311.91,0
42867211000176,Fundo,2026-09-30,16695922000109,TAB_I2B_VL_DIRCRED_SEM_RISCO,0,0,
43122353000177,Classe,2026-09-30,24361690000172,TAB_I2B_VL_DIRCRED_SEM_RISCO,11957289.67,13498884.09,0.885798380834901
43236160000147,Classe,2026-09-30,62285390000140,TAB_I2B_VL_DIRCRED_SEM_RISCO,0,219213182.07,0
43702427000144,Classe,2026-09-30,24361690000172,TAB_I2B_VL_DIRCRED_SEM_RISCO,13433371.25,15452112.05,0.869355024512652
44173512000125,Classe,2026-09-30,62232889000190,TAB_I2B_VL_DIRCRED_SEM_RISCO,0,107817019.06,0
44395590000174,Classe,2026-09-30,62285390000140,TAB_I2B_VL_DIRCRED_SEM_RISCO,7847829.68,106838336.93,0.0734551838366958
44414972000106,Classe,2026-09-30,40434681000110,TAB_I2B_VL_DIRCRED_SEM_RISCO,0,13303981.25,0
44415022000198,Classe,2026-09-30,40434681000110,TAB_I2B_VL_DIRCRED_SEM_RISCO,0,20435638.41,0
44465412000172,Classe,2026-09-30,40434681000110,TAB_I2B_VL_DIRCRED_SEM_RISCO,0,22818609.21,0
44465521000190,Classe,2026-09-30,40434681000110,TAB_I2B_VL_DIRCRED_SEM_RISCO,0,14552289.72,0
44479362000182,Classe,2026-09-30,24361690000172,TAB_I2B_VL_DIRCRED_SEM_RISCO,0,0,
44585152000179,Classe,2026-09-30,40434681000110,TAB_I2B_VL_DIRCRED_SEM_RISCO,0,15947146.6,0
44585499000111,Classe,2026-09-30,40434681000110,TAB_I2B_VL_DIRCRED_SEM_RISCO,15882800.16,20652481.01,0.769050466736151
44680424000110,Classe,2026-09-30,16695922000109,TAB_I2B_VL_DIRCRED_SEM_RISCO,0,51797194.94,0
44680449000113,Classe,2026-09-30,16695922000109,TAB_I2B_VL_DIRCRED_SEM_RISCO,0,6271249.58,0
44705452000144,Classe,2026-09-30,62285390000140,TAB_I2B_VL_DIRCRED_SEM_RISCO,0,45219807.93,0
44705662000132,Classe,2026-09-30,62285390000140,TAB_I2B_VL_DIRCRED_SEM_RISCO,0,22880786.18,0
45018911000184,Classe,2026-09-30,16695922000109,TAB_I2B_VL_DIRCRED_SEM_RISCO,0,0,
45019108000164,Classe,2026-09-30,16695922000109,TAB_I2B_VL_DIRCRED_SEM_RISCO,0,14194939.69,0
45521676000169,Classe,2026-09-30,16695922000109,TAB_I2B_VL_DIRCRED_SEM_RISCO,0,417963812.9,0
45525150000157,Classe,2026-09-30,62285390000140,TAB_I2B_VL_DIRCRED_SEM_RISCO,0,5508330.3,0
45721977000136,Classe,2026-09-30,16695922000109,TAB_I2B_VL_DIRCRED_SEM_RISCO,0,52722819.3,0
45756256000161,Classe,2026-09-30,62285390000140,TAB_I2B_VL_DIRCRED_SEM_RISCO,0,30834767.44,0
45777614000112,Classe,2026-09-30,62285390000140,TAB_I2B_VL_DIRCRED_SEM_RISCO,0,47178241.49,0
45880798000141,Fundo,2026-09-30,24361690000172,TAB_I2B_VL_DIRCRED_SEM_RISCO,0,0,
45899684000143,Classe,2026-09-30,16695922000109,TAB_I2B_VL_DIRCRED_SEM_RISCO,0,133.14,0
45899975000131,Classe,2026-09-30,16695922000109,TAB_I2B_VL_DIRCRED_SEM_RISCO,0,0,
46098515000177,Classe,2026-09-30,40434681000110,TAB_I2B_VL_DIRCRED_SEM_RISCO,0,68314233.29,0
46098560000121,Classe,2026-09-30,40434681000110,TAB_I2B_VL_DIRCRED_SEM_RISCO,88698277.62,110436029.06,0.803164314897724
46322877000108,Classe,2026-09-30,62232889000190,TAB_I2B_VL_DIRCRED_SEM_RISCO,0,29498722.37,0
46449843000170,Classe,2026-09-30,62232889000190,TAB_I2B_VL_DIRCRED_SEM_RISCO,0,301052919.76,0
46766050000185,Classe,2026-09-30,62285390000140,TAB_I2B_VL_DIRCRED_SEM_RISCO,0,265187169.15,0
47094392000169,Classe,2026-09-30,16695922000109,TAB_I2B_VL_DIRCRED_SEM_RISCO,0,1370067130.53,0
47167918000193,Classe,2026-09-30,62285390000140,TAB_I2B_VL_DIRCRED_SEM_RISCO,0,145932768.51,0
47168002000158,Classe,2026-09-30,62285390000140,TAB_I2B_VL_DIRCRED_SEM_RISCO,0,20444595.65,0
47410102000149,Classe,2026-09-30,62232889000190,TAB_I2B_VL_DIRCRED_SEM_RISCO,0,92133165.72,0
47410122000110,Classe,2026-09-30,62232889000190,TAB_I2B_VL_DIRCRED_SEM_RISCO,0,57174589.81,0
47425860000130,Classe,2026-09-30,24361690000172,TAB_I2B_VL_DIRCRED_SEM_RISCO,3606933.84,6719515.44,0.536784813162063
47463381000109,Classe,2026-09-30,62232889000190,TAB_I2B_VL_DIRCRED_SEM_RISCO,0,160406214.06,0
47465008000197,Classe,2026-09-30,16695922000109,TAB_I2B_VL_DIRCRED_SEM_RISCO,3187514.92,4109931.65,0.775563973186756
47640501000104,Classe,2026-09-30,40434681000110,TAB_I2B_VL_DIRCRED_SEM_RISCO,0,52724561.55,0
47669160000191,Classe,2026-09-30,40434681000110,TAB_I2B_VL_DIRCRED_SEM_RISCO,0,4034168.62,0
47669241000191,Classe,2026-09-30,40434681000110,TAB_I2B_VL_DIRCRED_SEM_RISCO,1392177.44,2360663.23,0.589739960494068
47669306000107,Classe,2026-09-30,40434681000110,TAB_I2B_VL_DIRCRED_SEM_RISCO,0,2848544.78,0
47715992000105,Classe,2026-09-30,62285390000140,TAB_I2B_VL_DIRCRED_SEM_RISCO,0,26730267.98,0
47731522000127,Classe,2026-09-30,40434681000110,TAB_I2B_VL_DIRCRED_SEM_RISCO,0,3593327.14,0
48181830000199,Classe,2026-09-30,62232889000190,TAB_I2B_VL_DIRCRED_SEM_RISCO,0,236462863.02,0
48213067000130,Classe,2026-09-30,24361690000172,TAB_I2B_VL_DIRCRED_SEM_RISCO,287322.65,132354124.58,0.0021708628341713
48213253000170,Classe,2026-09-30,40434681000110,TAB_I2B_VL_DIRCRED_SEM_RISCO,0,16064089.17,0
48279539000158,Classe,2026-09-30,62232889000190,TAB_I2B_VL_DIRCRED_SEM_RISCO,0,244767823.8,0
48313744000192,Classe,2026-09-30,62285390000140,TAB_I2B_VL_DIRCRED_SEM_RISCO,19853364.11,84296208.35,0.235519064245076
48357311000139,Classe,2026-09-30,16695922000109,TAB_I2B_VL_DIRCRED_SEM_RISCO,0,0,
48502650000161,Classe,2026-09-30,16695922000109,TAB_I2B_VL_DIRCRED_SEM_RISCO,0,32662478.15,0
49000918000120,Classe,2026-09-30,62285390000140,TAB_I2B_VL_DIRCRED_SEM_RISCO,0,9831568.8,0
49087632000123,Classe,2026-09-30,24361690000172,TAB_I2B_VL_DIRCRED_SEM_RISCO,0,0,
49141366000170,Classe,2026-09-30,40434681000110,TAB_I2B_VL_DIRCRED_SEM_RISCO,29882695.1,29882695.1,1
49220648000162,Classe,2026-09-30,62285390000140,TAB_I2B_VL_DIRCRED_SEM_RISCO,0,211130068.9,0
49223648000116,Classe,2026-09-30,16695922000109,TAB_I2B_VL_DIRCRED_SEM_RISCO,0,0,
49261110000104,Classe,2026-09-30,40434681000110,TAB_I2B_VL_DIRCRED_SEM_RISCO,5797903.05,6670203.14,0.869224359184959
49275773000170,Classe,2026-09-30,24361690000172,TAB_I2B_VL_DIRCRED_SEM_RISCO,0,0,
49460350000120,Classe,2026-09-30,24361690000172,TAB_I2B_VL_DIRCRED_SEM_RISCO,28953735.04,63191969.88,0.458186935697406
49466992000136,Classe,2026-09-30,24361690000172,TAB_I2B_VL_DIRCRED_SEM_RISCO,983583.97,3171457.12,0.310136297854155
49815200000191,Classe,2026-09-30,00806535000154,TAB_I2B_VL_DIRCRED_SEM_RISCO,0,81255139.25,0
49916055000135,Classe,2026-09-30,62285390000140,TAB_I2B_VL_DIRCRED_SEM_RISCO,0,95319638.67,0
49916151000183,Classe,2026-09-30,62285390000140,TAB_I2B_VL_DIRCRED_SEM_RISCO,0,1246650258.2,0
49934838000141,Classe,2026-09-30,16695922000109,TAB_I2B_VL_DIRCRED_SEM_RISCO,0,42102752.88,0
50041351000119,Classe,2026-09-30,62232889000190,TAB_I2B_VL_DIRCRED_SEM_RISCO,0,6627365.67,0
50133597000110,Classe,2026-09-30,16695922000109,TAB_I2B_VL_DIRCRED_SEM_RISCO,0,0,
50153414000129,Classe,2026-09-30,16695922000109,TAB_I2B_VL_DIRCRED_SEM_RISCO,0,42445882.9,0
50284896000156,Classe,2026-09-30,62285390000140,TAB_I2B_VL_DIRCRED_SEM_RISCO,0,35169121.36,0
50327909000127,Classe,2026-09-30,62285390000140,TAB_I2B_VL_DIRCRED_SEM_RISCO,1022787.47,958909826.44,0.00106661485970704
50356663000111,Classe,2026-09-30,40434681000110,TAB_I2B_VL_DIRCRED_SEM_RISCO,0,0,
50434429000165,Classe,2026-09-30,62285390000140,TAB_I2B_VL_DIRCRED_SEM_RISCO,54371466.21,85488763.83,0.636007163679676
50692376000182,Classe,2026-09-30,24361690000172,TAB_I2B_VL_DIRCRED_SEM_RISCO,649606.68,5337764.75,0.121700133000429
50695489000131,Classe,2026-09-30,62232889000190,TAB_I2B_VL_DIRCRED_SEM_RISCO,0,23000846.3,0
50791925000176,Classe,2026-09-30,24361690000172,TAB_I2B_VL_DIRCRED_SEM_RISCO,0,15979956.48,0
50808063000147,Classe,2026-09-30,62285390000140,TAB_I2B_VL_DIRCRED_SEM_RISCO,0,71761766.49,0
50818107000110,Classe,2026-09-30,16695922000109,TAB_I2B_VL_DIRCRED_SEM_RISCO,0,0,
50823781000192,Classe,2026-09-30,24361690000172,TAB_I2B_VL_DIRCRED_SEM_RISCO,0,0,
50824501000160,Classe,2026-09-30,24361690000172,TAB_I2B_VL_DIRCRED_SEM_RISCO,27138691.63,33154854.24,0.818543536145554
50946637000143,Fundo,2026-09-30,16695922000109,TAB_I2B_VL_DIRCRED_SEM_RISCO,0,14685951.61,0
50948197000163,Classe,2026-09-30,16695922000109,TAB_I2B_VL_DIRCRED_SEM_RISCO,0,0,
51027087000121,Classe,2026-09-30,62285390000140,TAB_I2B_VL_DIRCRED_SEM_RISCO,0,51294778.46,0
51119641000109,Classe,2026-09-30,24361690000172,TAB_I2B_VL_DIRCRED_SEM_RISCO,0,0,
51253601000147,Classe,2026-09-30,24361690000172,TAB_I2B_VL_DIRCRED_SEM_RISCO,5870922.96,8527522.33,0.688467614953756
51294885000110,Classe,2026-09-30,24361690000172,TAB_I2B_VL_DIRCRED_SEM_RISCO,24250509.7,26621555.46,0.910935115584715
51313788000127,Classe,2026-09-30,24361690000172,TAB_I2B_VL_DIRCRED_SEM_RISCO,7652911.51,9292864.61,0.823525557637496
51364521000169,Classe,2026-09-30,62285390000140,TAB_I2B_VL_DIRCRED_SEM_RISCO,0,157185240.99,0
51382517000123,Classe,2026-09-30,16695922000109,TAB_I2B_VL_DIRCRED_SEM_RISCO,0,232898593.84,0
51388032000147,Classe,2026-09-30,40434681000110,TAB_I2B_VL_DIRCRED_SEM_RISCO,7026375.34,7466375.34,0.94106912926775
51476020000174,Classe,2026-09-30,62285390000140,TAB_I2B_VL_DIRCRED_SEM_RISCO,0,23198394.65,0
51497411000175,Classe,2026-09-30,62232889000190,TAB_I2B_VL_DIRCRED_SEM_RISCO,0,29064478.94,0
51555510000166,Classe,2026-09-30,24361690000172,TAB_I2B_VL_DIRCRED_SEM_RISCO,0,151901449.12,0
51581780000141,Classe,2026-09-30,40434681000110,TAB_I2B_VL_DIRCRED_SEM_RISCO,0,15878705.68,0
51730136000198,Classe,2026-09-30,40434681000110,TAB_I2B_VL_DIRCRED_SEM_RISCO,0,1680762.38,0
51731270000103,Classe,2026-09-30,24361690000172,TAB_I2B_VL_DIRCRED_SEM_RISCO,9177644.85,13092220.39,0.700999874475837
51781164000134,Classe,2026-09-30,40434681000110,TAB_I2B_VL_DIRCRED_SEM_RISCO,0,2462881.88,0
51863167000117,Fundo,2026-09-30,40434681000110,TAB_I2B_VL_DIRCRED_SEM_RISCO,0,0,
52043752000133,Classe,2026-09-30,40434681000110,TAB_I2B_VL_DIRCRED_SEM_RISCO,0,945512.35,0
52069691000183,Classe,2026-09-30,16695922000109,TAB_I2B_VL_DIRCRED_SEM_RISCO,0,744705551.05,0
52098409000196,Classe,2026-09-30,62232889000190,TAB_I2B_VL_DIRCRED_SEM_RISCO,0,42238393.21,0
52115758000179,Classe,2026-09-30,22610500000188,TAB_I2B_VL_DIRCRED_SEM_RISCO,0,155897808.64,0
52148267000124,Classe,2026-09-30,62232889000190,TAB_I2B_VL_DIRCRED_SEM_RISCO,0,165424650.75,0
52200741000110,Classe,2026-09-30,24361690000172,TAB_I2B_VL_DIRCRED_SEM_RISCO,0,180076557.41,0
52200745000106,Classe,2026-09-30,24361690000172,TAB_I2B_VL_DIRCRED_SEM_RISCO,28755614.8,31689542.08,0.907416545414468
52258572000179,Classe,2026-09-30,62232889000190,TAB_I2B_VL_DIRCRED_SEM_RISCO,0,51393959.64,0
52287219000117,Classe,2026-09-30,00806535000154,TAB_I2B_VL_DIRCRED_SEM_RISCO,0,74213694.7,0
52348286000102,Classe,2026-09-30,16695922000109,TAB_I2B_VL_DIRCRED_SEM_RISCO,0,0,
52430088000185,Classe,2026-09-30,62285390000140,TAB_I2B_VL_DIRCRED_SEM_RISCO,0,3232578.1,0
52511370000197,Classe,2026-09-30,62232889000190,TAB_I2B_VL_DIRCRED_SEM_RISCO,0,36844416.61,0
52511479000124,Classe,2026-09-30,62232889000190,TAB_I2B_VL_DIRCRED_SEM_RISCO,0,52683010.92,0
52607408000120,Classe,2026-09-30,62285390000140,TAB_I2B_VL_DIRCRED_SEM_RISCO,0,8873079.93,0
52719781000172,Classe,2026-09-30,16695922000109,TAB_I2B_VL_DIRCRED_SEM_RISCO,0,63643509.59,0
52756013000199,Classe,2026-09-30,62285390000140,TAB_I2B_VL_DIRCRED_SEM_RISCO,0,599569269.23,0
52989090000199,Classe,2026-09-30,62285390000140,TAB_I2B_VL_DIRCRED_SEM_RISCO,0,925416808.85,0
53030737000113,Classe,2026-09-30,40434681000110,TAB_I2B_VL_DIRCRED_SEM_RISCO,0,66709492.17,0
53032513000140,Classe,2026-09-30,62285390000140,TAB_I2B_VL_DIRCRED_SEM_RISCO,0,11989586.37,0
53109835000140,Classe,2026-09-30,62232889000190,TAB_I2B_VL_DIRCRED_SEM_RISCO,0,113730124.2,0
53121758000144,Classe,2026-09-30,62285390000140,TAB_I2B_VL_DIRCRED_SEM_RISCO,0,86108979.22,0
53214754000100,Classe,2026-09-30,62285390000140,TAB_I2B_VL_DIRCRED_SEM_RISCO,0,1022813.91,0
53292327000140,Classe,2026-09-30,16695922000109,TAB_I2B_VL_DIRCRED_SEM_RISCO,0,29152140.96,0
53323818000101,Classe,2026-09-30,16695922000109,TAB_I2B_VL_DIRCRED_SEM_RISCO,0,2397330.02,0
53577135000180,Classe,2026-09-30,62285390000140,TAB_I2B_VL_DIRCRED_SEM_RISCO,0,230074882.99,0
53604320000117,Classe,2026-09-30,24361690000172,TAB_I2B_VL_DIRCRED_SEM_RISCO,9035988.16,108306823.83,0.0834295369438866
53640662000192,Classe,2026-09-30,40434681000110,TAB_I2B_VL_DIRCRED_SEM_RISCO,0,18055886.91,0
53765941000182,Classe,2026-09-30,24361690000172,TAB_I2B_VL_DIRCRED_SEM_RISCO,0,15909803.89,0
53822280000180,Classe,2026-09-30,16695922000109,TAB_I2B_VL_DIRCRED_SEM_RISCO,0,0,
53841740000117,Classe,2026-09-30,62285390000140,TAB_I2B_VL_DIRCRED_SEM_RISCO,0,1811838521.15,0
53872780000126,Classe,2026-09-30,00806535000154,TAB_I2B_VL_DIRCRED_SEM_RISCO,0,174836061.64,0
53880657000157,Classe,2026-09-30,62285390000140,TAB_I2B_VL_DIRCRED_SEM_RISCO,0,187972729.96,0
54071756000150,Classe,2026-09-30,62285390000140,TAB_I2B_VL_DIRCRED_SEM_RISCO,0,92242709.77,0
54083491000100,Classe,2026-09-30,62232889000190,TAB_I2B_VL_DIRCRED_SEM_RISCO,0,56200602.2,0
54111764000183,Classe,2026-09-30,62285390000140,TAB_I2B_VL_DIRCRED_SEM_RISCO,0,71860520,0
54148306000119,Classe,2026-09-30,16695922000109,TAB_I2B_VL_DIRCRED_SEM_RISCO,0,0,
54379696000138,Classe,2026-09-30,16695922000109,TAB_I2B_VL_DIRCRED_SEM_RISCO,0,10663721.65,0
54495443000120,Classe,2026-09-30,62285390000140,TAB_I2B_VL_DIRCRED_SEM_RISCO,0,190321521.43,0
54585485000151,Classe,2026-09-30,16695922000109,TAB_I2B_VL_DIRCRED_SEM_RISCO,0,13393221.26,0
54585643000173,Classe,2026-09-30,24361690000172,TAB_I2B_VL_DIRCRED_SEM_RISCO,0,0,
54857414000160,Classe,2026-09-30,24361690000172,TAB_I2B_VL_DIRCRED_SEM_RISCO,4234084.97,103236110.19,0.0410136042728403
54976450000143,Classe,2026-09-30,62232889000190,TAB_I2B_VL_DIRCRED_SEM_RISCO,0,18401536.57,0
54976534000187,Classe,2026-09-30,62285390000140,TAB_I2B_VL_DIRCRED_SEM_RISCO,0,48975213.89,0
55074368000196,Classe,2026-09-30,24361690000172,TAB_I2B_VL_DIRCRED_SEM_RISCO,0,52441436.13,0
55175561000113,Classe,2026-09-30,62285390000140,TAB_I2B_VL_DIRCRED_SEM_RISCO,0,124189403.94,0
55296116000101,Classe,2026-09-30,62285390000140,TAB_I2B_VL_DIRCRED_SEM_RISCO,0,35491936.06,0
55331747000114,Classe,2026-09-30,00806535000154,TAB_I2B_VL_DIRCRED_SEM_RISCO,0,10962368.51,0
55364405000109,Classe,2026-09-30,62232889000190,TAB_I2B_VL_DIRCRED_SEM_RISCO,0,34740289.13,0
55401645000128,Classe,2026-09-30,62285390000140,TAB_I2B_VL_DIRCRED_SEM_RISCO,0,206205229.25,0
55445774000118,Classe,2026-09-30,24361690000172,TAB_I2B_VL_DIRCRED_SEM_RISCO,6557494.13,25465404.04,0.257505992039229
55466785000184,Classe,2026-09-30,00806535000154,TAB_I2B_VL_DIRCRED_SEM_RISCO,0,68690069.2,0
55483719000112,Classe,2026-09-30,62285390000140,TAB_I2B_VL_DIRCRED_SEM_RISCO,0,28790922.03,0
55508226000190,Classe,2026-09-30,62285390000140,TAB_I2B_VL_DIRCRED_SEM_RISCO,0,43372994.81,0
55523204000107,Classe,2026-09-30,24361690000172,TAB_I2B_VL_DIRCRED_SEM_RISCO,116059994.93,116106919.03,0.999595854403923
55595058000117,Classe,2026-09-30,62232889000190,TAB_I2B_VL_DIRCRED_SEM_RISCO,0,482276088.06,0
55595705000190,Classe,2026-09-30,62232889000190,TAB_I2B_VL_DIRCRED_SEM_RISCO,0,70778730.42,0
55626390000100,Classe,2026-09-30,40434681000110,TAB_I2B_VL_DIRCRED_SEM_RISCO,0,0,
55636084000146,Classe,2026-09-30,62285390000140,TAB_I2B_VL_DIRCRED_SEM_RISCO,9176286.92,33495966.38,0.273951998156979
55690923000104,Classe,2026-09-30,40434681000110,TAB_I2B_VL_DIRCRED_SEM_RISCO,1872371.64,1950470.13,0.959959145849621
55706529000117,Classe,2026-09-30,16695922000109,TAB_I2B_VL_DIRCRED_SEM_RISCO,0,0,
55747288000154,Classe,2026-09-30,40434681000110,TAB_I2B_VL_DIRCRED_SEM_RISCO,1563674.4,6516117.27,0.239970266833457
55790118000152,Classe,2026-09-30,40434681000110,TAB_I2B_VL_DIRCRED_SEM_RISCO,16246218.16,16929975.02,0.959612648028585
55798735000102,Classe,2026-09-30,40434681000110,TAB_I2B_VL_DIRCRED_SEM_RISCO,0,3368133.16,0
55914922000104,Classe,2026-09-30,62285390000140,TAB_I2B_VL_DIRCRED_SEM_RISCO,0,27777592.82,0
56030860000122,Classe,2026-09-30,62285390000140,TAB_I2B_VL_DIRCRED_SEM_RISCO,0,3482532.47,0
56073212000153,Classe,2026-09-30,62285390000140,TAB_I2B_VL_DIRCRED_SEM_RISCO,0,41436527.62,0
56075525000140,Classe,2026-09-30,24361690000172,TAB_I2B_VL_DIRCRED_SEM_RISCO,0,85457280.73,0
56125191000172,Classe,2026-09-30,62285390000140,TAB_I2B_VL_DIRCRED_SEM_RISCO,0,30575721.13,0
56822599000101,Classe,2026-09-30,62232889000190,TAB_I2B_VL_DIRCRED_SEM_RISCO,0,11722586.09,0
56912548000162,Classe,2026-09-30,40434681000110,TAB_I2B_VL_DIRCRED_SEM_RISCO,77142.35,15148164.99,0.00509252111070385
56924942000110,Classe,2026-09-30,62285390000140,TAB_I2B_VL_DIRCRED_SEM_RISCO,0,2929042166.98,0
56975898000178,Classe,2026-09-30,62285390000140,TAB_I2B_VL_DIRCRED_SEM_RISCO,0,7591011.45,0
56986018000169,Classe,2026-09-30,40434681000110,TAB_I2B_VL_DIRCRED_SEM_RISCO,71533066.74,88316793.37,0.809959963563383
57053395000108,Classe,2026-09-30,24361690000172,TAB_I2B_VL_DIRCRED_SEM_RISCO,0,77142611.03,0
57088363000148,Classe,2026-09-30,62232889000190,TAB_I2B_VL_DIRCRED_SEM_RISCO,0,107150785.19,0
57127130000107,Classe,2026-09-30,62285390000140,TAB_I2B_VL_DIRCRED_SEM_RISCO,0,1667472.66,0
57140603000106,Classe,2026-09-30,24361690000172,TAB_I2B_VL_DIRCRED_SEM_RISCO,0,103873920.52,0
57182384000128,Classe,2026-09-30,62232889000190,TAB_I2B_VL_DIRCRED_SEM_RISCO,0,24168385.05,0
57224939000157,Classe,2026-09-30,62285390000140,TAB_I2B_VL_DIRCRED_SEM_RISCO,0,91722215.04,0
57270666000187,Classe,2026-09-30,24361690000172,TAB_I2B_VL_DIRCRED_SEM_RISCO,0,53677579.12,0
57325152000181,Classe,2026-09-30,62285390000140,TAB_I2B_VL_DIRCRED_SEM_RISCO,0,22290875.45,0
57340272000158,Classe,2026-09-30,62285390000140,TAB_I2B_VL_DIRCRED_SEM_RISCO,0,57536127.43,0
57378463000109,Classe,2026-09-30,24361690000172,TAB_I2B_VL_DIRCRED_SEM_RISCO,0,157614044.44,0
57391433000132,Classe,2026-09-30,62232889000190,TAB_I2B_VL_DIRCRED_SEM_RISCO,0,49712588.71,0
57391980000118,Classe,2026-09-30,62232889000190,TAB_I2B_VL_DIRCRED_SEM_RISCO,0,22050316.28,0
57441997000132,Classe,2026-09-30,16695922000109,TAB_I2B_VL_DIRCRED_SEM_RISCO,0,0,
57533260000140,Classe,2026-09-30,62285390000140,TAB_I2B_VL_DIRCRED_SEM_RISCO,0,28244900.14,0
57584175000100,Classe,2026-09-30,62232889000190,TAB_I2B_VL_DIRCRED_SEM_RISCO,0,20254835.77,0
57584525000139,Classe,2026-09-30,62232889000190,TAB_I2B_VL_DIRCRED_SEM_RISCO,0,55430322.6,0
57585602000175,Classe,2026-09-30,40434681000110,TAB_I2B_VL_DIRCRED_SEM_RISCO,1658689.64,4646703.06,0.356960541395128
57691078000117,Classe,2026-09-30,39669186000101,TAB_I2B_VL_DIRCRED_SEM_RISCO,0,0,
57740051000177,Classe,2026-09-30,16695922000109,TAB_I2B_VL_DIRCRED_SEM_RISCO,0,65504535.38,0
57752597000148,Classe,2026-09-30,24361690000172,TAB_I2B_VL_DIRCRED_SEM_RISCO,56379095.15,56518593.63,0.997531812611736
57821748000172,Classe,2026-09-30,40434681000110,TAB_I2B_VL_DIRCRED_SEM_RISCO,0,12156523.97,0
57823707000115,Classe,2026-09-30,62285390000140,TAB_I2B_VL_DIRCRED_SEM_RISCO,0,184635320.27,0
57888289000144,Classe,2026-09-30,40434681000110,TAB_I2B_VL_DIRCRED_SEM_RISCO,0,13063095.63,0
57998329000100,Classe,2026-09-30,40434681000110,TAB_I2B_VL_DIRCRED_SEM_RISCO,0,18571674.27,0
58036896000149,Classe,2026-09-30,24361690000172,TAB_I2B_VL_DIRCRED_SEM_RISCO,0,327823655.05,0
58114311000161,Classe,2026-09-30,24361690000172,TAB_I2B_VL_DIRCRED_SEM_RISCO,0,53839267.32,0
58114447000171,Classe,2026-09-30,16695922000109,TAB_I2B_VL_DIRCRED_SEM_RISCO,0,0,
58157393000121,Classe,2026-09-30,16695922000109,TAB_I2B_VL_DIRCRED_SEM_RISCO,0,10298071.24,0
58238421000135,Classe,2026-09-30,40434681000110,TAB_I2B_VL_DIRCRED_SEM_RISCO,0,9247560.85,0
58307031000170,Classe,2026-09-30,24361690000172,TAB_I2B_VL_DIRCRED_SEM_RISCO,0,3025801.4,0
58364147000140,Classe,2026-09-30,62285390000140,TAB_I2B_VL_DIRCRED_SEM_RISCO,0,11614722.97,0
58423669000176,Classe,2026-09-30,16695922000109,TAB_I2B_VL_DIRCRED_SEM_RISCO,0,0,
58482694000120,Classe,2026-09-30,24361690000172,TAB_I2B_VL_DIRCRED_SEM_RISCO,6988902.32,78555151.67,0.0889680965719406
58559343000170,Classe,2026-09-30,16695922000109,TAB_I2B_VL_DIRCRED_SEM_RISCO,0,0,
58731626000158,Classe,2026-09-30,62232889000190,TAB_I2B_VL_DIRCRED_SEM_RISCO,0,36440153.82,0
58900579000129,Classe,2026-09-30,62285390000140,TAB_I2B_VL_DIRCRED_SEM_RISCO,0,4361736649.14,0
58922423000149,Classe,2026-09-30,24361690000172,TAB_I2B_VL_DIRCRED_SEM_RISCO,3940162.72,164915566.23,0.0238920000705382
58944590000190,Classe,2026-09-30,18945670000146,TAB_I2B_VL_DIRCRED_SEM_RISCO,0,66648291.41,0
58954874000168,Classe,2026-09-30,16695922000109,TAB_I2B_VL_DIRCRED_SEM_RISCO,43318110.08,43790932.19,0.989202739326294
59291327000102,Classe,2026-09-30,24361690000172,TAB_I2B_VL_DIRCRED_SEM_RISCO,0,13441044.03,0
59357545000100,Classe,2026-09-30,16695922000109,TAB_I2B_VL_DIRCRED_SEM_RISCO,0,6570014.14,0
59400011000101,Classe,2026-09-30,62232889000190,TAB_I2B_VL_DIRCRED_SEM_RISCO,0,6231909.27,0
59400337000139,Classe,2026-09-30,16695922000109,TAB_I2B_VL_DIRCRED_SEM_RISCO,0,385504148.13,0
59657112000162,Classe,2026-09-30,18945670000146,TAB_I2B_VL_DIRCRED_SEM_RISCO,0,13280527.92,0
59710430000140,Classe,2026-09-30,40434681000110,TAB_I2B_VL_DIRCRED_SEM_RISCO,3187288.24,19899545.33,0.160168897688076
59843866000107,Classe,2026-09-30,62285390000140,TAB_I2B_VL_DIRCRED_SEM_RISCO,0,156048447.82,0
59870750000167,Classe,2026-09-30,40434681000110,TAB_I2B_VL_DIRCRED_SEM_RISCO,47279687.85,63685360.76,0.742394912830514
59936269000127,Classe,2026-09-30,24361690000172,TAB_I2B_VL_DIRCRED_SEM_RISCO,0,4451056.67,0
60043514000156,Classe,2026-09-30,40434681000110,TAB_I2B_VL_DIRCRED_SEM_RISCO,36305393.39,45146062.15,0.804176303779797
60058603000176,Classe,2026-09-30,62285390000140,TAB_I2B_VL_DIRCRED_SEM_RISCO,12095675.13,52817033.37,0.229010876950736
60078440000193,Classe,2026-09-30,24361690000172,TAB_I2B_VL_DIRCRED_SEM_RISCO,1038190.14,34949346.91,0.0297055662491634
60079965000143,Classe,2026-09-30,40434681000110,TAB_I2B_VL_DIRCRED_SEM_RISCO,25198.34,25198.34,1
60095481000198,Classe,2026-09-30,62232889000190,TAB_I2B_VL_DIRCRED_SEM_RISCO,0,40027535.27,0
60115778000178,Classe,2026-09-30,24361690000172,TAB_I2B_VL_DIRCRED_SEM_RISCO,0,45737474.08,0
60282653000132,Classe,2026-09-30,16695922000109,TAB_I2B_VL_DIRCRED_SEM_RISCO,0,0,
60331197000173,Classe,2026-09-30,24361690000172,TAB_I2B_VL_DIRCRED_SEM_RISCO,0,1442949.1,0
60368384000121,Classe,2026-09-30,24361690000172,TAB_I2B_VL_DIRCRED_SEM_RISCO,0,23557756.87,0
60369537000155,Classe,2026-09-30,62285390000140,TAB_I2B_VL_DIRCRED_SEM_RISCO,0,135433048.21,0
60369959000120,Classe,2026-09-30,62285390000140,TAB_I2B_VL_DIRCRED_SEM_RISCO,0,19220089.45,0
60401316000117,Classe,2026-09-30,62285390000140,TAB_I2B_VL_DIRCRED_SEM_RISCO,1208854.65,37111740.58,0.032573375193603
60604288000135,Classe,2026-09-30,40434681000110,TAB_I2B_VL_DIRCRED_SEM_RISCO,0,9247991.82,0
60606404000155,Classe,2026-09-30,18945670000146,TAB_I2B_VL_DIRCRED_SEM_RISCO,0,80747771.54,0
60675473000110,Classe,2026-09-30,16695922000109,TAB_I2B_VL_DIRCRED_SEM_RISCO,7236230.86,7671955.79,0.94320549519225
60681487000147,Classe,2026-09-30,24361690000172,TAB_I2B_VL_DIRCRED_SEM_RISCO,0,4819208.27,0
60686437000152,Classe,2026-09-30,24361690000172,TAB_I2B_VL_DIRCRED_SEM_RISCO,8726328.44,10724800.4,0.813658820167879
60696087000105,Classe,2026-09-30,62285390000140,TAB_I2B_VL_DIRCRED_SEM_RISCO,0,18017967.58,0
60736775000151,Classe,2026-09-30,62285390000140,TAB_I2B_VL_DIRCRED_SEM_RISCO,0,90409359.78,0
60792713000167,Classe,2026-09-30,16695922000109,TAB_I2B_VL_DIRCRED_SEM_RISCO,0,1920513.58,0
60866189000121,Classe,2026-09-30,62285390000140,TAB_I2B_VL_DIRCRED_SEM_RISCO,22974904.14,31270914.06,0.734705231062888
60894511000126,Classe,2026-09-30,16695922000109,TAB_I2B_VL_DIRCRED_SEM_RISCO,0,2577649.7,0
60910091000124,Classe,2026-09-30,62285390000140,TAB_I2B_VL_DIRCRED_SEM_RISCO,22860000.39,22907959.83,0.997906429016119
60931216000100,Classe,2026-09-30,24361690000172,TAB_I2B_VL_DIRCRED_SEM_RISCO,3776889.38,5413345.67,0.697699650131524
60974918000163,Classe,2026-09-30,24361690000172,TAB_I2B_VL_DIRCRED_SEM_RISCO,5567282.45,6028359.21,0.923515380564059
61084525000147,Classe,2026-09-30,40434681000110,TAB_I2B_VL_DIRCRED_SEM_RISCO,0,3057713.43,0
61130895000173,Classe,2026-09-30,16695922000109,TAB_I2B_VL_DIRCRED_SEM_RISCO,0,55571359.75,0
61138429000134,Classe,2026-09-30,24361690000172,TAB_I2B_VL_DIRCRED_SEM_RISCO,17167386.14,19205540.1,0.893876769443209
61279682000108,Classe,2026-09-30,40434681000110,TAB_I2B_VL_DIRCRED_SEM_RISCO,8579749.08,8668267.17,0.989788260068131
61306033000159,Classe,2026-09-30,62285390000140,TAB_I2B_VL_DIRCRED_SEM_RISCO,18678787.53,22415269.57,0.83330639730513
61328619000114,Classe,2026-09-30,40434681000110,TAB_I2B_VL_DIRCRED_SEM_RISCO,8941819.91,9441819.91,0.947044107516768
61350212000193,Classe,2026-09-30,16695922000109,TAB_I2B_VL_DIRCRED_SEM_RISCO,0,10080398.52,0
61351481000174,Classe,2026-09-30,62285390000140,TAB_I2B_VL_DIRCRED_SEM_RISCO,0,506432844.72,0
61371110000154,Classe,2026-09-30,16695922000109,TAB_I2B_VL_DIRCRED_SEM_RISCO,0,0,
61385893000125,Classe,2026-09-30,62285390000140,TAB_I2B_VL_DIRCRED_SEM_RISCO,0,400151028.08,0
61430639000100,Classe,2026-09-30,24361690000172,TAB_I2B_VL_DIRCRED_SEM_RISCO,9957592.98,59863195.4,0.166339149012416
61527968000165,Classe,2026-09-30,16695922000109,TAB_I2B_VL_DIRCRED_SEM_RISCO,0,0,
61543748000125,Classe,2026-09-30,24361690000172,TAB_I2B_VL_DIRCRED_SEM_RISCO,0,14681356.02,0
61631599000156,Classe,2026-09-30,16695922000109,TAB_I2B_VL_DIRCRED_SEM_RISCO,0,425003447.2,0
61664240000185,Classe,2026-09-30,24361690000172,TAB_I2B_VL_DIRCRED_SEM_RISCO,0,49446322.77,0
61690116000194,Classe,2026-09-30,40434681000110,TAB_I2B_VL_DIRCRED_SEM_RISCO,5752937.11,6114482.49,0.940870649218263
61750443000194,Classe,2026-09-30,24361690000172,TAB_I2B_VL_DIRCRED_SEM_RISCO,0,12750767.91,0
61766813000181,Classe,2026-09-30,40434681000110,TAB_I2B_VL_DIRCRED_SEM_RISCO,15801871.68,41957419.42,0.376616862963399
61866286000187,Classe,2026-09-30,16695922000109,TAB_I2B_VL_DIRCRED_SEM_RISCO,0,7725106.74,0
61955311000107,Classe,2026-09-30,16695922000109,TAB_I2B_VL_DIRCRED_SEM_RISCO,0,9721565.43,0
61975703000120,Classe,2026-09-30,24361690000172,TAB_I2B_VL_DIRCRED_SEM_RISCO,0,64807715.81,0
62016007000159,Classe,2026-09-30,62285390000140,TAB_I2B_VL_DIRCRED_SEM_RISCO,0,3629674.39,0
62161418000138,Classe,2026-09-30,62285390000140,TAB_I2B_VL_DIRCRED_SEM_RISCO,0,70497102.5,0
62164403000123,Classe,2026-09-30,16695922000109,TAB_I2B_VL_DIRCRED_SEM_RISCO,0,7146138.89,0
62230042000176,Classe,2026-09-30,16695922000109,TAB_I2B_VL_DIRCRED_SEM_RISCO,0,28659234.19,0
62303024000177,Classe,2026-09-30,62232889000190,TAB_I2B_VL_DIRCRED_SEM_RISCO,0,302237026.17,0
62359337000147,Classe,2026-09-30,40434681000110,TAB_I2B_VL_DIRCRED_SEM_RISCO,0,23354126.96,0
62497138000103,Classe,2026-09-30,16695922000109,TAB_I2B_VL_DIRCRED_SEM_RISCO,0,4041792.81,0
62541630000120,Classe,2026-09-30,62232889000190,TAB_I2B_VL_DIRCRED_SEM_RISCO,0,41979103.1,0
62627243000101,Classe,2026-09-30,62285390000140,TAB_I2B_VL_DIRCRED_SEM_RISCO,0,77384146.82,0
62627291000108,Classe,2026-09-30,62285390000140,TAB_I2B_VL_DIRCRED_SEM_RISCO,0,571554220.3,0
62741028000137,Classe,2026-09-30,40434681000110,TAB_I2B_VL_DIRCRED_SEM_RISCO,13153687.85,13305302.13,0.988604972775616
62762366000155,Classe,2026-09-30,16695922000109,TAB_I2B_VL_DIRCRED_SEM_RISCO,0,3429775.37,0
62772042000106,Classe,2026-09-30,24361690000172,TAB_I2B_VL_DIRCRED_SEM_RISCO,47041242.9,48261968.46,0.974706262530262
62951957000170,Classe,2026-09-30,16695922000109,TAB_I2B_VL_DIRCRED_SEM_RISCO,0,12371590.58,0
62966067000132,Classe,2026-09-30,40434681000110,TAB_I2B_VL_DIRCRED_SEM_RISCO,0,37167728.83,0
62967950000147,Classe,2026-09-30,40434681000110,TAB_I2B_VL_DIRCRED_SEM_RISCO,30337047.5,36216105.56,0.837667303839171
62968483000170,Classe,2026-09-30,40434681000110,TAB_I2B_VL_DIRCRED_SEM_RISCO,13488859.97,70920259.13,0.190197556177485
62972105000160,Classe,2026-09-30,62285390000140,TAB_I2B_VL_DIRCRED_SEM_RISCO,0,36678613.02,0
63098061000153,Classe,2026-09-30,16695922000109,TAB_I2B_VL_DIRCRED_SEM_RISCO,0,31074263.33,0
63212782000142,Classe,2026-09-30,62285390000140,TAB_I2B_VL_DIRCRED_SEM_RISCO,0,28864810.22,0
63249135000105,Classe,2026-09-30,40434681000110,TAB_I2B_VL_DIRCRED_SEM_RISCO,4256697.7,4275300.56,0.995648759721352
63310209000171,Classe,2026-09-30,62285390000140,TAB_I2B_VL_DIRCRED_SEM_RISCO,1995270.92,2066484.32,0.965538862641842
63322011000108,Classe,2026-09-30,62285390000140,TAB_I2B_VL_DIRCRED_SEM_RISCO,0,633091869.24,0
63457029000117,Classe,2026-09-30,16695922000109,TAB_I2B_VL_DIRCRED_SEM_RISCO,0,1521927.95,0
63458316000141,Classe,2026-09-30,16695922000109,TAB_I2B_VL_DIRCRED_SEM_RISCO,0,5209807.52,0
63459064000175,Classe,2026-09-30,16695922000109,TAB_I2B_VL_DIRCRED_SEM_RISCO,0,4021024.37,0
63516387000153,Classe,2026-09-30,62285390000140,TAB_I2B_VL_DIRCRED_SEM_RISCO,0,88012431.05,0
63565588000140,Classe,2026-09-30,62285390000140,TAB_I2B_VL_DIRCRED_SEM_RISCO,0,11038221.61,0
63566193000162,Classe,2026-09-30,16695922000109,TAB_I2B_VL_DIRCRED_SEM_RISCO,0,3526305.01,0
63604811000111,Classe,2026-09-30,40434681000110,TAB_I2B_VL_DIRCRED_SEM_RISCO,70179528.34,70913786,0.989645769864833
63606548000108,Classe,2026-09-30,40434681000110,TAB_I2B_VL_DIRCRED_SEM_RISCO,18225158.18,18697883.79,0.974717694509749
63606839000198,Classe,2026-09-30,40434681000110,TAB_I2B_VL_DIRCRED_SEM_RISCO,0,53070719.34,0
63622544000105,Classe,2026-09-30,16695922000109,TAB_I2B_VL_DIRCRED_SEM_RISCO,0,1889422.1,0
63659752000189,Classe,2026-09-30,16695922000109,TAB_I2B_VL_DIRCRED_SEM_RISCO,0,32676194.78,0
63697245000130,Classe,2026-09-30,24361690000172,TAB_I2B_VL_DIRCRED_SEM_RISCO,0,10381302.04,0
63699134000162,Classe,2026-09-30,24361690000172,TAB_I2B_VL_DIRCRED_SEM_RISCO,158944.94,19050347.65,0.00834341414236606
63709161000179,Classe,2026-09-30,40434681000110,TAB_I2B_VL_DIRCRED_SEM_RISCO,97023085.72,108114022.35,0.897414448293349
63796349000100,Classe,2026-09-30,62285390000140,TAB_I2B_VL_DIRCRED_SEM_RISCO,1029043.5,1559383.18,0.659904193656879
63863686000164,Classe,2026-09-30,24361690000172,TAB_I2B_VL_DIRCRED_SEM_RISCO,0,56029882.97,0
63887027000168,Classe,2026-09-30,40434681000110,TAB_I2B_VL_DIRCRED_SEM_RISCO,0,0,
63894672000108,Classe,2026-09-30,16695922000109,TAB_I2B_VL_DIRCRED_SEM_RISCO,0,52775618.56,0
63938673000107,Classe,2026-09-30,62285390000140,TAB_I2B_VL_DIRCRED_SEM_RISCO,0,106466416.63,0
63974821000149,Classe,2026-09-30,62285390000140,TAB_I2B_VL_DIRCRED_SEM_RISCO,0,10104194.08,0
64019393000168,Classe,2026-09-30,16695922000109,TAB_I2B_VL_DIRCRED_SEM_RISCO,0,131303425.01,0
64029467000147,Classe,2026-09-30,16695922000109,TAB_I2B_VL_DIRCRED_SEM_RISCO,0,8921726.63,0
64039922000195,Classe,2026-09-30,62285390000140,TAB_I2B_VL_DIRCRED_SEM_RISCO,0,56373965.98,0
64054825000171,Classe,2026-09-30,40434681000110,TAB_I2B_VL_DIRCRED_SEM_RISCO,0,8585316.6,0
64155784000100,Classe,2026-09-30,18945670000146,TAB_I2B_VL_DIRCRED_SEM_RISCO,0,34652149.65,0
64276414000120,Classe,2026-09-30,24361690000172,TAB_I2B_VL_DIRCRED_SEM_RISCO,0,16216834.37,0
64276709000105,Classe,2026-09-30,24361690000172,TAB_I2B_VL_DIRCRED_SEM_RISCO,0,94297638.45,0
64282009000115,Classe,2026-09-30,40434681000110,TAB_I2B_VL_DIRCRED_SEM_RISCO,0,17845113.69,0
64291147000160,Classe,2026-09-30,62232889000190,TAB_I2B_VL_DIRCRED_SEM_RISCO,0,21094733.09,0
64310285000140,Classe,2026-09-30,40434681000110,TAB_I2B_VL_DIRCRED_SEM_RISCO,12894777.51,12894779.98,0.99999980844962
64382297000180,Classe,2026-09-30,62232889000190,TAB_I2B_VL_DIRCRED_SEM_RISCO,0,18663049.23,0
64432874000109,Classe,2026-09-30,40434681000110,TAB_I2B_VL_DIRCRED_SEM_RISCO,10112674.39,10668989.54,0.947856809877424
64530753000191,Classe,2026-09-30,24361690000172,TAB_I2B_VL_DIRCRED_SEM_RISCO,0,4173825.76,0
64598309000108,Classe,2026-09-30,16695922000109,TAB_I2B_VL_DIRCRED_SEM_RISCO,0,7211139.11,0
64630838000141,Classe,2026-09-30,62285390000140,TAB_I2B_VL_DIRCRED_SEM_RISCO,3949897.16,16625447.98,0.237581397190117
64636877000156,Classe,2026-09-30,16695922000109,TAB_I2B_VL_DIRCRED_SEM_RISCO,0,3183553.58,0
64637478000100,Classe,2026-09-30,00806535000154,TAB_I2B_VL_DIRCRED_SEM_RISCO,0,76678412.72,0
64656737000140,Classe,2026-09-30,62232889000190,TAB_I2B_VL_DIRCRED_SEM_RISCO,0,60707967.28,0
64721990000130,Classe,2026-09-30,40434681000110,TAB_I2B_VL_DIRCRED_SEM_RISCO,16151644.28,16538673.46,0.976598535491008
64987557000140,Classe,2026-09-30,24361690000172,TAB_I2B_VL_DIRCRED_SEM_RISCO,4333042.24,5181730.59,0.83621526915393
65014891000180,Classe,2026-09-30,40434681000110,TAB_I2B_VL_DIRCRED_SEM_RISCO,1040006.34,1040006.34,1
65095860000100,Classe,2026-09-30,00806535000154,TAB_I2B_VL_DIRCRED_SEM_RISCO,0,15287369,0
65190945000169,Classe,2026-09-30,40434681000110,TAB_I2B_VL_DIRCRED_SEM_RISCO,15218377.48,15218377.48,1
65343721000140,Classe,2026-09-30,62232889000190,TAB_I2B_VL_DIRCRED_SEM_RISCO,0,62218788.14,0
65619110000181,Classe,2026-09-30,16695922000109,TAB_I2B_VL_DIRCRED_SEM_RISCO,0,1368681.7,0
65659857000163,Classe,2026-09-30,24361690000172,TAB_I2B_VL_DIRCRED_SEM_RISCO,21993599.69,32634533.96,0.673936380306747
65675575000150,Classe,2026-09-30,62285390000140,TAB_I2B_VL_DIRCRED_SEM_RISCO,0,7455886.05,0
65706613000194,Classe,2026-09-30,24361690000172,TAB_I2B_VL_DIRCRED_SEM_RISCO,0,4176528.49,0
65784807000108,Classe,2026-09-30,24361690000172,TAB_I2B_VL_DIRCRED_SEM_RISCO,0,0,
65784847000150,Classe,2026-09-30,24361690000172,TAB_I2B_VL_DIRCRED_SEM_RISCO,0,220721842.85,0
65804305000100,Classe,2026-09-30,62232889000190,TAB_I2B_VL_DIRCRED_SEM_RISCO,0,11090720.1,0
65804737000102,Classe,2026-09-30,00806535000154,TAB_I2B_VL_DIRCRED_SEM_RISCO,0,187457213,0
65900819000150,Classe,2026-09-30,24361690000172,TAB_I2B_VL_DIRCRED_SEM_RISCO,2494044.82,2674536.93,0.932514631607648
66004736000146,Classe,2026-09-30,16695922000109,TAB_I2B_VL_DIRCRED_SEM_RISCO,0,42617426.99,0
66107567000170,Classe,2026-09-30,40434681000110,TAB_I2B_VL_DIRCRED_SEM_RISCO,1985733.91,2094774.86,0.947946219862501
66146849000186,Classe,2026-09-30,24361690000172,TAB_I2B_VL_DIRCRED_SEM_RISCO,0,9416027.71,0
66147948000182,Classe,2026-09-30,24361690000172,TAB_I2B_VL_DIRCRED_SEM_RISCO,0,2521051.44,0
66188571000100,Classe,2026-09-30,40434681000110,TAB_I2B_VL_DIRCRED_SEM_RISCO,1055012.15,1055012.15,1
66226431000189,Classe,2026-09-30,62232889000190,TAB_I2B_VL_DIRCRED_SEM_RISCO,0,583357.95,0
66247874000156,Classe,2026-09-30,40434681000110,TAB_I2B_VL_DIRCRED_SEM_RISCO,0,27781907.34,0
66279914000141,Classe,2026-09-30,24361690000172,TAB_I2B_VL_DIRCRED_SEM_RISCO,0,34667862.43,0
66289666000110,Classe,2026-09-30,62285390000140,TAB_I2B_VL_DIRCRED_SEM_RISCO,0,4943170.02,0
66320254000103,Classe,2026-09-30,62285390000140,TAB_I2B_VL_DIRCRED_SEM_RISCO,0,104390059.63,0
66575588000110,Classe,2026-09-30,62285390000140,TAB_I2B_VL_DIRCRED_SEM_RISCO,0,95068964.05,0
66584882000198,Classe,2026-09-30,62285390000140,TAB_I2B_VL_DIRCRED_SEM_RISCO,0,5226156.27,0
66589036000160,Classe,2026-09-30,62285390000140,TAB_I2B_VL_DIRCRED_SEM_RISCO,0,522476019.2,0
66614411000185,Classe,2026-09-30,62232889000190,TAB_I2B_VL_DIRCRED_SEM_RISCO,0,84676374.62,0
66625873000106,Classe,2026-09-30,40434681000110,TAB_I2B_VL_DIRCRED_SEM_RISCO,5951172.27,6042090.57,0.984952509574844
66687692000104,Classe,2026-09-30,62285390000140,TAB_I2B_VL_DIRCRED_SEM_RISCO,0,44249161.16,0
66790149000120,Classe,2026-09-30,16695922000109,TAB_I2B_VL_DIRCRED_SEM_RISCO,0,51157.61,0
66790195000129,Classe,2026-09-30,24361690000172,TAB_I2B_VL_DIRCRED_SEM_RISCO,0,96486499.58,0
67220127000197,Classe,2026-09-30,24361690000172,TAB_I2B_VL_DIRCRED_SEM_RISCO,0,155701365.44,0
67220139000111,Classe,2026-09-30,40434681000110,TAB_I2B_VL_DIRCRED_SEM_RISCO,0,21701581.26,0
67851316000168,Classe,2026-09-30,62285390000140,TAB_I2B_VL_DIRCRED_SEM_RISCO,0,78559509.19,0
67873873000180,Classe,2026-09-30,62285390000140,TAB_I2B_VL_DIRCRED_SEM_RISCO,0,6078686.02,0
68099385000120,Classe,2026-09-30,40434681000110,TAB_I2B_VL_DIRCRED_SEM_RISCO,4919189.16,7171562.38,0.685929913085411
68119920000167,Classe,2026-09-30,40434681000110,TAB_I2B_VL_DIRCRED_SEM_RISCO,1840816.59,2012767.91,0.914569723043726
68234432000109,Classe,2026-09-30,40434681000110,TAB_I2B_VL_DIRCRED_SEM_RISCO,0,6458834.8,0
68250073000175,Classe,2026-09-30,16695922000109,TAB_I2B_VL_DIRCRED_SEM_RISCO,0,467617.25,0
68564198000170,Classe,2026-09-30,16695922000109,TAB_I2B_VL_DIRCRED_SEM_RISCO,0,13215580.8,0
68706406000128,Classe,2026-09-30,62285390000140,TAB_I2B_VL_DIRCRED_SEM_RISCO,0,2008326.55,0
09260031000156,Classe,2026-09-30,62285390000140,TAB_I2C_VL_VLMOB,0,66569700.67,0
16802124000120,Classe,2026-09-30,62285390000140,TAB_I2C_VL_VLMOB,2436924.04,385017818.6,0.00632937989431536
16858989000109,Classe,2026-09-30,16695922000109,TAB_I2C_VL_VLMOB,0,0,
17047287000108,Classe,2026-09-30,24361690000172,TAB_I2C_VL_VLMOB,7192318.1,58017901.04,0.123967223409915
17198845000136,Classe,2026-09-30,62285390000140,TAB_I2C_VL_VLMOB,18281444.11,1607435228.61,0.0113730517937003
19388377000198,Classe,2026-09-30,24361690000172,TAB_I2C_VL_VLMOB,52669148.3,186787082.1,0.281974254899504
20906292000133,Classe,2026-09-30,24361690000172,TAB_I2C_VL_VLMOB,2070428.1,14256208.26,0.145229928059426
21254441000190,Classe,2026-09-30,62285390000140,TAB_I2C_VL_VLMOB,9252007.6,69285668.91,0.133534217761801
21917325000103,Classe,2026-09-30,24361690000172,TAB_I2C_VL_VLMOB,41905700.07,278228784.88,0.150615976301927
23980344000100,Classe,2026-09-30,62285390000140,TAB_I2C_VL_VLMOB,4311.01,20180937.49,0.000213617925437616
25354121000162,Classe,2026-09-30,16695922000109,TAB_I2C_VL_VLMOB,0,0,
26000055000195,Classe,2026-09-30,24361690000172,TAB_I2C_VL_VLMOB,791213.75,2575655.5,0.307189276671511
26199650000100,Classe,2026-09-30,24361690000172,TAB_I2C_VL_VLMOB,292519.54,56129835.74,0.00521148042112549
26631527000108,Fundo,2026-09-30,16695922000109,TAB_I2C_VL_VLMOB,0,0,
27531244000157,Classe,2026-09-30,16695922000109,TAB_I2C_VL_VLMOB,185159.86,24375444.45,0.0075961634414424
28079865000104,Classe,2026-09-30,62285390000140,TAB_I2C_VL_VLMOB,0,34519557.29,0
28079873000150,Classe,2026-09-30,62285390000140,TAB_I2C_VL_VLMOB,82.94,754914753.36,1.09866709626283e-07
29249995000100,Classe,2026-09-30,24361690000172,TAB_I2C_VL_VLMOB,5188008.6,21121430.13,0.245627714035858
29550273000191,Classe,2026-09-30,62232889000190,TAB_I2C_VL_VLMOB,0,13137164.57,0
30366120000178,Classe,2026-09-30,62285390000140,TAB_I2C_VL_VLMOB,39652394.63,283402282.07,0.139915579861865
31024416000173,Classe,2026-09-30,62285390000140,TAB_I2C_VL_VLMOB,0,38772077.18,0
32156038000144,Classe,2026-09-30,62285390000140,TAB_I2C_VL_VLMOB,57665530.69,239264432.77,0.241011712532438
32525937000177,Classe,2026-09-30,62285390000140,TAB_I2C_VL_VLMOB,0,78994171.82,0
32525986000100,Classe,2026-09-30,62285390000140,TAB_I2C_VL_VLMOB,3115142.41,57166279.24,0.0544926563599104
32907653000145,Classe,2026-09-30,16695922000109,TAB_I2C_VL_VLMOB,3447.96,23721857.76,0.00014534949306601
32999032000139,Classe,2026-09-30,62285390000140,TAB_I2C_VL_VLMOB,0,86847161.11,0
33304615000160,Classe,2026-09-30,24361690000172,TAB_I2C_VL_VLMOB,1199917.53,25984584.67,0.0461780530741113
33490076000100,Classe,2026-09-30,40434681000110,TAB_I2C_VL_VLMOB,121675.77,112775629.29,0.00107891900728936
33521644000184,Classe,2026-09-30,16695922000109,TAB_I2C_VL_VLMOB,18138.71,107342274.18,0.000168980116534364
33632618000123,Classe,2026-09-30,62285390000140,TAB_I2C_VL_VLMOB,0,71793219.16,0
34027968000123,Classe,2026-09-30,16695922000109,TAB_I2C_VL_VLMOB,0,0,
34218960000144,Classe,2026-09-30,62285390000140,TAB_I2C_VL_VLMOB,1936264.51,110699216.44,0.0174912214581887
34599321000176,Classe,2026-09-30,16695922000109,TAB_I2C_VL_VLMOB,15562.53,107327443.81,0.000145000471897478
35277363000153,Classe,2026-09-30,16695922000109,TAB_I2C_VL_VLMOB,587381.76,218625467.39,0.00268670327849859
35686949000171,Classe,2026-09-30,16695922000109,TAB_I2C_VL_VLMOB,28.24,20000028.24,1.41199800625882e-06
35715919000146,Classe,2026-09-30,00806535000154,TAB_I2C_VL_VLMOB,282538.86,877683.76,0.321914193786609
36113052000111,Classe,2026-09-30,62285390000140,TAB_I2C_VL_VLMOB,0,30888325.07,0
36420767000117,Classe,2026-09-30,62285390000140,TAB_I2C_VL_VLMOB,0,0.01,0
36953080000147,Classe,2026-09-30,62285390000140,TAB_I2C_VL_VLMOB,429650.67,591765186.82,0.000726049249887167
37606580000175,Fundo,2026-09-30,48967968000118,TAB_I2C_VL_VLMOB,0,0,
38134439000180,Classe,2026-09-30,16695922000109,TAB_I2C_VL_VLMOB,0,0,
39273409000117,Classe,2026-09-30,16695922000109,TAB_I2C_VL_VLMOB,8113034.95,31908373.53,0.254260372825716
39469320000120,Classe,2026-09-30,16695922000109,TAB_I2C_VL_VLMOB,30188.53,70589112.12,0.000427665529333761
39806180000139,Classe,2026-09-30,62285390000140,TAB_I2C_VL_VLMOB,2528046.2,234940564.57,0.0107603648804835
39851520000143,Classe,2026-09-30,24361690000172,TAB_I2C_VL_VLMOB,0,9548514.77,0
40226175000136,Classe,2026-09-30,48967968000118,TAB_I2C_VL_VLMOB,0,0,
40902151000150,Classe,2026-09-30,62285390000140,TAB_I2C_VL_VLMOB,3270.06,44635945.31,7.32606865899039e-05
40989019000127,Classe,2026-09-30,62285390000140,TAB_I2C_VL_VLMOB,2514495.66,102218150.05,0.0245993070581891
41096982000144,Classe,2026-09-30,62285390000140,TAB_I2C_VL_VLMOB,40290852.95,233994295.26,0.172187330059612
41251476000182,Classe,2026-09-30,62285390000140,TAB_I2C_VL_VLMOB,189064.62,66473881.51,0.002844194076008
41341232000190,Classe,2026-09-30,40434681000110,TAB_I2C_VL_VLMOB,13497781.86,26070049.35,0.517750529689734
41351648000190,Classe,2026-09-30,62285390000140,TAB_I2C_VL_VLMOB,189272.16,27350641.19,0.00692020924427915
41801514000123,Classe,2026-09-30,62232889000190,TAB_I2C_VL_VLMOB,55099578.52,191359157.31,0.287938028650174
41992676000196,Classe,2026-09-30,62285390000140,TAB_I2C_VL_VLMOB,344488.06,398303380.63,0.000864888616951029
42031108000191,Classe,2026-09-30,16695922000109,TAB_I2C_VL_VLMOB,93980.37,4101455.27,0.0229139083113785
42067232000107,Classe,2026-09-30,62285390000140,TAB_I2C_VL_VLMOB,0,56405549.84,0
42196288000161,Classe,2026-09-30,62285390000140,TAB_I2C_VL_VLMOB,0,402204455.56,0
42336359000184,Classe,2026-09-30,62285390000140,TAB_I2C_VL_VLMOB,9660354.84,65983527.9,0.146405552225709
42533772000139,Classe,2026-09-30,62285390000140,TAB_I2C_VL_VLMOB,6106478.3,264447311.91,0.023091474274763
42867211000176,Fundo,2026-09-30,16695922000109,TAB_I2C_VL_VLMOB,0,0,
43122353000177,Classe,2026-09-30,24361690000172,TAB_I2C_VL_VLMOB,5e+05,13498884.09,0.0370400987716015
43236160000147,Classe,2026-09-30,62285390000140,TAB_I2C_VL_VLMOB,2278186.62,219213182.07,0.0103925621556487
43702427000144,Classe,2026-09-30,24361690000172,TAB_I2C_VL_VLMOB,1047131.97,15452112.05,0.0677662682364512
44173512000125,Classe,2026-09-30,62232889000190,TAB_I2C_VL_VLMOB,56408.53,107817019.06,0.000523187623733214
44395590000174,Classe,2026-09-30,62285390000140,TAB_I2C_VL_VLMOB,53558822.02,106838336.93,0.501307148342186
44414972000106,Classe,2026-09-30,40434681000110,TAB_I2C_VL_VLMOB,223927.95,13303981.25,0.0168316495485139
44415022000198,Classe,2026-09-30,40434681000110,TAB_I2C_VL_VLMOB,80861.17,20435638.41,0.00395687026642786
44465412000172,Classe,2026-09-30,40434681000110,TAB_I2C_VL_VLMOB,34621.44,22818609.21,0.00151724584444996
44465521000190,Classe,2026-09-30,40434681000110,TAB_I2C_VL_VLMOB,169.37,14552289.72,1.16387182538859e-05
44479362000182,Classe,2026-09-30,24361690000172,TAB_I2C_VL_VLMOB,0,0,
44585152000179,Classe,2026-09-30,40434681000110,TAB_I2C_VL_VLMOB,2377740.35,15947146.6,0.149101303803152
44585499000111,Classe,2026-09-30,40434681000110,TAB_I2C_VL_VLMOB,1041616.36,20652481.01,0.0504354106170414
44680424000110,Classe,2026-09-30,16695922000109,TAB_I2C_VL_VLMOB,11978.01,51797194.94,0.000231248236779519
44680449000113,Classe,2026-09-30,16695922000109,TAB_I2C_VL_VLMOB,73401.96,6271249.58,0.0117045190218693
44705452000144,Classe,2026-09-30,62285390000140,TAB_I2C_VL_VLMOB,40790.07,45219807.93,0.000902039877372827
44705662000132,Classe,2026-09-30,62285390000140,TAB_I2C_VL_VLMOB,424304.74,22880786.18,0.0185441503916016
45018911000184,Classe,2026-09-30,16695922000109,TAB_I2C_VL_VLMOB,0,0,
45019108000164,Classe,2026-09-30,16695922000109,TAB_I2C_VL_VLMOB,503.12,14194939.69,3.54436165977117e-05
45521676000169,Classe,2026-09-30,16695922000109,TAB_I2C_VL_VLMOB,122.74,417963812.9,2.93661786527357e-07
45525150000157,Classe,2026-09-30,62285390000140,TAB_I2C_VL_VLMOB,6597936.13,5508330.3,1.19781054705452
45721977000136,Classe,2026-09-30,16695922000109,TAB_I2C_VL_VLMOB,917675.81,52722819.3,0.0174056665061536
45756256000161,Classe,2026-09-30,62285390000140,TAB_I2C_VL_VLMOB,2288973.9,30834767.44,0.0742335386331034
45777614000112,Classe,2026-09-30,62285390000140,TAB_I2C_VL_VLMOB,0,47178241.49,0
45880798000141,Fundo,2026-09-30,24361690000172,TAB_I2C_VL_VLMOB,0,0,
45899684000143,Classe,2026-09-30,16695922000109,TAB_I2C_VL_VLMOB,133.14,133.14,1
45899975000131,Classe,2026-09-30,16695922000109,TAB_I2C_VL_VLMOB,0,0,
46098515000177,Classe,2026-09-30,40434681000110,TAB_I2C_VL_VLMOB,65204.92,68314233.29,0.000954485132303239
46098560000121,Classe,2026-09-30,40434681000110,TAB_I2C_VL_VLMOB,5e+06,110436029.06,0.0452750795420532
46322877000108,Classe,2026-09-30,62232889000190,TAB_I2C_VL_VLMOB,3032643.31,29498722.37,0.102805920607741
46449843000170,Classe,2026-09-30,62232889000190,TAB_I2C_VL_VLMOB,176192.87,301052919.76,0.000585255476480551
46766050000185,Classe,2026-09-30,62285390000140,TAB_I2C_VL_VLMOB,4049907.54,265187169.15,0.015271883451153
47094392000169,Classe,2026-09-30,16695922000109,TAB_I2C_VL_VLMOB,90533.24,1370067130.53,6.60794190172112e-05
47167918000193,Classe,2026-09-30,62285390000140,TAB_I2C_VL_VLMOB,30115.9,145932768.51,0.000206368318147383
47168002000158,Classe,2026-09-30,62285390000140,TAB_I2C_VL_VLMOB,0,20444595.65,0
47410102000149,Classe,2026-09-30,62232889000190,TAB_I2C_VL_VLMOB,23670930.28,92133165.72,0.256920839472051
47410122000110,Classe,2026-09-30,62232889000190,TAB_I2C_VL_VLMOB,17157456.64,57174589.81,0.300088845359746
47425860000130,Classe,2026-09-30,24361690000172,TAB_I2C_VL_VLMOB,2659315.63,6719515.44,0.395760029684521
47463381000109,Classe,2026-09-30,62232889000190,TAB_I2C_VL_VLMOB,5169458.04,160406214.06,0.032227292878232
47465008000197,Classe,2026-09-30,16695922000109,TAB_I2C_VL_VLMOB,862612.25,4109931.65,0.209884816454308
47640501000104,Classe,2026-09-30,40434681000110,TAB_I2C_VL_VLMOB,74633.41,52724561.55,0.00141553400931032
47669160000191,Classe,2026-09-30,40434681000110,TAB_I2C_VL_VLMOB,0,4034168.62,0
47669241000191,Classe,2026-09-30,40434681000110,TAB_I2C_VL_VLMOB,0,2360663.23,0
47669306000107,Classe,2026-09-30,40434681000110,TAB_I2C_VL_VLMOB,749938.82,2848544.78,0.263270855092543
47715992000105,Classe,2026-09-30,62285390000140,TAB_I2C_VL_VLMOB,0,26730267.98,0
47731522000127,Classe,2026-09-30,40434681000110,TAB_I2C_VL_VLMOB,78.47,3593327.14,2.18376999762955e-05
48181830000199,Classe,2026-09-30,62232889000190,TAB_I2C_VL_VLMOB,466888.69,236462863.02,0.00197446941154777
48213067000130,Classe,2026-09-30,24361690000172,TAB_I2C_VL_VLMOB,1610791.34,132354124.58,0.0121703146396951
48213253000170,Classe,2026-09-30,40434681000110,TAB_I2C_VL_VLMOB,221787.62,16064089.17,0.0138064236106329
48279539000158,Classe,2026-09-30,62232889000190,TAB_I2C_VL_VLMOB,3470070.26,244767823.8,0.0141769870162158
48313744000192,Classe,2026-09-30,62285390000140,TAB_I2C_VL_VLMOB,10573827.59,84296208.35,0.125436574158795
48357311000139,Classe,2026-09-30,16695922000109,TAB_I2C_VL_VLMOB,0,0,
48502650000161,Classe,2026-09-30,16695922000109,TAB_I2C_VL_VLMOB,4049409.22,32662478.15,0.123977403104669
49000918000120,Classe,2026-09-30,62285390000140,TAB_I2C_VL_VLMOB,782225.47,9831568.8,0.079562629923314
49087632000123,Classe,2026-09-30,24361690000172,TAB_I2C_VL_VLMOB,0,0,
49141366000170,Classe,2026-09-30,40434681000110,TAB_I2C_VL_VLMOB,0,29882695.1,0
49220648000162,Classe,2026-09-30,62285390000140,TAB_I2C_VL_VLMOB,5021534.11,211130068.9,0.0237840783937716
49223648000116,Classe,2026-09-30,16695922000109,TAB_I2C_VL_VLMOB,0,0,
49261110000104,Classe,2026-09-30,40434681000110,TAB_I2C_VL_VLMOB,207312.47,6670203.14,0.0310803832580127
49275773000170,Classe,2026-09-30,24361690000172,TAB_I2C_VL_VLMOB,0,0,
49460350000120,Classe,2026-09-30,24361690000172,TAB_I2C_VL_VLMOB,11190396.86,63191969.88,0.177085741768302
49466992000136,Classe,2026-09-30,24361690000172,TAB_I2C_VL_VLMOB,59190.95,3171457.12,0.0186636450566294
49815200000191,Classe,2026-09-30,00806535000154,TAB_I2C_VL_VLMOB,2605.75,81255139.25,3.20687408089083e-05
49916055000135,Classe,2026-09-30,62285390000140,TAB_I2C_VL_VLMOB,1744532.2,95319638.67,0.0183019178874527
49916151000183,Classe,2026-09-30,62285390000140,TAB_I2C_VL_VLMOB,46060696.18,1246650258.2,0.0369475687964848
49934838000141,Classe,2026-09-30,16695922000109,TAB_I2C_VL_VLMOB,396981.24,42102752.88,0.00942886659054015
50041351000119,Classe,2026-09-30,62232889000190,TAB_I2C_VL_VLMOB,6627365.67,6627365.67,1
50133597000110,Classe,2026-09-30,16695922000109,TAB_I2C_VL_VLMOB,0,0,
50153414000129,Classe,2026-09-30,16695922000109,TAB_I2C_VL_VLMOB,4858324.95,42445882.9,0.114459274211493
50284896000156,Classe,2026-09-30,62285390000140,TAB_I2C_VL_VLMOB,12999.66,35169121.36,0.00036963277720055
50327909000127,Classe,2026-09-30,62285390000140,TAB_I2C_VL_VLMOB,173575848.78,958909826.44,0.181013734549378
50356663000111,Classe,2026-09-30,40434681000110,TAB_I2C_VL_VLMOB,0,0,
50434429000165,Classe,2026-09-30,62285390000140,TAB_I2C_VL_VLMOB,21741409.41,85488763.83,0.254318912052983
50692376000182,Classe,2026-09-30,24361690000172,TAB_I2C_VL_VLMOB,104673.72,5337764.75,0.0196100287109881
50695489000131,Classe,2026-09-30,62232889000190,TAB_I2C_VL_VLMOB,1996033.4,23000846.3,0.0867808677109416
50791925000176,Classe,2026-09-30,24361690000172,TAB_I2C_VL_VLMOB,1259971.75,15979956.48,0.0788470075983586
50808063000147,Classe,2026-09-30,62285390000140,TAB_I2C_VL_VLMOB,0,71761766.49,0
50818107000110,Classe,2026-09-30,16695922000109,TAB_I2C_VL_VLMOB,0,0,
50823781000192,Classe,2026-09-30,24361690000172,TAB_I2C_VL_VLMOB,0,0,
50824501000160,Classe,2026-09-30,24361690000172,TAB_I2C_VL_VLMOB,5178582.96,33154854.24,0.156193808680729
50946637000143,Fundo,2026-09-30,16695922000109,TAB_I2C_VL_VLMOB,3374606.14,14685951.61,0.229784642467578
50948197000163,Classe,2026-09-30,16695922000109,TAB_I2C_VL_VLMOB,0,0,
51027087000121,Classe,2026-09-30,62285390000140,TAB_I2C_VL_VLMOB,43880.53,51294778.46,0.000855458027452411
51119641000109,Classe,2026-09-30,24361690000172,TAB_I2C_VL_VLMOB,0,0,
51253601000147,Classe,2026-09-30,24361690000172,TAB_I2C_VL_VLMOB,690507.52,8527522.33,0.0809739914219609
51294885000110,Classe,2026-09-30,24361690000172,TAB_I2C_VL_VLMOB,2337902.54,26621555.46,0.0878199075750024
51313788000127,Classe,2026-09-30,24361690000172,TAB_I2C_VL_VLMOB,1551844.68,9292864.61,0.16699314421627
51364521000169,Classe,2026-09-30,62285390000140,TAB_I2C_VL_VLMOB,7602398.7,157185240.99,0.0483658558024774
51382517000123,Classe,2026-09-30,16695922000109,TAB_I2C_VL_VLMOB,49142.02,232898593.84,0.000211001789189677
51388032000147,Classe,2026-09-30,40434681000110,TAB_I2C_VL_VLMOB,440000,7466375.34,0.0589308707322501
51476020000174,Classe,2026-09-30,62285390000140,TAB_I2C_VL_VLMOB,9461117.8,23198394.65,0.407835022325564
51497411000175,Classe,2026-09-30,62232889000190,TAB_I2C_VL_VLMOB,116347.63,29064478.94,0.00400308673140796
51555510000166,Classe,2026-09-30,24361690000172,TAB_I2C_VL_VLMOB,2088744.95,151901449.12,0.013750658483514
51581780000141,Classe,2026-09-30,40434681000110,TAB_I2C_VL_VLMOB,4767.77,15878705.68,0.0003002618787755
51730136000198,Classe,2026-09-30,40434681000110,TAB_I2C_VL_VLMOB,1680762.38,1680762.38,1
51731270000103,Classe,2026-09-30,24361690000172,TAB_I2C_VL_VLMOB,511150.26,13092220.39,0.0390422896020314
51781164000134,Classe,2026-09-30,40434681000110,TAB_I2C_VL_VLMOB,22517.82,2462881.88,0.00914287452551318
51863167000117,Fundo,2026-09-30,40434681000110,TAB_I2C_VL_VLMOB,0,0,
52043752000133,Classe,2026-09-30,40434681000110,TAB_I2C_VL_VLMOB,33756.07,945512.35,0.0357013528168088
52069691000183,Classe,2026-09-30,16695922000109,TAB_I2C_VL_VLMOB,0,744705551.05,0
52098409000196,Classe,2026-09-30,62232889000190,TAB_I2C_VL_VLMOB,12657895.91,42238393.21,0.299677495947058
52115758000179,Classe,2026-09-30,22610500000188,TAB_I2C_VL_VLMOB,19928279.33,155897808.64,0.127829117701189
52148267000124,Classe,2026-09-30,62232889000190,TAB_I2C_VL_VLMOB,2074857.9,165424650.75,0.0125426161735451
52200741000110,Classe,2026-09-30,24361690000172,TAB_I2C_VL_VLMOB,639458.88,180076557.41,0.00355103900917027
52200745000106,Classe,2026-09-30,24361690000172,TAB_I2C_VL_VLMOB,3e+05,31689542.08,0.00946684553669638
52258572000179,Classe,2026-09-30,62232889000190,TAB_I2C_VL_VLMOB,2465416.01,51393959.64,0.0479709294101784
52287219000117,Classe,2026-09-30,00806535000154,TAB_I2C_VL_VLMOB,3265196.92,74213694.7,0.0439972289912147
52348286000102,Classe,2026-09-30,16695922000109,TAB_I2C_VL_VLMOB,0,0,
52430088000185,Classe,2026-09-30,62285390000140,TAB_I2C_VL_VLMOB,1226050.98,3232578.1,0.379279615858314
52511370000197,Classe,2026-09-30,62232889000190,TAB_I2C_VL_VLMOB,1795152,36844416.61,0.0487224976039592
52511479000124,Classe,2026-09-30,62232889000190,TAB_I2C_VL_VLMOB,600011.34,52683010.92,0.0113890859600095
52607408000120,Classe,2026-09-30,62285390000140,TAB_I2C_VL_VLMOB,8140.96,8873079.93,0.000917489762768315
52719781000172,Classe,2026-09-30,16695922000109,TAB_I2C_VL_VLMOB,2863426.84,63643509.59,0.0449916552127087
52756013000199,Classe,2026-09-30,62285390000140,TAB_I2C_VL_VLMOB,138453526.78,599569269.23,0.23092165306906
52989090000199,Classe,2026-09-30,62285390000140,TAB_I2C_VL_VLMOB,9951555.43,925416808.85,0.0107535926890788
53030737000113,Classe,2026-09-30,40434681000110,TAB_I2C_VL_VLMOB,261868.8,66709492.17,0.00392551032067016
53032513000140,Classe,2026-09-30,62285390000140,TAB_I2C_VL_VLMOB,463012.84,11989586.37,0.0386179160574328
53109835000140,Classe,2026-09-30,62232889000190,TAB_I2C_VL_VLMOB,2499556.95,113730124.2,0.0219779672939107
53121758000144,Classe,2026-09-30,62285390000140,TAB_I2C_VL_VLMOB,1088235.55,86108979.22,0.0126378870108269
53214754000100,Classe,2026-09-30,62285390000140,TAB_I2C_VL_VLMOB,49528.5,1022813.91,0.0484237645927205
53292327000140,Classe,2026-09-30,16695922000109,TAB_I2C_VL_VLMOB,13679.21,29152140.96,0.000469235176200932
53323818000101,Classe,2026-09-30,16695922000109,TAB_I2C_VL_VLMOB,259.73,2397330.02,0.000108341362195932
53577135000180,Classe,2026-09-30,62285390000140,TAB_I2C_VL_VLMOB,3333000.37,230074882.99,0.0144865894385563
53604320000117,Classe,2026-09-30,24361690000172,TAB_I2C_VL_VLMOB,613700.36,108306823.83,0.00566631296439154
53640662000192,Classe,2026-09-30,40434681000110,TAB_I2C_VL_VLMOB,58790.44,18055886.91,0.00325602615330071
53765941000182,Classe,2026-09-30,24361690000172,TAB_I2C_VL_VLMOB,2186778.39,15909803.89,0.137448481773838
53822280000180,Classe,2026-09-30,16695922000109,TAB_I2C_VL_VLMOB,0,0,
53841740000117,Classe,2026-09-30,62285390000140,TAB_I2C_VL_VLMOB,123903628.45,1811838521.15,0.0683855801737544
53872780000126,Classe,2026-09-30,00806535000154,TAB_I2C_VL_VLMOB,881456.09,174836061.64,0.00504161488043
53880657000157,Classe,2026-09-30,62285390000140,TAB_I2C_VL_VLMOB,7193.16,187972729.96,3.82670401261432e-05
54071756000150,Classe,2026-09-30,62285390000140,TAB_I2C_VL_VLMOB,225931.95,92242709.77,0.00244932039142544
54083491000100,Classe,2026-09-30,62232889000190,TAB_I2C_VL_VLMOB,6852730.4,56200602.2,0.12193339807309
54111764000183,Classe,2026-09-30,62285390000140,TAB_I2C_VL_VLMOB,5841499.26,71860520,0.081289409817797
54148306000119,Classe,2026-09-30,16695922000109,TAB_I2C_VL_VLMOB,0,0,
54379696000138,Classe,2026-09-30,16695922000109,TAB_I2C_VL_VLMOB,2820.9,10663721.65,0.000264532411158725
54495443000120,Classe,2026-09-30,62285390000140,TAB_I2C_VL_VLMOB,11820998.35,190321521.43,0.0621106759823153
54585485000151,Classe,2026-09-30,16695922000109,TAB_I2C_VL_VLMOB,52254.66,13393221.26,0.00390157520626222
54585643000173,Classe,2026-09-30,24361690000172,TAB_I2C_VL_VLMOB,0,0,
54857414000160,Classe,2026-09-30,24361690000172,TAB_I2C_VL_VLMOB,16397768.67,103236110.19,0.158837529231011
54976450000143,Classe,2026-09-30,62232889000190,TAB_I2C_VL_VLMOB,868794.4,18401536.57,0.0472131442227707
54976534000187,Classe,2026-09-30,62285390000140,TAB_I2C_VL_VLMOB,26000.81,48975213.89,0.00053089732407088
55074368000196,Classe,2026-09-30,24361690000172,TAB_I2C_VL_VLMOB,21296715.08,52441436.13,0.406104726560241
55175561000113,Classe,2026-09-30,62285390000140,TAB_I2C_VL_VLMOB,964760.62,124189403.94,0.00776846163514971
55296116000101,Classe,2026-09-30,62285390000140,TAB_I2C_VL_VLMOB,38257.64,35491936.06,0.00107792485412248
55331747000114,Classe,2026-09-30,00806535000154,TAB_I2C_VL_VLMOB,191192.5,10962368.51,0.0174408021246131
55364405000109,Classe,2026-09-30,62232889000190,TAB_I2C_VL_VLMOB,0,34740289.13,0
55401645000128,Classe,2026-09-30,62285390000140,TAB_I2C_VL_VLMOB,1331114.28,206205229.25,0.00645528866964949
55445774000118,Classe,2026-09-30,24361690000172,TAB_I2C_VL_VLMOB,903.45,25465404.04,3.54775443021009e-05
55466785000184,Classe,2026-09-30,00806535000154,TAB_I2C_VL_VLMOB,42786.62,68690069.2,0.000622893825822496
55483719000112,Classe,2026-09-30,62285390000140,TAB_I2C_VL_VLMOB,121909.93,28790922.03,0.00423431836858057
55508226000190,Classe,2026-09-30,62285390000140,TAB_I2C_VL_VLMOB,543775.58,43372994.81,0.012537192379315
55523204000107,Classe,2026-09-30,24361690000172,TAB_I2C_VL_VLMOB,9637.98,116106919.03,8.30095232955903e-05
55595058000117,Classe,2026-09-30,62232889000190,TAB_I2C_VL_VLMOB,253222291.22,482276088.06,0.525056699863785
55595705000190,Classe,2026-09-30,62232889000190,TAB_I2C_VL_VLMOB,103055.78,70778730.42,0.00145602752957659
55626390000100,Classe,2026-09-30,40434681000110,TAB_I2C_VL_VLMOB,0,0,
55636084000146,Classe,2026-09-30,62285390000140,TAB_I2C_VL_VLMOB,4842738.86,33495966.38,0.144576776948628
55690923000104,Classe,2026-09-30,40434681000110,TAB_I2C_VL_VLMOB,59593.09,1950470.13,0.0305531928345911
55706529000117,Classe,2026-09-30,16695922000109,TAB_I2C_VL_VLMOB,0,0,
55747288000154,Classe,2026-09-30,40434681000110,TAB_I2C_VL_VLMOB,61.24,6516117.27,9.39823478652649e-06
55790118000152,Classe,2026-09-30,40434681000110,TAB_I2C_VL_VLMOB,530000,16929975.02,0.031305421264585
55798735000102,Classe,2026-09-30,40434681000110,TAB_I2C_VL_VLMOB,3.39,3368133.16,1.0064922730074e-06
55914922000104,Classe,2026-09-30,62285390000140,TAB_I2C_VL_VLMOB,1245592.14,27777592.82,0.0448416156170008
56030860000122,Classe,2026-09-30,62285390000140,TAB_I2C_VL_VLMOB,0,3482532.47,0
56073212000153,Classe,2026-09-30,62285390000140,TAB_I2C_VL_VLMOB,2688575.21,41436527.62,0.0648841822523352
56075525000140,Classe,2026-09-30,24361690000172,TAB_I2C_VL_VLMOB,8478715.17,85457280.73,0.0992158315543444
56125191000172,Classe,2026-09-30,62285390000140,TAB_I2C_VL_VLMOB,3595069.04,30575721.13,0.117579206871841
56822599000101,Classe,2026-09-30,62232889000190,TAB_I2C_VL_VLMOB,1867567.05,11722586.09,0.159313570884597
56912548000162,Classe,2026-09-30,40434681000110,TAB_I2C_VL_VLMOB,904553,15148164.99,0.0597137013359134
56924942000110,Classe,2026-09-30,62285390000140,TAB_I2C_VL_VLMOB,119756227.07,2929042166.98,0.0408857982380892
56975898000178,Classe,2026-09-30,62285390000140,TAB_I2C_VL_VLMOB,415404.85,7591011.45,0.0547232543036146
56986018000169,Classe,2026-09-30,40434681000110,TAB_I2C_VL_VLMOB,736764.03,88316793.37,0.00834228691833674
57053395000108,Classe,2026-09-30,24361690000172,TAB_I2C_VL_VLMOB,660753.77,77142611.03,0.00856535397464106
57088363000148,Classe,2026-09-30,62232889000190,TAB_I2C_VL_VLMOB,4446190.95,107150785.19,0.0414947117943747
57127130000107,Classe,2026-09-30,62285390000140,TAB_I2C_VL_VLMOB,143472.2,1667472.66,0.0860417105729338
57140603000106,Classe,2026-09-30,24361690000172,TAB_I2C_VL_VLMOB,38566.52,103873920.52,0.000371282029280625
57182384000128,Classe,2026-09-30,62232889000190,TAB_I2C_VL_VLMOB,3951698.13,24168385.05,0.163506917066434
57224939000157,Classe,2026-09-30,62285390000140,TAB_I2C_VL_VLMOB,439730.6,91722215.04,0.00479415591749756
57270666000187,Classe,2026-09-30,24361690000172,TAB_I2C_VL_VLMOB,833055.13,53677579.12,0.0155196106765107
57325152000181,Classe,2026-09-30,62285390000140,TAB_I2C_VL_VLMOB,0,22290875.45,0
57340272000158,Classe,2026-09-30,62285390000140,TAB_I2C_VL_VLMOB,12590698.23,57536127.43,0.21883117255881
57378463000109,Classe,2026-09-30,24361690000172,TAB_I2C_VL_VLMOB,2762513.7,157614044.44,0.0175270783121845
57391433000132,Classe,2026-09-30,62232889000190,TAB_I2C_VL_VLMOB,673837.28,49712588.71,0.0135546608512152
57391980000118,Classe,2026-09-30,62232889000190,TAB_I2C_VL_VLMOB,1016014.38,22050316.28,0.0460770887409693
57441997000132,Classe,2026-09-30,16695922000109,TAB_I2C_VL_VLMOB,0,0,
57533260000140,Classe,2026-09-30,62285390000140,TAB_I2C_VL_VLMOB,1126663.03,28244900.14,0.039889078184576
57584175000100,Classe,2026-09-30,62232889000190,TAB_I2C_VL_VLMOB,2902183.96,20254835.77,0.143283509822307
57584525000139,Classe,2026-09-30,62232889000190,TAB_I2C_VL_VLMOB,80217.9,55430322.6,0.00144718443330871
57585602000175,Classe,2026-09-30,40434681000110,TAB_I2C_VL_VLMOB,39329.98,4646703.06,0.00846406139840578
57691078000117,Classe,2026-09-30,39669186000101,TAB_I2C_VL_VLMOB,0,0,
57740051000177,Classe,2026-09-30,16695922000109,TAB_I2C_VL_VLMOB,621.12,65504535.38,9.48209152842326e-06
57752597000148,Classe,2026-09-30,24361690000172,TAB_I2C_VL_VLMOB,0,56518593.63,0
57821748000172,Classe,2026-09-30,40434681000110,TAB_I2C_VL_VLMOB,1841219.46,12156523.97,0.151459369844849
57823707000115,Classe,2026-09-30,62285390000140,TAB_I2C_VL_VLMOB,7934562.36,184635320.27,0.0429742388855878
57888289000144,Classe,2026-09-30,40434681000110,TAB_I2C_VL_VLMOB,0,13063095.63,0
57998329000100,Classe,2026-09-30,40434681000110,TAB_I2C_VL_VLMOB,2548456.84,18571674.27,0.137222783630051
58036896000149,Classe,2026-09-30,24361690000172,TAB_I2C_VL_VLMOB,2779805.1,327823655.05,0.00847957448212827
58114311000161,Classe,2026-09-30,24361690000172,TAB_I2C_VL_VLMOB,220532.05,53839267.32,0.00409611907772151
58114447000171,Classe,2026-09-30,16695922000109,TAB_I2C_VL_VLMOB,0,0,
58157393000121,Classe,2026-09-30,16695922000109,TAB_I2C_VL_VLMOB,14344.28,10298071.24,0.00139290937746513
58238421000135,Classe,2026-09-30,40434681000110,TAB_I2C_VL_VLMOB,10375.77,9247560.85,0.00112200072735937
58307031000170,Classe,2026-09-30,24361690000172,TAB_I2C_VL_VLMOB,1253079.96,3025801.4,0.414131595021405
58364147000140,Classe,2026-09-30,62285390000140,TAB_I2C_VL_VLMOB,427225.06,11614722.97,0.0367830606983474
58423669000176,Classe,2026-09-30,16695922000109,TAB_I2C_VL_VLMOB,0,0,
58482694000120,Classe,2026-09-30,24361690000172,TAB_I2C_VL_VLMOB,10337649.68,78555151.67,0.131597348617276
58559343000170,Classe,2026-09-30,16695922000109,TAB_I2C_VL_VLMOB,0,0,
58731626000158,Classe,2026-09-30,62232889000190,TAB_I2C_VL_VLMOB,879187.83,36440153.82,0.0241268967837743
58900579000129,Classe,2026-09-30,62285390000140,TAB_I2C_VL_VLMOB,208656171.14,4361736649.14,0.0478378654935851
58922423000149,Classe,2026-09-30,24361690000172,TAB_I2C_VL_VLMOB,29783097.79,164915566.23,0.180596037541192
58944590000190,Classe,2026-09-30,18945670000146,TAB_I2C_VL_VLMOB,0,66648291.41,0
58954874000168,Classe,2026-09-30,16695922000109,TAB_I2C_VL_VLMOB,472822.11,43790932.19,0.0107972606737057
59291327000102,Classe,2026-09-30,24361690000172,TAB_I2C_VL_VLMOB,2973364.97,13441044.03,0.221215328464332
59357545000100,Classe,2026-09-30,16695922000109,TAB_I2C_VL_VLMOB,193633.84,6570014.14,0.0294723627489788
59400011000101,Classe,2026-09-30,62232889000190,TAB_I2C_VL_VLMOB,305593.59,6231909.27,0.049036912567246
59400337000139,Classe,2026-09-30,16695922000109,TAB_I2C_VL_VLMOB,93643.93,385504148.13,0.000242912898484354
59657112000162,Classe,2026-09-30,18945670000146,TAB_I2C_VL_VLMOB,0,13280527.92,0
59710430000140,Classe,2026-09-30,40434681000110,TAB_I2C_VL_VLMOB,245.18,19899545.33,1.23208845194254e-05
59843866000107,Classe,2026-09-30,62285390000140,TAB_I2C_VL_VLMOB,191254.01,156048447.82,0.00122560661558524
59870750000167,Classe,2026-09-30,40434681000110,TAB_I2C_VL_VLMOB,1850765.58,63685360.76,0.0290610833936336
59936269000127,Classe,2026-09-30,24361690000172,TAB_I2C_VL_VLMOB,159807.55,4451056.67,0.0359032836128775
60043514000156,Classe,2026-09-30,40434681000110,TAB_I2C_VL_VLMOB,8839601.45,45146062.15,0.195800054955624
60058603000176,Classe,2026-09-30,62285390000140,TAB_I2C_VL_VLMOB,18713467,52817033.37,0.354307423306157
60078440000193,Classe,2026-09-30,24361690000172,TAB_I2C_VL_VLMOB,28501097.13,34949346.91,0.815497273908859
60079965000143,Classe,2026-09-30,40434681000110,TAB_I2C_VL_VLMOB,0,25198.34,0
60095481000198,Classe,2026-09-30,62232889000190,TAB_I2C_VL_VLMOB,183268.5,40027535.27,0.00457856070237122
60115778000178,Classe,2026-09-30,24361690000172,TAB_I2C_VL_VLMOB,0,45737474.08,0
60282653000132,Classe,2026-09-30,16695922000109,TAB_I2C_VL_VLMOB,0,0,
60331197000173,Classe,2026-09-30,24361690000172,TAB_I2C_VL_VLMOB,28563.33,1442949.1,0.0197951057317268
60368384000121,Classe,2026-09-30,24361690000172,TAB_I2C_VL_VLMOB,78447.47,23557756.87,0.00333000592683339
60369537000155,Classe,2026-09-30,62285390000140,TAB_I2C_VL_VLMOB,1677078.66,135433048.21,0.0123830828750126
60369959000120,Classe,2026-09-30,62285390000140,TAB_I2C_VL_VLMOB,790724.5,19220089.45,0.0411405213309244
60401316000117,Classe,2026-09-30,62285390000140,TAB_I2C_VL_VLMOB,35844600.54,37111740.58,0.965856087044247
60604288000135,Classe,2026-09-30,40434681000110,TAB_I2C_VL_VLMOB,496.64,9247991.82,5.37024696459993e-05
60606404000155,Classe,2026-09-30,18945670000146,TAB_I2C_VL_VLMOB,4245235.14,80747771.54,0.0525740222799466
60675473000110,Classe,2026-09-30,16695922000109,TAB_I2C_VL_VLMOB,0,7671955.79,0
60681487000147,Classe,2026-09-30,24361690000172,TAB_I2C_VL_VLMOB,701093.11,4819208.27,0.145478898341947
60686437000152,Classe,2026-09-30,24361690000172,TAB_I2C_VL_VLMOB,585597.53,10724800.4,0.0546021844844777
60696087000105,Classe,2026-09-30,62285390000140,TAB_I2C_VL_VLMOB,1507225.03,18017967.58,0.083651223330706
60736775000151,Classe,2026-09-30,62285390000140,TAB_I2C_VL_VLMOB,0,90409359.78,0
60792713000167,Classe,2026-09-30,16695922000109,TAB_I2C_VL_VLMOB,22304.99,1920513.58,0.0116140756474109
60866189000121,Classe,2026-09-30,62285390000140,TAB_I2C_VL_VLMOB,1987144.95,31270914.06,0.0635461101708519
60894511000126,Classe,2026-09-30,16695922000109,TAB_I2C_VL_VLMOB,20446.97,2577649.7,0.00793240834858204
60910091000124,Classe,2026-09-30,62285390000140,TAB_I2C_VL_VLMOB,47959.44,22907959.83,0.00209357098388102
60931216000100,Classe,2026-09-30,24361690000172,TAB_I2C_VL_VLMOB,1100000,5413345.67,0.203201507359126
60974918000163,Classe,2026-09-30,24361690000172,TAB_I2C_VL_VLMOB,450298.56,6028359.21,0.0746967034169153
61084525000147,Classe,2026-09-30,40434681000110,TAB_I2C_VL_VLMOB,239821.77,3057713.43,0.0784317351806248
61130895000173,Classe,2026-09-30,16695922000109,TAB_I2C_VL_VLMOB,73065.32,55571359.75,0.00131480173112014
61138429000134,Classe,2026-09-30,24361690000172,TAB_I2C_VL_VLMOB,0,19205540.1,0
61279682000108,Classe,2026-09-30,40434681000110,TAB_I2C_VL_VLMOB,88518.09,8668267.17,0.0102117399318692
61306033000159,Classe,2026-09-30,62285390000140,TAB_I2C_VL_VLMOB,162065.54,22415269.57,0.00723014012808948
61328619000114,Classe,2026-09-30,40434681000110,TAB_I2C_VL_VLMOB,5e+05,9441819.91,0.0529558924832321
61350212000193,Classe,2026-09-30,16695922000109,TAB_I2C_VL_VLMOB,80398.52,10080398.52,0.00797572832467739
61351481000174,Classe,2026-09-30,62285390000140,TAB_I2C_VL_VLMOB,14283474.39,506432844.72,0.028204083796929
61371110000154,Classe,2026-09-30,16695922000109,TAB_I2C_VL_VLMOB,0,0,
61385893000125,Classe,2026-09-30,62285390000140,TAB_I2C_VL_VLMOB,0,400151028.08,0
61430639000100,Classe,2026-09-30,24361690000172,TAB_I2C_VL_VLMOB,3975848.49,59863195.4,0.0664155741008105
61527968000165,Classe,2026-09-30,16695922000109,TAB_I2C_VL_VLMOB,0,0,
61543748000125,Classe,2026-09-30,24361690000172,TAB_I2C_VL_VLMOB,2060611.47,14681356.02,0.140355663822394
61631599000156,Classe,2026-09-30,16695922000109,TAB_I2C_VL_VLMOB,106079133.75,425003447.2,0.249595937277377
61664240000185,Classe,2026-09-30,24361690000172,TAB_I2C_VL_VLMOB,4372408.48,49446322.77,0.088427374070632
61690116000194,Classe,2026-09-30,40434681000110,TAB_I2C_VL_VLMOB,361545.38,6114482.49,0.0591293507817372
61750443000194,Classe,2026-09-30,24361690000172,TAB_I2C_VL_VLMOB,1066.55,12750767.91,8.36459425446479e-05
61766813000181,Classe,2026-09-30,40434681000110,TAB_I2C_VL_VLMOB,200583.63,41957419.42,0.00478064744621513
61866286000187,Classe,2026-09-30,16695922000109,TAB_I2C_VL_VLMOB,33917.87,7725106.74,0.00439060211613335
61955311000107,Classe,2026-09-30,16695922000109,TAB_I2C_VL_VLMOB,187042.86,9721565.43,0.0192399939440617
61975703000120,Classe,2026-09-30,24361690000172,TAB_I2C_VL_VLMOB,849133.52,64807715.81,0.013102352233636
62016007000159,Classe,2026-09-30,62285390000140,TAB_I2C_VL_VLMOB,65139.57,3629674.39,0.0179463949106465
62161418000138,Classe,2026-09-30,62285390000140,TAB_I2C_VL_VLMOB,18753916.05,70497102.5,0.266023927011752
62164403000123,Classe,2026-09-30,16695922000109,TAB_I2C_VL_VLMOB,61810.46,7146138.89,0.00864949043832536
62230042000176,Classe,2026-09-30,16695922000109,TAB_I2C_VL_VLMOB,200901.56,28659234.19,0.00701001145627611
62303024000177,Classe,2026-09-30,62232889000190,TAB_I2C_VL_VLMOB,11091995.09,302237026.17,0.0366996566587479
62359337000147,Classe,2026-09-30,40434681000110,TAB_I2C_VL_VLMOB,6568327.45,23354126.96,0.28124911118493
62497138000103,Classe,2026-09-30,16695922000109,TAB_I2C_VL_VLMOB,11305.8,4041792.81,0.00279722403682538
62541630000120,Classe,2026-09-30,62232889000190,TAB_I2C_VL_VLMOB,980245.58,41979103.1,0.0233507985548171
62627243000101,Classe,2026-09-30,62285390000140,TAB_I2C_VL_VLMOB,216440.55,77384146.82,0.00279696241277239
62627291000108,Classe,2026-09-30,62285390000140,TAB_I2C_VL_VLMOB,4e+07,571554220.3,0.0699846113969811
62741028000137,Classe,2026-09-30,40434681000110,TAB_I2C_VL_VLMOB,151614.28,13305302.13,0.0113950272243837
62762366000155,Classe,2026-09-30,16695922000109,TAB_I2C_VL_VLMOB,335121.73,3429775.37,0.0977095272568827
62772042000106,Classe,2026-09-30,24361690000172,TAB_I2C_VL_VLMOB,3183.87,48261968.46,6.59705789381306e-05
62951957000170,Classe,2026-09-30,16695922000109,TAB_I2C_VL_VLMOB,23004.85,12371590.58,0.00185949008344891
62966067000132,Classe,2026-09-30,40434681000110,TAB_I2C_VL_VLMOB,966496.08,37167728.83,0.0260036356921516
62967950000147,Classe,2026-09-30,40434681000110,TAB_I2C_VL_VLMOB,699136.54,36216105.56,0.0193045753868186
62968483000170,Classe,2026-09-30,40434681000110,TAB_I2C_VL_VLMOB,2374908.18,70920259.13,0.0334870206219451
62972105000160,Classe,2026-09-30,62285390000140,TAB_I2C_VL_VLMOB,2877295.37,36678613.02,0.0784461334028928
63098061000153,Classe,2026-09-30,16695922000109,TAB_I2C_VL_VLMOB,8738081.08,31074263.33,0.281199943091298
63212782000142,Classe,2026-09-30,62285390000140,TAB_I2C_VL_VLMOB,129441.55,28864810.22,0.0044844067573433
63249135000105,Classe,2026-09-30,40434681000110,TAB_I2C_VL_VLMOB,18602.86,4275300.56,0.00435124027864839
63310209000171,Classe,2026-09-30,62285390000140,TAB_I2C_VL_VLMOB,71213.4,2066484.32,0.0344611373581581
63322011000108,Classe,2026-09-30,62285390000140,TAB_I2C_VL_VLMOB,28716224.57,633091869.24,0.0453587006329312
63457029000117,Classe,2026-09-30,16695922000109,TAB_I2C_VL_VLMOB,2311.08,1521927.95,0.00151852129399424
63458316000141,Classe,2026-09-30,16695922000109,TAB_I2C_VL_VLMOB,1503.34,5209807.52,0.000288559604981337
63459064000175,Classe,2026-09-30,16695922000109,TAB_I2C_VL_VLMOB,3310.42,4021024.37,0.000823277775856902
63516387000153,Classe,2026-09-30,62285390000140,TAB_I2C_VL_VLMOB,1353575.71,88012431.05,0.0153793696396255
63565588000140,Classe,2026-09-30,62285390000140,TAB_I2C_VL_VLMOB,1370819.75,11038221.61,0.124188460644613
63566193000162,Classe,2026-09-30,16695922000109,TAB_I2C_VL_VLMOB,10352.47,3526305.01,0.00293578404892434
63604811000111,Classe,2026-09-30,40434681000110,TAB_I2C_VL_VLMOB,734257.66,70913786,0.0103542301351672
63606548000108,Classe,2026-09-30,40434681000110,TAB_I2C_VL_VLMOB,472725.61,18697883.79,0.0252823054902514
63606839000198,Classe,2026-09-30,40434681000110,TAB_I2C_VL_VLMOB,2714587.38,53070719.34,0.05115037847158
63622544000105,Classe,2026-09-30,16695922000109,TAB_I2C_VL_VLMOB,3065.57,1889422.1,0.0016224908134609
63659752000189,Classe,2026-09-30,16695922000109,TAB_I2C_VL_VLMOB,2907176.77,32676194.78,0.0889692569643815
63697245000130,Classe,2026-09-30,24361690000172,TAB_I2C_VL_VLMOB,516835.55,10381302.04,0.049785233876116
63699134000162,Classe,2026-09-30,24361690000172,TAB_I2C_VL_VLMOB,15107.68,19050347.65,0.000793039595789214
63709161000179,Classe,2026-09-30,40434681000110,TAB_I2C_VL_VLMOB,11090936.63,108114022.35,0.102585551706651
63796349000100,Classe,2026-09-30,62285390000140,TAB_I2C_VL_VLMOB,8099.12,1559383.18,0.00519379720384056
63863686000164,Classe,2026-09-30,24361690000172,TAB_I2C_VL_VLMOB,494600.2,56029882.97,0.00882743589282211
63887027000168,Classe,2026-09-30,40434681000110,TAB_I2C_VL_VLMOB,0,0,
63894672000108,Classe,2026-09-30,16695922000109,TAB_I2C_VL_VLMOB,3206912.45,52775618.56,0.0607650376727295
63938673000107,Classe,2026-09-30,62285390000140,TAB_I2C_VL_VLMOB,4291360.01,106466416.63,0.0403071705222658
63974821000149,Classe,2026-09-30,62285390000140,TAB_I2C_VL_VLMOB,167161.47,10104194.08,0.0165437707031851
64019393000168,Classe,2026-09-30,16695922000109,TAB_I2C_VL_VLMOB,878.06,131303425.01,6.68725891905049e-06
64029467000147,Classe,2026-09-30,16695922000109,TAB_I2C_VL_VLMOB,40792,8921726.63,0.00457220913526242
64039922000195,Classe,2026-09-30,62285390000140,TAB_I2C_VL_VLMOB,1232910.2,56373965.98,0.0218702051304569
64054825000171,Classe,2026-09-30,40434681000110,TAB_I2C_VL_VLMOB,1515730.71,8585316.6,0.176549192140451
64155784000100,Classe,2026-09-30,18945670000146,TAB_I2C_VL_VLMOB,0,34652149.65,0
64276414000120,Classe,2026-09-30,24361690000172,TAB_I2C_VL_VLMOB,0,16216834.37,0
64276709000105,Classe,2026-09-30,24361690000172,TAB_I2C_VL_VLMOB,122906.24,94297638.45,0.00130338619312475
64282009000115,Classe,2026-09-30,40434681000110,TAB_I2C_VL_VLMOB,1020266.99,17845113.69,0.0571734653935959
64291147000160,Classe,2026-09-30,62232889000190,TAB_I2C_VL_VLMOB,254785.04,21094733.09,0.0120781352820615
64310285000140,Classe,2026-09-30,40434681000110,TAB_I2C_VL_VLMOB,2.47,12894779.98,1.91550379597869e-07
64382297000180,Classe,2026-09-30,62232889000190,TAB_I2C_VL_VLMOB,406348.56,18663049.23,0.0217728922531487
64432874000109,Classe,2026-09-30,40434681000110,TAB_I2C_VL_VLMOB,0,10668989.54,0
64530753000191,Classe,2026-09-30,24361690000172,TAB_I2C_VL_VLMOB,300267.09,4173825.76,0.0719404947081452
64598309000108,Classe,2026-09-30,16695922000109,TAB_I2C_VL_VLMOB,216352.66,7211139.11,0.0300025636310322
64630838000141,Classe,2026-09-30,62285390000140,TAB_I2C_VL_VLMOB,6400000,16625447.98,0.384952033033879
64636877000156,Classe,2026-09-30,16695922000109,TAB_I2C_VL_VLMOB,139160.42,3183553.58,0.0437122908419842
64637478000100,Classe,2026-09-30,00806535000154,TAB_I2C_VL_VLMOB,125970.27,76678412.72,0.00164283877993139
64656737000140,Classe,2026-09-30,62232889000190,TAB_I2C_VL_VLMOB,1376661.26,60707967.28,0.0226767806876238
64721990000130,Classe,2026-09-30,40434681000110,TAB_I2C_VL_VLMOB,387029.18,16538673.46,0.0234014645089921
64987557000140,Classe,2026-09-30,24361690000172,TAB_I2C_VL_VLMOB,848688.35,5181730.59,0.16378473084607
65014891000180,Classe,2026-09-30,40434681000110,TAB_I2C_VL_VLMOB,0,1040006.34,0
65095860000100,Classe,2026-09-30,00806535000154,TAB_I2C_VL_VLMOB,253291.63,15287369,0.0165686868682244
65190945000169,Classe,2026-09-30,40434681000110,TAB_I2C_VL_VLMOB,0,15218377.48,0
65343721000140,Classe,2026-09-30,62232889000190,TAB_I2C_VL_VLMOB,8726559.44,62218788.14,0.140256017529049
65619110000181,Classe,2026-09-30,16695922000109,TAB_I2C_VL_VLMOB,99036.49,1368681.7,0.0723590371669322
65659857000163,Classe,2026-09-30,24361690000172,TAB_I2C_VL_VLMOB,22225.28,32634533.96,0.000681035617889976
65675575000150,Classe,2026-09-30,62285390000140,TAB_I2C_VL_VLMOB,2043239.8,7455886.05,0.274043860957344
65706613000194,Classe,2026-09-30,24361690000172,TAB_I2C_VL_VLMOB,58184.62,4176528.49,0.0139313355911048
65784807000108,Classe,2026-09-30,24361690000172,TAB_I2C_VL_VLMOB,0,0,
65784847000150,Classe,2026-09-30,24361690000172,TAB_I2C_VL_VLMOB,0,220721842.85,0
65804305000100,Classe,2026-09-30,62232889000190,TAB_I2C_VL_VLMOB,3928066.91,11090720.1,0.354176002512226
65804737000102,Classe,2026-09-30,00806535000154,TAB_I2C_VL_VLMOB,25376.42,187457213,0.000135371798150013
65900819000150,Classe,2026-09-30,24361690000172,TAB_I2C_VL_VLMOB,180492.11,2674536.93,0.0674853683923519
66004736000146,Classe,2026-09-30,16695922000109,TAB_I2C_VL_VLMOB,27765.34,42617426.99,0.000651502025368989
66107567000170,Classe,2026-09-30,40434681000110,TAB_I2C_VL_VLMOB,109040.95,2094774.86,0.0520537801374989
66146849000186,Classe,2026-09-30,24361690000172,TAB_I2C_VL_VLMOB,0,9416027.71,0
66147948000182,Classe,2026-09-30,24361690000172,TAB_I2C_VL_VLMOB,139254.16,2521051.44,0.0552365405126363
66188571000100,Classe,2026-09-30,40434681000110,TAB_I2C_VL_VLMOB,0,1055012.15,0
66226431000189,Classe,2026-09-30,62232889000190,TAB_I2C_VL_VLMOB,583357.95,583357.95,1
66247874000156,Classe,2026-09-30,40434681000110,TAB_I2C_VL_VLMOB,0,27781907.34,0
66279914000141,Classe,2026-09-30,24361690000172,TAB_I2C_VL_VLMOB,364843.88,34667862.43,0.0105239796868549
66289666000110,Classe,2026-09-30,62285390000140,TAB_I2C_VL_VLMOB,4963110.5,4943170.02,1.00403394581196
66320254000103,Classe,2026-09-30,62285390000140,TAB_I2C_VL_VLMOB,9391155.51,104390059.63,0.0899621625208952
66575588000110,Classe,2026-09-30,62285390000140,TAB_I2C_VL_VLMOB,6778798,95068964.05,0.0713040061784496
66584882000198,Classe,2026-09-30,62285390000140,TAB_I2C_VL_VLMOB,4053658.19,5226156.27,0.775648101697503
66589036000160,Classe,2026-09-30,62285390000140,TAB_I2C_VL_VLMOB,9866062.57,522476019.2,0.0188832830741335
66614411000185,Classe,2026-09-30,62232889000190,TAB_I2C_VL_VLMOB,236459.01,84676374.62,0.00279250276197051
66625873000106,Classe,2026-09-30,40434681000110,TAB_I2C_VL_VLMOB,90918.3,6042090.57,0.0150474904251559
66687692000104,Classe,2026-09-30,62285390000140,TAB_I2C_VL_VLMOB,44293578.76,44249161.16,1.00100380659962
66790149000120,Classe,2026-09-30,16695922000109,TAB_I2C_VL_VLMOB,0,51157.61,0
66790195000129,Classe,2026-09-30,24361690000172,TAB_I2C_VL_VLMOB,861422.74,96486499.58,0.00892790953915545
67220127000197,Classe,2026-09-30,24361690000172,TAB_I2C_VL_VLMOB,0,155701365.44,0
67220139000111,Classe,2026-09-30,40434681000110,TAB_I2C_VL_VLMOB,0,21701581.26,0
67851316000168,Classe,2026-09-30,62285390000140,TAB_I2C_VL_VLMOB,78559509.19,78559509.19,1
67873873000180,Classe,2026-09-30,62285390000140,TAB_I2C_VL_VLMOB,3294391.8,6078686.02,0.5419578818779
68099385000120,Classe,2026-09-30,40434681000110,TAB_I2C_VL_VLMOB,665836.72,7171562.38,0.0928440254325725
68119920000167,Classe,2026-09-30,40434681000110,TAB_I2C_VL_VLMOB,171951.32,2012767.91,0.0854302769562736
68234432000109,Classe,2026-09-30,40434681000110,TAB_I2C_VL_VLMOB,6213822.4,6458834.8,0.962065541605121
68250073000175,Classe,2026-09-30,16695922000109,TAB_I2C_VL_VLMOB,8152.38,467617.25,0.0174338735365301
68564198000170,Classe,2026-09-30,16695922000109,TAB_I2C_VL_VLMOB,38810.82,13215580.8,0.00293674720675159
68706406000128,Classe,2026-09-30,62285390000140,TAB_I2C_VL_VLMOB,2008326.55,2008326.55,1
09260031000156,Classe,2026-09-30,62285390000140,TAB_I2D_VL_TITPUB_FED,0,66569700.67,0
16802124000120,Classe,2026-09-30,62285390000140,TAB_I2D_VL_TITPUB_FED,10577047.13,385017818.6,0.0274715782465866
16858989000109,Classe,2026-09-30,16695922000109,TAB_I2D_VL_TITPUB_FED,0,0,
17047287000108,Classe,2026-09-30,24361690000172,TAB_I2D_VL_TITPUB_FED,190573.51,58017901.04,0.0032847363759094
17198845000136,Classe,2026-09-30,62285390000140,TAB_I2D_VL_TITPUB_FED,0,1607435228.61,0
19388377000198,Classe,2026-09-30,24361690000172,TAB_I2D_VL_TITPUB_FED,239444.6,186787082.1,0.00128191198935164
20906292000133,Classe,2026-09-30,24361690000172,TAB_I2D_VL_TITPUB_FED,50057.24,14256208.26,0.00351125903094797
21254441000190,Classe,2026-09-30,62285390000140,TAB_I2D_VL_TITPUB_FED,0,69285668.91,0
21917325000103,Classe,2026-09-30,24361690000172,TAB_I2D_VL_TITPUB_FED,228334.57,278228784.88,0.000820671987977379
23980344000100,Classe,2026-09-30,62285390000140,TAB_I2D_VL_TITPUB_FED,0,20180937.49,0
25354121000162,Classe,2026-09-30,16695922000109,TAB_I2D_VL_TITPUB_FED,0,0,
26000055000195,Classe,2026-09-30,24361690000172,TAB_I2D_VL_TITPUB_FED,53857.73,2575655.5,0.0209103003099599
26199650000100,Classe,2026-09-30,24361690000172,TAB_I2D_VL_TITPUB_FED,33903.12,56129835.74,0.000604012457065494
26631527000108,Fundo,2026-09-30,16695922000109,TAB_I2D_VL_TITPUB_FED,0,0,
27531244000157,Classe,2026-09-30,16695922000109,TAB_I2D_VL_TITPUB_FED,0,24375444.45,0
28079865000104,Classe,2026-09-30,62285390000140,TAB_I2D_VL_TITPUB_FED,0,34519557.29,0
28079873000150,Classe,2026-09-30,62285390000140,TAB_I2D_VL_TITPUB_FED,0,754914753.36,0
29249995000100,Classe,2026-09-30,24361690000172,TAB_I2D_VL_TITPUB_FED,0,21121430.13,0
29550273000191,Classe,2026-09-30,62232889000190,TAB_I2D_VL_TITPUB_FED,0,13137164.57,0
30366120000178,Classe,2026-09-30,62285390000140,TAB_I2D_VL_TITPUB_FED,878030.97,283402282.07,0.00309817889816119
31024416000173,Classe,2026-09-30,62285390000140,TAB_I2D_VL_TITPUB_FED,0,38772077.18,0
32156038000144,Classe,2026-09-30,62285390000140,TAB_I2D_VL_TITPUB_FED,0,239264432.77,0
32525937000177,Classe,2026-09-30,62285390000140,TAB_I2D_VL_TITPUB_FED,0,78994171.82,0
32525986000100,Classe,2026-09-30,62285390000140,TAB_I2D_VL_TITPUB_FED,0,57166279.24,0
32907653000145,Classe,2026-09-30,16695922000109,TAB_I2D_VL_TITPUB_FED,0,23721857.76,0
32999032000139,Classe,2026-09-30,62285390000140,TAB_I2D_VL_TITPUB_FED,0,86847161.11,0
33304615000160,Classe,2026-09-30,24361690000172,TAB_I2D_VL_TITPUB_FED,0,25984584.67,0
33490076000100,Classe,2026-09-30,40434681000110,TAB_I2D_VL_TITPUB_FED,0,112775629.29,0
33521644000184,Classe,2026-09-30,16695922000109,TAB_I2D_VL_TITPUB_FED,0,107342274.18,0
33632618000123,Classe,2026-09-30,62285390000140,TAB_I2D_VL_TITPUB_FED,0,71793219.16,0
34027968000123,Classe,2026-09-30,16695922000109,TAB_I2D_VL_TITPUB_FED,0,0,
34218960000144,Classe,2026-09-30,62285390000140,TAB_I2D_VL_TITPUB_FED,618922.11,110699216.44,0.00559102521141567
34599321000176,Classe,2026-09-30,16695922000109,TAB_I2D_VL_TITPUB_FED,0,107327443.81,0
35277363000153,Classe,2026-09-30,16695922000109,TAB_I2D_VL_TITPUB_FED,0,218625467.39,0
35686949000171,Classe,2026-09-30,16695922000109,TAB_I2D_VL_TITPUB_FED,0,20000028.24,0
35715919000146,Classe,2026-09-30,00806535000154,TAB_I2D_VL_TITPUB_FED,0,877683.76,0
36113052000111,Classe,2026-09-30,62285390000140,TAB_I2D_VL_TITPUB_FED,0,30888325.07,0
36420767000117,Classe,2026-09-30,62285390000140,TAB_I2D_VL_TITPUB_FED,0,0.01,0
36953080000147,Classe,2026-09-30,62285390000140,TAB_I2D_VL_TITPUB_FED,0,591765186.82,0
37606580000175,Fundo,2026-09-30,48967968000118,TAB_I2D_VL_TITPUB_FED,0,0,
38134439000180,Classe,2026-09-30,16695922000109,TAB_I2D_VL_TITPUB_FED,0,0,
39273409000117,Classe,2026-09-30,16695922000109,TAB_I2D_VL_TITPUB_FED,0,31908373.53,0
39469320000120,Classe,2026-09-30,16695922000109,TAB_I2D_VL_TITPUB_FED,0,70589112.12,0
39806180000139,Classe,2026-09-30,62285390000140,TAB_I2D_VL_TITPUB_FED,0,234940564.57,0
39851520000143,Classe,2026-09-30,24361690000172,TAB_I2D_VL_TITPUB_FED,0,9548514.77,0
40226175000136,Classe,2026-09-30,48967968000118,TAB_I2D_VL_TITPUB_FED,0,0,
40902151000150,Classe,2026-09-30,62285390000140,TAB_I2D_VL_TITPUB_FED,0,44635945.31,0
40989019000127,Classe,2026-09-30,62285390000140,TAB_I2D_VL_TITPUB_FED,0,102218150.05,0
41096982000144,Classe,2026-09-30,62285390000140,TAB_I2D_VL_TITPUB_FED,63568.36,233994295.26,0.000271666281134618
41251476000182,Classe,2026-09-30,62285390000140,TAB_I2D_VL_TITPUB_FED,0,66473881.51,0
41341232000190,Classe,2026-09-30,40434681000110,TAB_I2D_VL_TITPUB_FED,0,26070049.35,0
41351648000190,Classe,2026-09-30,62285390000140,TAB_I2D_VL_TITPUB_FED,0,27350641.19,0
41801514000123,Classe,2026-09-30,62232889000190,TAB_I2D_VL_TITPUB_FED,0,191359157.31,0
41992676000196,Classe,2026-09-30,62285390000140,TAB_I2D_VL_TITPUB_FED,0,398303380.63,0
42031108000191,Classe,2026-09-30,16695922000109,TAB_I2D_VL_TITPUB_FED,0,4101455.27,0
42067232000107,Classe,2026-09-30,62285390000140,TAB_I2D_VL_TITPUB_FED,0,56405549.84,0
42196288000161,Classe,2026-09-30,62285390000140,TAB_I2D_VL_TITPUB_FED,0,402204455.56,0
42336359000184,Classe,2026-09-30,62285390000140,TAB_I2D_VL_TITPUB_FED,99912.69,65983527.9,0.00151420654790421
42533772000139,Classe,2026-09-30,62285390000140,TAB_I2D_VL_TITPUB_FED,0,264447311.91,0
42867211000176,Fundo,2026-09-30,16695922000109,TAB_I2D_VL_TITPUB_FED,0,0,
43122353000177,Classe,2026-09-30,24361690000172,TAB_I2D_VL_TITPUB_FED,50057.24,13498884.09,0.00370825022766752
43236160000147,Classe,2026-09-30,62285390000140,TAB_I2D_VL_TITPUB_FED,937767.99,219213182.07,0.00427788138078552
43702427000144,Classe,2026-09-30,24361690000172,TAB_I2D_VL_TITPUB_FED,20714.51,15452112.05,0.00134056172599396
44173512000125,Classe,2026-09-30,62232889000190,TAB_I2D_VL_TITPUB_FED,0,107817019.06,0
44395590000174,Classe,2026-09-30,62285390000140,TAB_I2D_VL_TITPUB_FED,0,106838336.93,0
44414972000106,Classe,2026-09-30,40434681000110,TAB_I2D_VL_TITPUB_FED,0,13303981.25,0
44415022000198,Classe,2026-09-30,40434681000110,TAB_I2D_VL_TITPUB_FED,0,20435638.41,0
44465412000172,Classe,2026-09-30,40434681000110,TAB_I2D_VL_TITPUB_FED,0,22818609.21,0
44465521000190,Classe,2026-09-30,40434681000110,TAB_I2D_VL_TITPUB_FED,0,14552289.72,0
44479362000182,Classe,2026-09-30,24361690000172,TAB_I2D_VL_TITPUB_FED,0,0,
44585152000179,Classe,2026-09-30,40434681000110,TAB_I2D_VL_TITPUB_FED,0,15947146.6,0
44585499000111,Classe,2026-09-30,40434681000110,TAB_I2D_VL_TITPUB_FED,0,20652481.01,0
44680424000110,Classe,2026-09-30,16695922000109,TAB_I2D_VL_TITPUB_FED,12428.71,51797194.94,0.000239949480167738
44680449000113,Classe,2026-09-30,16695922000109,TAB_I2D_VL_TITPUB_FED,0,6271249.58,0
44705452000144,Classe,2026-09-30,62285390000140,TAB_I2D_VL_TITPUB_FED,12713.67,45219807.93,0.000281152675829156
44705662000132,Classe,2026-09-30,62285390000140,TAB_I2D_VL_TITPUB_FED,12713.67,22880786.18,0.000555648302465803
45018911000184,Classe,2026-09-30,16695922000109,TAB_I2D_VL_TITPUB_FED,0,0,
45019108000164,Classe,2026-09-30,16695922000109,TAB_I2D_VL_TITPUB_FED,0,14194939.69,0
45521676000169,Classe,2026-09-30,16695922000109,TAB_I2D_VL_TITPUB_FED,0,417963812.9,0
45525150000157,Classe,2026-09-30,62285390000140,TAB_I2D_VL_TITPUB_FED,0,5508330.3,0
45721977000136,Classe,2026-09-30,16695922000109,TAB_I2D_VL_TITPUB_FED,0,52722819.3,0
45756256000161,Classe,2026-09-30,62285390000140,TAB_I2D_VL_TITPUB_FED,0,30834767.44,0
45777614000112,Classe,2026-09-30,62285390000140,TAB_I2D_VL_TITPUB_FED,0,47178241.49,0
45880798000141,Fundo,2026-09-30,24361690000172,TAB_I2D_VL_TITPUB_FED,0,0,
45899684000143,Classe,2026-09-30,16695922000109,TAB_I2D_VL_TITPUB_FED,0,133.14,0
45899975000131,Classe,2026-09-30,16695922000109,TAB_I2D_VL_TITPUB_FED,0,0,
46098515000177,Classe,2026-09-30,40434681000110,TAB_I2D_VL_TITPUB_FED,0,68314233.29,0
46098560000121,Classe,2026-09-30,40434681000110,TAB_I2D_VL_TITPUB_FED,21229.72,110436029.06,0.000192235452331104
46322877000108,Classe,2026-09-30,62232889000190,TAB_I2D_VL_TITPUB_FED,0,29498722.37,0
46449843000170,Classe,2026-09-30,62232889000190,TAB_I2D_VL_TITPUB_FED,0,301052919.76,0
46766050000185,Classe,2026-09-30,62285390000140,TAB_I2D_VL_TITPUB_FED,1217977.21,265187169.15,0.00459289645839187
47094392000169,Classe,2026-09-30,16695922000109,TAB_I2D_VL_TITPUB_FED,0,1370067130.53,0
47167918000193,Classe,2026-09-30,62285390000140,TAB_I2D_VL_TITPUB_FED,0,145932768.51,0
47168002000158,Classe,2026-09-30,62285390000140,TAB_I2D_VL_TITPUB_FED,0,20444595.65,0
47410102000149,Classe,2026-09-30,62232889000190,TAB_I2D_VL_TITPUB_FED,0,92133165.72,0
47410122000110,Classe,2026-09-30,62232889000190,TAB_I2D_VL_TITPUB_FED,0,57174589.81,0
47425860000130,Classe,2026-09-30,24361690000172,TAB_I2D_VL_TITPUB_FED,20857.18,6719515.44,0.00310397084227847
47463381000109,Classe,2026-09-30,62232889000190,TAB_I2D_VL_TITPUB_FED,0,160406214.06,0
47465008000197,Classe,2026-09-30,16695922000109,TAB_I2D_VL_TITPUB_FED,59804.48,4109931.65,0.0145512103589363
47640501000104,Classe,2026-09-30,40434681000110,TAB_I2D_VL_TITPUB_FED,0,52724561.55,0
47669160000191,Classe,2026-09-30,40434681000110,TAB_I2D_VL_TITPUB_FED,33231.82,4034168.62,0.00823758824439024
47669241000191,Classe,2026-09-30,40434681000110,TAB_I2D_VL_TITPUB_FED,16983.78,2360663.23,0.00719449508263828
47669306000107,Classe,2026-09-30,40434681000110,TAB_I2D_VL_TITPUB_FED,0,2848544.78,0
47715992000105,Classe,2026-09-30,62285390000140,TAB_I2D_VL_TITPUB_FED,0,26730267.98,0
47731522000127,Classe,2026-09-30,40434681000110,TAB_I2D_VL_TITPUB_FED,0,3593327.14,0
48181830000199,Classe,2026-09-30,62232889000190,TAB_I2D_VL_TITPUB_FED,59920.69,236462863.02,0.00025340423115376
48213067000130,Classe,2026-09-30,24361690000172,TAB_I2D_VL_TITPUB_FED,55092.58,132354124.58,0.000416251327072923
48213253000170,Classe,2026-09-30,40434681000110,TAB_I2D_VL_TITPUB_FED,0,16064089.17,0
48279539000158,Classe,2026-09-30,62232889000190,TAB_I2D_VL_TITPUB_FED,0,244767823.8,0
48313744000192,Classe,2026-09-30,62285390000140,TAB_I2D_VL_TITPUB_FED,0,84296208.35,0
48357311000139,Classe,2026-09-30,16695922000109,TAB_I2D_VL_TITPUB_FED,0,0,
48502650000161,Classe,2026-09-30,16695922000109,TAB_I2D_VL_TITPUB_FED,0,32662478.15,0
49000918000120,Classe,2026-09-30,62285390000140,TAB_I2D_VL_TITPUB_FED,0,9831568.8,0
49087632000123,Classe,2026-09-30,24361690000172,TAB_I2D_VL_TITPUB_FED,0,0,
49141366000170,Classe,2026-09-30,40434681000110,TAB_I2D_VL_TITPUB_FED,0,29882695.1,0
49220648000162,Classe,2026-09-30,62285390000140,TAB_I2D_VL_TITPUB_FED,1077558.28,211130068.9,0.00510376511320316
49223648000116,Classe,2026-09-30,16695922000109,TAB_I2D_VL_TITPUB_FED,0,0,
49261110000104,Classe,2026-09-30,40434681000110,TAB_I2D_VL_TITPUB_FED,0,6670203.14,0
49275773000170,Classe,2026-09-30,24361690000172,TAB_I2D_VL_TITPUB_FED,0,0,
49460350000120,Classe,2026-09-30,24361690000172,TAB_I2D_VL_TITPUB_FED,518796.64,63191969.88,0.00820985072921737
49466992000136,Classe,2026-09-30,24361690000172,TAB_I2D_VL_TITPUB_FED,20714.51,3171457.12,0.0065315434565926
49815200000191,Classe,2026-09-30,00806535000154,TAB_I2D_VL_TITPUB_FED,4237.89,81255139.25,5.21553472077768e-05
49916055000135,Classe,2026-09-30,62285390000140,TAB_I2D_VL_TITPUB_FED,0,95319638.67,0
49916151000183,Classe,2026-09-30,62285390000140,TAB_I2D_VL_TITPUB_FED,0,1246650258.2,0
49934838000141,Classe,2026-09-30,16695922000109,TAB_I2D_VL_TITPUB_FED,186467.18,42102752.88,0.00442885956962157
50041351000119,Classe,2026-09-30,62232889000190,TAB_I2D_VL_TITPUB_FED,0,6627365.67,0
50133597000110,Classe,2026-09-30,16695922000109,TAB_I2D_VL_TITPUB_FED,0,0,
50153414000129,Classe,2026-09-30,16695922000109,TAB_I2D_VL_TITPUB_FED,4237.89,42445882.9,9.98421922329716e-05
50284896000156,Classe,2026-09-30,62285390000140,TAB_I2D_VL_TITPUB_FED,0,35169121.36,0
50327909000127,Classe,2026-09-30,62285390000140,TAB_I2D_VL_TITPUB_FED,0,958909826.44,0
50356663000111,Classe,2026-09-30,40434681000110,TAB_I2D_VL_TITPUB_FED,0,0,
50434429000165,Classe,2026-09-30,62285390000140,TAB_I2D_VL_TITPUB_FED,41429.02,85488763.83,0.000484613628083152
50692376000182,Classe,2026-09-30,24361690000172,TAB_I2D_VL_TITPUB_FED,33143.22,5337764.75,0.00620919458842768
50695489000131,Classe,2026-09-30,62232889000190,TAB_I2D_VL_TITPUB_FED,0,23000846.3,0
50791925000176,Classe,2026-09-30,24361690000172,TAB_I2D_VL_TITPUB_FED,41714.36,15979956.48,0.00261041762236389
50808063000147,Classe,2026-09-30,62285390000140,TAB_I2D_VL_TITPUB_FED,19953.72,71761766.49,0.000278055028129506
50818107000110,Classe,2026-09-30,16695922000109,TAB_I2D_VL_TITPUB_FED,0,0,
50823781000192,Classe,2026-09-30,24361690000172,TAB_I2D_VL_TITPUB_FED,0,0,
50824501000160,Classe,2026-09-30,24361690000172,TAB_I2D_VL_TITPUB_FED,62143.53,33154854.24,0.00187434182488507
50946637000143,Fundo,2026-09-30,16695922000109,TAB_I2D_VL_TITPUB_FED,0,14685951.61,0
50948197000163,Classe,2026-09-30,16695922000109,TAB_I2D_VL_TITPUB_FED,0,0,
51027087000121,Classe,2026-09-30,62285390000140,TAB_I2D_VL_TITPUB_FED,0,51294778.46,0
51119641000109,Classe,2026-09-30,24361690000172,TAB_I2D_VL_TITPUB_FED,0,0,
51253601000147,Classe,2026-09-30,24361690000172,TAB_I2D_VL_TITPUB_FED,53857.73,8527522.33,0.00631575361702981
51294885000110,Classe,2026-09-30,24361690000172,TAB_I2D_VL_TITPUB_FED,33143.22,26621555.46,0.00124497684028265
51313788000127,Classe,2026-09-30,24361690000172,TAB_I2D_VL_TITPUB_FED,12428.71,9292864.61,0.00133744658096337
51364521000169,Classe,2026-09-30,62285390000140,TAB_I2D_VL_TITPUB_FED,79894.26,157185240.99,0.000508280926992903
51382517000123,Classe,2026-09-30,16695922000109,TAB_I2D_VL_TITPUB_FED,0,232898593.84,0
51388032000147,Classe,2026-09-30,40434681000110,TAB_I2D_VL_TITPUB_FED,0,7466375.34,0
51476020000174,Classe,2026-09-30,62285390000140,TAB_I2D_VL_TITPUB_FED,4142.9,23198394.65,0.000178585633295104
51497411000175,Classe,2026-09-30,62232889000190,TAB_I2D_VL_TITPUB_FED,0,29064478.94,0
51555510000166,Classe,2026-09-30,24361690000172,TAB_I2D_VL_TITPUB_FED,20714.51,151901449.12,0.00013636808680894
51581780000141,Classe,2026-09-30,40434681000110,TAB_I2D_VL_TITPUB_FED,0,15878705.68,0
51730136000198,Classe,2026-09-30,40434681000110,TAB_I2D_VL_TITPUB_FED,0,1680762.38,0
51731270000103,Classe,2026-09-30,24361690000172,TAB_I2D_VL_TITPUB_FED,24857.41,13092220.39,0.00189863974631732
51781164000134,Classe,2026-09-30,40434681000110,TAB_I2D_VL_TITPUB_FED,0,2462881.88,0
51863167000117,Fundo,2026-09-30,40434681000110,TAB_I2D_VL_TITPUB_FED,0,0,
52043752000133,Classe,2026-09-30,40434681000110,TAB_I2D_VL_TITPUB_FED,0,945512.35,0
52069691000183,Classe,2026-09-30,16695922000109,TAB_I2D_VL_TITPUB_FED,156.15,744705551.05,2.09680188068742e-07
52098409000196,Classe,2026-09-30,62232889000190,TAB_I2D_VL_TITPUB_FED,0,42238393.21,0
52115758000179,Classe,2026-09-30,22610500000188,TAB_I2D_VL_TITPUB_FED,178202.34,155897808.64,0.00114307148737097
52148267000124,Classe,2026-09-30,62232889000190,TAB_I2D_VL_TITPUB_FED,0,165424650.75,0
52200741000110,Classe,2026-09-30,24361690000172,TAB_I2D_VL_TITPUB_FED,0,180076557.41,0
52200745000106,Classe,2026-09-30,24361690000172,TAB_I2D_VL_TITPUB_FED,20714.51,31689542.08,0.000653670221794508
52258572000179,Classe,2026-09-30,62232889000190,TAB_I2D_VL_TITPUB_FED,0,51393959.64,0
52287219000117,Classe,2026-09-30,00806535000154,TAB_I2D_VL_TITPUB_FED,0,74213694.7,0
52348286000102,Classe,2026-09-30,16695922000109,TAB_I2D_VL_TITPUB_FED,0,0,
52430088000185,Classe,2026-09-30,62285390000140,TAB_I2D_VL_TITPUB_FED,0,3232578.1,0
52511370000197,Classe,2026-09-30,62232889000190,TAB_I2D_VL_TITPUB_FED,0,36844416.61,0
52511479000124,Classe,2026-09-30,62232889000190,TAB_I2D_VL_TITPUB_FED,0,52683010.92,0
52607408000120,Classe,2026-09-30,62285390000140,TAB_I2D_VL_TITPUB_FED,0,8873079.93,0
52719781000172,Classe,2026-09-30,16695922000109,TAB_I2D_VL_TITPUB_FED,0,63643509.59,0
52756013000199,Classe,2026-09-30,62285390000140,TAB_I2D_VL_TITPUB_FED,0,599569269.23,0
52989090000199,Classe,2026-09-30,62285390000140,TAB_I2D_VL_TITPUB_FED,1416538.82,925416808.85,0.00153070357751585
53030737000113,Classe,2026-09-30,40434681000110,TAB_I2D_VL_TITPUB_FED,0,66709492.17,0
53032513000140,Classe,2026-09-30,62285390000140,TAB_I2D_VL_TITPUB_FED,0,11989586.37,0
53109835000140,Classe,2026-09-30,62232889000190,TAB_I2D_VL_TITPUB_FED,0,113730124.2,0
53121758000144,Classe,2026-09-30,62285390000140,TAB_I2D_VL_TITPUB_FED,0,86108979.22,0
53214754000100,Classe,2026-09-30,62285390000140,TAB_I2D_VL_TITPUB_FED,0,1022813.91,0
53292327000140,Classe,2026-09-30,16695922000109,TAB_I2D_VL_TITPUB_FED,0,29152140.96,0
53323818000101,Classe,2026-09-30,16695922000109,TAB_I2D_VL_TITPUB_FED,0,2397330.02,0
53577135000180,Classe,2026-09-30,62285390000140,TAB_I2D_VL_TITPUB_FED,0,230074882.99,0
53604320000117,Classe,2026-09-30,24361690000172,TAB_I2D_VL_TITPUB_FED,0,108306823.83,0
53640662000192,Classe,2026-09-30,40434681000110,TAB_I2D_VL_TITPUB_FED,0,18055886.91,0
53765941000182,Classe,2026-09-30,24361690000172,TAB_I2D_VL_TITPUB_FED,0,15909803.89,0
53822280000180,Classe,2026-09-30,16695922000109,TAB_I2D_VL_TITPUB_FED,0,0,
53841740000117,Classe,2026-09-30,62285390000140,TAB_I2D_VL_TITPUB_FED,0,1811838521.15,0
53872780000126,Classe,2026-09-30,00806535000154,TAB_I2D_VL_TITPUB_FED,0,174836061.64,0
53880657000157,Classe,2026-09-30,62285390000140,TAB_I2D_VL_TITPUB_FED,0,187972729.96,0
54071756000150,Classe,2026-09-30,62285390000140,TAB_I2D_VL_TITPUB_FED,0,92242709.77,0
54083491000100,Classe,2026-09-30,62232889000190,TAB_I2D_VL_TITPUB_FED,0,56200602.2,0
54111764000183,Classe,2026-09-30,62285390000140,TAB_I2D_VL_TITPUB_FED,0,71860520,0
54148306000119,Classe,2026-09-30,16695922000109,TAB_I2D_VL_TITPUB_FED,0,0,
54379696000138,Classe,2026-09-30,16695922000109,TAB_I2D_VL_TITPUB_FED,0,10663721.65,0
54495443000120,Classe,2026-09-30,62285390000140,TAB_I2D_VL_TITPUB_FED,0,190321521.43,0
54585485000151,Classe,2026-09-30,16695922000109,TAB_I2D_VL_TITPUB_FED,0,13393221.26,0
54585643000173,Classe,2026-09-30,24361690000172,TAB_I2D_VL_TITPUB_FED,0,0,
54857414000160,Classe,2026-09-30,24361690000172,TAB_I2D_VL_TITPUB_FED,0,103236110.19,0
54976450000143,Classe,2026-09-30,62232889000190,TAB_I2D_VL_TITPUB_FED,0,18401536.57,0
54976534000187,Classe,2026-09-30,62285390000140,TAB_I2D_VL_TITPUB_FED,0,48975213.89,0
55074368000196,Classe,2026-09-30,24361690000172,TAB_I2D_VL_TITPUB_FED,0,52441436.13,0
55175561000113,Classe,2026-09-30,62285390000140,TAB_I2D_VL_TITPUB_FED,139553.46,124189403.94,0.00112371470973017
55296116000101,Classe,2026-09-30,62285390000140,TAB_I2D_VL_TITPUB_FED,0,35491936.06,0
55331747000114,Classe,2026-09-30,00806535000154,TAB_I2D_VL_TITPUB_FED,25161.52,10962368.51,0.00229526310642152
55364405000109,Classe,2026-09-30,62232889000190,TAB_I2D_VL_TITPUB_FED,0,34740289.13,0
55401645000128,Classe,2026-09-30,62285390000140,TAB_I2D_VL_TITPUB_FED,0,206205229.25,0
55445774000118,Classe,2026-09-30,24361690000172,TAB_I2D_VL_TITPUB_FED,41429.02,25465404.04,0.00162687463882077
55466785000184,Classe,2026-09-30,00806535000154,TAB_I2D_VL_TITPUB_FED,0,68690069.2,0
55483719000112,Classe,2026-09-30,62285390000140,TAB_I2D_VL_TITPUB_FED,0,28790922.03,0
55508226000190,Classe,2026-09-30,62285390000140,TAB_I2D_VL_TITPUB_FED,0,43372994.81,0
55523204000107,Classe,2026-09-30,24361690000172,TAB_I2D_VL_TITPUB_FED,37286.12,116106919.03,0.000321136072781037
55595058000117,Classe,2026-09-30,62232889000190,TAB_I2D_VL_TITPUB_FED,0,482276088.06,0
55595705000190,Classe,2026-09-30,62232889000190,TAB_I2D_VL_TITPUB_FED,0,70778730.42,0
55626390000100,Classe,2026-09-30,40434681000110,TAB_I2D_VL_TITPUB_FED,0,0,
55636084000146,Classe,2026-09-30,62285390000140,TAB_I2D_VL_TITPUB_FED,0,33495966.38,0
55690923000104,Classe,2026-09-30,40434681000110,TAB_I2D_VL_TITPUB_FED,0,1950470.13,0
55706529000117,Classe,2026-09-30,16695922000109,TAB_I2D_VL_TITPUB_FED,0,0,
55747288000154,Classe,2026-09-30,40434681000110,TAB_I2D_VL_TITPUB_FED,0,6516117.27,0
55790118000152,Classe,2026-09-30,40434681000110,TAB_I2D_VL_TITPUB_FED,0,16929975.02,0
55798735000102,Classe,2026-09-30,40434681000110,TAB_I2D_VL_TITPUB_FED,0,3368133.16,0
55914922000104,Classe,2026-09-30,62285390000140,TAB_I2D_VL_TITPUB_FED,0,27777592.82,0
56030860000122,Classe,2026-09-30,62285390000140,TAB_I2D_VL_TITPUB_FED,0,3482532.47,0
56073212000153,Classe,2026-09-30,62285390000140,TAB_I2D_VL_TITPUB_FED,0,41436527.62,0
56075525000140,Classe,2026-09-30,24361690000172,TAB_I2D_VL_TITPUB_FED,0,85457280.73,0
56125191000172,Classe,2026-09-30,62285390000140,TAB_I2D_VL_TITPUB_FED,0,30575721.13,0
56822599000101,Classe,2026-09-30,62232889000190,TAB_I2D_VL_TITPUB_FED,777756.11,11722586.09,0.0663468030030906
56912548000162,Classe,2026-09-30,40434681000110,TAB_I2D_VL_TITPUB_FED,0,15148164.99,0
56924942000110,Classe,2026-09-30,62285390000140,TAB_I2D_VL_TITPUB_FED,0,2929042166.98,0
56975898000178,Classe,2026-09-30,62285390000140,TAB_I2D_VL_TITPUB_FED,0,7591011.45,0
56986018000169,Classe,2026-09-30,40434681000110,TAB_I2D_VL_TITPUB_FED,0,88316793.37,0
57053395000108,Classe,2026-09-30,24361690000172,TAB_I2D_VL_TITPUB_FED,0,77142611.03,0
57088363000148,Classe,2026-09-30,62232889000190,TAB_I2D_VL_TITPUB_FED,0,107150785.19,0
57127130000107,Classe,2026-09-30,62285390000140,TAB_I2D_VL_TITPUB_FED,159483.93,1667472.66,0.09564410489345
57140603000106,Classe,2026-09-30,24361690000172,TAB_I2D_VL_TITPUB_FED,0,103873920.52,0
57182384000128,Classe,2026-09-30,62232889000190,TAB_I2D_VL_TITPUB_FED,0,24168385.05,0
57224939000157,Classe,2026-09-30,62285390000140,TAB_I2D_VL_TITPUB_FED,0,91722215.04,0
57270666000187,Classe,2026-09-30,24361690000172,TAB_I2D_VL_TITPUB_FED,0,53677579.12,0
57325152000181,Classe,2026-09-30,62285390000140,TAB_I2D_VL_TITPUB_FED,0,22290875.45,0
57340272000158,Classe,2026-09-30,62285390000140,TAB_I2D_VL_TITPUB_FED,0,57536127.43,0
57378463000109,Classe,2026-09-30,24361690000172,TAB_I2D_VL_TITPUB_FED,0,157614044.44,0
57391433000132,Classe,2026-09-30,62232889000190,TAB_I2D_VL_TITPUB_FED,0,49712588.71,0
57391980000118,Classe,2026-09-30,62232889000190,TAB_I2D_VL_TITPUB_FED,0,22050316.28,0
57441997000132,Classe,2026-09-30,16695922000109,TAB_I2D_VL_TITPUB_FED,0,0,
57533260000140,Classe,2026-09-30,62285390000140,TAB_I2D_VL_TITPUB_FED,0,28244900.14,0
57584175000100,Classe,2026-09-30,62232889000190,TAB_I2D_VL_TITPUB_FED,0,20254835.77,0
57584525000139,Classe,2026-09-30,62232889000190,TAB_I2D_VL_TITPUB_FED,0,55430322.6,0
57585602000175,Classe,2026-09-30,40434681000110,TAB_I2D_VL_TITPUB_FED,0,4646703.06,0
57691078000117,Classe,2026-09-30,39669186000101,TAB_I2D_VL_TITPUB_FED,0,0,
57740051000177,Classe,2026-09-30,16695922000109,TAB_I2D_VL_TITPUB_FED,0,65504535.38,0
57752597000148,Classe,2026-09-30,24361690000172,TAB_I2D_VL_TITPUB_FED,139498.48,56518593.63,0.00246818738826428
57821748000172,Classe,2026-09-30,40434681000110,TAB_I2D_VL_TITPUB_FED,0,12156523.97,0
57823707000115,Classe,2026-09-30,62285390000140,TAB_I2D_VL_TITPUB_FED,499130.73,184635320.27,0.00270333286865211
57888289000144,Classe,2026-09-30,40434681000110,TAB_I2D_VL_TITPUB_FED,0,13063095.63,0
57998329000100,Classe,2026-09-30,40434681000110,TAB_I2D_VL_TITPUB_FED,0,18571674.27,0
58036896000149,Classe,2026-09-30,24361690000172,TAB_I2D_VL_TITPUB_FED,0,327823655.05,0
58114311000161,Classe,2026-09-30,24361690000172,TAB_I2D_VL_TITPUB_FED,0,53839267.32,0
58114447000171,Classe,2026-09-30,16695922000109,TAB_I2D_VL_TITPUB_FED,0,0,
58157393000121,Classe,2026-09-30,16695922000109,TAB_I2D_VL_TITPUB_FED,0,10298071.24,0
58238421000135,Classe,2026-09-30,40434681000110,TAB_I2D_VL_TITPUB_FED,0,9247560.85,0
58307031000170,Classe,2026-09-30,24361690000172,TAB_I2D_VL_TITPUB_FED,0,3025801.4,0
58364147000140,Classe,2026-09-30,62285390000140,TAB_I2D_VL_TITPUB_FED,0,11614722.97,0
58423669000176,Classe,2026-09-30,16695922000109,TAB_I2D_VL_TITPUB_FED,0,0,
58482694000120,Classe,2026-09-30,24361690000172,TAB_I2D_VL_TITPUB_FED,0,78555151.67,0
58559343000170,Classe,2026-09-30,16695922000109,TAB_I2D_VL_TITPUB_FED,0,0,
58731626000158,Classe,2026-09-30,62232889000190,TAB_I2D_VL_TITPUB_FED,559530.24,36440153.82,0.0153547716281292
58900579000129,Classe,2026-09-30,62285390000140,TAB_I2D_VL_TITPUB_FED,0,4361736649.14,0
58922423000149,Classe,2026-09-30,24361690000172,TAB_I2D_VL_TITPUB_FED,0,164915566.23,0
58944590000190,Classe,2026-09-30,18945670000146,TAB_I2D_VL_TITPUB_FED,0,66648291.41,0
58954874000168,Classe,2026-09-30,16695922000109,TAB_I2D_VL_TITPUB_FED,0,43790932.19,0
59291327000102,Classe,2026-09-30,24361690000172,TAB_I2D_VL_TITPUB_FED,0,13441044.03,0
59357545000100,Classe,2026-09-30,16695922000109,TAB_I2D_VL_TITPUB_FED,48462.03,6570014.14,0.00737624439876776
59400011000101,Classe,2026-09-30,62232889000190,TAB_I2D_VL_TITPUB_FED,0,6231909.27,0
59400337000139,Classe,2026-09-30,16695922000109,TAB_I2D_VL_TITPUB_FED,0,385504148.13,0
59657112000162,Classe,2026-09-30,18945670000146,TAB_I2D_VL_TITPUB_FED,0,13280527.92,0
59710430000140,Classe,2026-09-30,40434681000110,TAB_I2D_VL_TITPUB_FED,0,19899545.33,0
59843866000107,Classe,2026-09-30,62285390000140,TAB_I2D_VL_TITPUB_FED,0,156048447.82,0
59870750000167,Classe,2026-09-30,40434681000110,TAB_I2D_VL_TITPUB_FED,0,63685360.76,0
59936269000127,Classe,2026-09-30,24361690000172,TAB_I2D_VL_TITPUB_FED,0,4451056.67,0
60043514000156,Classe,2026-09-30,40434681000110,TAB_I2D_VL_TITPUB_FED,0,45146062.15,0
60058603000176,Classe,2026-09-30,62285390000140,TAB_I2D_VL_TITPUB_FED,0,52817033.37,0
60078440000193,Classe,2026-09-30,24361690000172,TAB_I2D_VL_TITPUB_FED,0,34949346.91,0
60079965000143,Classe,2026-09-30,40434681000110,TAB_I2D_VL_TITPUB_FED,0,25198.34,0
60095481000198,Classe,2026-09-30,62232889000190,TAB_I2D_VL_TITPUB_FED,0,40027535.27,0
60115778000178,Classe,2026-09-30,24361690000172,TAB_I2D_VL_TITPUB_FED,0,45737474.08,0
60282653000132,Classe,2026-09-30,16695922000109,TAB_I2D_VL_TITPUB_FED,0,0,
60331197000173,Classe,2026-09-30,24361690000172,TAB_I2D_VL_TITPUB_FED,0,1442949.1,0
60368384000121,Classe,2026-09-30,24361690000172,TAB_I2D_VL_TITPUB_FED,0,23557756.87,0
60369537000155,Classe,2026-09-30,62285390000140,TAB_I2D_VL_TITPUB_FED,0,135433048.21,0
60369959000120,Classe,2026-09-30,62285390000140,TAB_I2D_VL_TITPUB_FED,0,19220089.45,0
60401316000117,Classe,2026-09-30,62285390000140,TAB_I2D_VL_TITPUB_FED,0,37111740.58,0
60604288000135,Classe,2026-09-30,40434681000110,TAB_I2D_VL_TITPUB_FED,0,9247991.82,0
60606404000155,Classe,2026-09-30,18945670000146,TAB_I2D_VL_TITPUB_FED,0,80747771.54,0
60675473000110,Classe,2026-09-30,16695922000109,TAB_I2D_VL_TITPUB_FED,0,7671955.79,0
60681487000147,Classe,2026-09-30,24361690000172,TAB_I2D_VL_TITPUB_FED,53857.73,4819208.27,0.0111756386075425
60686437000152,Classe,2026-09-30,24361690000172,TAB_I2D_VL_TITPUB_FED,0,10724800.4,0
60696087000105,Classe,2026-09-30,62285390000140,TAB_I2D_VL_TITPUB_FED,0,18017967.58,0
60736775000151,Classe,2026-09-30,62285390000140,TAB_I2D_VL_TITPUB_FED,0,90409359.78,0
60792713000167,Classe,2026-09-30,16695922000109,TAB_I2D_VL_TITPUB_FED,0,1920513.58,0
60866189000121,Classe,2026-09-30,62285390000140,TAB_I2D_VL_TITPUB_FED,29000.32,31270914.06,0.000927389584594701
60894511000126,Classe,2026-09-30,16695922000109,TAB_I2D_VL_TITPUB_FED,0,2577649.7,0
60910091000124,Classe,2026-09-30,62285390000140,TAB_I2D_VL_TITPUB_FED,0,22907959.83,0
60931216000100,Classe,2026-09-30,24361690000172,TAB_I2D_VL_TITPUB_FED,0,5413345.67,0
60974918000163,Classe,2026-09-30,24361690000172,TAB_I2D_VL_TITPUB_FED,0,6028359.21,0
61084525000147,Classe,2026-09-30,40434681000110,TAB_I2D_VL_TITPUB_FED,0,3057713.43,0
61130895000173,Classe,2026-09-30,16695922000109,TAB_I2D_VL_TITPUB_FED,0,55571359.75,0
61138429000134,Classe,2026-09-30,24361690000172,TAB_I2D_VL_TITPUB_FED,0,19205540.1,0
61279682000108,Classe,2026-09-30,40434681000110,TAB_I2D_VL_TITPUB_FED,0,8668267.17,0
61306033000159,Classe,2026-09-30,62285390000140,TAB_I2D_VL_TITPUB_FED,0,22415269.57,0
61328619000114,Classe,2026-09-30,40434681000110,TAB_I2D_VL_TITPUB_FED,0,9441819.91,0
61350212000193,Classe,2026-09-30,16695922000109,TAB_I2D_VL_TITPUB_FED,0,10080398.52,0
61351481000174,Classe,2026-09-30,62285390000140,TAB_I2D_VL_TITPUB_FED,0,506432844.72,0
61371110000154,Classe,2026-09-30,16695922000109,TAB_I2D_VL_TITPUB_FED,0,0,
61385893000125,Classe,2026-09-30,62285390000140,TAB_I2D_VL_TITPUB_FED,0,400151028.08,0
61430639000100,Classe,2026-09-30,24361690000172,TAB_I2D_VL_TITPUB_FED,0,59863195.4,0
61527968000165,Classe,2026-09-30,16695922000109,TAB_I2D_VL_TITPUB_FED,0,0,
61543748000125,Classe,2026-09-30,24361690000172,TAB_I2D_VL_TITPUB_FED,0,14681356.02,0
61631599000156,Classe,2026-09-30,16695922000109,TAB_I2D_VL_TITPUB_FED,15179594.41,425003447.2,0.0357164030315658
61664240000185,Classe,2026-09-30,24361690000172,TAB_I2D_VL_TITPUB_FED,0,49446322.77,0
61690116000194,Classe,2026-09-30,40434681000110,TAB_I2D_VL_TITPUB_FED,0,6114482.49,0
61750443000194,Classe,2026-09-30,24361690000172,TAB_I2D_VL_TITPUB_FED,4142.9,12750767.91,0.000324913764350684
61766813000181,Classe,2026-09-30,40434681000110,TAB_I2D_VL_TITPUB_FED,0,41957419.42,0
61866286000187,Classe,2026-09-30,16695922000109,TAB_I2D_VL_TITPUB_FED,0,7725106.74,0
61955311000107,Classe,2026-09-30,16695922000109,TAB_I2D_VL_TITPUB_FED,0,9721565.43,0
61975703000120,Classe,2026-09-30,24361690000172,TAB_I2D_VL_TITPUB_FED,1635691.92,64807715.81,0.0252391540043695
62016007000159,Classe,2026-09-30,62285390000140,TAB_I2D_VL_TITPUB_FED,0,3629674.39,0
62161418000138,Classe,2026-09-30,62285390000140,TAB_I2D_VL_TITPUB_FED,0,70497102.5,0
62164403000123,Classe,2026-09-30,16695922000109,TAB_I2D_VL_TITPUB_FED,0,7146138.89,0
62230042000176,Classe,2026-09-30,16695922000109,TAB_I2D_VL_TITPUB_FED,0,28659234.19,0
62303024000177,Classe,2026-09-30,62232889000190,TAB_I2D_VL_TITPUB_FED,0,302237026.17,0
62359337000147,Classe,2026-09-30,40434681000110,TAB_I2D_VL_TITPUB_FED,0,23354126.96,0
62497138000103,Classe,2026-09-30,16695922000109,TAB_I2D_VL_TITPUB_FED,0,4041792.81,0
62541630000120,Classe,2026-09-30,62232889000190,TAB_I2D_VL_TITPUB_FED,0,41979103.1,0
62627243000101,Classe,2026-09-30,62285390000140,TAB_I2D_VL_TITPUB_FED,0,77384146.82,0
62627291000108,Classe,2026-09-30,62285390000140,TAB_I2D_VL_TITPUB_FED,0,571554220.3,0
62741028000137,Classe,2026-09-30,40434681000110,TAB_I2D_VL_TITPUB_FED,0,13305302.13,0
62762366000155,Classe,2026-09-30,16695922000109,TAB_I2D_VL_TITPUB_FED,0,3429775.37,0
62772042000106,Classe,2026-09-30,24361690000172,TAB_I2D_VL_TITPUB_FED,20714.51,48261968.46,0.000429209803515752
62951957000170,Classe,2026-09-30,16695922000109,TAB_I2D_VL_TITPUB_FED,0,12371590.58,0
62966067000132,Classe,2026-09-30,40434681000110,TAB_I2D_VL_TITPUB_FED,0,37167728.83,0
62967950000147,Classe,2026-09-30,40434681000110,TAB_I2D_VL_TITPUB_FED,0,36216105.56,0
62968483000170,Classe,2026-09-30,40434681000110,TAB_I2D_VL_TITPUB_FED,0,70920259.13,0
62972105000160,Classe,2026-09-30,62285390000140,TAB_I2D_VL_TITPUB_FED,0,36678613.02,0
63098061000153,Classe,2026-09-30,16695922000109,TAB_I2D_VL_TITPUB_FED,0,31074263.33,0
63212782000142,Classe,2026-09-30,62285390000140,TAB_I2D_VL_TITPUB_FED,0,28864810.22,0
63249135000105,Classe,2026-09-30,40434681000110,TAB_I2D_VL_TITPUB_FED,0,4275300.56,0
63310209000171,Classe,2026-09-30,62285390000140,TAB_I2D_VL_TITPUB_FED,0,2066484.32,0
63322011000108,Classe,2026-09-30,62285390000140,TAB_I2D_VL_TITPUB_FED,0,633091869.24,0
63457029000117,Classe,2026-09-30,16695922000109,TAB_I2D_VL_TITPUB_FED,0,1521927.95,0
63458316000141,Classe,2026-09-30,16695922000109,TAB_I2D_VL_TITPUB_FED,0,5209807.52,0
63459064000175,Classe,2026-09-30,16695922000109,TAB_I2D_VL_TITPUB_FED,0,4021024.37,0
63516387000153,Classe,2026-09-30,62285390000140,TAB_I2D_VL_TITPUB_FED,0,88012431.05,0
63565588000140,Classe,2026-09-30,62285390000140,TAB_I2D_VL_TITPUB_FED,0,11038221.61,0
63566193000162,Classe,2026-09-30,16695922000109,TAB_I2D_VL_TITPUB_FED,0,3526305.01,0
63604811000111,Classe,2026-09-30,40434681000110,TAB_I2D_VL_TITPUB_FED,0,70913786,0
63606548000108,Classe,2026-09-30,40434681000110,TAB_I2D_VL_TITPUB_FED,0,18697883.79,0
63606839000198,Classe,2026-09-30,40434681000110,TAB_I2D_VL_TITPUB_FED,0,53070719.34,0
63622544000105,Classe,2026-09-30,16695922000109,TAB_I2D_VL_TITPUB_FED,0,1889422.1,0
63659752000189,Classe,2026-09-30,16695922000109,TAB_I2D_VL_TITPUB_FED,0,32676194.78,0
63697245000130,Classe,2026-09-30,24361690000172,TAB_I2D_VL_TITPUB_FED,8285.8,10381302.04,0.000798146510724198
63699134000162,Classe,2026-09-30,24361690000172,TAB_I2D_VL_TITPUB_FED,12428.71,19050347.65,0.000652413815660734
63709161000179,Classe,2026-09-30,40434681000110,TAB_I2D_VL_TITPUB_FED,0,108114022.35,0
63796349000100,Classe,2026-09-30,62285390000140,TAB_I2D_VL_TITPUB_FED,0,1559383.18,0
63863686000164,Classe,2026-09-30,24361690000172,TAB_I2D_VL_TITPUB_FED,0,56029882.97,0
63887027000168,Classe,2026-09-30,40434681000110,TAB_I2D_VL_TITPUB_FED,0,0,
63894672000108,Classe,2026-09-30,16695922000109,TAB_I2D_VL_TITPUB_FED,0,52775618.56,0
63938673000107,Classe,2026-09-30,62285390000140,TAB_I2D_VL_TITPUB_FED,0,106466416.63,0
63974821000149,Classe,2026-09-30,62285390000140,TAB_I2D_VL_TITPUB_FED,0,10104194.08,0
64019393000168,Classe,2026-09-30,16695922000109,TAB_I2D_VL_TITPUB_FED,0,131303425.01,0
64029467000147,Classe,2026-09-30,16695922000109,TAB_I2D_VL_TITPUB_FED,0,8921726.63,0
64039922000195,Classe,2026-09-30,62285390000140,TAB_I2D_VL_TITPUB_FED,0,56373965.98,0
64054825000171,Classe,2026-09-30,40434681000110,TAB_I2D_VL_TITPUB_FED,0,8585316.6,0
64155784000100,Classe,2026-09-30,18945670000146,TAB_I2D_VL_TITPUB_FED,0,34652149.65,0
64276414000120,Classe,2026-09-30,24361690000172,TAB_I2D_VL_TITPUB_FED,0,16216834.37,0
64276709000105,Classe,2026-09-30,24361690000172,TAB_I2D_VL_TITPUB_FED,287999.8,94297638.45,0.00305415707894645
64282009000115,Classe,2026-09-30,40434681000110,TAB_I2D_VL_TITPUB_FED,0,17845113.69,0
64291147000160,Classe,2026-09-30,62232889000190,TAB_I2D_VL_TITPUB_FED,0,21094733.09,0
64310285000140,Classe,2026-09-30,40434681000110,TAB_I2D_VL_TITPUB_FED,0,12894779.98,0
64382297000180,Classe,2026-09-30,62232889000190,TAB_I2D_VL_TITPUB_FED,0,18663049.23,0
64432874000109,Classe,2026-09-30,40434681000110,TAB_I2D_VL_TITPUB_FED,0,10668989.54,0
64530753000191,Classe,2026-09-30,24361690000172,TAB_I2D_VL_TITPUB_FED,0,4173825.76,0
64598309000108,Classe,2026-09-30,16695922000109,TAB_I2D_VL_TITPUB_FED,0,7211139.11,0
64630838000141,Classe,2026-09-30,62285390000140,TAB_I2D_VL_TITPUB_FED,0,16625447.98,0
64636877000156,Classe,2026-09-30,16695922000109,TAB_I2D_VL_TITPUB_FED,0,3183553.58,0
64637478000100,Classe,2026-09-30,00806535000154,TAB_I2D_VL_TITPUB_FED,0,76678412.72,0
64656737000140,Classe,2026-09-30,62232889000190,TAB_I2D_VL_TITPUB_FED,0,60707967.28,0
64721990000130,Classe,2026-09-30,40434681000110,TAB_I2D_VL_TITPUB_FED,0,16538673.46,0
64987557000140,Classe,2026-09-30,24361690000172,TAB_I2D_VL_TITPUB_FED,0,5181730.59,0
65014891000180,Classe,2026-09-30,40434681000110,TAB_I2D_VL_TITPUB_FED,0,1040006.34,0
65095860000100,Classe,2026-09-30,00806535000154,TAB_I2D_VL_TITPUB_FED,0,15287369,0
65190945000169,Classe,2026-09-30,40434681000110,TAB_I2D_VL_TITPUB_FED,0,15218377.48,0
65343721000140,Classe,2026-09-30,62232889000190,TAB_I2D_VL_TITPUB_FED,0,62218788.14,0
65619110000181,Classe,2026-09-30,16695922000109,TAB_I2D_VL_TITPUB_FED,0,1368681.7,0
65659857000163,Classe,2026-09-30,24361690000172,TAB_I2D_VL_TITPUB_FED,0,32634533.96,0
65675575000150,Classe,2026-09-30,62285390000140,TAB_I2D_VL_TITPUB_FED,0,7455886.05,0
65706613000194,Classe,2026-09-30,24361690000172,TAB_I2D_VL_TITPUB_FED,0,4176528.49,0
65784807000108,Classe,2026-09-30,24361690000172,TAB_I2D_VL_TITPUB_FED,0,0,
65784847000150,Classe,2026-09-30,24361690000172,TAB_I2D_VL_TITPUB_FED,0,220721842.85,0
65804305000100,Classe,2026-09-30,62232889000190,TAB_I2D_VL_TITPUB_FED,0,11090720.1,0
65804737000102,Classe,2026-09-30,00806535000154,TAB_I2D_VL_TITPUB_FED,0,187457213,0
65900819000150,Classe,2026-09-30,24361690000172,TAB_I2D_VL_TITPUB_FED,0,2674536.93,0
66004736000146,Classe,2026-09-30,16695922000109,TAB_I2D_VL_TITPUB_FED,0,42617426.99,0
66107567000170,Classe,2026-09-30,40434681000110,TAB_I2D_VL_TITPUB_FED,0,2094774.86,0
66146849000186,Classe,2026-09-30,24361690000172,TAB_I2D_VL_TITPUB_FED,0,9416027.71,0
66147948000182,Classe,2026-09-30,24361690000172,TAB_I2D_VL_TITPUB_FED,0,2521051.44,0
66188571000100,Classe,2026-09-30,40434681000110,TAB_I2D_VL_TITPUB_FED,0,1055012.15,0
66226431000189,Classe,2026-09-30,62232889000190,TAB_I2D_VL_TITPUB_FED,0,583357.95,0
66247874000156,Classe,2026-09-30,40434681000110,TAB_I2D_VL_TITPUB_FED,0,27781907.34,0
66279914000141,Classe,2026-09-30,24361690000172,TAB_I2D_VL_TITPUB_FED,0,34667862.43,0
66289666000110,Classe,2026-09-30,62285390000140,TAB_I2D_VL_TITPUB_FED,0,4943170.02,0
66320254000103,Classe,2026-09-30,62285390000140,TAB_I2D_VL_TITPUB_FED,0,104390059.63,0
66575588000110,Classe,2026-09-30,62285390000140,TAB_I2D_VL_TITPUB_FED,0,95068964.05,0
66584882000198,Classe,2026-09-30,62285390000140,TAB_I2D_VL_TITPUB_FED,42378.9,5226156.27,0.00810899977164288
66589036000160,Classe,2026-09-30,62285390000140,TAB_I2D_VL_TITPUB_FED,0,522476019.2,0
66614411000185,Classe,2026-09-30,62232889000190,TAB_I2D_VL_TITPUB_FED,0,84676374.62,0
66625873000106,Classe,2026-09-30,40434681000110,TAB_I2D_VL_TITPUB_FED,0,6042090.57,0
66687692000104,Classe,2026-09-30,62285390000140,TAB_I2D_VL_TITPUB_FED,0,44249161.16,0
66790149000120,Classe,2026-09-30,16695922000109,TAB_I2D_VL_TITPUB_FED,0,51157.61,0
66790195000129,Classe,2026-09-30,24361690000172,TAB_I2D_VL_TITPUB_FED,0,96486499.58,0
67220127000197,Classe,2026-09-30,24361690000172,TAB_I2D_VL_TITPUB_FED,0,155701365.44,0
67220139000111,Classe,2026-09-30,40434681000110,TAB_I2D_VL_TITPUB_FED,0,21701581.26,0
67851316000168,Classe,2026-09-30,62285390000140,TAB_I2D_VL_TITPUB_FED,0,78559509.19,0
67873873000180,Classe,2026-09-30,62285390000140,TAB_I2D_VL_TITPUB_FED,0,6078686.02,0
68099385000120,Classe,2026-09-30,40434681000110,TAB_I2D_VL_TITPUB_FED,0,7171562.38,0
68119920000167,Classe,2026-09-30,40434681000110,TAB_I2D_VL_TITPUB_FED,0,2012767.91,0
68234432000109,Classe,2026-09-30,40434681000110,TAB_I2D_VL_TITPUB_FED,0,6458834.8,0
68250073000175,Classe,2026-09-30,16695922000109,TAB_I2D_VL_TITPUB_FED,0,467617.25,0
68564198000170,Classe,2026-09-30,16695922000109,TAB_I2D_VL_TITPUB_FED,0,13215580.8,0
68706406000128,Classe,2026-09-30,62285390000140,TAB_I2D_VL_TITPUB_FED,0,2008326.55,0
09260031000156,Classe,2026-09-30,62285390000140,TAB_I2E_VL_CDB,0,66569700.67,0
16802124000120,Classe,2026-09-30,62285390000140,TAB_I2E_VL_CDB,0,385017818.6,0
16858989000109,Classe,2026-09-30,16695922000109,TAB_I2E_VL_CDB,0,0,
17047287000108,Classe,2026-09-30,24361690000172,TAB_I2E_VL_CDB,0,58017901.04,0
17198845000136,Classe,2026-09-30,62285390000140,TAB_I2E_VL_CDB,0,1607435228.61,0
19388377000198,Classe,2026-09-30,24361690000172,TAB_I2E_VL_CDB,0,186787082.1,0
20906292000133,Classe,2026-09-30,24361690000172,TAB_I2E_VL_CDB,0,14256208.26,0
21254441000190,Classe,2026-09-30,62285390000140,TAB_I2E_VL_CDB,0,69285668.91,0
21917325000103,Classe,2026-09-30,24361690000172,TAB_I2E_VL_CDB,0,278228784.88,0
23980344000100,Classe,2026-09-30,62285390000140,TAB_I2E_VL_CDB,0,20180937.49,0
25354121000162,Classe,2026-09-30,16695922000109,TAB_I2E_VL_CDB,0,0,
26000055000195,Classe,2026-09-30,24361690000172,TAB_I2E_VL_CDB,0,2575655.5,0
26199650000100,Classe,2026-09-30,24361690000172,TAB_I2E_VL_CDB,0,56129835.74,0
26631527000108,Fundo,2026-09-30,16695922000109,TAB_I2E_VL_CDB,0,0,
27531244000157,Classe,2026-09-30,16695922000109,TAB_I2E_VL_CDB,0,24375444.45,0
28079865000104,Classe,2026-09-30,62285390000140,TAB_I2E_VL_CDB,0,34519557.29,0
28079873000150,Classe,2026-09-30,62285390000140,TAB_I2E_VL_CDB,0,754914753.36,0
29249995000100,Classe,2026-09-30,24361690000172,TAB_I2E_VL_CDB,0,21121430.13,0
29550273000191,Classe,2026-09-30,62232889000190,TAB_I2E_VL_CDB,0,13137164.57,0
30366120000178,Classe,2026-09-30,62285390000140,TAB_I2E_VL_CDB,0,283402282.07,0
31024416000173,Classe,2026-09-30,62285390000140,TAB_I2E_VL_CDB,0,38772077.18,0
32156038000144,Classe,2026-09-30,62285390000140,TAB_I2E_VL_CDB,0,239264432.77,0
32525937000177,Classe,2026-09-30,62285390000140,TAB_I2E_VL_CDB,0,78994171.82,0
32525986000100,Classe,2026-09-30,62285390000140,TAB_I2E_VL_CDB,0,57166279.24,0
32907653000145,Classe,2026-09-30,16695922000109,TAB_I2E_VL_CDB,0,23721857.76,0
32999032000139,Classe,2026-09-30,62285390000140,TAB_I2E_VL_CDB,0,86847161.11,0
33304615000160,Classe,2026-09-30,24361690000172,TAB_I2E_VL_CDB,0,25984584.67,0
33490076000100,Classe,2026-09-30,40434681000110,TAB_I2E_VL_CDB,0,112775629.29,0
33521644000184,Classe,2026-09-30,16695922000109,TAB_I2E_VL_CDB,0,107342274.18,0
33632618000123,Classe,2026-09-30,62285390000140,TAB_I2E_VL_CDB,0,71793219.16,0
34027968000123,Classe,2026-09-30,16695922000109,TAB_I2E_VL_CDB,0,0,
34218960000144,Classe,2026-09-30,62285390000140,TAB_I2E_VL_CDB,0,110699216.44,0
34599321000176,Classe,2026-09-30,16695922000109,TAB_I2E_VL_CDB,0,107327443.81,0
35277363000153,Classe,2026-09-30,16695922000109,TAB_I2E_VL_CDB,0,218625467.39,0
35686949000171,Classe,2026-09-30,16695922000109,TAB_I2E_VL_CDB,0,20000028.24,0
35715919000146,Classe,2026-09-30,00806535000154,TAB_I2E_VL_CDB,0,877683.76,0
36113052000111,Classe,2026-09-30,62285390000140,TAB_I2E_VL_CDB,0,30888325.07,0
36420767000117,Classe,2026-09-30,62285390000140,TAB_I2E_VL_CDB,0,0.01,0
36953080000147,Classe,2026-09-30,62285390000140,TAB_I2E_VL_CDB,0,591765186.82,0
37606580000175,Fundo,2026-09-30,48967968000118,TAB_I2E_VL_CDB,0,0,
38134439000180,Classe,2026-09-30,16695922000109,TAB_I2E_VL_CDB,0,0,
39273409000117,Classe,2026-09-30,16695922000109,TAB_I2E_VL_CDB,0,31908373.53,0
39469320000120,Classe,2026-09-30,16695922000109,TAB_I2E_VL_CDB,0,70589112.12,0
39806180000139,Classe,2026-09-30,62285390000140,TAB_I2E_VL_CDB,0,234940564.57,0
39851520000143,Classe,2026-09-30,24361690000172,TAB_I2E_VL_CDB,0,9548514.77,0
40226175000136,Classe,2026-09-30,48967968000118,TAB_I2E_VL_CDB,0,0,
40902151000150,Classe,2026-09-30,62285390000140,TAB_I2E_VL_CDB,0,44635945.31,0
40989019000127,Classe,2026-09-30,62285390000140,TAB_I2E_VL_CDB,0,102218150.05,0
41096982000144,Classe,2026-09-30,62285390000140,TAB_I2E_VL_CDB,0,233994295.26,0
41251476000182,Classe,2026-09-30,62285390000140,TAB_I2E_VL_CDB,0,66473881.51,0
41341232000190,Classe,2026-09-30,40434681000110,TAB_I2E_VL_CDB,0,26070049.35,0
41351648000190,Classe,2026-09-30,62285390000140,TAB_I2E_VL_CDB,0,27350641.19,0
41801514000123,Classe,2026-09-30,62232889000190,TAB_I2E_VL_CDB,0,191359157.31,0
41992676000196,Classe,2026-09-30,62285390000140,TAB_I2E_VL_CDB,0,398303380.63,0
42031108000191,Classe,2026-09-30,16695922000109,TAB_I2E_VL_CDB,0,4101455.27,0
42067232000107,Classe,2026-09-30,62285390000140,TAB_I2E_VL_CDB,0,56405549.84,0
42196288000161,Classe,2026-09-30,62285390000140,TAB_I2E_VL_CDB,0,402204455.56,0
42336359000184,Classe,2026-09-30,62285390000140,TAB_I2E_VL_CDB,0,65983527.9,0
42533772000139,Classe,2026-09-30,62285390000140,TAB_I2E_VL_CDB,0,264447311.91,0
42867211000176,Fundo,2026-09-30,16695922000109,TAB_I2E_VL_CDB,0,0,
43122353000177,Classe,2026-09-30,24361690000172,TAB_I2E_VL_CDB,0,13498884.09,0
43236160000147,Classe,2026-09-30,62285390000140,TAB_I2E_VL_CDB,0,219213182.07,0
43702427000144,Classe,2026-09-30,24361690000172,TAB_I2E_VL_CDB,0,15452112.05,0
44173512000125,Classe,2026-09-30,62232889000190,TAB_I2E_VL_CDB,0,107817019.06,0
44395590000174,Classe,2026-09-30,62285390000140,TAB_I2E_VL_CDB,0,106838336.93,0
44414972000106,Classe,2026-09-30,40434681000110,TAB_I2E_VL_CDB,0,13303981.25,0
44415022000198,Classe,2026-09-30,40434681000110,TAB_I2E_VL_CDB,0,20435638.41,0
44465412000172,Classe,2026-09-30,40434681000110,TAB_I2E_VL_CDB,0,22818609.21,0
44465521000190,Classe,2026-09-30,40434681000110,TAB_I2E_VL_CDB,0,14552289.72,0
44479362000182,Classe,2026-09-30,24361690000172,TAB_I2E_VL_CDB,0,0,
44585152000179,Classe,2026-09-30,40434681000110,TAB_I2E_VL_CDB,0,15947146.6,0
44585499000111,Classe,2026-09-30,40434681000110,TAB_I2E_VL_CDB,0,20652481.01,0
44680424000110,Classe,2026-09-30,16695922000109,TAB_I2E_VL_CDB,0,51797194.94,0
44680449000113,Classe,2026-09-30,16695922000109,TAB_I2E_VL_CDB,0,6271249.58,0
44705452000144,Classe,2026-09-30,62285390000140,TAB_I2E_VL_CDB,0,45219807.93,0
44705662000132,Classe,2026-09-30,62285390000140,TAB_I2E_VL_CDB,0,22880786.18,0
45018911000184,Classe,2026-09-30,16695922000109,TAB_I2E_VL_CDB,0,0,
45019108000164,Classe,2026-09-30,16695922000109,TAB_I2E_VL_CDB,0,14194939.69,0
45521676000169,Classe,2026-09-30,16695922000109,TAB_I2E_VL_CDB,0,417963812.9,0
45525150000157,Classe,2026-09-30,62285390000140,TAB_I2E_VL_CDB,0,5508330.3,0
45721977000136,Classe,2026-09-30,16695922000109,TAB_I2E_VL_CDB,0,52722819.3,0
45756256000161,Classe,2026-09-30,62285390000140,TAB_I2E_VL_CDB,0,30834767.44,0
45777614000112,Classe,2026-09-30,62285390000140,TAB_I2E_VL_CDB,0,47178241.49,0
45880798000141,Fundo,2026-09-30,24361690000172,TAB_I2E_VL_CDB,0,0,
45899684000143,Classe,2026-09-30,16695922000109,TAB_I2E_VL_CDB,0,133.14,0
45899975000131,Classe,2026-09-30,16695922000109,TAB_I2E_VL_CDB,0,0,
46098515000177,Classe,2026-09-30,40434681000110,TAB_I2E_VL_CDB,0,68314233.29,0
46098560000121,Classe,2026-09-30,40434681000110,TAB_I2E_VL_CDB,0,110436029.06,0
46322877000108,Classe,2026-09-30,62232889000190,TAB_I2E_VL_CDB,0,29498722.37,0
46449843000170,Classe,2026-09-30,62232889000190,TAB_I2E_VL_CDB,0,301052919.76,0
46766050000185,Classe,2026-09-30,62285390000140,TAB_I2E_VL_CDB,0,265187169.15,0
47094392000169,Classe,2026-09-30,16695922000109,TAB_I2E_VL_CDB,0,1370067130.53,0
47167918000193,Classe,2026-09-30,62285390000140,TAB_I2E_VL_CDB,0,145932768.51,0
47168002000158,Classe,2026-09-30,62285390000140,TAB_I2E_VL_CDB,0,20444595.65,0
47410102000149,Classe,2026-09-30,62232889000190,TAB_I2E_VL_CDB,0,92133165.72,0
47410122000110,Classe,2026-09-30,62232889000190,TAB_I2E_VL_CDB,0,57174589.81,0
47425860000130,Classe,2026-09-30,24361690000172,TAB_I2E_VL_CDB,0,6719515.44,0
47463381000109,Classe,2026-09-30,62232889000190,TAB_I2E_VL_CDB,0,160406214.06,0
47465008000197,Classe,2026-09-30,16695922000109,TAB_I2E_VL_CDB,0,4109931.65,0
47640501000104,Classe,2026-09-30,40434681000110,TAB_I2E_VL_CDB,0,52724561.55,0
47669160000191,Classe,2026-09-30,40434681000110,TAB_I2E_VL_CDB,0,4034168.62,0
47669241000191,Classe,2026-09-30,40434681000110,TAB_I2E_VL_CDB,0,2360663.23,0
47669306000107,Classe,2026-09-30,40434681000110,TAB_I2E_VL_CDB,0,2848544.78,0
47715992000105,Classe,2026-09-30,62285390000140,TAB_I2E_VL_CDB,0,26730267.98,0
47731522000127,Classe,2026-09-30,40434681000110,TAB_I2E_VL_CDB,0,3593327.14,0
48181830000199,Classe,2026-09-30,62232889000190,TAB_I2E_VL_CDB,0,236462863.02,0
48213067000130,Classe,2026-09-30,24361690000172,TAB_I2E_VL_CDB,0,132354124.58,0
48213253000170,Classe,2026-09-30,40434681000110,TAB_I2E_VL_CDB,0,16064089.17,0
48279539000158,Classe,2026-09-30,62232889000190,TAB_I2E_VL_CDB,0,244767823.8,0
48313744000192,Classe,2026-09-30,62285390000140,TAB_I2E_VL_CDB,0,84296208.35,0
48357311000139,Classe,2026-09-30,16695922000109,TAB_I2E_VL_CDB,0,0,
48502650000161,Classe,2026-09-30,16695922000109,TAB_I2E_VL_CDB,0,32662478.15,0
49000918000120,Classe,2026-09-30,62285390000140,TAB_I2E_VL_CDB,0,9831568.8,0
49087632000123,Classe,2026-09-30,24361690000172,TAB_I2E_VL_CDB,0,0,
49141366000170,Classe,2026-09-30,40434681000110,TAB_I2E_VL_CDB,0,29882695.1,0
49220648000162,Classe,2026-09-30,62285390000140,TAB_I2E_VL_CDB,0,211130068.9,0
49223648000116,Classe,2026-09-30,16695922000109,TAB_I2E_VL_CDB,0,0,
49261110000104,Classe,2026-09-30,40434681000110,TAB_I2E_VL_CDB,0,6670203.14,0
49275773000170,Classe,2026-09-30,24361690000172,TAB_I2E_VL_CDB,0,0,
49460350000120,Classe,2026-09-30,24361690000172,TAB_I2E_VL_CDB,0,63191969.88,0
49466992000136,Classe,2026-09-30,24361690000172,TAB_I2E_VL_CDB,0,3171457.12,0
49815200000191,Classe,2026-09-30,00806535000154,TAB_I2E_VL_CDB,0,81255139.25,0
49916055000135,Classe,2026-09-30,62285390000140,TAB_I2E_VL_CDB,0,95319638.67,0
49916151000183,Classe,2026-09-30,62285390000140,TAB_I2E_VL_CDB,0,1246650258.2,0
49934838000141,Classe,2026-09-30,16695922000109,TAB_I2E_VL_CDB,0,42102752.88,0
50041351000119,Classe,2026-09-30,62232889000190,TAB_I2E_VL_CDB,0,6627365.67,0
50133597000110,Classe,2026-09-30,16695922000109,TAB_I2E_VL_CDB,0,0,
50153414000129,Classe,2026-09-30,16695922000109,TAB_I2E_VL_CDB,0,42445882.9,0
50284896000156,Classe,2026-09-30,62285390000140,TAB_I2E_VL_CDB,0,35169121.36,0
50327909000127,Classe,2026-09-30,62285390000140,TAB_I2E_VL_CDB,0,958909826.44,0
50356663000111,Classe,2026-09-30,40434681000110,TAB_I2E_VL_CDB,0,0,
50434429000165,Classe,2026-09-30,62285390000140,TAB_I2E_VL_CDB,0,85488763.83,0
50692376000182,Classe,2026-09-30,24361690000172,TAB_I2E_VL_CDB,0,5337764.75,0
50695489000131,Classe,2026-09-30,62232889000190,TAB_I2E_VL_CDB,0,23000846.3,0
50791925000176,Classe,2026-09-30,24361690000172,TAB_I2E_VL_CDB,0,15979956.48,0
50808063000147,Classe,2026-09-30,62285390000140,TAB_I2E_VL_CDB,0,71761766.49,0
50818107000110,Classe,2026-09-30,16695922000109,TAB_I2E_VL_CDB,0,0,
50823781000192,Classe,2026-09-30,24361690000172,TAB_I2E_VL_CDB,0,0,
50824501000160,Classe,2026-09-30,24361690000172,TAB_I2E_VL_CDB,0,33154854.24,0
50946637000143,Fundo,2026-09-30,16695922000109,TAB_I2E_VL_CDB,0,14685951.61,0
50948197000163,Classe,2026-09-30,16695922000109,TAB_I2E_VL_CDB,0,0,
51027087000121,Classe,2026-09-30,62285390000140,TAB_I2E_VL_CDB,0,51294778.46,0
51119641000109,Classe,2026-09-30,24361690000172,TAB_I2E_VL_CDB,0,0,
51253601000147,Classe,2026-09-30,24361690000172,TAB_I2E_VL_CDB,0,8527522.33,0
51294885000110,Classe,2026-09-30,24361690000172,TAB_I2E_VL_CDB,0,26621555.46,0
51313788000127,Classe,2026-09-30,24361690000172,TAB_I2E_VL_CDB,0,9292864.61,0
51364521000169,Classe,2026-09-30,62285390000140,TAB_I2E_VL_CDB,0,157185240.99,0
51382517000123,Classe,2026-09-30,16695922000109,TAB_I2E_VL_CDB,0,232898593.84,0
51388032000147,Classe,2026-09-30,40434681000110,TAB_I2E_VL_CDB,0,7466375.34,0
51476020000174,Classe,2026-09-30,62285390000140,TAB_I2E_VL_CDB,0,23198394.65,0
51497411000175,Classe,2026-09-30,62232889000190,TAB_I2E_VL_CDB,0,29064478.94,0
51555510000166,Classe,2026-09-30,24361690000172,TAB_I2E_VL_CDB,0,151901449.12,0
51581780000141,Classe,2026-09-30,40434681000110,TAB_I2E_VL_CDB,0,15878705.68,0
51730136000198,Classe,2026-09-30,40434681000110,TAB_I2E_VL_CDB,0,1680762.38,0
51731270000103,Classe,2026-09-30,24361690000172,TAB_I2E_VL_CDB,0,13092220.39,0
51781164000134,Classe,2026-09-30,40434681000110,TAB_I2E_VL_CDB,0,2462881.88,0
51863167000117,Fundo,2026-09-30,40434681000110,TAB_I2E_VL_CDB,0,0,
52043752000133,Classe,2026-09-30,40434681000110,TAB_I2E_VL_CDB,0,945512.35,0
52069691000183,Classe,2026-09-30,16695922000109,TAB_I2E_VL_CDB,0,744705551.05,0
52098409000196,Classe,2026-09-30,62232889000190,TAB_I2E_VL_CDB,0,42238393.21,0
52115758000179,Classe,2026-09-30,22610500000188,TAB_I2E_VL_CDB,0,155897808.64,0
52148267000124,Classe,2026-09-30,62232889000190,TAB_I2E_VL_CDB,0,165424650.75,0
52200741000110,Classe,2026-09-30,24361690000172,TAB_I2E_VL_CDB,0,180076557.41,0
52200745000106,Classe,2026-09-30,24361690000172,TAB_I2E_VL_CDB,0,31689542.08,0
52258572000179,Classe,2026-09-30,62232889000190,TAB_I2E_VL_CDB,0,51393959.64,0
52287219000117,Classe,2026-09-30,00806535000154,TAB_I2E_VL_CDB,0,74213694.7,0
52348286000102,Classe,2026-09-30,16695922000109,TAB_I2E_VL_CDB,0,0,
52430088000185,Classe,2026-09-30,62285390000140,TAB_I2E_VL_CDB,0,3232578.1,0
52511370000197,Classe,2026-09-30,62232889000190,TAB_I2E_VL_CDB,0,36844416.61,0
52511479000124,Classe,2026-09-30,62232889000190,TAB_I2E_VL_CDB,0,52683010.92,0
52607408000120,Classe,2026-09-30,62285390000140,TAB_I2E_VL_CDB,0,8873079.93,0
52719781000172,Classe,2026-09-30,16695922000109,TAB_I2E_VL_CDB,0,63643509.59,0
52756013000199,Classe,2026-09-30,62285390000140,TAB_I2E_VL_CDB,0,599569269.23,0
52989090000199,Classe,2026-09-30,62285390000140,TAB_I2E_VL_CDB,0,925416808.85,0
53030737000113,Classe,2026-09-30,40434681000110,TAB_I2E_VL_CDB,0,66709492.17,0
53032513000140,Classe,2026-09-30,62285390000140,TAB_I2E_VL_CDB,0,11989586.37,0
53109835000140,Classe,2026-09-30,62232889000190,TAB_I2E_VL_CDB,0,113730124.2,0
53121758000144,Classe,2026-09-30,62285390000140,TAB_I2E_VL_CDB,0,86108979.22,0
53214754000100,Classe,2026-09-30,62285390000140,TAB_I2E_VL_CDB,0,1022813.91,0
53292327000140,Classe,2026-09-30,16695922000109,TAB_I2E_VL_CDB,0,29152140.96,0
53323818000101,Classe,2026-09-30,16695922000109,TAB_I2E_VL_CDB,0,2397330.02,0
53577135000180,Classe,2026-09-30,62285390000140,TAB_I2E_VL_CDB,0,230074882.99,0
53604320000117,Classe,2026-09-30,24361690000172,TAB_I2E_VL_CDB,0,108306823.83,0
53640662000192,Classe,2026-09-30,40434681000110,TAB_I2E_VL_CDB,0,18055886.91,0
53765941000182,Classe,2026-09-30,24361690000172,TAB_I2E_VL_CDB,0,15909803.89,0
53822280000180,Classe,2026-09-30,16695922000109,TAB_I2E_VL_CDB,0,0,
53841740000117,Classe,2026-09-30,62285390000140,TAB_I2E_VL_CDB,0,1811838521.15,0
53872780000126,Classe,2026-09-30,00806535000154,TAB_I2E_VL_CDB,0,174836061.64,0
53880657000157,Classe,2026-09-30,62285390000140,TAB_I2E_VL_CDB,0,187972729.96,0
54071756000150,Classe,2026-09-30,62285390000140,TAB_I2E_VL_CDB,0,92242709.77,0
54083491000100,Classe,2026-09-30,62232889000190,TAB_I2E_VL_CDB,0,56200602.2,0
54111764000183,Classe,2026-09-30,62285390000140,TAB_I2E_VL_CDB,0,71860520,0
54148306000119,Classe,2026-09-30,16695922000109,TAB_I2E_VL_CDB,0,0,
54379696000138,Classe,2026-09-30,16695922000109,TAB_I2E_VL_CDB,0,10663721.65,0
54495443000120,Classe,2026-09-30,62285390000140,TAB_I2E_VL_CDB,0,190321521.43,0
54585485000151,Classe,2026-09-30,16695922000109,TAB_I2E_VL_CDB,0,13393221.26,0
54585643000173,Classe,2026-09-30,24361690000172,TAB_I2E_VL_CDB,0,0,
54857414000160,Classe,2026-09-30,24361690000172,TAB_I2E_VL_CDB,0,103236110.19,0
54976450000143,Classe,2026-09-30,62232889000190,TAB_I2E_VL_CDB,0,18401536.57,0
54976534000187,Classe,2026-09-30,62285390000140,TAB_I2E_VL_CDB,0,48975213.89,0
55074368000196,Classe,2026-09-30,24361690000172,TAB_I2E_VL_CDB,0,52441436.13,0
55175561000113,Classe,2026-09-30,62285390000140,TAB_I2E_VL_CDB,0,124189403.94,0
55296116000101,Classe,2026-09-30,62285390000140,TAB_I2E_VL_CDB,0,35491936.06,0
55331747000114,Classe,2026-09-30,00806535000154,TAB_I2E_VL_CDB,0,10962368.51,0
55364405000109,Classe,2026-09-30,62232889000190,TAB_I2E_VL_CDB,0,34740289.13,0
55401645000128,Classe,2026-09-30,62285390000140,TAB_I2E_VL_CDB,0,206205229.25,0
55445774000118,Classe,2026-09-30,24361690000172,TAB_I2E_VL_CDB,0,25465404.04,0
55466785000184,Classe,2026-09-30,00806535000154,TAB_I2E_VL_CDB,0,68690069.2,0
55483719000112,Classe,2026-09-30,62285390000140,TAB_I2E_VL_CDB,0,28790922.03,0
55508226000190,Classe,2026-09-30,62285390000140,TAB_I2E_VL_CDB,0,43372994.81,0
55523204000107,Classe,2026-09-30,24361690000172,TAB_I2E_VL_CDB,0,116106919.03,0
55595058000117,Classe,2026-09-30,62232889000190,TAB_I2E_VL_CDB,0,482276088.06,0
55595705000190,Classe,2026-09-30,62232889000190,TAB_I2E_VL_CDB,0,70778730.42,0
55626390000100,Classe,2026-09-30,40434681000110,TAB_I2E_VL_CDB,0,0,
55636084000146,Classe,2026-09-30,62285390000140,TAB_I2E_VL_CDB,0,33495966.38,0
55690923000104,Classe,2026-09-30,40434681000110,TAB_I2E_VL_CDB,0,1950470.13,0
55706529000117,Classe,2026-09-30,16695922000109,TAB_I2E_VL_CDB,0,0,
55747288000154,Classe,2026-09-30,40434681000110,TAB_I2E_VL_CDB,0,6516117.27,0
55790118000152,Classe,2026-09-30,40434681000110,TAB_I2E_VL_CDB,0,16929975.02,0
55798735000102,Classe,2026-09-30,40434681000110,TAB_I2E_VL_CDB,0,3368133.16,0
55914922000104,Classe,2026-09-30,62285390000140,TAB_I2E_VL_CDB,0,27777592.82,0
56030860000122,Classe,2026-09-30,62285390000140,TAB_I2E_VL_CDB,0,3482532.47,0
56073212000153,Classe,2026-09-30,62285390000140,TAB_I2E_VL_CDB,0,41436527.62,0
56075525000140,Classe,2026-09-30,24361690000172,TAB_I2E_VL_CDB,0,85457280.73,0
56125191000172,Classe,2026-09-30,62285390000140,TAB_I2E_VL_CDB,0,30575721.13,0
56822599000101,Classe,2026-09-30,62232889000190,TAB_I2E_VL_CDB,0,11722586.09,0
56912548000162,Classe,2026-09-30,40434681000110,TAB_I2E_VL_CDB,0,15148164.99,0
56924942000110,Classe,2026-09-30,62285390000140,TAB_I2E_VL_CDB,0,2929042166.98,0
56975898000178,Classe,2026-09-30,62285390000140,TAB_I2E_VL_CDB,0,7591011.45,0
56986018000169,Classe,2026-09-30,40434681000110,TAB_I2E_VL_CDB,0,88316793.37,0
57053395000108,Classe,2026-09-30,24361690000172,TAB_I2E_VL_CDB,0,77142611.03,0
57088363000148,Classe,2026-09-30,62232889000190,TAB_I2E_VL_CDB,0,107150785.19,0
57127130000107,Classe,2026-09-30,62285390000140,TAB_I2E_VL_CDB,0,1667472.66,0
57140603000106,Classe,2026-09-30,24361690000172,TAB_I2E_VL_CDB,0,103873920.52,0
57182384000128,Classe,2026-09-30,62232889000190,TAB_I2E_VL_CDB,0,24168385.05,0
57224939000157,Classe,2026-09-30,62285390000140,TAB_I2E_VL_CDB,0,91722215.04,0
57270666000187,Classe,2026-09-30,24361690000172,TAB_I2E_VL_CDB,0,53677579.12,0
57325152000181,Classe,2026-09-30,62285390000140,TAB_I2E_VL_CDB,0,22290875.45,0
57340272000158,Classe,2026-09-30,62285390000140,TAB_I2E_VL_CDB,0,57536127.43,0
57378463000109,Classe,2026-09-30,24361690000172,TAB_I2E_VL_CDB,0,157614044.44,0
57391433000132,Classe,2026-09-30,62232889000190,TAB_I2E_VL_CDB,0,49712588.71,0
57391980000118,Classe,2026-09-30,62232889000190,TAB_I2E_VL_CDB,0,22050316.28,0
57441997000132,Classe,2026-09-30,16695922000109,TAB_I2E_VL_CDB,0,0,
57533260000140,Classe,2026-09-30,62285390000140,TAB_I2E_VL_CDB,0,28244900.14,0
57584175000100,Classe,2026-09-30,62232889000190,TAB_I2E_VL_CDB,0,20254835.77,0
57584525000139,Classe,2026-09-30,62232889000190,TAB_I2E_VL_CDB,0,55430322.6,0
57585602000175,Classe,2026-09-30,40434681000110,TAB_I2E_VL_CDB,0,4646703.06,0
57691078000117,Classe,2026-09-30,39669186000101,TAB_I2E_VL_CDB,0,0,
57740051000177,Classe,2026-09-30,16695922000109,TAB_I2E_VL_CDB,0,65504535.38,0
57752597000148,Classe,2026-09-30,24361690000172,TAB_I2E_VL_CDB,0,56518593.63,0
57821748000172,Classe,2026-09-30,40434681000110,TAB_I2E_VL_CDB,0,12156523.97,0
57823707000115,Classe,2026-09-30,62285390000140,TAB_I2E_VL_CDB,0,184635320.27,0
57888289000144,Classe,2026-09-30,40434681000110,TAB_I2E_VL_CDB,0,13063095.63,0
57998329000100,Classe,2026-09-30,40434681000110,TAB_I2E_VL_CDB,0,18571674.27,0
58036896000149,Classe,2026-09-30,24361690000172,TAB_I2E_VL_CDB,0,327823655.05,0
58114311000161,Classe,2026-09-30,24361690000172,TAB_I2E_VL_CDB,0,53839267.32,0
58114447000171,Classe,2026-09-30,16695922000109,TAB_I2E_VL_CDB,0,0,
58157393000121,Classe,2026-09-30,16695922000109,TAB_I2E_VL_CDB,0,10298071.24,0
58238421000135,Classe,2026-09-30,40434681000110,TAB_I2E_VL_CDB,0,9247560.85,0
58307031000170,Classe,2026-09-30,24361690000172,TAB_I2E_VL_CDB,0,3025801.4,0
58364147000140,Classe,2026-09-30,62285390000140,TAB_I2E_VL_CDB,0,11614722.97,0
58423669000176,Classe,2026-09-30,16695922000109,TAB_I2E_VL_CDB,0,0,
58482694000120,Classe,2026-09-30,24361690000172,TAB_I2E_VL_CDB,0,78555151.67,0
58559343000170,Classe,2026-09-30,16695922000109,TAB_I2E_VL_CDB,0,0,
58731626000158,Classe,2026-09-30,62232889000190,TAB_I2E_VL_CDB,0,36440153.82,0
58900579000129,Classe,2026-09-30,62285390000140,TAB_I2E_VL_CDB,0,4361736649.14,0
58922423000149,Classe,2026-09-30,24361690000172,TAB_I2E_VL_CDB,0,164915566.23,0
58944590000190,Classe,2026-09-30,18945670000146,TAB_I2E_VL_CDB,0,66648291.41,0
58954874000168,Classe,2026-09-30,16695922000109,TAB_I2E_VL_CDB,0,43790932.19,0
59291327000102,Classe,2026-09-30,24361690000172,TAB_I2E_VL_CDB,0,13441044.03,0
59357545000100,Classe,2026-09-30,16695922000109,TAB_I2E_VL_CDB,0,6570014.14,0
59400011000101,Classe,2026-09-30,62232889000190,TAB_I2E_VL_CDB,0,6231909.27,0
59400337000139,Classe,2026-09-30,16695922000109,TAB_I2E_VL_CDB,0,385504148.13,0
59657112000162,Classe,2026-09-30,18945670000146,TAB_I2E_VL_CDB,0,13280527.92,0
59710430000140,Classe,2026-09-30,40434681000110,TAB_I2E_VL_CDB,0,19899545.33,0
59843866000107,Classe,2026-09-30,62285390000140,TAB_I2E_VL_CDB,0,156048447.82,0
59870750000167,Classe,2026-09-30,40434681000110,TAB_I2E_VL_CDB,0,63685360.76,0
59936269000127,Classe,2026-09-30,24361690000172,TAB_I2E_VL_CDB,0,4451056.67,0
60043514000156,Classe,2026-09-30,40434681000110,TAB_I2E_VL_CDB,0,45146062.15,0
60058603000176,Classe,2026-09-30,62285390000140,TAB_I2E_VL_CDB,0,52817033.37,0
60078440000193,Classe,2026-09-30,24361690000172,TAB_I2E_VL_CDB,0,34949346.91,0
60079965000143,Classe,2026-09-30,40434681000110,TAB_I2E_VL_CDB,0,25198.34,0
60095481000198,Classe,2026-09-30,62232889000190,TAB_I2E_VL_CDB,0,40027535.27,0
60115778000178,Classe,2026-09-30,24361690000172,TAB_I2E_VL_CDB,0,45737474.08,0
60282653000132,Classe,2026-09-30,16695922000109,TAB_I2E_VL_CDB,0,0,
60331197000173,Classe,2026-09-30,24361690000172,TAB_I2E_VL_CDB,0,1442949.1,0
60368384000121,Classe,2026-09-30,24361690000172,TAB_I2E_VL_CDB,0,23557756.87,0
60369537000155,Classe,2026-09-30,62285390000140,TAB_I2E_VL_CDB,0,135433048.21,0
60369959000120,Classe,2026-09-30,62285390000140,TAB_I2E_VL_CDB,0,19220089.45,0
60401316000117,Classe,2026-09-30,62285390000140,TAB_I2E_VL_CDB,0,37111740.58,0
60604288000135,Classe,2026-09-30,40434681000110,TAB_I2E_VL_CDB,0,9247991.82,0
60606404000155,Classe,2026-09-30,18945670000146,TAB_I2E_VL_CDB,2202893.39,80747771.54,0.0272811663775607
60675473000110,Classe,2026-09-30,16695922000109,TAB_I2E_VL_CDB,0,7671955.79,0
60681487000147,Classe,2026-09-30,24361690000172,TAB_I2E_VL_CDB,0,4819208.27,0
60686437000152,Classe,2026-09-30,24361690000172,TAB_I2E_VL_CDB,0,10724800.4,0
60696087000105,Classe,2026-09-30,62285390000140,TAB_I2E_VL_CDB,0,18017967.58,0
60736775000151,Classe,2026-09-30,62285390000140,TAB_I2E_VL_CDB,0,90409359.78,0
60792713000167,Classe,2026-09-30,16695922000109,TAB_I2E_VL_CDB,0,1920513.58,0
60866189000121,Classe,2026-09-30,62285390000140,TAB_I2E_VL_CDB,0,31270914.06,0
60894511000126,Classe,2026-09-30,16695922000109,TAB_I2E_VL_CDB,0,2577649.7,0
60910091000124,Classe,2026-09-30,62285390000140,TAB_I2E_VL_CDB,0,22907959.83,0
60931216000100,Classe,2026-09-30,24361690000172,TAB_I2E_VL_CDB,0,5413345.67,0
60974918000163,Classe,2026-09-30,24361690000172,TAB_I2E_VL_CDB,0,6028359.21,0
61084525000147,Classe,2026-09-30,40434681000110,TAB_I2E_VL_CDB,0,3057713.43,0
61130895000173,Classe,2026-09-30,16695922000109,TAB_I2E_VL_CDB,0,55571359.75,0
61138429000134,Classe,2026-09-30,24361690000172,TAB_I2E_VL_CDB,0,19205540.1,0
61279682000108,Classe,2026-09-30,40434681000110,TAB_I2E_VL_CDB,0,8668267.17,0
61306033000159,Classe,2026-09-30,62285390000140,TAB_I2E_VL_CDB,0,22415269.57,0
61328619000114,Classe,2026-09-30,40434681000110,TAB_I2E_VL_CDB,0,9441819.91,0
61350212000193,Classe,2026-09-30,16695922000109,TAB_I2E_VL_CDB,0,10080398.52,0
61351481000174,Classe,2026-09-30,62285390000140,TAB_I2E_VL_CDB,0,506432844.72,0
61371110000154,Classe,2026-09-30,16695922000109,TAB_I2E_VL_CDB,0,0,
61385893000125,Classe,2026-09-30,62285390000140,TAB_I2E_VL_CDB,0,400151028.08,0
61430639000100,Classe,2026-09-30,24361690000172,TAB_I2E_VL_CDB,0,59863195.4,0
61527968000165,Classe,2026-09-30,16695922000109,TAB_I2E_VL_CDB,0,0,
61543748000125,Classe,2026-09-30,24361690000172,TAB_I2E_VL_CDB,0,14681356.02,0
61631599000156,Classe,2026-09-30,16695922000109,TAB_I2E_VL_CDB,303744719.04,425003447.2,0.714687659691058
61664240000185,Classe,2026-09-30,24361690000172,TAB_I2E_VL_CDB,0,49446322.77,0
61690116000194,Classe,2026-09-30,40434681000110,TAB_I2E_VL_CDB,0,6114482.49,0
61750443000194,Classe,2026-09-30,24361690000172,TAB_I2E_VL_CDB,0,12750767.91,0
61766813000181,Classe,2026-09-30,40434681000110,TAB_I2E_VL_CDB,0,41957419.42,0
61866286000187,Classe,2026-09-30,16695922000109,TAB_I2E_VL_CDB,0,7725106.74,0
61955311000107,Classe,2026-09-30,16695922000109,TAB_I2E_VL_CDB,0,9721565.43,0
61975703000120,Classe,2026-09-30,24361690000172,TAB_I2E_VL_CDB,0,64807715.81,0
62016007000159,Classe,2026-09-30,62285390000140,TAB_I2E_VL_CDB,0,3629674.39,0
62161418000138,Classe,2026-09-30,62285390000140,TAB_I2E_VL_CDB,0,70497102.5,0
62164403000123,Classe,2026-09-30,16695922000109,TAB_I2E_VL_CDB,0,7146138.89,0
62230042000176,Classe,2026-09-30,16695922000109,TAB_I2E_VL_CDB,0,28659234.19,0
62303024000177,Classe,2026-09-30,62232889000190,TAB_I2E_VL_CDB,0,302237026.17,0
62359337000147,Classe,2026-09-30,40434681000110,TAB_I2E_VL_CDB,0,23354126.96,0
62497138000103,Classe,2026-09-30,16695922000109,TAB_I2E_VL_CDB,0,4041792.81,0
62541630000120,Classe,2026-09-30,62232889000190,TAB_I2E_VL_CDB,0,41979103.1,0
62627243000101,Classe,2026-09-30,62285390000140,TAB_I2E_VL_CDB,0,77384146.82,0
62627291000108,Classe,2026-09-30,62285390000140,TAB_I2E_VL_CDB,0,571554220.3,0
62741028000137,Classe,2026-09-30,40434681000110,TAB_I2E_VL_CDB,0,13305302.13,0
62762366000155,Classe,2026-09-30,16695922000109,TAB_I2E_VL_CDB,0,3429775.37,0
62772042000106,Classe,2026-09-30,24361690000172,TAB_I2E_VL_CDB,0,48261968.46,0
62951957000170,Classe,2026-09-30,16695922000109,TAB_I2E_VL_CDB,0,12371590.58,0
62966067000132,Classe,2026-09-30,40434681000110,TAB_I2E_VL_CDB,0,37167728.83,0
62967950000147,Classe,2026-09-30,40434681000110,TAB_I2E_VL_CDB,0,36216105.56,0
62968483000170,Classe,2026-09-30,40434681000110,TAB_I2E_VL_CDB,0,70920259.13,0
62972105000160,Classe,2026-09-30,62285390000140,TAB_I2E_VL_CDB,0,36678613.02,0
63098061000153,Classe,2026-09-30,16695922000109,TAB_I2E_VL_CDB,0,31074263.33,0
63212782000142,Classe,2026-09-30,62285390000140,TAB_I2E_VL_CDB,0,28864810.22,0
63249135000105,Classe,2026-09-30,40434681000110,TAB_I2E_VL_CDB,0,4275300.56,0
63310209000171,Classe,2026-09-30,62285390000140,TAB_I2E_VL_CDB,0,2066484.32,0
63322011000108,Classe,2026-09-30,62285390000140,TAB_I2E_VL_CDB,0,633091869.24,0
63457029000117,Classe,2026-09-30,16695922000109,TAB_I2E_VL_CDB,0,1521927.95,0
63458316000141,Classe,2026-09-30,16695922000109,TAB_I2E_VL_CDB,0,5209807.52,0
63459064000175,Classe,2026-09-30,16695922000109,TAB_I2E_VL_CDB,0,4021024.37,0
63516387000153,Classe,2026-09-30,62285390000140,TAB_I2E_VL_CDB,0,88012431.05,0
63565588000140,Classe,2026-09-30,62285390000140,TAB_I2E_VL_CDB,0,11038221.61,0
63566193000162,Classe,2026-09-30,16695922000109,TAB_I2E_VL_CDB,0,3526305.01,0
63604811000111,Classe,2026-09-30,40434681000110,TAB_I2E_VL_CDB,0,70913786,0
63606548000108,Classe,2026-09-30,40434681000110,TAB_I2E_VL_CDB,0,18697883.79,0
63606839000198,Classe,2026-09-30,40434681000110,TAB_I2E_VL_CDB,0,53070719.34,0
63622544000105,Classe,2026-09-30,16695922000109,TAB_I2E_VL_CDB,0,1889422.1,0
63659752000189,Classe,2026-09-30,16695922000109,TAB_I2E_VL_CDB,0,32676194.78,0
63697245000130,Classe,2026-09-30,24361690000172,TAB_I2E_VL_CDB,0,10381302.04,0
63699134000162,Classe,2026-09-30,24361690000172,TAB_I2E_VL_CDB,0,19050347.65,0
63709161000179,Classe,2026-09-30,40434681000110,TAB_I2E_VL_CDB,0,108114022.35,0
63796349000100,Classe,2026-09-30,62285390000140,TAB_I2E_VL_CDB,0,1559383.18,0
63863686000164,Classe,2026-09-30,24361690000172,TAB_I2E_VL_CDB,0,56029882.97,0
63887027000168,Classe,2026-09-30,40434681000110,TAB_I2E_VL_CDB,0,0,
63894672000108,Classe,2026-09-30,16695922000109,TAB_I2E_VL_CDB,0,52775618.56,0
63938673000107,Classe,2026-09-30,62285390000140,TAB_I2E_VL_CDB,0,106466416.63,0
63974821000149,Classe,2026-09-30,62285390000140,TAB_I2E_VL_CDB,0,10104194.08,0
64019393000168,Classe,2026-09-30,16695922000109,TAB_I2E_VL_CDB,0,131303425.01,0
64029467000147,Classe,2026-09-30,16695922000109,TAB_I2E_VL_CDB,0,8921726.63,0
64039922000195,Classe,2026-09-30,62285390000140,TAB_I2E_VL_CDB,0,56373965.98,0
64054825000171,Classe,2026-09-30,40434681000110,TAB_I2E_VL_CDB,0,8585316.6,0
64155784000100,Classe,2026-09-30,18945670000146,TAB_I2E_VL_CDB,0,34652149.65,0
64276414000120,Classe,2026-09-30,24361690000172,TAB_I2E_VL_CDB,0,16216834.37,0
64276709000105,Classe,2026-09-30,24361690000172,TAB_I2E_VL_CDB,0,94297638.45,0
64282009000115,Classe,2026-09-30,40434681000110,TAB_I2E_VL_CDB,0,17845113.69,0
64291147000160,Classe,2026-09-30,62232889000190,TAB_I2E_VL_CDB,0,21094733.09,0
64310285000140,Classe,2026-09-30,40434681000110,TAB_I2E_VL_CDB,0,12894779.98,0
64382297000180,Classe,2026-09-30,62232889000190,TAB_I2E_VL_CDB,0,18663049.23,0
64432874000109,Classe,2026-09-30,40434681000110,TAB_I2E_VL_CDB,0,10668989.54,0
64530753000191,Classe,2026-09-30,24361690000172,TAB_I2E_VL_CDB,0,4173825.76,0
64598309000108,Classe,2026-09-30,16695922000109,TAB_I2E_VL_CDB,0,7211139.11,0
64630838000141,Classe,2026-09-30,62285390000140,TAB_I2E_VL_CDB,0,16625447.98,0
64636877000156,Classe,2026-09-30,16695922000109,TAB_I2E_VL_CDB,0,3183553.58,0
64637478000100,Classe,2026-09-30,00806535000154,TAB_I2E_VL_CDB,0,76678412.72,0
64656737000140,Classe,2026-09-30,62232889000190,TAB_I2E_VL_CDB,0,60707967.28,0
64721990000130,Classe,2026-09-30,40434681000110,TAB_I2E_VL_CDB,0,16538673.46,0
64987557000140,Classe,2026-09-30,24361690000172,TAB_I2E_VL_CDB,0,5181730.59,0
65014891000180,Classe,2026-09-30,40434681000110,TAB_I2E_VL_CDB,0,1040006.34,0
65095860000100,Classe,2026-09-30,00806535000154,TAB_I2E_VL_CDB,0,15287369,0
65190945000169,Classe,2026-09-30,40434681000110,TAB_I2E_VL_CDB,0,15218377.48,0
65343721000140,Classe,2026-09-30,62232889000190,TAB_I2E_VL_CDB,0,62218788.14,0
65619110000181,Classe,2026-09-30,16695922000109,TAB_I2E_VL_CDB,0,1368681.7,0
65659857000163,Classe,2026-09-30,24361690000172,TAB_I2E_VL_CDB,0,32634533.96,0
65675575000150,Classe,2026-09-30,62285390000140,TAB_I2E_VL_CDB,0,7455886.05,0
65706613000194,Classe,2026-09-30,24361690000172,TAB_I2E_VL_CDB,0,4176528.49,0
65784807000108,Classe,2026-09-30,24361690000172,TAB_I2E_VL_CDB,0,0,
65784847000150,Classe,2026-09-30,24361690000172,TAB_I2E_VL_CDB,0,220721842.85,0
65804305000100,Classe,2026-09-30,62232889000190,TAB_I2E_VL_CDB,0,11090720.1,0
65804737000102,Classe,2026-09-30,00806535000154,TAB_I2E_VL_CDB,0,187457213,0
65900819000150,Classe,2026-09-30,24361690000172,TAB_I2E_VL_CDB,0,2674536.93,0
66004736000146,Classe,2026-09-30,16695922000109,TAB_I2E_VL_CDB,0,42617426.99,0
66107567000170,Classe,2026-09-30,40434681000110,TAB_I2E_VL_CDB,0,2094774.86,0
66146849000186,Classe,2026-09-30,24361690000172,TAB_I2E_VL_CDB,0,9416027.71,0
66147948000182,Classe,2026-09-30,24361690000172,TAB_I2E_VL_CDB,0,2521051.44,0
66188571000100,Classe,2026-09-30,40434681000110,TAB_I2E_VL_CDB,0,1055012.15,0
66226431000189,Classe,2026-09-30,62232889000190,TAB_I2E_VL_CDB,0,583357.95,0
66247874000156,Classe,2026-09-30,40434681000110,TAB_I2E_VL_CDB,0,27781907.34,0
66279914000141,Classe,2026-09-30,24361690000172,TAB_I2E_VL_CDB,0,34667862.43,0
66289666000110,Classe,2026-09-30,62285390000140,TAB_I2E_VL_CDB,0,4943170.02,0
66320254000103,Classe,2026-09-30,62285390000140,TAB_I2E_VL_CDB,0,104390059.63,0
66575588000110,Classe,2026-09-30,62285390000140,TAB_I2E_VL_CDB,0,95068964.05,0
66584882000198,Classe,2026-09-30,62285390000140,TAB_I2E_VL_CDB,0,5226156.27,0
66589036000160,Classe,2026-09-30,62285390000140,TAB_I2E_VL_CDB,0,522476019.2,0
66614411000185,Classe,2026-09-30,62232889000190,TAB_I2E_VL_CDB,0,84676374.62,0
66625873000106,Classe,2026-09-30,40434681000110,TAB_I2E_VL_CDB,0,6042090.57,0
66687692000104,Classe,2026-09-30,62285390000140,TAB_I2E_VL_CDB,0,44249161.16,0
66790149000120,Classe,2026-09-30,16695922000109,TAB_I2E_VL_CDB,0,51157.61,0
66790195000129,Classe,2026-09-30,24361690000172,TAB_I2E_VL_CDB,0,96486499.58,0
67220127000197,Classe,2026-09-30,24361690000172,TAB_I2E_VL_CDB,0,155701365.44,0
67220139000111,Classe,2026-09-30,40434681000110,TAB_I2E_VL_CDB,0,21701581.26,0
67851316000168,Classe,2026-09-30,62285390000140,TAB_I2E_VL_CDB,0,78559509.19,0
67873873000180,Classe,2026-09-30,62285390000140,TAB_I2E_VL_CDB,0,6078686.02,0
68099385000120,Classe,2026-09-30,40434681000110,TAB_I2E_VL_CDB,0,7171562.38,0
68119920000167,Classe,2026-09-30,40434681000110,TAB_I2E_VL_CDB,0,2012767.91,0
68234432000109,Classe,2026-09-30,40434681000110,TAB_I2E_VL_CDB,0,6458834.8,0
68250073000175,Classe,2026-09-30,16695922000109,TAB_I2E_VL_CDB,0,467617.25,0
68564198000170,Classe,2026-09-30,16695922000109,TAB_I2E_VL_CDB,0,13215580.8,0
68706406000128,Classe,2026-09-30,62285390000140,TAB_I2E_VL_CDB,0,2008326.55,0
09260031000156,Classe,2026-09-30,62285390000140,TAB_I2F_VL_OPER_COMPROM,0,66569700.67,0
16802124000120,Classe,2026-09-30,62285390000140,TAB_I2F_VL_OPER_COMPROM,0,385017818.6,0
16858989000109,Classe,2026-09-30,16695922000109,TAB_I2F_VL_OPER_COMPROM,0,0,
17047287000108,Classe,2026-09-30,24361690000172,TAB_I2F_VL_OPER_COMPROM,0,58017901.04,0
17198845000136,Classe,2026-09-30,62285390000140,TAB_I2F_VL_OPER_COMPROM,0,1607435228.61,0
19388377000198,Classe,2026-09-30,24361690000172,TAB_I2F_VL_OPER_COMPROM,0,186787082.1,0
20906292000133,Classe,2026-09-30,24361690000172,TAB_I2F_VL_OPER_COMPROM,0,14256208.26,0
21254441000190,Classe,2026-09-30,62285390000140,TAB_I2F_VL_OPER_COMPROM,0,69285668.91,0
21917325000103,Classe,2026-09-30,24361690000172,TAB_I2F_VL_OPER_COMPROM,0,278228784.88,0
23980344000100,Classe,2026-09-30,62285390000140,TAB_I2F_VL_OPER_COMPROM,0,20180937.49,0
25354121000162,Classe,2026-09-30,16695922000109,TAB_I2F_VL_OPER_COMPROM,0,0,
26000055000195,Classe,2026-09-30,24361690000172,TAB_I2F_VL_OPER_COMPROM,0,2575655.5,0
26199650000100,Classe,2026-09-30,24361690000172,TAB_I2F_VL_OPER_COMPROM,0,56129835.74,0
26631527000108,Fundo,2026-09-30,16695922000109,TAB_I2F_VL_OPER_COMPROM,0,0,
27531244000157,Classe,2026-09-30,16695922000109,TAB_I2F_VL_OPER_COMPROM,0,24375444.45,0
28079865000104,Classe,2026-09-30,62285390000140,TAB_I2F_VL_OPER_COMPROM,0,34519557.29,0
28079873000150,Classe,2026-09-30,62285390000140,TAB_I2F_VL_OPER_COMPROM,0,754914753.36,0
29249995000100,Classe,2026-09-30,24361690000172,TAB_I2F_VL_OPER_COMPROM,0,21121430.13,0
29550273000191,Classe,2026-09-30,62232889000190,TAB_I2F_VL_OPER_COMPROM,750914.83,13137164.57,0.0571595815823749
30366120000178,Classe,2026-09-30,62285390000140,TAB_I2F_VL_OPER_COMPROM,0,283402282.07,0
31024416000173,Classe,2026-09-30,62285390000140,TAB_I2F_VL_OPER_COMPROM,0,38772077.18,0
32156038000144,Classe,2026-09-30,62285390000140,TAB_I2F_VL_OPER_COMPROM,0,239264432.77,0
32525937000177,Classe,2026-09-30,62285390000140,TAB_I2F_VL_OPER_COMPROM,0,78994171.82,0
32525986000100,Classe,2026-09-30,62285390000140,TAB_I2F_VL_OPER_COMPROM,0,57166279.24,0
32907653000145,Classe,2026-09-30,16695922000109,TAB_I2F_VL_OPER_COMPROM,0,23721857.76,0
32999032000139,Classe,2026-09-30,62285390000140,TAB_I2F_VL_OPER_COMPROM,0,86847161.11,0
33304615000160,Classe,2026-09-30,24361690000172,TAB_I2F_VL_OPER_COMPROM,0,25984584.67,0
33490076000100,Classe,2026-09-30,40434681000110,TAB_I2F_VL_OPER_COMPROM,0,112775629.29,0
33521644000184,Classe,2026-09-30,16695922000109,TAB_I2F_VL_OPER_COMPROM,0,107342274.18,0
33632618000123,Classe,2026-09-30,62285390000140,TAB_I2F_VL_OPER_COMPROM,0,71793219.16,0
34027968000123,Classe,2026-09-30,16695922000109,TAB_I2F_VL_OPER_COMPROM,0,0,
34218960000144,Classe,2026-09-30,62285390000140,TAB_I2F_VL_OPER_COMPROM,0,110699216.44,0
34599321000176,Classe,2026-09-30,16695922000109,TAB_I2F_VL_OPER_COMPROM,0,107327443.81,0
35277363000153,Classe,2026-09-30,16695922000109,TAB_I2F_VL_OPER_COMPROM,0,218625467.39,0
35686949000171,Classe,2026-09-30,16695922000109,TAB_I2F_VL_OPER_COMPROM,0,20000028.24,0
35715919000146,Classe,2026-09-30,00806535000154,TAB_I2F_VL_OPER_COMPROM,0,877683.76,0
36113052000111,Classe,2026-09-30,62285390000140,TAB_I2F_VL_OPER_COMPROM,1391579.83,30888325.07,0.045051967914944
36420767000117,Classe,2026-09-30,62285390000140,TAB_I2F_VL_OPER_COMPROM,0,0.01,0
36953080000147,Classe,2026-09-30,62285390000140,TAB_I2F_VL_OPER_COMPROM,0,591765186.82,0
37606580000175,Fundo,2026-09-30,48967968000118,TAB_I2F_VL_OPER_COMPROM,0,0,
38134439000180,Classe,2026-09-30,16695922000109,TAB_I2F_VL_OPER_COMPROM,0,0,
39273409000117,Classe,2026-09-30,16695922000109,TAB_I2F_VL_OPER_COMPROM,0,31908373.53,0
39469320000120,Classe,2026-09-30,16695922000109,TAB_I2F_VL_OPER_COMPROM,0,70589112.12,0
39806180000139,Classe,2026-09-30,62285390000140,TAB_I2F_VL_OPER_COMPROM,0,234940564.57,0
39851520000143,Classe,2026-09-30,24361690000172,TAB_I2F_VL_OPER_COMPROM,0,9548514.77,0
40226175000136,Classe,2026-09-30,48967968000118,TAB_I2F_VL_OPER_COMPROM,0,0,
40902151000150,Classe,2026-09-30,62285390000140,TAB_I2F_VL_OPER_COMPROM,0,44635945.31,0
40989019000127,Classe,2026-09-30,62285390000140,TAB_I2F_VL_OPER_COMPROM,0,102218150.05,0
41096982000144,Classe,2026-09-30,62285390000140,TAB_I2F_VL_OPER_COMPROM,0,233994295.26,0
41251476000182,Classe,2026-09-30,62285390000140,TAB_I2F_VL_OPER_COMPROM,0,66473881.51,0
41341232000190,Classe,2026-09-30,40434681000110,TAB_I2F_VL_OPER_COMPROM,0,26070049.35,0
41351648000190,Classe,2026-09-30,62285390000140,TAB_I2F_VL_OPER_COMPROM,0,27350641.19,0
41801514000123,Classe,2026-09-30,62232889000190,TAB_I2F_VL_OPER_COMPROM,0,191359157.31,0
41992676000196,Classe,2026-09-30,62285390000140,TAB_I2F_VL_OPER_COMPROM,0,398303380.63,0
42031108000191,Classe,2026-09-30,16695922000109,TAB_I2F_VL_OPER_COMPROM,0,4101455.27,0
42067232000107,Classe,2026-09-30,62285390000140,TAB_I2F_VL_OPER_COMPROM,0,56405549.84,0
42196288000161,Classe,2026-09-30,62285390000140,TAB_I2F_VL_OPER_COMPROM,0,402204455.56,0
42336359000184,Classe,2026-09-30,62285390000140,TAB_I2F_VL_OPER_COMPROM,0,65983527.9,0
42533772000139,Classe,2026-09-30,62285390000140,TAB_I2F_VL_OPER_COMPROM,0,264447311.91,0
42867211000176,Fundo,2026-09-30,16695922000109,TAB_I2F_VL_OPER_COMPROM,0,0,
43122353000177,Classe,2026-09-30,24361690000172,TAB_I2F_VL_OPER_COMPROM,0,13498884.09,0
43236160000147,Classe,2026-09-30,62285390000140,TAB_I2F_VL_OPER_COMPROM,0,219213182.07,0
43702427000144,Classe,2026-09-30,24361690000172,TAB_I2F_VL_OPER_COMPROM,0,15452112.05,0
44173512000125,Classe,2026-09-30,62232889000190,TAB_I2F_VL_OPER_COMPROM,0,107817019.06,0
44395590000174,Classe,2026-09-30,62285390000140,TAB_I2F_VL_OPER_COMPROM,0,106838336.93,0
44414972000106,Classe,2026-09-30,40434681000110,TAB_I2F_VL_OPER_COMPROM,0,13303981.25,0
44415022000198,Classe,2026-09-30,40434681000110,TAB_I2F_VL_OPER_COMPROM,0,20435638.41,0
44465412000172,Classe,2026-09-30,40434681000110,TAB_I2F_VL_OPER_COMPROM,0,22818609.21,0
44465521000190,Classe,2026-09-30,40434681000110,TAB_I2F_VL_OPER_COMPROM,0,14552289.72,0
44479362000182,Classe,2026-09-30,24361690000172,TAB_I2F_VL_OPER_COMPROM,0,0,
44585152000179,Classe,2026-09-30,40434681000110,TAB_I2F_VL_OPER_COMPROM,0,15947146.6,0
44585499000111,Classe,2026-09-30,40434681000110,TAB_I2F_VL_OPER_COMPROM,0,20652481.01,0
44680424000110,Classe,2026-09-30,16695922000109,TAB_I2F_VL_OPER_COMPROM,0,51797194.94,0
44680449000113,Classe,2026-09-30,16695922000109,TAB_I2F_VL_OPER_COMPROM,0,6271249.58,0
44705452000144,Classe,2026-09-30,62285390000140,TAB_I2F_VL_OPER_COMPROM,0,45219807.93,0
44705662000132,Classe,2026-09-30,62285390000140,TAB_I2F_VL_OPER_COMPROM,0,22880786.18,0
45018911000184,Classe,2026-09-30,16695922000109,TAB_I2F_VL_OPER_COMPROM,0,0,
45019108000164,Classe,2026-09-30,16695922000109,TAB_I2F_VL_OPER_COMPROM,0,14194939.69,0
45521676000169,Classe,2026-09-30,16695922000109,TAB_I2F_VL_OPER_COMPROM,0,417963812.9,0
45525150000157,Classe,2026-09-30,62285390000140,TAB_I2F_VL_OPER_COMPROM,0,5508330.3,0
45721977000136,Classe,2026-09-30,16695922000109,TAB_I2F_VL_OPER_COMPROM,0,52722819.3,0
45756256000161,Classe,2026-09-30,62285390000140,TAB_I2F_VL_OPER_COMPROM,0,30834767.44,0
45777614000112,Classe,2026-09-30,62285390000140,TAB_I2F_VL_OPER_COMPROM,0,47178241.49,0
45880798000141,Fundo,2026-09-30,24361690000172,TAB_I2F_VL_OPER_COMPROM,0,0,
45899684000143,Classe,2026-09-30,16695922000109,TAB_I2F_VL_OPER_COMPROM,0,133.14,0
45899975000131,Classe,2026-09-30,16695922000109,TAB_I2F_VL_OPER_COMPROM,0,0,
46098515000177,Classe,2026-09-30,40434681000110,TAB_I2F_VL_OPER_COMPROM,0,68314233.29,0
46098560000121,Classe,2026-09-30,40434681000110,TAB_I2F_VL_OPER_COMPROM,0,110436029.06,0
46322877000108,Classe,2026-09-30,62232889000190,TAB_I2F_VL_OPER_COMPROM,0,29498722.37,0
46449843000170,Classe,2026-09-30,62232889000190,TAB_I2F_VL_OPER_COMPROM,0,301052919.76,0
46766050000185,Classe,2026-09-30,62285390000140,TAB_I2F_VL_OPER_COMPROM,0,265187169.15,0
47094392000169,Classe,2026-09-30,16695922000109,TAB_I2F_VL_OPER_COMPROM,0,1370067130.53,0
47167918000193,Classe,2026-09-30,62285390000140,TAB_I2F_VL_OPER_COMPROM,0,145932768.51,0
47168002000158,Classe,2026-09-30,62285390000140,TAB_I2F_VL_OPER_COMPROM,0,20444595.65,0
47410102000149,Classe,2026-09-30,62232889000190,TAB_I2F_VL_OPER_COMPROM,0,92133165.72,0
47410122000110,Classe,2026-09-30,62232889000190,TAB_I2F_VL_OPER_COMPROM,0,57174589.81,0
47425860000130,Classe,2026-09-30,24361690000172,TAB_I2F_VL_OPER_COMPROM,0,6719515.44,0
47463381000109,Classe,2026-09-30,62232889000190,TAB_I2F_VL_OPER_COMPROM,0,160406214.06,0
47465008000197,Classe,2026-09-30,16695922000109,TAB_I2F_VL_OPER_COMPROM,0,4109931.65,0
47640501000104,Classe,2026-09-30,40434681000110,TAB_I2F_VL_OPER_COMPROM,0,52724561.55,0
47669160000191,Classe,2026-09-30,40434681000110,TAB_I2F_VL_OPER_COMPROM,0,4034168.62,0
47669241000191,Classe,2026-09-30,40434681000110,TAB_I2F_VL_OPER_COMPROM,0,2360663.23,0
47669306000107,Classe,2026-09-30,40434681000110,TAB_I2F_VL_OPER_COMPROM,0,2848544.78,0
47715992000105,Classe,2026-09-30,62285390000140,TAB_I2F_VL_OPER_COMPROM,0,26730267.98,0
47731522000127,Classe,2026-09-30,40434681000110,TAB_I2F_VL_OPER_COMPROM,0,3593327.14,0
48181830000199,Classe,2026-09-30,62232889000190,TAB_I2F_VL_OPER_COMPROM,0,236462863.02,0
48213067000130,Classe,2026-09-30,24361690000172,TAB_I2F_VL_OPER_COMPROM,0,132354124.58,0
48213253000170,Classe,2026-09-30,40434681000110,TAB_I2F_VL_OPER_COMPROM,0,16064089.17,0
48279539000158,Classe,2026-09-30,62232889000190,TAB_I2F_VL_OPER_COMPROM,0,244767823.8,0
48313744000192,Classe,2026-09-30,62285390000140,TAB_I2F_VL_OPER_COMPROM,0,84296208.35,0
48357311000139,Classe,2026-09-30,16695922000109,TAB_I2F_VL_OPER_COMPROM,0,0,
48502650000161,Classe,2026-09-30,16695922000109,TAB_I2F_VL_OPER_COMPROM,0,32662478.15,0
49000918000120,Classe,2026-09-30,62285390000140,TAB_I2F_VL_OPER_COMPROM,0,9831568.8,0
49087632000123,Classe,2026-09-30,24361690000172,TAB_I2F_VL_OPER_COMPROM,0,0,
49141366000170,Classe,2026-09-30,40434681000110,TAB_I2F_VL_OPER_COMPROM,0,29882695.1,0
49220648000162,Classe,2026-09-30,62285390000140,TAB_I2F_VL_OPER_COMPROM,0,211130068.9,0
49223648000116,Classe,2026-09-30,16695922000109,TAB_I2F_VL_OPER_COMPROM,0,0,
49261110000104,Classe,2026-09-30,40434681000110,TAB_I2F_VL_OPER_COMPROM,0,6670203.14,0
49275773000170,Classe,2026-09-30,24361690000172,TAB_I2F_VL_OPER_COMPROM,0,0,
49460350000120,Classe,2026-09-30,24361690000172,TAB_I2F_VL_OPER_COMPROM,0,63191969.88,0
49466992000136,Classe,2026-09-30,24361690000172,TAB_I2F_VL_OPER_COMPROM,0,3171457.12,0
49815200000191,Classe,2026-09-30,00806535000154,TAB_I2F_VL_OPER_COMPROM,0,81255139.25,0
49916055000135,Classe,2026-09-30,62285390000140,TAB_I2F_VL_OPER_COMPROM,0,95319638.67,0
49916151000183,Classe,2026-09-30,62285390000140,TAB_I2F_VL_OPER_COMPROM,0,1246650258.2,0
49934838000141,Classe,2026-09-30,16695922000109,TAB_I2F_VL_OPER_COMPROM,0,42102752.88,0
50041351000119,Classe,2026-09-30,62232889000190,TAB_I2F_VL_OPER_COMPROM,0,6627365.67,0
50133597000110,Classe,2026-09-30,16695922000109,TAB_I2F_VL_OPER_COMPROM,0,0,
50153414000129,Classe,2026-09-30,16695922000109,TAB_I2F_VL_OPER_COMPROM,0,42445882.9,0
50284896000156,Classe,2026-09-30,62285390000140,TAB_I2F_VL_OPER_COMPROM,0,35169121.36,0
50327909000127,Classe,2026-09-30,62285390000140,TAB_I2F_VL_OPER_COMPROM,0,958909826.44,0
50356663000111,Classe,2026-09-30,40434681000110,TAB_I2F_VL_OPER_COMPROM,0,0,
50434429000165,Classe,2026-09-30,62285390000140,TAB_I2F_VL_OPER_COMPROM,0,85488763.83,0
50692376000182,Classe,2026-09-30,24361690000172,TAB_I2F_VL_OPER_COMPROM,0,5337764.75,0
50695489000131,Classe,2026-09-30,62232889000190,TAB_I2F_VL_OPER_COMPROM,0,23000846.3,0
50791925000176,Classe,2026-09-30,24361690000172,TAB_I2F_VL_OPER_COMPROM,0,15979956.48,0
50808063000147,Classe,2026-09-30,62285390000140,TAB_I2F_VL_OPER_COMPROM,0,71761766.49,0
50818107000110,Classe,2026-09-30,16695922000109,TAB_I2F_VL_OPER_COMPROM,0,0,
50823781000192,Classe,2026-09-30,24361690000172,TAB_I2F_VL_OPER_COMPROM,0,0,
50824501000160,Classe,2026-09-30,24361690000172,TAB_I2F_VL_OPER_COMPROM,0,33154854.24,0
50946637000143,Fundo,2026-09-30,16695922000109,TAB_I2F_VL_OPER_COMPROM,0,14685951.61,0
50948197000163,Classe,2026-09-30,16695922000109,TAB_I2F_VL_OPER_COMPROM,0,0,
51027087000121,Classe,2026-09-30,62285390000140,TAB_I2F_VL_OPER_COMPROM,0,51294778.46,0
51119641000109,Classe,2026-09-30,24361690000172,TAB_I2F_VL_OPER_COMPROM,0,0,
51253601000147,Classe,2026-09-30,24361690000172,TAB_I2F_VL_OPER_COMPROM,0,8527522.33,0
51294885000110,Classe,2026-09-30,24361690000172,TAB_I2F_VL_OPER_COMPROM,0,26621555.46,0
51313788000127,Classe,2026-09-30,24361690000172,TAB_I2F_VL_OPER_COMPROM,0,9292864.61,0
51364521000169,Classe,2026-09-30,62285390000140,TAB_I2F_VL_OPER_COMPROM,0,157185240.99,0
51382517000123,Classe,2026-09-30,16695922000109,TAB_I2F_VL_OPER_COMPROM,0,232898593.84,0
51388032000147,Classe,2026-09-30,40434681000110,TAB_I2F_VL_OPER_COMPROM,0,7466375.34,0
51476020000174,Classe,2026-09-30,62285390000140,TAB_I2F_VL_OPER_COMPROM,0,23198394.65,0
51497411000175,Classe,2026-09-30,62232889000190,TAB_I2F_VL_OPER_COMPROM,0,29064478.94,0
51555510000166,Classe,2026-09-30,24361690000172,TAB_I2F_VL_OPER_COMPROM,0,151901449.12,0
51581780000141,Classe,2026-09-30,40434681000110,TAB_I2F_VL_OPER_COMPROM,0,15878705.68,0
51730136000198,Classe,2026-09-30,40434681000110,TAB_I2F_VL_OPER_COMPROM,0,1680762.38,0
51731270000103,Classe,2026-09-30,24361690000172,TAB_I2F_VL_OPER_COMPROM,0,13092220.39,0
51781164000134,Classe,2026-09-30,40434681000110,TAB_I2F_VL_OPER_COMPROM,0,2462881.88,0
51863167000117,Fundo,2026-09-30,40434681000110,TAB_I2F_VL_OPER_COMPROM,0,0,
52043752000133,Classe,2026-09-30,40434681000110,TAB_I2F_VL_OPER_COMPROM,0,945512.35,0
52069691000183,Classe,2026-09-30,16695922000109,TAB_I2F_VL_OPER_COMPROM,0,744705551.05,0
52098409000196,Classe,2026-09-30,62232889000190,TAB_I2F_VL_OPER_COMPROM,0,42238393.21,0
52115758000179,Classe,2026-09-30,22610500000188,TAB_I2F_VL_OPER_COMPROM,0,155897808.64,0
52148267000124,Classe,2026-09-30,62232889000190,TAB_I2F_VL_OPER_COMPROM,0,165424650.75,0
52200741000110,Classe,2026-09-30,24361690000172,TAB_I2F_VL_OPER_COMPROM,0,180076557.41,0
52200745000106,Classe,2026-09-30,24361690000172,TAB_I2F_VL_OPER_COMPROM,0,31689542.08,0
52258572000179,Classe,2026-09-30,62232889000190,TAB_I2F_VL_OPER_COMPROM,0,51393959.64,0
52287219000117,Classe,2026-09-30,00806535000154,TAB_I2F_VL_OPER_COMPROM,0,74213694.7,0
52348286000102,Classe,2026-09-30,16695922000109,TAB_I2F_VL_OPER_COMPROM,0,0,
52430088000185,Classe,2026-09-30,62285390000140,TAB_I2F_VL_OPER_COMPROM,0,3232578.1,0
52511370000197,Classe,2026-09-30,62232889000190,TAB_I2F_VL_OPER_COMPROM,0,36844416.61,0
52511479000124,Classe,2026-09-30,62232889000190,TAB_I2F_VL_OPER_COMPROM,0,52683010.92,0
52607408000120,Classe,2026-09-30,62285390000140,TAB_I2F_VL_OPER_COMPROM,0,8873079.93,0
52719781000172,Classe,2026-09-30,16695922000109,TAB_I2F_VL_OPER_COMPROM,0,63643509.59,0
52756013000199,Classe,2026-09-30,62285390000140,TAB_I2F_VL_OPER_COMPROM,0,599569269.23,0
52989090000199,Classe,2026-09-30,62285390000140,TAB_I2F_VL_OPER_COMPROM,0,925416808.85,0
53030737000113,Classe,2026-09-30,40434681000110,TAB_I2F_VL_OPER_COMPROM,0,66709492.17,0
53032513000140,Classe,2026-09-30,62285390000140,TAB_I2F_VL_OPER_COMPROM,0,11989586.37,0
53109835000140,Classe,2026-09-30,62232889000190,TAB_I2F_VL_OPER_COMPROM,0,113730124.2,0
53121758000144,Classe,2026-09-30,62285390000140,TAB_I2F_VL_OPER_COMPROM,0,86108979.22,0
53214754000100,Classe,2026-09-30,62285390000140,TAB_I2F_VL_OPER_COMPROM,0,1022813.91,0
53292327000140,Classe,2026-09-30,16695922000109,TAB_I2F_VL_OPER_COMPROM,0,29152140.96,0
53323818000101,Classe,2026-09-30,16695922000109,TAB_I2F_VL_OPER_COMPROM,0,2397330.02,0
53577135000180,Classe,2026-09-30,62285390000140,TAB_I2F_VL_OPER_COMPROM,0,230074882.99,0
53604320000117,Classe,2026-09-30,24361690000172,TAB_I2F_VL_OPER_COMPROM,0,108306823.83,0
53640662000192,Classe,2026-09-30,40434681000110,TAB_I2F_VL_OPER_COMPROM,0,18055886.91,0
53765941000182,Classe,2026-09-30,24361690000172,TAB_I2F_VL_OPER_COMPROM,0,15909803.89,0
53822280000180,Classe,2026-09-30,16695922000109,TAB_I2F_VL_OPER_COMPROM,0,0,
53841740000117,Classe,2026-09-30,62285390000140,TAB_I2F_VL_OPER_COMPROM,0,1811838521.15,0
53872780000126,Classe,2026-09-30,00806535000154,TAB_I2F_VL_OPER_COMPROM,0,174836061.64,0
53880657000157,Classe,2026-09-30,62285390000140,TAB_I2F_VL_OPER_COMPROM,5863124.83,187972729.96,0.0311913586148781
54071756000150,Classe,2026-09-30,62285390000140,TAB_I2F_VL_OPER_COMPROM,0,92242709.77,0
54083491000100,Classe,2026-09-30,62232889000190,TAB_I2F_VL_OPER_COMPROM,0,56200602.2,0
54111764000183,Classe,2026-09-30,62285390000140,TAB_I2F_VL_OPER_COMPROM,0,71860520,0
54148306000119,Classe,2026-09-30,16695922000109,TAB_I2F_VL_OPER_COMPROM,0,0,
54379696000138,Classe,2026-09-30,16695922000109,TAB_I2F_VL_OPER_COMPROM,0,10663721.65,0
54495443000120,Classe,2026-09-30,62285390000140,TAB_I2F_VL_OPER_COMPROM,0,190321521.43,0
54585485000151,Classe,2026-09-30,16695922000109,TAB_I2F_VL_OPER_COMPROM,0,13393221.26,0
54585643000173,Classe,2026-09-30,24361690000172,TAB_I2F_VL_OPER_COMPROM,0,0,
54857414000160,Classe,2026-09-30,24361690000172,TAB_I2F_VL_OPER_COMPROM,0,103236110.19,0
54976450000143,Classe,2026-09-30,62232889000190,TAB_I2F_VL_OPER_COMPROM,0,18401536.57,0
54976534000187,Classe,2026-09-30,62285390000140,TAB_I2F_VL_OPER_COMPROM,0,48975213.89,0
55074368000196,Classe,2026-09-30,24361690000172,TAB_I2F_VL_OPER_COMPROM,0,52441436.13,0
55175561000113,Classe,2026-09-30,62285390000140,TAB_I2F_VL_OPER_COMPROM,0,124189403.94,0
55296116000101,Classe,2026-09-30,62285390000140,TAB_I2F_VL_OPER_COMPROM,0,35491936.06,0
55331747000114,Classe,2026-09-30,00806535000154,TAB_I2F_VL_OPER_COMPROM,0,10962368.51,0
55364405000109,Classe,2026-09-30,62232889000190,TAB_I2F_VL_OPER_COMPROM,0,34740289.13,0
55401645000128,Classe,2026-09-30,62285390000140,TAB_I2F_VL_OPER_COMPROM,0,206205229.25,0
55445774000118,Classe,2026-09-30,24361690000172,TAB_I2F_VL_OPER_COMPROM,0,25465404.04,0
55466785000184,Classe,2026-09-30,00806535000154,TAB_I2F_VL_OPER_COMPROM,0,68690069.2,0
55483719000112,Classe,2026-09-30,62285390000140,TAB_I2F_VL_OPER_COMPROM,0,28790922.03,0
55508226000190,Classe,2026-09-30,62285390000140,TAB_I2F_VL_OPER_COMPROM,0,43372994.81,0
55523204000107,Classe,2026-09-30,24361690000172,TAB_I2F_VL_OPER_COMPROM,0,116106919.03,0
55595058000117,Classe,2026-09-30,62232889000190,TAB_I2F_VL_OPER_COMPROM,0,482276088.06,0
55595705000190,Classe,2026-09-30,62232889000190,TAB_I2F_VL_OPER_COMPROM,0,70778730.42,0
55626390000100,Classe,2026-09-30,40434681000110,TAB_I2F_VL_OPER_COMPROM,0,0,
55636084000146,Classe,2026-09-30,62285390000140,TAB_I2F_VL_OPER_COMPROM,0,33495966.38,0
55690923000104,Classe,2026-09-30,40434681000110,TAB_I2F_VL_OPER_COMPROM,0,1950470.13,0
55706529000117,Classe,2026-09-30,16695922000109,TAB_I2F_VL_OPER_COMPROM,0,0,
55747288000154,Classe,2026-09-30,40434681000110,TAB_I2F_VL_OPER_COMPROM,0,6516117.27,0
55790118000152,Classe,2026-09-30,40434681000110,TAB_I2F_VL_OPER_COMPROM,0,16929975.02,0
55798735000102,Classe,2026-09-30,40434681000110,TAB_I2F_VL_OPER_COMPROM,0,3368133.16,0
55914922000104,Classe,2026-09-30,62285390000140,TAB_I2F_VL_OPER_COMPROM,0,27777592.82,0
56030860000122,Classe,2026-09-30,62285390000140,TAB_I2F_VL_OPER_COMPROM,0,3482532.47,0
56073212000153,Classe,2026-09-30,62285390000140,TAB_I2F_VL_OPER_COMPROM,0,41436527.62,0
56075525000140,Classe,2026-09-30,24361690000172,TAB_I2F_VL_OPER_COMPROM,0,85457280.73,0
56125191000172,Classe,2026-09-30,62285390000140,TAB_I2F_VL_OPER_COMPROM,0,30575721.13,0
56822599000101,Classe,2026-09-30,62232889000190,TAB_I2F_VL_OPER_COMPROM,0,11722586.09,0
56912548000162,Classe,2026-09-30,40434681000110,TAB_I2F_VL_OPER_COMPROM,0,15148164.99,0
56924942000110,Classe,2026-09-30,62285390000140,TAB_I2F_VL_OPER_COMPROM,0,2929042166.98,0
56975898000178,Classe,2026-09-30,62285390000140,TAB_I2F_VL_OPER_COMPROM,0,7591011.45,0
56986018000169,Classe,2026-09-30,40434681000110,TAB_I2F_VL_OPER_COMPROM,0,88316793.37,0
57053395000108,Classe,2026-09-30,24361690000172,TAB_I2F_VL_OPER_COMPROM,0,77142611.03,0
57088363000148,Classe,2026-09-30,62232889000190,TAB_I2F_VL_OPER_COMPROM,0,107150785.19,0
57127130000107,Classe,2026-09-30,62285390000140,TAB_I2F_VL_OPER_COMPROM,0,1667472.66,0
57140603000106,Classe,2026-09-30,24361690000172,TAB_I2F_VL_OPER_COMPROM,0,103873920.52,0
57182384000128,Classe,2026-09-30,62232889000190,TAB_I2F_VL_OPER_COMPROM,0,24168385.05,0
57224939000157,Classe,2026-09-30,62285390000140,TAB_I2F_VL_OPER_COMPROM,0,91722215.04,0
57270666000187,Classe,2026-09-30,24361690000172,TAB_I2F_VL_OPER_COMPROM,0,53677579.12,0
57325152000181,Classe,2026-09-30,62285390000140,TAB_I2F_VL_OPER_COMPROM,0,22290875.45,0
57340272000158,Classe,2026-09-30,62285390000140,TAB_I2F_VL_OPER_COMPROM,0,57536127.43,0
57378463000109,Classe,2026-09-30,24361690000172,TAB_I2F_VL_OPER_COMPROM,0,157614044.44,0
57391433000132,Classe,2026-09-30,62232889000190,TAB_I2F_VL_OPER_COMPROM,0,49712588.71,0
57391980000118,Classe,2026-09-30,62232889000190,TAB_I2F_VL_OPER_COMPROM,0,22050316.28,0
57441997000132,Classe,2026-09-30,16695922000109,TAB_I2F_VL_OPER_COMPROM,0,0,
57533260000140,Classe,2026-09-30,62285390000140,TAB_I2F_VL_OPER_COMPROM,0,28244900.14,0
57584175000100,Classe,2026-09-30,62232889000190,TAB_I2F_VL_OPER_COMPROM,0,20254835.77,0
57584525000139,Classe,2026-09-30,62232889000190,TAB_I2F_VL_OPER_COMPROM,0,55430322.6,0
57585602000175,Classe,2026-09-30,40434681000110,TAB_I2F_VL_OPER_COMPROM,0,4646703.06,0
57691078000117,Classe,2026-09-30,39669186000101,TAB_I2F_VL_OPER_COMPROM,0,0,
57740051000177,Classe,2026-09-30,16695922000109,TAB_I2F_VL_OPER_COMPROM,0,65504535.38,0
57752597000148,Classe,2026-09-30,24361690000172,TAB_I2F_VL_OPER_COMPROM,0,56518593.63,0
57821748000172,Classe,2026-09-30,40434681000110,TAB_I2F_VL_OPER_COMPROM,0,12156523.97,0
57823707000115,Classe,2026-09-30,62285390000140,TAB_I2F_VL_OPER_COMPROM,0,184635320.27,0
57888289000144,Classe,2026-09-30,40434681000110,TAB_I2F_VL_OPER_COMPROM,0,13063095.63,0
57998329000100,Classe,2026-09-30,40434681000110,TAB_I2F_VL_OPER_COMPROM,0,18571674.27,0
58036896000149,Classe,2026-09-30,24361690000172,TAB_I2F_VL_OPER_COMPROM,0,327823655.05,0
58114311000161,Classe,2026-09-30,24361690000172,TAB_I2F_VL_OPER_COMPROM,0,53839267.32,0
58114447000171,Classe,2026-09-30,16695922000109,TAB_I2F_VL_OPER_COMPROM,0,0,
58157393000121,Classe,2026-09-30,16695922000109,TAB_I2F_VL_OPER_COMPROM,0,10298071.24,0
58238421000135,Classe,2026-09-30,40434681000110,TAB_I2F_VL_OPER_COMPROM,0,9247560.85,0
58307031000170,Classe,2026-09-30,24361690000172,TAB_I2F_VL_OPER_COMPROM,0,3025801.4,0
58364147000140,Classe,2026-09-30,62285390000140,TAB_I2F_VL_OPER_COMPROM,0,11614722.97,0
58423669000176,Classe,2026-09-30,16695922000109,TAB_I2F_VL_OPER_COMPROM,0,0,
58482694000120,Classe,2026-09-30,24361690000172,TAB_I2F_VL_OPER_COMPROM,0,78555151.67,0
58559343000170,Classe,2026-09-30,16695922000109,TAB_I2F_VL_OPER_COMPROM,0,0,
58731626000158,Classe,2026-09-30,62232889000190,TAB_I2F_VL_OPER_COMPROM,0,36440153.82,0
58900579000129,Classe,2026-09-30,62285390000140,TAB_I2F_VL_OPER_COMPROM,0,4361736649.14,0
58922423000149,Classe,2026-09-30,24361690000172,TAB_I2F_VL_OPER_COMPROM,0,164915566.23,0
58944590000190,Classe,2026-09-30,18945670000146,TAB_I2F_VL_OPER_COMPROM,5617117.09,66648291.41,0.0842799863457145
58954874000168,Classe,2026-09-30,16695922000109,TAB_I2F_VL_OPER_COMPROM,0,43790932.19,0
59291327000102,Classe,2026-09-30,24361690000172,TAB_I2F_VL_OPER_COMPROM,0,13441044.03,0
59357545000100,Classe,2026-09-30,16695922000109,TAB_I2F_VL_OPER_COMPROM,0,6570014.14,0
59400011000101,Classe,2026-09-30,62232889000190,TAB_I2F_VL_OPER_COMPROM,0,6231909.27,0
59400337000139,Classe,2026-09-30,16695922000109,TAB_I2F_VL_OPER_COMPROM,0,385504148.13,0
59657112000162,Classe,2026-09-30,18945670000146,TAB_I2F_VL_OPER_COMPROM,18263.74,13280527.92,0.00137522695709223
59710430000140,Classe,2026-09-30,40434681000110,TAB_I2F_VL_OPER_COMPROM,0,19899545.33,0
59843866000107,Classe,2026-09-30,62285390000140,TAB_I2F_VL_OPER_COMPROM,0,156048447.82,0
59870750000167,Classe,2026-09-30,40434681000110,TAB_I2F_VL_OPER_COMPROM,0,63685360.76,0
59936269000127,Classe,2026-09-30,24361690000172,TAB_I2F_VL_OPER_COMPROM,0,4451056.67,0
60043514000156,Classe,2026-09-30,40434681000110,TAB_I2F_VL_OPER_COMPROM,0,45146062.15,0
60058603000176,Classe,2026-09-30,62285390000140,TAB_I2F_VL_OPER_COMPROM,0,52817033.37,0
60078440000193,Classe,2026-09-30,24361690000172,TAB_I2F_VL_OPER_COMPROM,0,34949346.91,0
60079965000143,Classe,2026-09-30,40434681000110,TAB_I2F_VL_OPER_COMPROM,0,25198.34,0
60095481000198,Classe,2026-09-30,62232889000190,TAB_I2F_VL_OPER_COMPROM,0,40027535.27,0
60115778000178,Classe,2026-09-30,24361690000172,TAB_I2F_VL_OPER_COMPROM,0,45737474.08,0
60282653000132,Classe,2026-09-30,16695922000109,TAB_I2F_VL_OPER_COMPROM,0,0,
60331197000173,Classe,2026-09-30,24361690000172,TAB_I2F_VL_OPER_COMPROM,0,1442949.1,0
60368384000121,Classe,2026-09-30,24361690000172,TAB_I2F_VL_OPER_COMPROM,0,23557756.87,0
60369537000155,Classe,2026-09-30,62285390000140,TAB_I2F_VL_OPER_COMPROM,0,135433048.21,0
60369959000120,Classe,2026-09-30,62285390000140,TAB_I2F_VL_OPER_COMPROM,0,19220089.45,0
60401316000117,Classe,2026-09-30,62285390000140,TAB_I2F_VL_OPER_COMPROM,0,37111740.58,0
60604288000135,Classe,2026-09-30,40434681000110,TAB_I2F_VL_OPER_COMPROM,0,9247991.82,0
60606404000155,Classe,2026-09-30,18945670000146,TAB_I2F_VL_OPER_COMPROM,10588915.1,80747771.54,0.131135694497211
60675473000110,Classe,2026-09-30,16695922000109,TAB_I2F_VL_OPER_COMPROM,0,7671955.79,0
60681487000147,Classe,2026-09-30,24361690000172,TAB_I2F_VL_OPER_COMPROM,0,4819208.27,0
60686437000152,Classe,2026-09-30,24361690000172,TAB_I2F_VL_OPER_COMPROM,0,10724800.4,0
60696087000105,Classe,2026-09-30,62285390000140,TAB_I2F_VL_OPER_COMPROM,0,18017967.58,0
60736775000151,Classe,2026-09-30,62285390000140,TAB_I2F_VL_OPER_COMPROM,0,90409359.78,0
60792713000167,Classe,2026-09-30,16695922000109,TAB_I2F_VL_OPER_COMPROM,0,1920513.58,0
60866189000121,Classe,2026-09-30,62285390000140,TAB_I2F_VL_OPER_COMPROM,0,31270914.06,0
60894511000126,Classe,2026-09-30,16695922000109,TAB_I2F_VL_OPER_COMPROM,0,2577649.7,0
60910091000124,Classe,2026-09-30,62285390000140,TAB_I2F_VL_OPER_COMPROM,0,22907959.83,0
60931216000100,Classe,2026-09-30,24361690000172,TAB_I2F_VL_OPER_COMPROM,0,5413345.67,0
60974918000163,Classe,2026-09-30,24361690000172,TAB_I2F_VL_OPER_COMPROM,0,6028359.21,0
61084525000147,Classe,2026-09-30,40434681000110,TAB_I2F_VL_OPER_COMPROM,0,3057713.43,0
61130895000173,Classe,2026-09-30,16695922000109,TAB_I2F_VL_OPER_COMPROM,0,55571359.75,0
61138429000134,Classe,2026-09-30,24361690000172,TAB_I2F_VL_OPER_COMPROM,0,19205540.1,0
61279682000108,Classe,2026-09-30,40434681000110,TAB_I2F_VL_OPER_COMPROM,0,8668267.17,0
61306033000159,Classe,2026-09-30,62285390000140,TAB_I2F_VL_OPER_COMPROM,3574416.5,22415269.57,0.159463462566781
61328619000114,Classe,2026-09-30,40434681000110,TAB_I2F_VL_OPER_COMPROM,0,9441819.91,0
61350212000193,Classe,2026-09-30,16695922000109,TAB_I2F_VL_OPER_COMPROM,0,10080398.52,0
61351481000174,Classe,2026-09-30,62285390000140,TAB_I2F_VL_OPER_COMPROM,0,506432844.72,0
61371110000154,Classe,2026-09-30,16695922000109,TAB_I2F_VL_OPER_COMPROM,0,0,
61385893000125,Classe,2026-09-30,62285390000140,TAB_I2F_VL_OPER_COMPROM,0,400151028.08,0
61430639000100,Classe,2026-09-30,24361690000172,TAB_I2F_VL_OPER_COMPROM,0,59863195.4,0
61527968000165,Classe,2026-09-30,16695922000109,TAB_I2F_VL_OPER_COMPROM,0,0,
61543748000125,Classe,2026-09-30,24361690000172,TAB_I2F_VL_OPER_COMPROM,0,14681356.02,0
61631599000156,Classe,2026-09-30,16695922000109,TAB_I2F_VL_OPER_COMPROM,0,425003447.2,0
61664240000185,Classe,2026-09-30,24361690000172,TAB_I2F_VL_OPER_COMPROM,0,49446322.77,0
61690116000194,Classe,2026-09-30,40434681000110,TAB_I2F_VL_OPER_COMPROM,0,6114482.49,0
61750443000194,Classe,2026-09-30,24361690000172,TAB_I2F_VL_OPER_COMPROM,0,12750767.91,0
61766813000181,Classe,2026-09-30,40434681000110,TAB_I2F_VL_OPER_COMPROM,0,41957419.42,0
61866286000187,Classe,2026-09-30,16695922000109,TAB_I2F_VL_OPER_COMPROM,0,7725106.74,0
61955311000107,Classe,2026-09-30,16695922000109,TAB_I2F_VL_OPER_COMPROM,0,9721565.43,0
61975703000120,Classe,2026-09-30,24361690000172,TAB_I2F_VL_OPER_COMPROM,0,64807715.81,0
62016007000159,Classe,2026-09-30,62285390000140,TAB_I2F_VL_OPER_COMPROM,0,3629674.39,0
62161418000138,Classe,2026-09-30,62285390000140,TAB_I2F_VL_OPER_COMPROM,0,70497102.5,0
62164403000123,Classe,2026-09-30,16695922000109,TAB_I2F_VL_OPER_COMPROM,0,7146138.89,0
62230042000176,Classe,2026-09-30,16695922000109,TAB_I2F_VL_OPER_COMPROM,0,28659234.19,0
62303024000177,Classe,2026-09-30,62232889000190,TAB_I2F_VL_OPER_COMPROM,0,302237026.17,0
62359337000147,Classe,2026-09-30,40434681000110,TAB_I2F_VL_OPER_COMPROM,0,23354126.96,0
62497138000103,Classe,2026-09-30,16695922000109,TAB_I2F_VL_OPER_COMPROM,0,4041792.81,0
62541630000120,Classe,2026-09-30,62232889000190,TAB_I2F_VL_OPER_COMPROM,0,41979103.1,0
62627243000101,Classe,2026-09-30,62285390000140,TAB_I2F_VL_OPER_COMPROM,0,77384146.82,0
62627291000108,Classe,2026-09-30,62285390000140,TAB_I2F_VL_OPER_COMPROM,0,571554220.3,0
62741028000137,Classe,2026-09-30,40434681000110,TAB_I2F_VL_OPER_COMPROM,0,13305302.13,0
62762366000155,Classe,2026-09-30,16695922000109,TAB_I2F_VL_OPER_COMPROM,0,3429775.37,0
62772042000106,Classe,2026-09-30,24361690000172,TAB_I2F_VL_OPER_COMPROM,0,48261968.46,0
62951957000170,Classe,2026-09-30,16695922000109,TAB_I2F_VL_OPER_COMPROM,0,12371590.58,0
62966067000132,Classe,2026-09-30,40434681000110,TAB_I2F_VL_OPER_COMPROM,0,37167728.83,0
62967950000147,Classe,2026-09-30,40434681000110,TAB_I2F_VL_OPER_COMPROM,0,36216105.56,0
62968483000170,Classe,2026-09-30,40434681000110,TAB_I2F_VL_OPER_COMPROM,0,70920259.13,0
62972105000160,Classe,2026-09-30,62285390000140,TAB_I2F_VL_OPER_COMPROM,0,36678613.02,0
63098061000153,Classe,2026-09-30,16695922000109,TAB_I2F_VL_OPER_COMPROM,0,31074263.33,0
63212782000142,Classe,2026-09-30,62285390000140,TAB_I2F_VL_OPER_COMPROM,0,28864810.22,0
63249135000105,Classe,2026-09-30,40434681000110,TAB_I2F_VL_OPER_COMPROM,0,4275300.56,0
63310209000171,Classe,2026-09-30,62285390000140,TAB_I2F_VL_OPER_COMPROM,0,2066484.32,0
63322011000108,Classe,2026-09-30,62285390000140,TAB_I2F_VL_OPER_COMPROM,0,633091869.24,0
63457029000117,Classe,2026-09-30,16695922000109,TAB_I2F_VL_OPER_COMPROM,0,1521927.95,0
63458316000141,Classe,2026-09-30,16695922000109,TAB_I2F_VL_OPER_COMPROM,0,5209807.52,0
63459064000175,Classe,2026-09-30,16695922000109,TAB_I2F_VL_OPER_COMPROM,0,4021024.37,0
63516387000153,Classe,2026-09-30,62285390000140,TAB_I2F_VL_OPER_COMPROM,0,88012431.05,0
63565588000140,Classe,2026-09-30,62285390000140,TAB_I2F_VL_OPER_COMPROM,0,11038221.61,0
63566193000162,Classe,2026-09-30,16695922000109,TAB_I2F_VL_OPER_COMPROM,0,3526305.01,0
63604811000111,Classe,2026-09-30,40434681000110,TAB_I2F_VL_OPER_COMPROM,0,70913786,0
63606548000108,Classe,2026-09-30,40434681000110,TAB_I2F_VL_OPER_COMPROM,0,18697883.79,0
63606839000198,Classe,2026-09-30,40434681000110,TAB_I2F_VL_OPER_COMPROM,0,53070719.34,0
63622544000105,Classe,2026-09-30,16695922000109,TAB_I2F_VL_OPER_COMPROM,0,1889422.1,0
63659752000189,Classe,2026-09-30,16695922000109,TAB_I2F_VL_OPER_COMPROM,0,32676194.78,0
63697245000130,Classe,2026-09-30,24361690000172,TAB_I2F_VL_OPER_COMPROM,0,10381302.04,0
63699134000162,Classe,2026-09-30,24361690000172,TAB_I2F_VL_OPER_COMPROM,0,19050347.65,0
63709161000179,Classe,2026-09-30,40434681000110,TAB_I2F_VL_OPER_COMPROM,0,108114022.35,0
63796349000100,Classe,2026-09-30,62285390000140,TAB_I2F_VL_OPER_COMPROM,0,1559383.18,0
63863686000164,Classe,2026-09-30,24361690000172,TAB_I2F_VL_OPER_COMPROM,0,56029882.97,0
63887027000168,Classe,2026-09-30,40434681000110,TAB_I2F_VL_OPER_COMPROM,0,0,
63894672000108,Classe,2026-09-30,16695922000109,TAB_I2F_VL_OPER_COMPROM,0,52775618.56,0
63938673000107,Classe,2026-09-30,62285390000140,TAB_I2F_VL_OPER_COMPROM,0,106466416.63,0
63974821000149,Classe,2026-09-30,62285390000140,TAB_I2F_VL_OPER_COMPROM,0,10104194.08,0
64019393000168,Classe,2026-09-30,16695922000109,TAB_I2F_VL_OPER_COMPROM,0,131303425.01,0
64029467000147,Classe,2026-09-30,16695922000109,TAB_I2F_VL_OPER_COMPROM,0,8921726.63,0
64039922000195,Classe,2026-09-30,62285390000140,TAB_I2F_VL_OPER_COMPROM,0,56373965.98,0
64054825000171,Classe,2026-09-30,40434681000110,TAB_I2F_VL_OPER_COMPROM,0,8585316.6,0
64155784000100,Classe,2026-09-30,18945670000146,TAB_I2F_VL_OPER_COMPROM,1862902.27,34652149.65,0.0537600780562253
64276414000120,Classe,2026-09-30,24361690000172,TAB_I2F_VL_OPER_COMPROM,0,16216834.37,0
64276709000105,Classe,2026-09-30,24361690000172,TAB_I2F_VL_OPER_COMPROM,0,94297638.45,0
64282009000115,Classe,2026-09-30,40434681000110,TAB_I2F_VL_OPER_COMPROM,0,17845113.69,0
64291147000160,Classe,2026-09-30,62232889000190,TAB_I2F_VL_OPER_COMPROM,0,21094733.09,0
64310285000140,Classe,2026-09-30,40434681000110,TAB_I2F_VL_OPER_COMPROM,0,12894779.98,0
64382297000180,Classe,2026-09-30,62232889000190,TAB_I2F_VL_OPER_COMPROM,0,18663049.23,0
64432874000109,Classe,2026-09-30,40434681000110,TAB_I2F_VL_OPER_COMPROM,0,10668989.54,0
64530753000191,Classe,2026-09-30,24361690000172,TAB_I2F_VL_OPER_COMPROM,0,4173825.76,0
64598309000108,Classe,2026-09-30,16695922000109,TAB_I2F_VL_OPER_COMPROM,0,7211139.11,0
64630838000141,Classe,2026-09-30,62285390000140,TAB_I2F_VL_OPER_COMPROM,0,16625447.98,0
64636877000156,Classe,2026-09-30,16695922000109,TAB_I2F_VL_OPER_COMPROM,0,3183553.58,0
64637478000100,Classe,2026-09-30,00806535000154,TAB_I2F_VL_OPER_COMPROM,0,76678412.72,0
64656737000140,Classe,2026-09-30,62232889000190,TAB_I2F_VL_OPER_COMPROM,0,60707967.28,0
64721990000130,Classe,2026-09-30,40434681000110,TAB_I2F_VL_OPER_COMPROM,0,16538673.46,0
64987557000140,Classe,2026-09-30,24361690000172,TAB_I2F_VL_OPER_COMPROM,0,5181730.59,0
65014891000180,Classe,2026-09-30,40434681000110,TAB_I2F_VL_OPER_COMPROM,0,1040006.34,0
65095860000100,Classe,2026-09-30,00806535000154,TAB_I2F_VL_OPER_COMPROM,0,15287369,0
65190945000169,Classe,2026-09-30,40434681000110,TAB_I2F_VL_OPER_COMPROM,0,15218377.48,0
65343721000140,Classe,2026-09-30,62232889000190,TAB_I2F_VL_OPER_COMPROM,0,62218788.14,0
65619110000181,Classe,2026-09-30,16695922000109,TAB_I2F_VL_OPER_COMPROM,0,1368681.7,0
65659857000163,Classe,2026-09-30,24361690000172,TAB_I2F_VL_OPER_COMPROM,0,32634533.96,0
65675575000150,Classe,2026-09-30,62285390000140,TAB_I2F_VL_OPER_COMPROM,0,7455886.05,0
65706613000194,Classe,2026-09-30,24361690000172,TAB_I2F_VL_OPER_COMPROM,0,4176528.49,0
65784807000108,Classe,2026-09-30,24361690000172,TAB_I2F_VL_OPER_COMPROM,0,0,
65784847000150,Classe,2026-09-30,24361690000172,TAB_I2F_VL_OPER_COMPROM,0,220721842.85,0
65804305000100,Classe,2026-09-30,62232889000190,TAB_I2F_VL_OPER_COMPROM,0,11090720.1,0
65804737000102,Classe,2026-09-30,00806535000154,TAB_I2F_VL_OPER_COMPROM,0,187457213,0
65900819000150,Classe,2026-09-30,24361690000172,TAB_I2F_VL_OPER_COMPROM,0,2674536.93,0
66004736000146,Classe,2026-09-30,16695922000109,TAB_I2F_VL_OPER_COMPROM,0,42617426.99,0
66107567000170,Classe,2026-09-30,40434681000110,TAB_I2F_VL_OPER_COMPROM,0,2094774.86,0
66146849000186,Classe,2026-09-30,24361690000172,TAB_I2F_VL_OPER_COMPROM,0,9416027.71,0
66147948000182,Classe,2026-09-30,24361690000172,TAB_I2F_VL_OPER_COMPROM,0,2521051.44,0
66188571000100,Classe,2026-09-30,40434681000110,TAB_I2F_VL_OPER_COMPROM,0,1055012.15,0
66226431000189,Classe,2026-09-30,62232889000190,TAB_I2F_VL_OPER_COMPROM,0,583357.95,0
66247874000156,Classe,2026-09-30,40434681000110,TAB_I2F_VL_OPER_COMPROM,0,27781907.34,0
66279914000141,Classe,2026-09-30,24361690000172,TAB_I2F_VL_OPER_COMPROM,0,34667862.43,0
66289666000110,Classe,2026-09-30,62285390000140,TAB_I2F_VL_OPER_COMPROM,0,4943170.02,0
66320254000103,Classe,2026-09-30,62285390000140,TAB_I2F_VL_OPER_COMPROM,0,104390059.63,0
66575588000110,Classe,2026-09-30,62285390000140,TAB_I2F_VL_OPER_COMPROM,0,95068964.05,0
66584882000198,Classe,2026-09-30,62285390000140,TAB_I2F_VL_OPER_COMPROM,0,5226156.27,0
66589036000160,Classe,2026-09-30,62285390000140,TAB_I2F_VL_OPER_COMPROM,0,522476019.2,0
66614411000185,Classe,2026-09-30,62232889000190,TAB_I2F_VL_OPER_COMPROM,0,84676374.62,0
66625873000106,Classe,2026-09-30,40434681000110,TAB_I2F_VL_OPER_COMPROM,0,6042090.57,0
66687692000104,Classe,2026-09-30,62285390000140,TAB_I2F_VL_OPER_COMPROM,0,44249161.16,0
66790149000120,Classe,2026-09-30,16695922000109,TAB_I2F_VL_OPER_COMPROM,0,51157.61,0
66790195000129,Classe,2026-09-30,24361690000172,TAB_I2F_VL_OPER_COMPROM,0,96486499.58,0
67220127000197,Classe,2026-09-30,24361690000172,TAB_I2F_VL_OPER_COMPROM,0,155701365.44,0
67220139000111,Classe,2026-09-30,40434681000110,TAB_I2F_VL_OPER_COMPROM,0,21701581.26,0
67851316000168,Classe,2026-09-30,62285390000140,TAB_I2F_VL_OPER_COMPROM,0,78559509.19,0
67873873000180,Classe,2026-09-30,62285390000140,TAB_I2F_VL_OPER_COMPROM,0,6078686.02,0
68099385000120,Classe,2026-09-30,40434681000110,TAB_I2F_VL_OPER_COMPROM,0,7171562.38,0
68119920000167,Classe,2026-09-30,40434681000110,TAB_I2F_VL_OPER_COMPROM,0,2012767.91,0
68234432000109,Classe,2026-09-30,40434681000110,TAB_I2F_VL_OPER_COMPROM,0,6458834.8,0
68250073000175,Classe,2026-09-30,16695922000109,TAB_I2F_VL_OPER_COMPROM,0,467617.25,0
68564198000170,Classe,2026-09-30,16695922000109,TAB_I2F_VL_OPER_COMPROM,0,13215580.8,0
68706406000128,Classe,2026-09-30,62285390000140,TAB_I2F_VL_OPER_COMPROM,0,2008326.55,0
09260031000156,Classe,2026-09-30,62285390000140,TAB_I2G_VL_OUTRO_RF,0,66569700.67,0
16802124000120,Classe,2026-09-30,62285390000140,TAB_I2G_VL_OUTRO_RF,0,385017818.6,0
16858989000109,Classe,2026-09-30,16695922000109,TAB_I2G_VL_OUTRO_RF,0,0,
17047287000108,Classe,2026-09-30,24361690000172,TAB_I2G_VL_OUTRO_RF,0,58017901.04,0
17198845000136,Classe,2026-09-30,62285390000140,TAB_I2G_VL_OUTRO_RF,0,1607435228.61,0
19388377000198,Classe,2026-09-30,24361690000172,TAB_I2G_VL_OUTRO_RF,0,186787082.1,0
20906292000133,Classe,2026-09-30,24361690000172,TAB_I2G_VL_OUTRO_RF,0,14256208.26,0
21254441000190,Classe,2026-09-30,62285390000140,TAB_I2G_VL_OUTRO_RF,0,69285668.91,0
21917325000103,Classe,2026-09-30,24361690000172,TAB_I2G_VL_OUTRO_RF,0,278228784.88,0
23980344000100,Classe,2026-09-30,62285390000140,TAB_I2G_VL_OUTRO_RF,0,20180937.49,0
25354121000162,Classe,2026-09-30,16695922000109,TAB_I2G_VL_OUTRO_RF,0,0,
26000055000195,Classe,2026-09-30,24361690000172,TAB_I2G_VL_OUTRO_RF,0,2575655.5,0
26199650000100,Classe,2026-09-30,24361690000172,TAB_I2G_VL_OUTRO_RF,0,56129835.74,0
26631527000108,Fundo,2026-09-30,16695922000109,TAB_I2G_VL_OUTRO_RF,0,0,
27531244000157,Classe,2026-09-30,16695922000109,TAB_I2G_VL_OUTRO_RF,0,24375444.45,0
28079865000104,Classe,2026-09-30,62285390000140,TAB_I2G_VL_OUTRO_RF,0,34519557.29,0
28079873000150,Classe,2026-09-30,62285390000140,TAB_I2G_VL_OUTRO_RF,0,754914753.36,0
29249995000100,Classe,2026-09-30,24361690000172,TAB_I2G_VL_OUTRO_RF,0,21121430.13,0
29550273000191,Classe,2026-09-30,62232889000190,TAB_I2G_VL_OUTRO_RF,0,13137164.57,0
30366120000178,Classe,2026-09-30,62285390000140,TAB_I2G_VL_OUTRO_RF,0,283402282.07,0
31024416000173,Classe,2026-09-30,62285390000140,TAB_I2G_VL_OUTRO_RF,0,38772077.18,0
32156038000144,Classe,2026-09-30,62285390000140,TAB_I2G_VL_OUTRO_RF,0,239264432.77,0
32525937000177,Classe,2026-09-30,62285390000140,TAB_I2G_VL_OUTRO_RF,0,78994171.82,0
32525986000100,Classe,2026-09-30,62285390000140,TAB_I2G_VL_OUTRO_RF,0,57166279.24,0
32907653000145,Classe,2026-09-30,16695922000109,TAB_I2G_VL_OUTRO_RF,0,23721857.76,0
32999032000139,Classe,2026-09-30,62285390000140,TAB_I2G_VL_OUTRO_RF,0,86847161.11,0
33304615000160,Classe,2026-09-30,24361690000172,TAB_I2G_VL_OUTRO_RF,0,25984584.67,0
33490076000100,Classe,2026-09-30,40434681000110,TAB_I2G_VL_OUTRO_RF,0,112775629.29,0
33521644000184,Classe,2026-09-30,16695922000109,TAB_I2G_VL_OUTRO_RF,0,107342274.18,0
33632618000123,Classe,2026-09-30,62285390000140,TAB_I2G_VL_OUTRO_RF,0,71793219.16,0
34027968000123,Classe,2026-09-30,16695922000109,TAB_I2G_VL_OUTRO_RF,0,0,
34218960000144,Classe,2026-09-30,62285390000140,TAB_I2G_VL_OUTRO_RF,0,110699216.44,0
34599321000176,Classe,2026-09-30,16695922000109,TAB_I2G_VL_OUTRO_RF,0,107327443.81,0
35277363000153,Classe,2026-09-30,16695922000109,TAB_I2G_VL_OUTRO_RF,0,218625467.39,0
35686949000171,Classe,2026-09-30,16695922000109,TAB_I2G_VL_OUTRO_RF,0,20000028.24,0
35715919000146,Classe,2026-09-30,00806535000154,TAB_I2G_VL_OUTRO_RF,0,877683.76,0
36113052000111,Classe,2026-09-30,62285390000140,TAB_I2G_VL_OUTRO_RF,0,30888325.07,0
36420767000117,Classe,2026-09-30,62285390000140,TAB_I2G_VL_OUTRO_RF,0,0.01,0
36953080000147,Classe,2026-09-30,62285390000140,TAB_I2G_VL_OUTRO_RF,0,591765186.82,0
37606580000175,Fundo,2026-09-30,48967968000118,TAB_I2G_VL_OUTRO_RF,0,0,
38134439000180,Classe,2026-09-30,16695922000109,TAB_I2G_VL_OUTRO_RF,0,0,
39273409000117,Classe,2026-09-30,16695922000109,TAB_I2G_VL_OUTRO_RF,0,31908373.53,0
39469320000120,Classe,2026-09-30,16695922000109,TAB_I2G_VL_OUTRO_RF,0,70589112.12,0
39806180000139,Classe,2026-09-30,62285390000140,TAB_I2G_VL_OUTRO_RF,0,234940564.57,0
39851520000143,Classe,2026-09-30,24361690000172,TAB_I2G_VL_OUTRO_RF,0,9548514.77,0
40226175000136,Classe,2026-09-30,48967968000118,TAB_I2G_VL_OUTRO_RF,0,0,
40902151000150,Classe,2026-09-30,62285390000140,TAB_I2G_VL_OUTRO_RF,0,44635945.31,0
40989019000127,Classe,2026-09-30,62285390000140,TAB_I2G_VL_OUTRO_RF,0,102218150.05,0
41096982000144,Classe,2026-09-30,62285390000140,TAB_I2G_VL_OUTRO_RF,0,233994295.26,0
41251476000182,Classe,2026-09-30,62285390000140,TAB_I2G_VL_OUTRO_RF,0,66473881.51,0
41341232000190,Classe,2026-09-30,40434681000110,TAB_I2G_VL_OUTRO_RF,0,26070049.35,0
41351648000190,Classe,2026-09-30,62285390000140,TAB_I2G_VL_OUTRO_RF,0,27350641.19,0
41801514000123,Classe,2026-09-30,62232889000190,TAB_I2G_VL_OUTRO_RF,0,191359157.31,0
41992676000196,Classe,2026-09-30,62285390000140,TAB_I2G_VL_OUTRO_RF,0,398303380.63,0
42031108000191,Classe,2026-09-30,16695922000109,TAB_I2G_VL_OUTRO_RF,0,4101455.27,0
42067232000107,Classe,2026-09-30,62285390000140,TAB_I2G_VL_OUTRO_RF,0,56405549.84,0
42196288000161,Classe,2026-09-30,62285390000140,TAB_I2G_VL_OUTRO_RF,0,402204455.56,0
42336359000184,Classe,2026-09-30,62285390000140,TAB_I2G_VL_OUTRO_RF,0,65983527.9,0
42533772000139,Classe,2026-09-30,62285390000140,TAB_I2G_VL_OUTRO_RF,0,264447311.91,0
42867211000176,Fundo,2026-09-30,16695922000109,TAB_I2G_VL_OUTRO_RF,0,0,
43122353000177,Classe,2026-09-30,24361690000172,TAB_I2G_VL_OUTRO_RF,0,13498884.09,0
43236160000147,Classe,2026-09-30,62285390000140,TAB_I2G_VL_OUTRO_RF,0,219213182.07,0
43702427000144,Classe,2026-09-30,24361690000172,TAB_I2G_VL_OUTRO_RF,0,15452112.05,0
44173512000125,Classe,2026-09-30,62232889000190,TAB_I2G_VL_OUTRO_RF,0,107817019.06,0
44395590000174,Classe,2026-09-30,62285390000140,TAB_I2G_VL_OUTRO_RF,0,106838336.93,0
44414972000106,Classe,2026-09-30,40434681000110,TAB_I2G_VL_OUTRO_RF,0,13303981.25,0
44415022000198,Classe,2026-09-30,40434681000110,TAB_I2G_VL_OUTRO_RF,0,20435638.41,0
44465412000172,Classe,2026-09-30,40434681000110,TAB_I2G_VL_OUTRO_RF,0,22818609.21,0
44465521000190,Classe,2026-09-30,40434681000110,TAB_I2G_VL_OUTRO_RF,0,14552289.72,0
44479362000182,Classe,2026-09-30,24361690000172,TAB_I2G_VL_OUTRO_RF,0,0,
44585152000179,Classe,2026-09-30,40434681000110,TAB_I2G_VL_OUTRO_RF,0,15947146.6,0
44585499000111,Classe,2026-09-30,40434681000110,TAB_I2G_VL_OUTRO_RF,0,20652481.01,0
44680424000110,Classe,2026-09-30,16695922000109,TAB_I2G_VL_OUTRO_RF,0,51797194.94,0
44680449000113,Classe,2026-09-30,16695922000109,TAB_I2G_VL_OUTRO_RF,0,6271249.58,0
44705452000144,Classe,2026-09-30,62285390000140,TAB_I2G_VL_OUTRO_RF,0,45219807.93,0
44705662000132,Classe,2026-09-30,62285390000140,TAB_I2G_VL_OUTRO_RF,0,22880786.18,0
45018911000184,Classe,2026-09-30,16695922000109,TAB_I2G_VL_OUTRO_RF,0,0,
45019108000164,Classe,2026-09-30,16695922000109,TAB_I2G_VL_OUTRO_RF,0,14194939.69,0
45521676000169,Classe,2026-09-30,16695922000109,TAB_I2G_VL_OUTRO_RF,0,417963812.9,0
45525150000157,Classe,2026-09-30,62285390000140,TAB_I2G_VL_OUTRO_RF,0,5508330.3,0
45721977000136,Classe,2026-09-30,16695922000109,TAB_I2G_VL_OUTRO_RF,0,52722819.3,0
45756256000161,Classe,2026-09-30,62285390000140,TAB_I2G_VL_OUTRO_RF,0,30834767.44,0
45777614000112,Classe,2026-09-30,62285390000140,TAB_I2G_VL_OUTRO_RF,0,47178241.49,0
45880798000141,Fundo,2026-09-30,24361690000172,TAB_I2G_VL_OUTRO_RF,0,0,
45899684000143,Classe,2026-09-30,16695922000109,TAB_I2G_VL_OUTRO_RF,0,133.14,0
45899975000131,Classe,2026-09-30,16695922000109,TAB_I2G_VL_OUTRO_RF,0,0,
46098515000177,Classe,2026-09-30,40434681000110,TAB_I2G_VL_OUTRO_RF,0,68314233.29,0
46098560000121,Classe,2026-09-30,40434681000110,TAB_I2G_VL_OUTRO_RF,0,110436029.06,0
46322877000108,Classe,2026-09-30,62232889000190,TAB_I2G_VL_OUTRO_RF,0,29498722.37,0
46449843000170,Classe,2026-09-30,62232889000190,TAB_I2G_VL_OUTRO_RF,0,301052919.76,0
46766050000185,Classe,2026-09-30,62285390000140,TAB_I2G_VL_OUTRO_RF,0,265187169.15,0
47094392000169,Classe,2026-09-30,16695922000109,TAB_I2G_VL_OUTRO_RF,0,1370067130.53,0
47167918000193,Classe,2026-09-30,62285390000140,TAB_I2G_VL_OUTRO_RF,0,145932768.51,0
47168002000158,Classe,2026-09-30,62285390000140,TAB_I2G_VL_OUTRO_RF,0,20444595.65,0
47410102000149,Classe,2026-09-30,62232889000190,TAB_I2G_VL_OUTRO_RF,0,92133165.72,0
47410122000110,Classe,2026-09-30,62232889000190,TAB_I2G_VL_OUTRO_RF,0,57174589.81,0
47425860000130,Classe,2026-09-30,24361690000172,TAB_I2G_VL_OUTRO_RF,0,6719515.44,0
47463381000109,Classe,2026-09-30,62232889000190,TAB_I2G_VL_OUTRO_RF,0,160406214.06,0
47465008000197,Classe,2026-09-30,16695922000109,TAB_I2G_VL_OUTRO_RF,0,4109931.65,0
47640501000104,Classe,2026-09-30,40434681000110,TAB_I2G_VL_OUTRO_RF,0,52724561.55,0
47669160000191,Classe,2026-09-30,40434681000110,TAB_I2G_VL_OUTRO_RF,0,4034168.62,0
47669241000191,Classe,2026-09-30,40434681000110,TAB_I2G_VL_OUTRO_RF,0,2360663.23,0
47669306000107,Classe,2026-09-30,40434681000110,TAB_I2G_VL_OUTRO_RF,0,2848544.78,0
47715992000105,Classe,2026-09-30,62285390000140,TAB_I2G_VL_OUTRO_RF,0,26730267.98,0
47731522000127,Classe,2026-09-30,40434681000110,TAB_I2G_VL_OUTRO_RF,0,3593327.14,0
48181830000199,Classe,2026-09-30,62232889000190,TAB_I2G_VL_OUTRO_RF,0,236462863.02,0
48213067000130,Classe,2026-09-30,24361690000172,TAB_I2G_VL_OUTRO_RF,0,132354124.58,0
48213253000170,Classe,2026-09-30,40434681000110,TAB_I2G_VL_OUTRO_RF,0,16064089.17,0
48279539000158,Classe,2026-09-30,62232889000190,TAB_I2G_VL_OUTRO_RF,0,244767823.8,0
48313744000192,Classe,2026-09-30,62285390000140,TAB_I2G_VL_OUTRO_RF,0,84296208.35,0
48357311000139,Classe,2026-09-30,16695922000109,TAB_I2G_VL_OUTRO_RF,0,0,
48502650000161,Classe,2026-09-30,16695922000109,TAB_I2G_VL_OUTRO_RF,0,32662478.15,0
49000918000120,Classe,2026-09-30,62285390000140,TAB_I2G_VL_OUTRO_RF,0,9831568.8,0
49087632000123,Classe,2026-09-30,24361690000172,TAB_I2G_VL_OUTRO_RF,0,0,
49141366000170,Classe,2026-09-30,40434681000110,TAB_I2G_VL_OUTRO_RF,0,29882695.1,0
49220648000162,Classe,2026-09-30,62285390000140,TAB_I2G_VL_OUTRO_RF,0,211130068.9,0
49223648000116,Classe,2026-09-30,16695922000109,TAB_I2G_VL_OUTRO_RF,0,0,
49261110000104,Classe,2026-09-30,40434681000110,TAB_I2G_VL_OUTRO_RF,0,6670203.14,0
49275773000170,Classe,2026-09-30,24361690000172,TAB_I2G_VL_OUTRO_RF,0,0,
49460350000120,Classe,2026-09-30,24361690000172,TAB_I2G_VL_OUTRO_RF,0,63191969.88,0
49466992000136,Classe,2026-09-30,24361690000172,TAB_I2G_VL_OUTRO_RF,0,3171457.12,0
49815200000191,Classe,2026-09-30,00806535000154,TAB_I2G_VL_OUTRO_RF,0,81255139.25,0
49916055000135,Classe,2026-09-30,62285390000140,TAB_I2G_VL_OUTRO_RF,0,95319638.67,0
49916151000183,Classe,2026-09-30,62285390000140,TAB_I2G_VL_OUTRO_RF,0,1246650258.2,0
49934838000141,Classe,2026-09-30,16695922000109,TAB_I2G_VL_OUTRO_RF,0,42102752.88,0
50041351000119,Classe,2026-09-30,62232889000190,TAB_I2G_VL_OUTRO_RF,0,6627365.67,0
50133597000110,Classe,2026-09-30,16695922000109,TAB_I2G_VL_OUTRO_RF,0,0,
50153414000129,Classe,2026-09-30,16695922000109,TAB_I2G_VL_OUTRO_RF,0,42445882.9,0
50284896000156,Classe,2026-09-30,62285390000140,TAB_I2G_VL_OUTRO_RF,0,35169121.36,0
50327909000127,Classe,2026-09-30,62285390000140,TAB_I2G_VL_OUTRO_RF,0,958909826.44,0
50356663000111,Classe,2026-09-30,40434681000110,TAB_I2G_VL_OUTRO_RF,0,0,
50434429000165,Classe,2026-09-30,62285390000140,TAB_I2G_VL_OUTRO_RF,0,85488763.83,0
50692376000182,Classe,2026-09-30,24361690000172,TAB_I2G_VL_OUTRO_RF,0,5337764.75,0
50695489000131,Classe,2026-09-30,62232889000190,TAB_I2G_VL_OUTRO_RF,0,23000846.3,0
50791925000176,Classe,2026-09-30,24361690000172,TAB_I2G_VL_OUTRO_RF,0,15979956.48,0
50808063000147,Classe,2026-09-30,62285390000140,TAB_I2G_VL_OUTRO_RF,0,71761766.49,0
50818107000110,Classe,2026-09-30,16695922000109,TAB_I2G_VL_OUTRO_RF,0,0,
50823781000192,Classe,2026-09-30,24361690000172,TAB_I2G_VL_OUTRO_RF,0,0,
50824501000160,Classe,2026-09-30,24361690000172,TAB_I2G_VL_OUTRO_RF,0,33154854.24,0
50946637000143,Fundo,2026-09-30,16695922000109,TAB_I2G_VL_OUTRO_RF,0,14685951.61,0
50948197000163,Classe,2026-09-30,16695922000109,TAB_I2G_VL_OUTRO_RF,0,0,
51027087000121,Classe,2026-09-30,62285390000140,TAB_I2G_VL_OUTRO_RF,0,51294778.46,0
51119641000109,Classe,2026-09-30,24361690000172,TAB_I2G_VL_OUTRO_RF,0,0,
51253601000147,Classe,2026-09-30,24361690000172,TAB_I2G_VL_OUTRO_RF,0,8527522.33,0
51294885000110,Classe,2026-09-30,24361690000172,TAB_I2G_VL_OUTRO_RF,0,26621555.46,0
51313788000127,Classe,2026-09-30,24361690000172,TAB_I2G_VL_OUTRO_RF,0,9292864.61,0
51364521000169,Classe,2026-09-30,62285390000140,TAB_I2G_VL_OUTRO_RF,0,157185240.99,0
51382517000123,Classe,2026-09-30,16695922000109,TAB_I2G_VL_OUTRO_RF,0,232898593.84,0
51388032000147,Classe,2026-09-30,40434681000110,TAB_I2G_VL_OUTRO_RF,0,7466375.34,0
51476020000174,Classe,2026-09-30,62285390000140,TAB_I2G_VL_OUTRO_RF,0,23198394.65,0
51497411000175,Classe,2026-09-30,62232889000190,TAB_I2G_VL_OUTRO_RF,0,29064478.94,0
51555510000166,Classe,2026-09-30,24361690000172,TAB_I2G_VL_OUTRO_RF,0,151901449.12,0
51581780000141,Classe,2026-09-30,40434681000110,TAB_I2G_VL_OUTRO_RF,0,15878705.68,0
51730136000198,Classe,2026-09-30,40434681000110,TAB_I2G_VL_OUTRO_RF,0,1680762.38,0
51731270000103,Classe,2026-09-30,24361690000172,TAB_I2G_VL_OUTRO_RF,0,13092220.39,0
51781164000134,Classe,2026-09-30,40434681000110,TAB_I2G_VL_OUTRO_RF,0,2462881.88,0
51863167000117,Fundo,2026-09-30,40434681000110,TAB_I2G_VL_OUTRO_RF,0,0,
52043752000133,Classe,2026-09-30,40434681000110,TAB_I2G_VL_OUTRO_RF,0,945512.35,0
52069691000183,Classe,2026-09-30,16695922000109,TAB_I2G_VL_OUTRO_RF,0,744705551.05,0
52098409000196,Classe,2026-09-30,62232889000190,TAB_I2G_VL_OUTRO_RF,0,42238393.21,0
52115758000179,Classe,2026-09-30,22610500000188,TAB_I2G_VL_OUTRO_RF,0,155897808.64,0
52148267000124,Classe,2026-09-30,62232889000190,TAB_I2G_VL_OUTRO_RF,0,165424650.75,0
52200741000110,Classe,2026-09-30,24361690000172,TAB_I2G_VL_OUTRO_RF,0,180076557.41,0
52200745000106,Classe,2026-09-30,24361690000172,TAB_I2G_VL_OUTRO_RF,0,31689542.08,0
52258572000179,Classe,2026-09-30,62232889000190,TAB_I2G_VL_OUTRO_RF,0,51393959.64,0
52287219000117,Classe,2026-09-30,00806535000154,TAB_I2G_VL_OUTRO_RF,0,74213694.7,0
52348286000102,Classe,2026-09-30,16695922000109,TAB_I2G_VL_OUTRO_RF,0,0,
52430088000185,Classe,2026-09-30,62285390000140,TAB_I2G_VL_OUTRO_RF,0,3232578.1,0
52511370000197,Classe,2026-09-30,62232889000190,TAB_I2G_VL_OUTRO_RF,0,36844416.61,0
52511479000124,Classe,2026-09-30,62232889000190,TAB_I2G_VL_OUTRO_RF,0,52683010.92,0
52607408000120,Classe,2026-09-30,62285390000140,TAB_I2G_VL_OUTRO_RF,0,8873079.93,0
52719781000172,Classe,2026-09-30,16695922000109,TAB_I2G_VL_OUTRO_RF,0,63643509.59,0
52756013000199,Classe,2026-09-30,62285390000140,TAB_I2G_VL_OUTRO_RF,0,599569269.23,0
52989090000199,Classe,2026-09-30,62285390000140,TAB_I2G_VL_OUTRO_RF,0,925416808.85,0
53030737000113,Classe,2026-09-30,40434681000110,TAB_I2G_VL_OUTRO_RF,0,66709492.17,0
53032513000140,Classe,2026-09-30,62285390000140,TAB_I2G_VL_OUTRO_RF,0,11989586.37,0
53109835000140,Classe,2026-09-30,62232889000190,TAB_I2G_VL_OUTRO_RF,0,113730124.2,0
53121758000144,Classe,2026-09-30,62285390000140,TAB_I2G_VL_OUTRO_RF,0,86108979.22,0
53214754000100,Classe,2026-09-30,62285390000140,TAB_I2G_VL_OUTRO_RF,0,1022813.91,0
53292327000140,Classe,2026-09-30,16695922000109,TAB_I2G_VL_OUTRO_RF,0,29152140.96,0
53323818000101,Classe,2026-09-30,16695922000109,TAB_I2G_VL_OUTRO_RF,0,2397330.02,0
53577135000180,Classe,2026-09-30,62285390000140,TAB_I2G_VL_OUTRO_RF,0,230074882.99,0
53604320000117,Classe,2026-09-30,24361690000172,TAB_I2G_VL_OUTRO_RF,0,108306823.83,0
53640662000192,Classe,2026-09-30,40434681000110,TAB_I2G_VL_OUTRO_RF,0,18055886.91,0
53765941000182,Classe,2026-09-30,24361690000172,TAB_I2G_VL_OUTRO_RF,0,15909803.89,0
53822280000180,Classe,2026-09-30,16695922000109,TAB_I2G_VL_OUTRO_RF,0,0,
53841740000117,Classe,2026-09-30,62285390000140,TAB_I2G_VL_OUTRO_RF,0,1811838521.15,0
53872780000126,Classe,2026-09-30,00806535000154,TAB_I2G_VL_OUTRO_RF,0,174836061.64,0
53880657000157,Classe,2026-09-30,62285390000140,TAB_I2G_VL_OUTRO_RF,0,187972729.96,0
54071756000150,Classe,2026-09-30,62285390000140,TAB_I2G_VL_OUTRO_RF,0,92242709.77,0
54083491000100,Classe,2026-09-30,62232889000190,TAB_I2G_VL_OUTRO_RF,0,56200602.2,0
54111764000183,Classe,2026-09-30,62285390000140,TAB_I2G_VL_OUTRO_RF,0,71860520,0
54148306000119,Classe,2026-09-30,16695922000109,TAB_I2G_VL_OUTRO_RF,0,0,
54379696000138,Classe,2026-09-30,16695922000109,TAB_I2G_VL_OUTRO_RF,0,10663721.65,0
54495443000120,Classe,2026-09-30,62285390000140,TAB_I2G_VL_OUTRO_RF,0,190321521.43,0
54585485000151,Classe,2026-09-30,16695922000109,TAB_I2G_VL_OUTRO_RF,0,13393221.26,0
54585643000173,Classe,2026-09-30,24361690000172,TAB_I2G_VL_OUTRO_RF,0,0,
54857414000160,Classe,2026-09-30,24361690000172,TAB_I2G_VL_OUTRO_RF,0,103236110.19,0
54976450000143,Classe,2026-09-30,62232889000190,TAB_I2G_VL_OUTRO_RF,0,18401536.57,0
54976534000187,Classe,2026-09-30,62285390000140,TAB_I2G_VL_OUTRO_RF,0,48975213.89,0
55074368000196,Classe,2026-09-30,24361690000172,TAB_I2G_VL_OUTRO_RF,0,52441436.13,0
55175561000113,Classe,2026-09-30,62285390000140,TAB_I2G_VL_OUTRO_RF,0,124189403.94,0
55296116000101,Classe,2026-09-30,62285390000140,TAB_I2G_VL_OUTRO_RF,0,35491936.06,0
55331747000114,Classe,2026-09-30,00806535000154,TAB_I2G_VL_OUTRO_RF,0,10962368.51,0
55364405000109,Classe,2026-09-30,62232889000190,TAB_I2G_VL_OUTRO_RF,0,34740289.13,0
55401645000128,Classe,2026-09-30,62285390000140,TAB_I2G_VL_OUTRO_RF,0,206205229.25,0
55445774000118,Classe,2026-09-30,24361690000172,TAB_I2G_VL_OUTRO_RF,0,25465404.04,0
55466785000184,Classe,2026-09-30,00806535000154,TAB_I2G_VL_OUTRO_RF,0,68690069.2,0
55483719000112,Classe,2026-09-30,62285390000140,TAB_I2G_VL_OUTRO_RF,0,28790922.03,0
55508226000190,Classe,2026-09-30,62285390000140,TAB_I2G_VL_OUTRO_RF,0,43372994.81,0
55523204000107,Classe,2026-09-30,24361690000172,TAB_I2G_VL_OUTRO_RF,0,116106919.03,0
55595058000117,Classe,2026-09-30,62232889000190,TAB_I2G_VL_OUTRO_RF,0,482276088.06,0
55595705000190,Classe,2026-09-30,62232889000190,TAB_I2G_VL_OUTRO_RF,0,70778730.42,0
55626390000100,Classe,2026-09-30,40434681000110,TAB_I2G_VL_OUTRO_RF,0,0,
55636084000146,Classe,2026-09-30,62285390000140,TAB_I2G_VL_OUTRO_RF,0,33495966.38,0
55690923000104,Classe,2026-09-30,40434681000110,TAB_I2G_VL_OUTRO_RF,0,1950470.13,0
55706529000117,Classe,2026-09-30,16695922000109,TAB_I2G_VL_OUTRO_RF,0,0,
55747288000154,Classe,2026-09-30,40434681000110,TAB_I2G_VL_OUTRO_RF,0,6516117.27,0
55790118000152,Classe,2026-09-30,40434681000110,TAB_I2G_VL_OUTRO_RF,0,16929975.02,0
55798735000102,Classe,2026-09-30,40434681000110,TAB_I2G_VL_OUTRO_RF,0,3368133.16,0
55914922000104,Classe,2026-09-30,62285390000140,TAB_I2G_VL_OUTRO_RF,0,27777592.82,0
56030860000122,Classe,2026-09-30,62285390000140,TAB_I2G_VL_OUTRO_RF,0,3482532.47,0
56073212000153,Classe,2026-09-30,62285390000140,TAB_I2G_VL_OUTRO_RF,0,41436527.62,0
56075525000140,Classe,2026-09-30,24361690000172,TAB_I2G_VL_OUTRO_RF,0,85457280.73,0
56125191000172,Classe,2026-09-30,62285390000140,TAB_I2G_VL_OUTRO_RF,0,30575721.13,0
56822599000101,Classe,2026-09-30,62232889000190,TAB_I2G_VL_OUTRO_RF,0,11722586.09,0
56912548000162,Classe,2026-09-30,40434681000110,TAB_I2G_VL_OUTRO_RF,0,15148164.99,0
56924942000110,Classe,2026-09-30,62285390000140,TAB_I2G_VL_OUTRO_RF,0,2929042166.98,0
56975898000178,Classe,2026-09-30,62285390000140,TAB_I2G_VL_OUTRO_RF,0,7591011.45,0
56986018000169,Classe,2026-09-30,40434681000110,TAB_I2G_VL_OUTRO_RF,0,88316793.37,0
57053395000108,Classe,2026-09-30,24361690000172,TAB_I2G_VL_OUTRO_RF,0,77142611.03,0
57088363000148,Classe,2026-09-30,62232889000190,TAB_I2G_VL_OUTRO_RF,0,107150785.19,0
57127130000107,Classe,2026-09-30,62285390000140,TAB_I2G_VL_OUTRO_RF,0,1667472.66,0
57140603000106,Classe,2026-09-30,24361690000172,TAB_I2G_VL_OUTRO_RF,0,103873920.52,0
57182384000128,Classe,2026-09-30,62232889000190,TAB_I2G_VL_OUTRO_RF,0,24168385.05,0
57224939000157,Classe,2026-09-30,62285390000140,TAB_I2G_VL_OUTRO_RF,0,91722215.04,0
57270666000187,Classe,2026-09-30,24361690000172,TAB_I2G_VL_OUTRO_RF,0,53677579.12,0
57325152000181,Classe,2026-09-30,62285390000140,TAB_I2G_VL_OUTRO_RF,0,22290875.45,0
57340272000158,Classe,2026-09-30,62285390000140,TAB_I2G_VL_OUTRO_RF,0,57536127.43,0
57378463000109,Classe,2026-09-30,24361690000172,TAB_I2G_VL_OUTRO_RF,0,157614044.44,0
57391433000132,Classe,2026-09-30,62232889000190,TAB_I2G_VL_OUTRO_RF,0,49712588.71,0
57391980000118,Classe,2026-09-30,62232889000190,TAB_I2G_VL_OUTRO_RF,0,22050316.28,0
57441997000132,Classe,2026-09-30,16695922000109,TAB_I2G_VL_OUTRO_RF,0,0,
57533260000140,Classe,2026-09-30,62285390000140,TAB_I2G_VL_OUTRO_RF,0,28244900.14,0
57584175000100,Classe,2026-09-30,62232889000190,TAB_I2G_VL_OUTRO_RF,0,20254835.77,0
57584525000139,Classe,2026-09-30,62232889000190,TAB_I2G_VL_OUTRO_RF,0,55430322.6,0
57585602000175,Classe,2026-09-30,40434681000110,TAB_I2G_VL_OUTRO_RF,0,4646703.06,0
57691078000117,Classe,2026-09-30,39669186000101,TAB_I2G_VL_OUTRO_RF,0,0,
57740051000177,Classe,2026-09-30,16695922000109,TAB_I2G_VL_OUTRO_RF,0,65504535.38,0
57752597000148,Classe,2026-09-30,24361690000172,TAB_I2G_VL_OUTRO_RF,0,56518593.63,0
57821748000172,Classe,2026-09-30,40434681000110,TAB_I2G_VL_OUTRO_RF,0,12156523.97,0
57823707000115,Classe,2026-09-30,62285390000140,TAB_I2G_VL_OUTRO_RF,0,184635320.27,0
57888289000144,Classe,2026-09-30,40434681000110,TAB_I2G_VL_OUTRO_RF,0,13063095.63,0
57998329000100,Classe,2026-09-30,40434681000110,TAB_I2G_VL_OUTRO_RF,0,18571674.27,0
58036896000149,Classe,2026-09-30,24361690000172,TAB_I2G_VL_OUTRO_RF,0,327823655.05,0
58114311000161,Classe,2026-09-30,24361690000172,TAB_I2G_VL_OUTRO_RF,0,53839267.32,0
58114447000171,Classe,2026-09-30,16695922000109,TAB_I2G_VL_OUTRO_RF,0,0,
58157393000121,Classe,2026-09-30,16695922000109,TAB_I2G_VL_OUTRO_RF,0,10298071.24,0
58238421000135,Classe,2026-09-30,40434681000110,TAB_I2G_VL_OUTRO_RF,0,9247560.85,0
58307031000170,Classe,2026-09-30,24361690000172,TAB_I2G_VL_OUTRO_RF,0,3025801.4,0
58364147000140,Classe,2026-09-30,62285390000140,TAB_I2G_VL_OUTRO_RF,0,11614722.97,0
58423669000176,Classe,2026-09-30,16695922000109,TAB_I2G_VL_OUTRO_RF,0,0,
58482694000120,Classe,2026-09-30,24361690000172,TAB_I2G_VL_OUTRO_RF,0,78555151.67,0
58559343000170,Classe,2026-09-30,16695922000109,TAB_I2G_VL_OUTRO_RF,0,0,
58731626000158,Classe,2026-09-30,62232889000190,TAB_I2G_VL_OUTRO_RF,0,36440153.82,0
58900579000129,Classe,2026-09-30,62285390000140,TAB_I2G_VL_OUTRO_RF,0,4361736649.14,0
58922423000149,Classe,2026-09-30,24361690000172,TAB_I2G_VL_OUTRO_RF,0,164915566.23,0
58944590000190,Classe,2026-09-30,18945670000146,TAB_I2G_VL_OUTRO_RF,0,66648291.41,0
58954874000168,Classe,2026-09-30,16695922000109,TAB_I2G_VL_OUTRO_RF,0,43790932.19,0
59291327000102,Classe,2026-09-30,24361690000172,TAB_I2G_VL_OUTRO_RF,0,13441044.03,0
59357545000100,Classe,2026-09-30,16695922000109,TAB_I2G_VL_OUTRO_RF,0,6570014.14,0
59400011000101,Classe,2026-09-30,62232889000190,TAB_I2G_VL_OUTRO_RF,0,6231909.27,0
59400337000139,Classe,2026-09-30,16695922000109,TAB_I2G_VL_OUTRO_RF,0,385504148.13,0
59657112000162,Classe,2026-09-30,18945670000146,TAB_I2G_VL_OUTRO_RF,0,13280527.92,0
59710430000140,Classe,2026-09-30,40434681000110,TAB_I2G_VL_OUTRO_RF,0,19899545.33,0
59843866000107,Classe,2026-09-30,62285390000140,TAB_I2G_VL_OUTRO_RF,0,156048447.82,0
59870750000167,Classe,2026-09-30,40434681000110,TAB_I2G_VL_OUTRO_RF,0,63685360.76,0
59936269000127,Classe,2026-09-30,24361690000172,TAB_I2G_VL_OUTRO_RF,0,4451056.67,0
60043514000156,Classe,2026-09-30,40434681000110,TAB_I2G_VL_OUTRO_RF,0,45146062.15,0
60058603000176,Classe,2026-09-30,62285390000140,TAB_I2G_VL_OUTRO_RF,0,52817033.37,0
60078440000193,Classe,2026-09-30,24361690000172,TAB_I2G_VL_OUTRO_RF,0,34949346.91,0
60079965000143,Classe,2026-09-30,40434681000110,TAB_I2G_VL_OUTRO_RF,0,25198.34,0
60095481000198,Classe,2026-09-30,62232889000190,TAB_I2G_VL_OUTRO_RF,0,40027535.27,0
60115778000178,Classe,2026-09-30,24361690000172,TAB_I2G_VL_OUTRO_RF,0,45737474.08,0
60282653000132,Classe,2026-09-30,16695922000109,TAB_I2G_VL_OUTRO_RF,0,0,
60331197000173,Classe,2026-09-30,24361690000172,TAB_I2G_VL_OUTRO_RF,0,1442949.1,0
60368384000121,Classe,2026-09-30,24361690000172,TAB_I2G_VL_OUTRO_RF,0,23557756.87,0
60369537000155,Classe,2026-09-30,62285390000140,TAB_I2G_VL_OUTRO_RF,0,135433048.21,0
60369959000120,Classe,2026-09-30,62285390000140,TAB_I2G_VL_OUTRO_RF,0,19220089.45,0
60401316000117,Classe,2026-09-30,62285390000140,TAB_I2G_VL_OUTRO_RF,0,37111740.58,0
60604288000135,Classe,2026-09-30,40434681000110,TAB_I2G_VL_OUTRO_RF,0,9247991.82,0
60606404000155,Classe,2026-09-30,18945670000146,TAB_I2G_VL_OUTRO_RF,0,80747771.54,0
60675473000110,Classe,2026-09-30,16695922000109,TAB_I2G_VL_OUTRO_RF,0,7671955.79,0
60681487000147,Classe,2026-09-30,24361690000172,TAB_I2G_VL_OUTRO_RF,0,4819208.27,0
60686437000152,Classe,2026-09-30,24361690000172,TAB_I2G_VL_OUTRO_RF,0,10724800.4,0
60696087000105,Classe,2026-09-30,62285390000140,TAB_I2G_VL_OUTRO_RF,0,18017967.58,0
60736775000151,Classe,2026-09-30,62285390000140,TAB_I2G_VL_OUTRO_RF,0,90409359.78,0
60792713000167,Classe,2026-09-30,16695922000109,TAB_I2G_VL_OUTRO_RF,0,1920513.58,0
60866189000121,Classe,2026-09-30,62285390000140,TAB_I2G_VL_OUTRO_RF,0,31270914.06,0
60894511000126,Classe,2026-09-30,16695922000109,TAB_I2G_VL_OUTRO_RF,0,2577649.7,0
60910091000124,Classe,2026-09-30,62285390000140,TAB_I2G_VL_OUTRO_RF,0,22907959.83,0
60931216000100,Classe,2026-09-30,24361690000172,TAB_I2G_VL_OUTRO_RF,0,5413345.67,0
60974918000163,Classe,2026-09-30,24361690000172,TAB_I2G_VL_OUTRO_RF,0,6028359.21,0
61084525000147,Classe,2026-09-30,40434681000110,TAB_I2G_VL_OUTRO_RF,0,3057713.43,0
61130895000173,Classe,2026-09-30,16695922000109,TAB_I2G_VL_OUTRO_RF,0,55571359.75,0
61138429000134,Classe,2026-09-30,24361690000172,TAB_I2G_VL_OUTRO_RF,0,19205540.1,0
61279682000108,Classe,2026-09-30,40434681000110,TAB_I2G_VL_OUTRO_RF,0,8668267.17,0
61306033000159,Classe,2026-09-30,62285390000140,TAB_I2G_VL_OUTRO_RF,0,22415269.57,0
61328619000114,Classe,2026-09-30,40434681000110,TAB_I2G_VL_OUTRO_RF,0,9441819.91,0
61350212000193,Classe,2026-09-30,16695922000109,TAB_I2G_VL_OUTRO_RF,0,10080398.52,0
61351481000174,Classe,2026-09-30,62285390000140,TAB_I2G_VL_OUTRO_RF,0,506432844.72,0
61371110000154,Classe,2026-09-30,16695922000109,TAB_I2G_VL_OUTRO_RF,0,0,
61385893000125,Classe,2026-09-30,62285390000140,TAB_I2G_VL_OUTRO_RF,0,400151028.08,0
61430639000100,Classe,2026-09-30,24361690000172,TAB_I2G_VL_OUTRO_RF,0,59863195.4,0
61527968000165,Classe,2026-09-30,16695922000109,TAB_I2G_VL_OUTRO_RF,0,0,
61543748000125,Classe,2026-09-30,24361690000172,TAB_I2G_VL_OUTRO_RF,0,14681356.02,0
61631599000156,Classe,2026-09-30,16695922000109,TAB_I2G_VL_OUTRO_RF,0,425003447.2,0
61664240000185,Classe,2026-09-30,24361690000172,TAB_I2G_VL_OUTRO_RF,0,49446322.77,0
61690116000194,Classe,2026-09-30,40434681000110,TAB_I2G_VL_OUTRO_RF,0,6114482.49,0
61750443000194,Classe,2026-09-30,24361690000172,TAB_I2G_VL_OUTRO_RF,0,12750767.91,0
61766813000181,Classe,2026-09-30,40434681000110,TAB_I2G_VL_OUTRO_RF,0,41957419.42,0
61866286000187,Classe,2026-09-30,16695922000109,TAB_I2G_VL_OUTRO_RF,0,7725106.74,0
61955311000107,Classe,2026-09-30,16695922000109,TAB_I2G_VL_OUTRO_RF,0,9721565.43,0
61975703000120,Classe,2026-09-30,24361690000172,TAB_I2G_VL_OUTRO_RF,0,64807715.81,0
62016007000159,Classe,2026-09-30,62285390000140,TAB_I2G_VL_OUTRO_RF,0,3629674.39,0
62161418000138,Classe,2026-09-30,62285390000140,TAB_I2G_VL_OUTRO_RF,0,70497102.5,0
62164403000123,Classe,2026-09-30,16695922000109,TAB_I2G_VL_OUTRO_RF,0,7146138.89,0
62230042000176,Classe,2026-09-30,16695922000109,TAB_I2G_VL_OUTRO_RF,0,28659234.19,0
62303024000177,Classe,2026-09-30,62232889000190,TAB_I2G_VL_OUTRO_RF,0,302237026.17,0
62359337000147,Classe,2026-09-30,40434681000110,TAB_I2G_VL_OUTRO_RF,0,23354126.96,0
62497138000103,Classe,2026-09-30,16695922000109,TAB_I2G_VL_OUTRO_RF,0,4041792.81,0
62541630000120,Classe,2026-09-30,62232889000190,TAB_I2G_VL_OUTRO_RF,0,41979103.1,0
62627243000101,Classe,2026-09-30,62285390000140,TAB_I2G_VL_OUTRO_RF,0,77384146.82,0
62627291000108,Classe,2026-09-30,62285390000140,TAB_I2G_VL_OUTRO_RF,0,571554220.3,0
62741028000137,Classe,2026-09-30,40434681000110,TAB_I2G_VL_OUTRO_RF,0,13305302.13,0
62762366000155,Classe,2026-09-30,16695922000109,TAB_I2G_VL_OUTRO_RF,0,3429775.37,0
62772042000106,Classe,2026-09-30,24361690000172,TAB_I2G_VL_OUTRO_RF,0,48261968.46,0
62951957000170,Classe,2026-09-30,16695922000109,TAB_I2G_VL_OUTRO_RF,0,12371590.58,0
62966067000132,Classe,2026-09-30,40434681000110,TAB_I2G_VL_OUTRO_RF,0,37167728.83,0
62967950000147,Classe,2026-09-30,40434681000110,TAB_I2G_VL_OUTRO_RF,0,36216105.56,0
62968483000170,Classe,2026-09-30,40434681000110,TAB_I2G_VL_OUTRO_RF,0,70920259.13,0
62972105000160,Classe,2026-09-30,62285390000140,TAB_I2G_VL_OUTRO_RF,0,36678613.02,0
63098061000153,Classe,2026-09-30,16695922000109,TAB_I2G_VL_OUTRO_RF,0,31074263.33,0
63212782000142,Classe,2026-09-30,62285390000140,TAB_I2G_VL_OUTRO_RF,0,28864810.22,0
63249135000105,Classe,2026-09-30,40434681000110,TAB_I2G_VL_OUTRO_RF,0,4275300.56,0
63310209000171,Classe,2026-09-30,62285390000140,TAB_I2G_VL_OUTRO_RF,0,2066484.32,0
63322011000108,Classe,2026-09-30,62285390000140,TAB_I2G_VL_OUTRO_RF,0,633091869.24,0
63457029000117,Classe,2026-09-30,16695922000109,TAB_I2G_VL_OUTRO_RF,0,1521927.95,0
63458316000141,Classe,2026-09-30,16695922000109,TAB_I2G_VL_OUTRO_RF,0,5209807.52,0
63459064000175,Classe,2026-09-30,16695922000109,TAB_I2G_VL_OUTRO_RF,0,4021024.37,0
63516387000153,Classe,2026-09-30,62285390000140,TAB_I2G_VL_OUTRO_RF,0,88012431.05,0
63565588000140,Classe,2026-09-30,62285390000140,TAB_I2G_VL_OUTRO_RF,0,11038221.61,0
63566193000162,Classe,2026-09-30,16695922000109,TAB_I2G_VL_OUTRO_RF,0,3526305.01,0
63604811000111,Classe,2026-09-30,40434681000110,TAB_I2G_VL_OUTRO_RF,0,70913786,0
63606548000108,Classe,2026-09-30,40434681000110,TAB_I2G_VL_OUTRO_RF,0,18697883.79,0
63606839000198,Classe,2026-09-30,40434681000110,TAB_I2G_VL_OUTRO_RF,0,53070719.34,0
63622544000105,Classe,2026-09-30,16695922000109,TAB_I2G_VL_OUTRO_RF,0,1889422.1,0
63659752000189,Classe,2026-09-30,16695922000109,TAB_I2G_VL_OUTRO_RF,0,32676194.78,0
63697245000130,Classe,2026-09-30,24361690000172,TAB_I2G_VL_OUTRO_RF,0,10381302.04,0
63699134000162,Classe,2026-09-30,24361690000172,TAB_I2G_VL_OUTRO_RF,0,19050347.65,0
63709161000179,Classe,2026-09-30,40434681000110,TAB_I2G_VL_OUTRO_RF,0,108114022.35,0
63796349000100,Classe,2026-09-30,62285390000140,TAB_I2G_VL_OUTRO_RF,0,1559383.18,0
63863686000164,Classe,2026-09-30,24361690000172,TAB_I2G_VL_OUTRO_RF,0,56029882.97,0
63887027000168,Classe,2026-09-30,40434681000110,TAB_I2G_VL_OUTRO_RF,0,0,
63894672000108,Classe,2026-09-30,16695922000109,TAB_I2G_VL_OUTRO_RF,0,52775618.56,0
63938673000107,Classe,2026-09-30,62285390000140,TAB_I2G_VL_OUTRO_RF,0,106466416.63,0
63974821000149,Classe,2026-09-30,62285390000140,TAB_I2G_VL_OUTRO_RF,0,10104194.08,0
64019393000168,Classe,2026-09-30,16695922000109,TAB_I2G_VL_OUTRO_RF,0,131303425.01,0
64029467000147,Classe,2026-09-30,16695922000109,TAB_I2G_VL_OUTRO_RF,0,8921726.63,0
64039922000195,Classe,2026-09-30,62285390000140,TAB_I2G_VL_OUTRO_RF,0,56373965.98,0
64054825000171,Classe,2026-09-30,40434681000110,TAB_I2G_VL_OUTRO_RF,0,8585316.6,0
64155784000100,Classe,2026-09-30,18945670000146,TAB_I2G_VL_OUTRO_RF,0,34652149.65,0
64276414000120,Classe,2026-09-30,24361690000172,TAB_I2G_VL_OUTRO_RF,0,16216834.37,0
64276709000105,Classe,2026-09-30,24361690000172,TAB_I2G_VL_OUTRO_RF,0,94297638.45,0
64282009000115,Classe,2026-09-30,40434681000110,TAB_I2G_VL_OUTRO_RF,0,17845113.69,0
64291147000160,Classe,2026-09-30,62232889000190,TAB_I2G_VL_OUTRO_RF,0,21094733.09,0
64310285000140,Classe,2026-09-30,40434681000110,TAB_I2G_VL_OUTRO_RF,0,12894779.98,0
64382297000180,Classe,2026-09-30,62232889000190,TAB_I2G_VL_OUTRO_RF,0,18663049.23,0
64432874000109,Classe,2026-09-30,40434681000110,TAB_I2G_VL_OUTRO_RF,0,10668989.54,0
64530753000191,Classe,2026-09-30,24361690000172,TAB_I2G_VL_OUTRO_RF,0,4173825.76,0
64598309000108,Classe,2026-09-30,16695922000109,TAB_I2G_VL_OUTRO_RF,0,7211139.11,0
64630838000141,Classe,2026-09-30,62285390000140,TAB_I2G_VL_OUTRO_RF,0,16625447.98,0
64636877000156,Classe,2026-09-30,16695922000109,TAB_I2G_VL_OUTRO_RF,0,3183553.58,0
64637478000100,Classe,2026-09-30,00806535000154,TAB_I2G_VL_OUTRO_RF,0,76678412.72,0
64656737000140,Classe,2026-09-30,62232889000190,TAB_I2G_VL_OUTRO_RF,0,60707967.28,0
64721990000130,Classe,2026-09-30,40434681000110,TAB_I2G_VL_OUTRO_RF,0,16538673.46,0
64987557000140,Classe,2026-09-30,24361690000172,TAB_I2G_VL_OUTRO_RF,0,5181730.59,0
65014891000180,Classe,2026-09-30,40434681000110,TAB_I2G_VL_OUTRO_RF,0,1040006.34,0
65095860000100,Classe,2026-09-30,00806535000154,TAB_I2G_VL_OUTRO_RF,0,15287369,0
65190945000169,Classe,2026-09-30,40434681000110,TAB_I2G_VL_OUTRO_RF,0,15218377.48,0
65343721000140,Classe,2026-09-30,62232889000190,TAB_I2G_VL_OUTRO_RF,0,62218788.14,0
65619110000181,Classe,2026-09-30,16695922000109,TAB_I2G_VL_OUTRO_RF,0,1368681.7,0
65659857000163,Classe,2026-09-30,24361690000172,TAB_I2G_VL_OUTRO_RF,0,32634533.96,0
65675575000150,Classe,2026-09-30,62285390000140,TAB_I2G_VL_OUTRO_RF,0,7455886.05,0
65706613000194,Classe,2026-09-30,24361690000172,TAB_I2G_VL_OUTRO_RF,0,4176528.49,0
65784807000108,Classe,2026-09-30,24361690000172,TAB_I2G_VL_OUTRO_RF,0,0,
65784847000150,Classe,2026-09-30,24361690000172,TAB_I2G_VL_OUTRO_RF,0,220721842.85,0
65804305000100,Classe,2026-09-30,62232889000190,TAB_I2G_VL_OUTRO_RF,0,11090720.1,0
65804737000102,Classe,2026-09-30,00806535000154,TAB_I2G_VL_OUTRO_RF,0,187457213,0
65900819000150,Classe,2026-09-30,24361690000172,TAB_I2G_VL_OUTRO_RF,0,2674536.93,0
66004736000146,Classe,2026-09-30,16695922000109,TAB_I2G_VL_OUTRO_RF,0,42617426.99,0
66107567000170,Classe,2026-09-30,40434681000110,TAB_I2G_VL_OUTRO_RF,0,2094774.86,0
66146849000186,Classe,2026-09-30,24361690000172,TAB_I2G_VL_OUTRO_RF,0,9416027.71,0
66147948000182,Classe,2026-09-30,24361690000172,TAB_I2G_VL_OUTRO_RF,0,2521051.44,0
66188571000100,Classe,2026-09-30,40434681000110,TAB_I2G_VL_OUTRO_RF,0,1055012.15,0
66226431000189,Classe,2026-09-30,62232889000190,TAB_I2G_VL_OUTRO_RF,0,583357.95,0
66247874000156,Classe,2026-09-30,40434681000110,TAB_I2G_VL_OUTRO_RF,0,27781907.34,0
66279914000141,Classe,2026-09-30,24361690000172,TAB_I2G_VL_OUTRO_RF,0,34667862.43,0
66289666000110,Classe,2026-09-30,62285390000140,TAB_I2G_VL_OUTRO_RF,0,4943170.02,0
66320254000103,Classe,2026-09-30,62285390000140,TAB_I2G_VL_OUTRO_RF,0,104390059.63,0
66575588000110,Classe,2026-09-30,62285390000140,TAB_I2G_VL_OUTRO_RF,0,95068964.05,0
66584882000198,Classe,2026-09-30,62285390000140,TAB_I2G_VL_OUTRO_RF,0,5226156.27,0
66589036000160,Classe,2026-09-30,62285390000140,TAB_I2G_VL_OUTRO_RF,0,522476019.2,0
66614411000185,Classe,2026-09-30,62232889000190,TAB_I2G_VL_OUTRO_RF,0,84676374.62,0
66625873000106,Classe,2026-09-30,40434681000110,TAB_I2G_VL_OUTRO_RF,0,6042090.57,0
66687692000104,Classe,2026-09-30,62285390000140,TAB_I2G_VL_OUTRO_RF,0,44249161.16,0
66790149000120,Classe,2026-09-30,16695922000109,TAB_I2G_VL_OUTRO_RF,0,51157.61,0
66790195000129,Classe,2026-09-30,24361690000172,TAB_I2G_VL_OUTRO_RF,0,96486499.58,0
67220127000197,Classe,2026-09-30,24361690000172,TAB_I2G_VL_OUTRO_RF,0,155701365.44,0
67220139000111,Classe,2026-09-30,40434681000110,TAB_I2G_VL_OUTRO_RF,0,21701581.26,0
67851316000168,Classe,2026-09-30,62285390000140,TAB_I2G_VL_OUTRO_RF,0,78559509.19,0
67873873000180,Classe,2026-09-30,62285390000140,TAB_I2G_VL_OUTRO_RF,0,6078686.02,0
68099385000120,Classe,2026-09-30,40434681000110,TAB_I2G_VL_OUTRO_RF,0,7171562.38,0
68119920000167,Classe,2026-09-30,40434681000110,TAB_I2G_VL_OUTRO_RF,0,2012767.91,0
68234432000109,Classe,2026-09-30,40434681000110,TAB_I2G_VL_OUTRO_RF,0,6458834.8,0
68250073000175,Classe,2026-09-30,16695922000109,TAB_I2G_VL_OUTRO_RF,0,467617.25,0
68564198000170,Classe,2026-09-30,16695922000109,TAB_I2G_VL_OUTRO_RF,0,13215580.8,0
68706406000128,Classe,2026-09-30,62285390000140,TAB_I2G_VL_OUTRO_RF,0,2008326.55,0
09260031000156,Classe,2026-09-30,62285390000140,TAB_I2H_VL_COTA_FIDC,66569700.67,66569700.67,1
16802124000120,Classe,2026-09-30,62285390000140,TAB_I2H_VL_COTA_FIDC,272434937.13,385017818.6,0.707590464567657
16858989000109,Classe,2026-09-30,16695922000109,TAB_I2H_VL_COTA_FIDC,0,0,
17047287000108,Classe,2026-09-30,24361690000172,TAB_I2H_VL_COTA_FIDC,0,58017901.04,0
17198845000136,Classe,2026-09-30,62285390000140,TAB_I2H_VL_COTA_FIDC,1589153784.5,1607435228.61,0.9886269482063
19388377000198,Classe,2026-09-30,24361690000172,TAB_I2H_VL_COTA_FIDC,0,186787082.1,0
20906292000133,Classe,2026-09-30,24361690000172,TAB_I2H_VL_COTA_FIDC,0,14256208.26,0
21254441000190,Classe,2026-09-30,62285390000140,TAB_I2H_VL_COTA_FIDC,0,69285668.91,0
21917325000103,Classe,2026-09-30,24361690000172,TAB_I2H_VL_COTA_FIDC,0,278228784.88,0
23980344000100,Classe,2026-09-30,62285390000140,TAB_I2H_VL_COTA_FIDC,20176626.48,20180937.49,0.999786382074562
25354121000162,Classe,2026-09-30,16695922000109,TAB_I2H_VL_COTA_FIDC,0,0,
26000055000195,Classe,2026-09-30,24361690000172,TAB_I2H_VL_COTA_FIDC,0,2575655.5,0
26199650000100,Classe,2026-09-30,24361690000172,TAB_I2H_VL_COTA_FIDC,0,56129835.74,0
26631527000108,Fundo,2026-09-30,16695922000109,TAB_I2H_VL_COTA_FIDC,0,0,
27531244000157,Classe,2026-09-30,16695922000109,TAB_I2H_VL_COTA_FIDC,0,24375444.45,0
28079865000104,Classe,2026-09-30,62285390000140,TAB_I2H_VL_COTA_FIDC,34519557.29,34519557.29,1
28079873000150,Classe,2026-09-30,62285390000140,TAB_I2H_VL_COTA_FIDC,754914670.42,754914753.36,0.99999989013329
29249995000100,Classe,2026-09-30,24361690000172,TAB_I2H_VL_COTA_FIDC,5430236.4,21121430.13,0.257096056781076
29550273000191,Classe,2026-09-30,62232889000190,TAB_I2H_VL_COTA_FIDC,0,13137164.57,0
30366120000178,Classe,2026-09-30,62285390000140,TAB_I2H_VL_COTA_FIDC,0,283402282.07,0
31024416000173,Classe,2026-09-30,62285390000140,TAB_I2H_VL_COTA_FIDC,38772077.18,38772077.18,1
32156038000144,Classe,2026-09-30,62285390000140,TAB_I2H_VL_COTA_FIDC,0,239264432.77,0
32525937000177,Classe,2026-09-30,62285390000140,TAB_I2H_VL_COTA_FIDC,78994171.82,78994171.82,1
32525986000100,Classe,2026-09-30,62285390000140,TAB_I2H_VL_COTA_FIDC,54051136.83,57166279.24,0.945507343640089
32907653000145,Classe,2026-09-30,16695922000109,TAB_I2H_VL_COTA_FIDC,0,23721857.76,0
32999032000139,Classe,2026-09-30,62285390000140,TAB_I2H_VL_COTA_FIDC,86847161.11,86847161.11,1
33304615000160,Classe,2026-09-30,24361690000172,TAB_I2H_VL_COTA_FIDC,0,25984584.67,0
33490076000100,Classe,2026-09-30,40434681000110,TAB_I2H_VL_COTA_FIDC,0,112775629.29,0
33521644000184,Classe,2026-09-30,16695922000109,TAB_I2H_VL_COTA_FIDC,107324135.47,107342274.18,0.999831019883466
33632618000123,Classe,2026-09-30,62285390000140,TAB_I2H_VL_COTA_FIDC,71793219.16,71793219.16,1
34027968000123,Classe,2026-09-30,16695922000109,TAB_I2H_VL_COTA_FIDC,0,0,
34218960000144,Classe,2026-09-30,62285390000140,TAB_I2H_VL_COTA_FIDC,0,110699216.44,0
34599321000176,Classe,2026-09-30,16695922000109,TAB_I2H_VL_COTA_FIDC,0,107327443.81,0
35277363000153,Classe,2026-09-30,16695922000109,TAB_I2H_VL_COTA_FIDC,218038085.63,218625467.39,0.997313296721502
35686949000171,Classe,2026-09-30,16695922000109,TAB_I2H_VL_COTA_FIDC,0,20000028.24,0
35715919000146,Classe,2026-09-30,00806535000154,TAB_I2H_VL_COTA_FIDC,0,877683.76,0
36113052000111,Classe,2026-09-30,62285390000140,TAB_I2H_VL_COTA_FIDC,29496745.24,30888325.07,0.954948032085056
36420767000117,Classe,2026-09-30,62285390000140,TAB_I2H_VL_COTA_FIDC,0.01,0.01,1
36953080000147,Classe,2026-09-30,62285390000140,TAB_I2H_VL_COTA_FIDC,239170855.51,591765186.82,0.404165133125261
37606580000175,Fundo,2026-09-30,48967968000118,TAB_I2H_VL_COTA_FIDC,0,0,
38134439000180,Classe,2026-09-30,16695922000109,TAB_I2H_VL_COTA_FIDC,0,0,
39273409000117,Classe,2026-09-30,16695922000109,TAB_I2H_VL_COTA_FIDC,0,31908373.53,0
39469320000120,Classe,2026-09-30,16695922000109,TAB_I2H_VL_COTA_FIDC,0,70589112.12,0
39806180000139,Classe,2026-09-30,62285390000140,TAB_I2H_VL_COTA_FIDC,232412518.37,234940564.57,0.989239635119517
39851520000143,Classe,2026-09-30,24361690000172,TAB_I2H_VL_COTA_FIDC,9548514.77,9548514.77,1
40226175000136,Classe,2026-09-30,48967968000118,TAB_I2H_VL_COTA_FIDC,0,0,
40902151000150,Classe,2026-09-30,62285390000140,TAB_I2H_VL_COTA_FIDC,44632675.25,44635945.31,0.99992673931341
40989019000127,Classe,2026-09-30,62285390000140,TAB_I2H_VL_COTA_FIDC,99703654.39,102218150.05,0.975400692941811
41096982000144,Classe,2026-09-30,62285390000140,TAB_I2H_VL_COTA_FIDC,0,233994295.26,0
41251476000182,Classe,2026-09-30,62285390000140,TAB_I2H_VL_COTA_FIDC,66284816.89,66473881.51,0.997155805923992
41341232000190,Classe,2026-09-30,40434681000110,TAB_I2H_VL_COTA_FIDC,0,26070049.35,0
41351648000190,Classe,2026-09-30,62285390000140,TAB_I2H_VL_COTA_FIDC,27161369.03,27350641.19,0.993079790755721
41801514000123,Classe,2026-09-30,62232889000190,TAB_I2H_VL_COTA_FIDC,50396222.15,191359157.31,0.263359344065038
41992676000196,Classe,2026-09-30,62285390000140,TAB_I2H_VL_COTA_FIDC,397958892.57,398303380.63,0.999135111383049
42031108000191,Classe,2026-09-30,16695922000109,TAB_I2H_VL_COTA_FIDC,194762.62,4101455.27,0.0474862231034401
42067232000107,Classe,2026-09-30,62285390000140,TAB_I2H_VL_COTA_FIDC,56405549.84,56405549.84,1
42196288000161,Classe,2026-09-30,62285390000140,TAB_I2H_VL_COTA_FIDC,402204455.56,402204455.56,1
42336359000184,Classe,2026-09-30,62285390000140,TAB_I2H_VL_COTA_FIDC,0,65983527.9,0
42533772000139,Classe,2026-09-30,62285390000140,TAB_I2H_VL_COTA_FIDC,258340833.61,264447311.91,0.976908525725237
42867211000176,Fundo,2026-09-30,16695922000109,TAB_I2H_VL_COTA_FIDC,0,0,
43122353000177,Classe,2026-09-30,24361690000172,TAB_I2H_VL_COTA_FIDC,0,13498884.09,0
43236160000147,Classe,2026-09-30,62285390000140,TAB_I2H_VL_COTA_FIDC,0,219213182.07,0
43702427000144,Classe,2026-09-30,24361690000172,TAB_I2H_VL_COTA_FIDC,0,15452112.05,0
44173512000125,Classe,2026-09-30,62232889000190,TAB_I2H_VL_COTA_FIDC,107760610.53,107817019.06,0.999476812376267
44395590000174,Classe,2026-09-30,62285390000140,TAB_I2H_VL_COTA_FIDC,8128561.77,106838336.93,0.0760828182427231
44414972000106,Classe,2026-09-30,40434681000110,TAB_I2H_VL_COTA_FIDC,15149.13,13303981.25,0.00113869147252444
44415022000198,Classe,2026-09-30,40434681000110,TAB_I2H_VL_COTA_FIDC,0,20435638.41,0
44465412000172,Classe,2026-09-30,40434681000110,TAB_I2H_VL_COTA_FIDC,97906.53,22818609.21,0.00429064405718003
44465521000190,Classe,2026-09-30,40434681000110,TAB_I2H_VL_COTA_FIDC,14552120.35,14552289.72,0.999988361281746
44479362000182,Classe,2026-09-30,24361690000172,TAB_I2H_VL_COTA_FIDC,0,0,
44585152000179,Classe,2026-09-30,40434681000110,TAB_I2H_VL_COTA_FIDC,0,15947146.6,0
44585499000111,Classe,2026-09-30,40434681000110,TAB_I2H_VL_COTA_FIDC,529534.58,20652481.01,0.0256402404991244
44680424000110,Classe,2026-09-30,16695922000109,TAB_I2H_VL_COTA_FIDC,0,51797194.94,0
44680449000113,Classe,2026-09-30,16695922000109,TAB_I2H_VL_COTA_FIDC,0,6271249.58,0
44705452000144,Classe,2026-09-30,62285390000140,TAB_I2H_VL_COTA_FIDC,45166304.19,45219807.93,0.998816807446798
44705662000132,Classe,2026-09-30,62285390000140,TAB_I2H_VL_COTA_FIDC,22443767.77,22880786.18,0.980900201305933
45018911000184,Classe,2026-09-30,16695922000109,TAB_I2H_VL_COTA_FIDC,0,0,
45019108000164,Classe,2026-09-30,16695922000109,TAB_I2H_VL_COTA_FIDC,0,14194939.69,0
45521676000169,Classe,2026-09-30,16695922000109,TAB_I2H_VL_COTA_FIDC,0,417963812.9,0
45525150000157,Classe,2026-09-30,62285390000140,TAB_I2H_VL_COTA_FIDC,0,5508330.3,0
45721977000136,Classe,2026-09-30,16695922000109,TAB_I2H_VL_COTA_FIDC,51805143.49,52722819.3,0.982594333493847
45756256000161,Classe,2026-09-30,62285390000140,TAB_I2H_VL_COTA_FIDC,28545793.54,30834767.44,0.925766461366896
45777614000112,Classe,2026-09-30,62285390000140,TAB_I2H_VL_COTA_FIDC,47178241.49,47178241.49,1
45880798000141,Fundo,2026-09-30,24361690000172,TAB_I2H_VL_COTA_FIDC,0,0,
45899684000143,Classe,2026-09-30,16695922000109,TAB_I2H_VL_COTA_FIDC,0,133.14,0
45899975000131,Classe,2026-09-30,16695922000109,TAB_I2H_VL_COTA_FIDC,0,0,
46098515000177,Classe,2026-09-30,40434681000110,TAB_I2H_VL_COTA_FIDC,18399305.54,68314233.29,0.269333411997662
46098560000121,Classe,2026-09-30,40434681000110,TAB_I2H_VL_COTA_FIDC,14399934.21,110436029.06,0.130391633351617
46322877000108,Classe,2026-09-30,62232889000190,TAB_I2H_VL_COTA_FIDC,0,29498722.37,0
46449843000170,Classe,2026-09-30,62232889000190,TAB_I2H_VL_COTA_FIDC,0,301052919.76,0
46766050000185,Classe,2026-09-30,62285390000140,TAB_I2H_VL_COTA_FIDC,0,265187169.15,0
47094392000169,Classe,2026-09-30,16695922000109,TAB_I2H_VL_COTA_FIDC,107327026.05,1370067130.53,0.0783370563809391
47167918000193,Classe,2026-09-30,62285390000140,TAB_I2H_VL_COTA_FIDC,145902652.61,145932768.51,0.999793631681853
47168002000158,Classe,2026-09-30,62285390000140,TAB_I2H_VL_COTA_FIDC,20444595.65,20444595.65,1
47410102000149,Classe,2026-09-30,62232889000190,TAB_I2H_VL_COTA_FIDC,0,92133165.72,0
47410122000110,Classe,2026-09-30,62232889000190,TAB_I2H_VL_COTA_FIDC,11079298.58,57174589.81,0.193780114852039
47425860000130,Classe,2026-09-30,24361690000172,TAB_I2H_VL_COTA_FIDC,0,6719515.44,0
47463381000109,Classe,2026-09-30,62232889000190,TAB_I2H_VL_COTA_FIDC,0,160406214.06,0
47465008000197,Classe,2026-09-30,16695922000109,TAB_I2H_VL_COTA_FIDC,0,4109931.65,0
47640501000104,Classe,2026-09-30,40434681000110,TAB_I2H_VL_COTA_FIDC,52649928.14,52724561.55,0.99858446599069
47669160000191,Classe,2026-09-30,40434681000110,TAB_I2H_VL_COTA_FIDC,0,4034168.62,0
47669241000191,Classe,2026-09-30,40434681000110,TAB_I2H_VL_COTA_FIDC,0,2360663.23,0
47669306000107,Classe,2026-09-30,40434681000110,TAB_I2H_VL_COTA_FIDC,2098605.96,2848544.78,0.736729144907457
47715992000105,Classe,2026-09-30,62285390000140,TAB_I2H_VL_COTA_FIDC,26730267.98,26730267.98,1
47731522000127,Classe,2026-09-30,40434681000110,TAB_I2H_VL_COTA_FIDC,3593248.67,3593327.14,0.999978162300024
48181830000199,Classe,2026-09-30,62232889000190,TAB_I2H_VL_COTA_FIDC,0,236462863.02,0
48213067000130,Classe,2026-09-30,24361690000172,TAB_I2H_VL_COTA_FIDC,0,132354124.58,0
48213253000170,Classe,2026-09-30,40434681000110,TAB_I2H_VL_COTA_FIDC,500080.3,16064089.17,0.0311303239609694
48279539000158,Classe,2026-09-30,62232889000190,TAB_I2H_VL_COTA_FIDC,0,244767823.8,0
48313744000192,Classe,2026-09-30,62285390000140,TAB_I2H_VL_COTA_FIDC,5065977.64,84296208.35,0.0600973369877555
48357311000139,Classe,2026-09-30,16695922000109,TAB_I2H_VL_COTA_FIDC,0,0,
48502650000161,Classe,2026-09-30,16695922000109,TAB_I2H_VL_COTA_FIDC,532008.16,32662478.15,0.0162880525340665
49000918000120,Classe,2026-09-30,62285390000140,TAB_I2H_VL_COTA_FIDC,9049343.33,9831568.8,0.920437370076686
49087632000123,Classe,2026-09-30,24361690000172,TAB_I2H_VL_COTA_FIDC,0,0,
49141366000170,Classe,2026-09-30,40434681000110,TAB_I2H_VL_COTA_FIDC,0,29882695.1,0
49220648000162,Classe,2026-09-30,62285390000140,TAB_I2H_VL_COTA_FIDC,0,211130068.9,0
49223648000116,Classe,2026-09-30,16695922000109,TAB_I2H_VL_COTA_FIDC,0,0,
49261110000104,Classe,2026-09-30,40434681000110,TAB_I2H_VL_COTA_FIDC,664987.62,6670203.14,0.0996952575570285
49275773000170,Classe,2026-09-30,24361690000172,TAB_I2H_VL_COTA_FIDC,0,0,
49460350000120,Classe,2026-09-30,24361690000172,TAB_I2H_VL_COTA_FIDC,0,63191969.88,0
49466992000136,Classe,2026-09-30,24361690000172,TAB_I2H_VL_COTA_FIDC,0,3171457.12,0
49815200000191,Classe,2026-09-30,00806535000154,TAB_I2H_VL_COTA_FIDC,0,81255139.25,0
49916055000135,Classe,2026-09-30,62285390000140,TAB_I2H_VL_COTA_FIDC,93575106.47,95319638.67,0.981698082112547
49916151000183,Classe,2026-09-30,62285390000140,TAB_I2H_VL_COTA_FIDC,1200589562.02,1246650258.2,0.963052431203515
49934838000141,Classe,2026-09-30,16695922000109,TAB_I2H_VL_COTA_FIDC,0,42102752.88,0
50041351000119,Classe,2026-09-30,62232889000190,TAB_I2H_VL_COTA_FIDC,0,6627365.67,0
50133597000110,Classe,2026-09-30,16695922000109,TAB_I2H_VL_COTA_FIDC,0,0,
50153414000129,Classe,2026-09-30,16695922000109,TAB_I2H_VL_COTA_FIDC,0,42445882.9,0
50284896000156,Classe,2026-09-30,62285390000140,TAB_I2H_VL_COTA_FIDC,35156121.7,35169121.36,0.9996303672228
50327909000127,Classe,2026-09-30,62285390000140,TAB_I2H_VL_COTA_FIDC,0,958909826.44,0
50356663000111,Classe,2026-09-30,40434681000110,TAB_I2H_VL_COTA_FIDC,0,0,
50434429000165,Classe,2026-09-30,62285390000140,TAB_I2H_VL_COTA_FIDC,1208175.99,85488763.83,0.0141325705960907
50692376000182,Classe,2026-09-30,24361690000172,TAB_I2H_VL_COTA_FIDC,0,5337764.75,0
50695489000131,Classe,2026-09-30,62232889000190,TAB_I2H_VL_COTA_FIDC,0,23000846.3,0
50791925000176,Classe,2026-09-30,24361690000172,TAB_I2H_VL_COTA_FIDC,0,15979956.48,0
50808063000147,Classe,2026-09-30,62285390000140,TAB_I2H_VL_COTA_FIDC,71741812.77,71761766.49,0.99972194497187
50818107000110,Classe,2026-09-30,16695922000109,TAB_I2H_VL_COTA_FIDC,0,0,
50823781000192,Classe,2026-09-30,24361690000172,TAB_I2H_VL_COTA_FIDC,0,0,
50824501000160,Classe,2026-09-30,24361690000172,TAB_I2H_VL_COTA_FIDC,0,33154854.24,0
50946637000143,Fundo,2026-09-30,16695922000109,TAB_I2H_VL_COTA_FIDC,0,14685951.61,0
50948197000163,Classe,2026-09-30,16695922000109,TAB_I2H_VL_COTA_FIDC,0,0,
51027087000121,Classe,2026-09-30,62285390000140,TAB_I2H_VL_COTA_FIDC,0,51294778.46,0
51119641000109,Classe,2026-09-30,24361690000172,TAB_I2H_VL_COTA_FIDC,0,0,
51253601000147,Classe,2026-09-30,24361690000172,TAB_I2H_VL_COTA_FIDC,1607576.04,8527522.33,0.188516192369795
51294885000110,Classe,2026-09-30,24361690000172,TAB_I2H_VL_COTA_FIDC,0,26621555.46,0
51313788000127,Classe,2026-09-30,24361690000172,TAB_I2H_VL_COTA_FIDC,0,9292864.61,0
51364521000169,Classe,2026-09-30,62285390000140,TAB_I2H_VL_COTA_FIDC,149502948.03,157185240.99,0.95112586327053
51382517000123,Classe,2026-09-30,16695922000109,TAB_I2H_VL_COTA_FIDC,0,232898593.84,0
51388032000147,Classe,2026-09-30,40434681000110,TAB_I2H_VL_COTA_FIDC,0,7466375.34,0
51476020000174,Classe,2026-09-30,62285390000140,TAB_I2H_VL_COTA_FIDC,13733133.95,23198394.65,0.591986392041141
51497411000175,Classe,2026-09-30,62232889000190,TAB_I2H_VL_COTA_FIDC,28928108.36,29064478.94,0.995307998458134
51555510000166,Classe,2026-09-30,24361690000172,TAB_I2H_VL_COTA_FIDC,0,151901449.12,0
51581780000141,Classe,2026-09-30,40434681000110,TAB_I2H_VL_COTA_FIDC,15873937.91,15878705.68,0.999699738121224
51730136000198,Classe,2026-09-30,40434681000110,TAB_I2H_VL_COTA_FIDC,0,1680762.38,0
51731270000103,Classe,2026-09-30,24361690000172,TAB_I2H_VL_COTA_FIDC,0,13092220.39,0
51781164000134,Classe,2026-09-30,40434681000110,TAB_I2H_VL_COTA_FIDC,92.86,2462881.88,3.7703797634014e-05
51863167000117,Fundo,2026-09-30,40434681000110,TAB_I2H_VL_COTA_FIDC,0,0,
52043752000133,Classe,2026-09-30,40434681000110,TAB_I2H_VL_COTA_FIDC,911756.28,945512.35,0.964298647183191
52069691000183,Classe,2026-09-30,16695922000109,TAB_I2H_VL_COTA_FIDC,0,744705551.05,0
52098409000196,Classe,2026-09-30,62232889000190,TAB_I2H_VL_COTA_FIDC,29580497.3,42238393.21,0.700322504052942
52115758000179,Classe,2026-09-30,22610500000188,TAB_I2H_VL_COTA_FIDC,0,155897808.64,0
52148267000124,Classe,2026-09-30,62232889000190,TAB_I2H_VL_COTA_FIDC,0,165424650.75,0
52200741000110,Classe,2026-09-30,24361690000172,TAB_I2H_VL_COTA_FIDC,0,180076557.41,0
52200745000106,Classe,2026-09-30,24361690000172,TAB_I2H_VL_COTA_FIDC,0,31689542.08,0
52258572000179,Classe,2026-09-30,62232889000190,TAB_I2H_VL_COTA_FIDC,0,51393959.64,0
52287219000117,Classe,2026-09-30,00806535000154,TAB_I2H_VL_COTA_FIDC,0,74213694.7,0
52348286000102,Classe,2026-09-30,16695922000109,TAB_I2H_VL_COTA_FIDC,0,0,
52430088000185,Classe,2026-09-30,62285390000140,TAB_I2H_VL_COTA_FIDC,0,3232578.1,0
52511370000197,Classe,2026-09-30,62232889000190,TAB_I2H_VL_COTA_FIDC,35049264.61,36844416.61,0.951277502396041
52511479000124,Classe,2026-09-30,62232889000190,TAB_I2H_VL_COTA_FIDC,0,52683010.92,0
52607408000120,Classe,2026-09-30,62285390000140,TAB_I2H_VL_COTA_FIDC,8864938.97,8873079.93,0.999082510237232
52719781000172,Classe,2026-09-30,16695922000109,TAB_I2H_VL_COTA_FIDC,42832279.42,63643509.59,0.673003102687631
52756013000199,Classe,2026-09-30,62285390000140,TAB_I2H_VL_COTA_FIDC,0,599569269.23,0
52989090000199,Classe,2026-09-30,62285390000140,TAB_I2H_VL_COTA_FIDC,0,925416808.85,0
53030737000113,Classe,2026-09-30,40434681000110,TAB_I2H_VL_COTA_FIDC,66447623.37,66709492.17,0.99607448967933
53032513000140,Classe,2026-09-30,62285390000140,TAB_I2H_VL_COTA_FIDC,0,11989586.37,0
53109835000140,Classe,2026-09-30,62232889000190,TAB_I2H_VL_COTA_FIDC,0,113730124.2,0
53121758000144,Classe,2026-09-30,62285390000140,TAB_I2H_VL_COTA_FIDC,0,86108979.22,0
53214754000100,Classe,2026-09-30,62285390000140,TAB_I2H_VL_COTA_FIDC,973285.41,1022813.91,0.951576235407279
53292327000140,Classe,2026-09-30,16695922000109,TAB_I2H_VL_COTA_FIDC,138461.75,29152140.96,0.00474962542854005
53323818000101,Classe,2026-09-30,16695922000109,TAB_I2H_VL_COTA_FIDC,2397070.29,2397330.02,0.999891658637804
53577135000180,Classe,2026-09-30,62285390000140,TAB_I2H_VL_COTA_FIDC,0,230074882.99,0
53604320000117,Classe,2026-09-30,24361690000172,TAB_I2H_VL_COTA_FIDC,0,108306823.83,0
53640662000192,Classe,2026-09-30,40434681000110,TAB_I2H_VL_COTA_FIDC,17997096.47,18055886.91,0.996743973846699
53765941000182,Classe,2026-09-30,24361690000172,TAB_I2H_VL_COTA_FIDC,0,15909803.89,0
53822280000180,Classe,2026-09-30,16695922000109,TAB_I2H_VL_COTA_FIDC,0,0,
53841740000117,Classe,2026-09-30,62285390000140,TAB_I2H_VL_COTA_FIDC,0,1811838521.15,0
53872780000126,Classe,2026-09-30,00806535000154,TAB_I2H_VL_COTA_FIDC,5253267.54,174836061.64,0.0300468192358214
53880657000157,Classe,2026-09-30,62285390000140,TAB_I2H_VL_COTA_FIDC,182102411.97,187972729.96,0.968770374344996
54071756000150,Classe,2026-09-30,62285390000140,TAB_I2H_VL_COTA_FIDC,2529771.12,92242709.77,0.0274251604956943
54083491000100,Classe,2026-09-30,62232889000190,TAB_I2H_VL_COTA_FIDC,0,56200602.2,0
54111764000183,Classe,2026-09-30,62285390000140,TAB_I2H_VL_COTA_FIDC,0,71860520,0
54148306000119,Classe,2026-09-30,16695922000109,TAB_I2H_VL_COTA_FIDC,0,0,
54379696000138,Classe,2026-09-30,16695922000109,TAB_I2H_VL_COTA_FIDC,0,10663721.65,0
54495443000120,Classe,2026-09-30,62285390000140,TAB_I2H_VL_COTA_FIDC,0,190321521.43,0
54585485000151,Classe,2026-09-30,16695922000109,TAB_I2H_VL_COTA_FIDC,0,13393221.26,0
54585643000173,Classe,2026-09-30,24361690000172,TAB_I2H_VL_COTA_FIDC,0,0,
54857414000160,Classe,2026-09-30,24361690000172,TAB_I2H_VL_COTA_FIDC,0,103236110.19,0
54976450000143,Classe,2026-09-30,62232889000190,TAB_I2H_VL_COTA_FIDC,0,18401536.57,0
54976534000187,Classe,2026-09-30,62285390000140,TAB_I2H_VL_COTA_FIDC,48949213.08,48975213.89,0.999469102675929
55074368000196,Classe,2026-09-30,24361690000172,TAB_I2H_VL_COTA_FIDC,0,52441436.13,0
55175561000113,Classe,2026-09-30,62285390000140,TAB_I2H_VL_COTA_FIDC,0,124189403.94,0
55296116000101,Classe,2026-09-30,62285390000140,TAB_I2H_VL_COTA_FIDC,35453678.42,35491936.06,0.998922075145878
55331747000114,Classe,2026-09-30,00806535000154,TAB_I2H_VL_COTA_FIDC,0,10962368.51,0
55364405000109,Classe,2026-09-30,62232889000190,TAB_I2H_VL_COTA_FIDC,2810484.36,34740289.13,0.0808998551935771
55401645000128,Classe,2026-09-30,62285390000140,TAB_I2H_VL_COTA_FIDC,0,206205229.25,0
55445774000118,Classe,2026-09-30,24361690000172,TAB_I2H_VL_COTA_FIDC,0,25465404.04,0
55466785000184,Classe,2026-09-30,00806535000154,TAB_I2H_VL_COTA_FIDC,0,68690069.2,0
55483719000112,Classe,2026-09-30,62285390000140,TAB_I2H_VL_COTA_FIDC,0,28790922.03,0
55508226000190,Classe,2026-09-30,62285390000140,TAB_I2H_VL_COTA_FIDC,0,43372994.81,0
55523204000107,Classe,2026-09-30,24361690000172,TAB_I2H_VL_COTA_FIDC,0,116106919.03,0
55595058000117,Classe,2026-09-30,62232889000190,TAB_I2H_VL_COTA_FIDC,0,482276088.06,0
55595705000190,Classe,2026-09-30,62232889000190,TAB_I2H_VL_COTA_FIDC,0,70778730.42,0
55626390000100,Classe,2026-09-30,40434681000110,TAB_I2H_VL_COTA_FIDC,0,0,
55636084000146,Classe,2026-09-30,62285390000140,TAB_I2H_VL_COTA_FIDC,0,33495966.38,0
55690923000104,Classe,2026-09-30,40434681000110,TAB_I2H_VL_COTA_FIDC,18505.4,1950470.13,0.00948766131578749
55706529000117,Classe,2026-09-30,16695922000109,TAB_I2H_VL_COTA_FIDC,0,0,
55747288000154,Classe,2026-09-30,40434681000110,TAB_I2H_VL_COTA_FIDC,4535844.75,6516117.27,0.696096242908778
55790118000152,Classe,2026-09-30,40434681000110,TAB_I2H_VL_COTA_FIDC,0,16929975.02,0
55798735000102,Classe,2026-09-30,40434681000110,TAB_I2H_VL_COTA_FIDC,3368129.77,3368133.16,0.999998993507727
55914922000104,Classe,2026-09-30,62285390000140,TAB_I2H_VL_COTA_FIDC,26532000.68,27777592.82,0.955158384382999
56030860000122,Classe,2026-09-30,62285390000140,TAB_I2H_VL_COTA_FIDC,3482532.47,3482532.47,1
56073212000153,Classe,2026-09-30,62285390000140,TAB_I2H_VL_COTA_FIDC,38747952.41,41436527.62,0.935115817747665
56075525000140,Classe,2026-09-30,24361690000172,TAB_I2H_VL_COTA_FIDC,0,85457280.73,0
56125191000172,Classe,2026-09-30,62285390000140,TAB_I2H_VL_COTA_FIDC,0,30575721.13,0
56822599000101,Classe,2026-09-30,62232889000190,TAB_I2H_VL_COTA_FIDC,9077262.93,11722586.09,0.774339626112313
56912548000162,Classe,2026-09-30,40434681000110,TAB_I2H_VL_COTA_FIDC,0,15148164.99,0
56924942000110,Classe,2026-09-30,62285390000140,TAB_I2H_VL_COTA_FIDC,2809285939.91,2929042166.98,0.959114201761911
56975898000178,Classe,2026-09-30,62285390000140,TAB_I2H_VL_COTA_FIDC,0,7591011.45,0
56986018000169,Classe,2026-09-30,40434681000110,TAB_I2H_VL_COTA_FIDC,0,88316793.37,0
57053395000108,Classe,2026-09-30,24361690000172,TAB_I2H_VL_COTA_FIDC,0,77142611.03,0
57088363000148,Classe,2026-09-30,62232889000190,TAB_I2H_VL_COTA_FIDC,0,107150785.19,0
57127130000107,Classe,2026-09-30,62285390000140,TAB_I2H_VL_COTA_FIDC,0,1667472.66,0
57140603000106,Classe,2026-09-30,24361690000172,TAB_I2H_VL_COTA_FIDC,0,103873920.52,0
57182384000128,Classe,2026-09-30,62232889000190,TAB_I2H_VL_COTA_FIDC,0,24168385.05,0
57224939000157,Classe,2026-09-30,62285390000140,TAB_I2H_VL_COTA_FIDC,0,91722215.04,0
57270666000187,Classe,2026-09-30,24361690000172,TAB_I2H_VL_COTA_FIDC,0,53677579.12,0
57325152000181,Classe,2026-09-30,62285390000140,TAB_I2H_VL_COTA_FIDC,22290875.45,22290875.45,1
57340272000158,Classe,2026-09-30,62285390000140,TAB_I2H_VL_COTA_FIDC,0,57536127.43,0
57378463000109,Classe,2026-09-30,24361690000172,TAB_I2H_VL_COTA_FIDC,0,157614044.44,0
57391433000132,Classe,2026-09-30,62232889000190,TAB_I2H_VL_COTA_FIDC,0,49712588.71,0
57391980000118,Classe,2026-09-30,62232889000190,TAB_I2H_VL_COTA_FIDC,21034301.9,22050316.28,0.953922911259031
57441997000132,Classe,2026-09-30,16695922000109,TAB_I2H_VL_COTA_FIDC,0,0,
57533260000140,Classe,2026-09-30,62285390000140,TAB_I2H_VL_COTA_FIDC,0,28244900.14,0
57584175000100,Classe,2026-09-30,62232889000190,TAB_I2H_VL_COTA_FIDC,17352651.81,20254835.77,0.856716490177693
57584525000139,Classe,2026-09-30,62232889000190,TAB_I2H_VL_COTA_FIDC,55350104.7,55430322.6,0.998552815566691
57585602000175,Classe,2026-09-30,40434681000110,TAB_I2H_VL_COTA_FIDC,0,4646703.06,0
57691078000117,Classe,2026-09-30,39669186000101,TAB_I2H_VL_COTA_FIDC,0,0,
57740051000177,Classe,2026-09-30,16695922000109,TAB_I2H_VL_COTA_FIDC,0,65504535.38,0
57752597000148,Classe,2026-09-30,24361690000172,TAB_I2H_VL_COTA_FIDC,0,56518593.63,0
57821748000172,Classe,2026-09-30,40434681000110,TAB_I2H_VL_COTA_FIDC,4980464.84,12156523.97,0.409694815087836
57823707000115,Classe,2026-09-30,62285390000140,TAB_I2H_VL_COTA_FIDC,0,184635320.27,0
57888289000144,Classe,2026-09-30,40434681000110,TAB_I2H_VL_COTA_FIDC,13063095.63,13063095.63,1
57998329000100,Classe,2026-09-30,40434681000110,TAB_I2H_VL_COTA_FIDC,0,18571674.27,0
58036896000149,Classe,2026-09-30,24361690000172,TAB_I2H_VL_COTA_FIDC,0,327823655.05,0
58114311000161,Classe,2026-09-30,24361690000172,TAB_I2H_VL_COTA_FIDC,0,53839267.32,0
58114447000171,Classe,2026-09-30,16695922000109,TAB_I2H_VL_COTA_FIDC,0,0,
58157393000121,Classe,2026-09-30,16695922000109,TAB_I2H_VL_COTA_FIDC,0,10298071.24,0
58238421000135,Classe,2026-09-30,40434681000110,TAB_I2H_VL_COTA_FIDC,0,9247560.85,0
58307031000170,Classe,2026-09-30,24361690000172,TAB_I2H_VL_COTA_FIDC,0,3025801.4,0
58364147000140,Classe,2026-09-30,62285390000140,TAB_I2H_VL_COTA_FIDC,11187497.91,11614722.97,0.963216939301653
58423669000176,Classe,2026-09-30,16695922000109,TAB_I2H_VL_COTA_FIDC,0,0,
58482694000120,Classe,2026-09-30,24361690000172,TAB_I2H_VL_COTA_FIDC,0,78555151.67,0
58559343000170,Classe,2026-09-30,16695922000109,TAB_I2H_VL_COTA_FIDC,0,0,
58731626000158,Classe,2026-09-30,62232889000190,TAB_I2H_VL_COTA_FIDC,10679236.3,36440153.82,0.293062327693544
58900579000129,Classe,2026-09-30,62285390000140,TAB_I2H_VL_COTA_FIDC,4153080478,4361736649.14,0.952162134506415
58922423000149,Classe,2026-09-30,24361690000172,TAB_I2H_VL_COTA_FIDC,0,164915566.23,0
58944590000190,Classe,2026-09-30,18945670000146,TAB_I2H_VL_COTA_FIDC,0,66648291.41,0
58954874000168,Classe,2026-09-30,16695922000109,TAB_I2H_VL_COTA_FIDC,0,43790932.19,0
59291327000102,Classe,2026-09-30,24361690000172,TAB_I2H_VL_COTA_FIDC,10467679.06,13441044.03,0.778784671535668
59357545000100,Classe,2026-09-30,16695922000109,TAB_I2H_VL_COTA_FIDC,6327918.27,6570014.14,0.963151392852253
59400011000101,Classe,2026-09-30,62232889000190,TAB_I2H_VL_COTA_FIDC,0,6231909.27,0
59400337000139,Classe,2026-09-30,16695922000109,TAB_I2H_VL_COTA_FIDC,0,385504148.13,0
59657112000162,Classe,2026-09-30,18945670000146,TAB_I2H_VL_COTA_FIDC,13262264.18,13280527.92,0.998624773042908
59710430000140,Classe,2026-09-30,40434681000110,TAB_I2H_VL_COTA_FIDC,121585.33,19899545.33,0.00610995517654875
59843866000107,Classe,2026-09-30,62285390000140,TAB_I2H_VL_COTA_FIDC,0,156048447.82,0
59870750000167,Classe,2026-09-30,40434681000110,TAB_I2H_VL_COTA_FIDC,24892.72,63685360.76,0.000390870361774488
59936269000127,Classe,2026-09-30,24361690000172,TAB_I2H_VL_COTA_FIDC,0,4451056.67,0
60043514000156,Classe,2026-09-30,40434681000110,TAB_I2H_VL_COTA_FIDC,1067.31,45146062.15,2.3641264579263e-05
60058603000176,Classe,2026-09-30,62285390000140,TAB_I2H_VL_COTA_FIDC,10299419.55,52817033.37,0.195001856273322
60078440000193,Classe,2026-09-30,24361690000172,TAB_I2H_VL_COTA_FIDC,5245653.34,34949346.91,0.15009302902021
60079965000143,Classe,2026-09-30,40434681000110,TAB_I2H_VL_COTA_FIDC,0,25198.34,0
60095481000198,Classe,2026-09-30,62232889000190,TAB_I2H_VL_COTA_FIDC,0,40027535.27,0
60115778000178,Classe,2026-09-30,24361690000172,TAB_I2H_VL_COTA_FIDC,45737474.08,45737474.08,1
60282653000132,Classe,2026-09-30,16695922000109,TAB_I2H_VL_COTA_FIDC,0,0,
60331197000173,Classe,2026-09-30,24361690000172,TAB_I2H_VL_COTA_FIDC,0,1442949.1,0
60368384000121,Classe,2026-09-30,24361690000172,TAB_I2H_VL_COTA_FIDC,0,23557756.87,0
60369537000155,Classe,2026-09-30,62285390000140,TAB_I2H_VL_COTA_FIDC,133755969.55,135433048.21,0.987616917124987
60369959000120,Classe,2026-09-30,62285390000140,TAB_I2H_VL_COTA_FIDC,18429364.95,19220089.45,0.958859478669076
60401316000117,Classe,2026-09-30,62285390000140,TAB_I2H_VL_COTA_FIDC,0,37111740.58,0
60604288000135,Classe,2026-09-30,40434681000110,TAB_I2H_VL_COTA_FIDC,0,9247991.82,0
60606404000155,Classe,2026-09-30,18945670000146,TAB_I2H_VL_COTA_FIDC,63710727.91,80747771.54,0.789009116845282
60675473000110,Classe,2026-09-30,16695922000109,TAB_I2H_VL_COTA_FIDC,435724.93,7671955.79,0.0567945048077499
60681487000147,Classe,2026-09-30,24361690000172,TAB_I2H_VL_COTA_FIDC,0,4819208.27,0
60686437000152,Classe,2026-09-30,24361690000172,TAB_I2H_VL_COTA_FIDC,0,10724800.4,0
60696087000105,Classe,2026-09-30,62285390000140,TAB_I2H_VL_COTA_FIDC,0,18017967.58,0
60736775000151,Classe,2026-09-30,62285390000140,TAB_I2H_VL_COTA_FIDC,0,90409359.78,0
60792713000167,Classe,2026-09-30,16695922000109,TAB_I2H_VL_COTA_FIDC,1898208.59,1920513.58,0.988385924352589
60866189000121,Classe,2026-09-30,62285390000140,TAB_I2H_VL_COTA_FIDC,0,31270914.06,0
60894511000126,Classe,2026-09-30,16695922000109,TAB_I2H_VL_COTA_FIDC,2557202.73,2577649.7,0.992067591651418
60910091000124,Classe,2026-09-30,62285390000140,TAB_I2H_VL_COTA_FIDC,0,22907959.83,0
60931216000100,Classe,2026-09-30,24361690000172,TAB_I2H_VL_COTA_FIDC,0,5413345.67,0
60974918000163,Classe,2026-09-30,24361690000172,TAB_I2H_VL_COTA_FIDC,0,6028359.21,0
61084525000147,Classe,2026-09-30,40434681000110,TAB_I2H_VL_COTA_FIDC,0,3057713.43,0
61130895000173,Classe,2026-09-30,16695922000109,TAB_I2H_VL_COTA_FIDC,55498294.43,55571359.75,0.99868519826888
61138429000134,Classe,2026-09-30,24361690000172,TAB_I2H_VL_COTA_FIDC,0,19205540.1,0
61279682000108,Classe,2026-09-30,40434681000110,TAB_I2H_VL_COTA_FIDC,0,8668267.17,0
61306033000159,Classe,2026-09-30,62285390000140,TAB_I2H_VL_COTA_FIDC,0,22415269.57,0
61328619000114,Classe,2026-09-30,40434681000110,TAB_I2H_VL_COTA_FIDC,0,9441819.91,0
61350212000193,Classe,2026-09-30,16695922000109,TAB_I2H_VL_COTA_FIDC,0,10080398.52,0
61351481000174,Classe,2026-09-30,62285390000140,TAB_I2H_VL_COTA_FIDC,0,506432844.72,0
61371110000154,Classe,2026-09-30,16695922000109,TAB_I2H_VL_COTA_FIDC,0,0,
61385893000125,Classe,2026-09-30,62285390000140,TAB_I2H_VL_COTA_FIDC,400151028.08,400151028.08,1
61430639000100,Classe,2026-09-30,24361690000172,TAB_I2H_VL_COTA_FIDC,0,59863195.4,0
61527968000165,Classe,2026-09-30,16695922000109,TAB_I2H_VL_COTA_FIDC,0,0,
61543748000125,Classe,2026-09-30,24361690000172,TAB_I2H_VL_COTA_FIDC,0,14681356.02,0
61631599000156,Classe,2026-09-30,16695922000109,TAB_I2H_VL_COTA_FIDC,0,425003447.2,0
61664240000185,Classe,2026-09-30,24361690000172,TAB_I2H_VL_COTA_FIDC,0,49446322.77,0
61690116000194,Classe,2026-09-30,40434681000110,TAB_I2H_VL_COTA_FIDC,0,6114482.49,0
61750443000194,Classe,2026-09-30,24361690000172,TAB_I2H_VL_COTA_FIDC,0,12750767.91,0
61766813000181,Classe,2026-09-30,40434681000110,TAB_I2H_VL_COTA_FIDC,0,41957419.42,0
61866286000187,Classe,2026-09-30,16695922000109,TAB_I2H_VL_COTA_FIDC,0,7725106.74,0
61955311000107,Classe,2026-09-30,16695922000109,TAB_I2H_VL_COTA_FIDC,9534522.57,9721565.43,0.980760006055938
61975703000120,Classe,2026-09-30,24361690000172,TAB_I2H_VL_COTA_FIDC,0,64807715.81,0
62016007000159,Classe,2026-09-30,62285390000140,TAB_I2H_VL_COTA_FIDC,3564534.82,3629674.39,0.982053605089353
62161418000138,Classe,2026-09-30,62285390000140,TAB_I2H_VL_COTA_FIDC,0,70497102.5,0
62164403000123,Classe,2026-09-30,16695922000109,TAB_I2H_VL_COTA_FIDC,0,7146138.89,0
62230042000176,Classe,2026-09-30,16695922000109,TAB_I2H_VL_COTA_FIDC,28458332.63,28659234.19,0.992989988543724
62303024000177,Classe,2026-09-30,62232889000190,TAB_I2H_VL_COTA_FIDC,291145031.08,302237026.17,0.963300343341252
62359337000147,Classe,2026-09-30,40434681000110,TAB_I2H_VL_COTA_FIDC,0,23354126.96,0
62497138000103,Classe,2026-09-30,16695922000109,TAB_I2H_VL_COTA_FIDC,4030487.01,4041792.81,0.997202775963174
62541630000120,Classe,2026-09-30,62232889000190,TAB_I2H_VL_COTA_FIDC,0,41979103.1,0
62627243000101,Classe,2026-09-30,62285390000140,TAB_I2H_VL_COTA_FIDC,0,77384146.82,0
62627291000108,Classe,2026-09-30,62285390000140,TAB_I2H_VL_COTA_FIDC,0,571554220.3,0
62741028000137,Classe,2026-09-30,40434681000110,TAB_I2H_VL_COTA_FIDC,0,13305302.13,0
62762366000155,Classe,2026-09-30,16695922000109,TAB_I2H_VL_COTA_FIDC,5364653.64,3429775.37,1.56414139740003
62772042000106,Classe,2026-09-30,24361690000172,TAB_I2H_VL_COTA_FIDC,0,48261968.46,0
62951957000170,Classe,2026-09-30,16695922000109,TAB_I2H_VL_COTA_FIDC,0,12371590.58,0
62966067000132,Classe,2026-09-30,40434681000110,TAB_I2H_VL_COTA_FIDC,0,37167728.83,0
62967950000147,Classe,2026-09-30,40434681000110,TAB_I2H_VL_COTA_FIDC,0,36216105.56,0
62968483000170,Classe,2026-09-30,40434681000110,TAB_I2H_VL_COTA_FIDC,0,70920259.13,0
62972105000160,Classe,2026-09-30,62285390000140,TAB_I2H_VL_COTA_FIDC,0,36678613.02,0
63098061000153,Classe,2026-09-30,16695922000109,TAB_I2H_VL_COTA_FIDC,0,31074263.33,0
63212782000142,Classe,2026-09-30,62285390000140,TAB_I2H_VL_COTA_FIDC,0,28864810.22,0
63249135000105,Classe,2026-09-30,40434681000110,TAB_I2H_VL_COTA_FIDC,0,4275300.56,0
63310209000171,Classe,2026-09-30,62285390000140,TAB_I2H_VL_COTA_FIDC,0,2066484.32,0
63322011000108,Classe,2026-09-30,62285390000140,TAB_I2H_VL_COTA_FIDC,0,633091869.24,0
63457029000117,Classe,2026-09-30,16695922000109,TAB_I2H_VL_COTA_FIDC,1519616.87,1521927.95,0.998481478706006
63458316000141,Classe,2026-09-30,16695922000109,TAB_I2H_VL_COTA_FIDC,5208304.18,5209807.52,0.999711440395019
63459064000175,Classe,2026-09-30,16695922000109,TAB_I2H_VL_COTA_FIDC,4017713.95,4021024.37,0.999176722224143
63516387000153,Classe,2026-09-30,62285390000140,TAB_I2H_VL_COTA_FIDC,0,88012431.05,0
63565588000140,Classe,2026-09-30,62285390000140,TAB_I2H_VL_COTA_FIDC,0,11038221.61,0
63566193000162,Classe,2026-09-30,16695922000109,TAB_I2H_VL_COTA_FIDC,3515952.54,3526305.01,0.997064215951076
63604811000111,Classe,2026-09-30,40434681000110,TAB_I2H_VL_COTA_FIDC,0,70913786,0
63606548000108,Classe,2026-09-30,40434681000110,TAB_I2H_VL_COTA_FIDC,0,18697883.79,0
63606839000198,Classe,2026-09-30,40434681000110,TAB_I2H_VL_COTA_FIDC,0,53070719.34,0
63622544000105,Classe,2026-09-30,16695922000109,TAB_I2H_VL_COTA_FIDC,1886356.53,1889422.1,0.998377509186539
63659752000189,Classe,2026-09-30,16695922000109,TAB_I2H_VL_COTA_FIDC,0,32676194.78,0
63697245000130,Classe,2026-09-30,24361690000172,TAB_I2H_VL_COTA_FIDC,0,10381302.04,0
63699134000162,Classe,2026-09-30,24361690000172,TAB_I2H_VL_COTA_FIDC,0,19050347.65,0
63709161000179,Classe,2026-09-30,40434681000110,TAB_I2H_VL_COTA_FIDC,0,108114022.35,0
63796349000100,Classe,2026-09-30,62285390000140,TAB_I2H_VL_COTA_FIDC,0,1559383.18,0
63863686000164,Classe,2026-09-30,24361690000172,TAB_I2H_VL_COTA_FIDC,0,56029882.97,0
63887027000168,Classe,2026-09-30,40434681000110,TAB_I2H_VL_COTA_FIDC,0,0,
63894672000108,Classe,2026-09-30,16695922000109,TAB_I2H_VL_COTA_FIDC,0,52775618.56,0
63938673000107,Classe,2026-09-30,62285390000140,TAB_I2H_VL_COTA_FIDC,0,106466416.63,0
63974821000149,Classe,2026-09-30,62285390000140,TAB_I2H_VL_COTA_FIDC,9937032.61,10104194.08,0.983456229296815
64019393000168,Classe,2026-09-30,16695922000109,TAB_I2H_VL_COTA_FIDC,0,131303425.01,0
64029467000147,Classe,2026-09-30,16695922000109,TAB_I2H_VL_COTA_FIDC,0,8921726.63,0
64039922000195,Classe,2026-09-30,62285390000140,TAB_I2H_VL_COTA_FIDC,0,56373965.98,0
64054825000171,Classe,2026-09-30,40434681000110,TAB_I2H_VL_COTA_FIDC,7069585.89,8585316.6,0.823450807859549
64155784000100,Classe,2026-09-30,18945670000146,TAB_I2H_VL_COTA_FIDC,0,34652149.65,0
64276414000120,Classe,2026-09-30,24361690000172,TAB_I2H_VL_COTA_FIDC,0,16216834.37,0
64276709000105,Classe,2026-09-30,24361690000172,TAB_I2H_VL_COTA_FIDC,0,94297638.45,0
64282009000115,Classe,2026-09-30,40434681000110,TAB_I2H_VL_COTA_FIDC,16824846.7,17845113.69,0.942826534606404
64291147000160,Classe,2026-09-30,62232889000190,TAB_I2H_VL_COTA_FIDC,20839948.05,21094733.09,0.987921864717939
64310285000140,Classe,2026-09-30,40434681000110,TAB_I2H_VL_COTA_FIDC,0,12894779.98,0
64382297000180,Classe,2026-09-30,62232889000190,TAB_I2H_VL_COTA_FIDC,0,18663049.23,0
64432874000109,Classe,2026-09-30,40434681000110,TAB_I2H_VL_COTA_FIDC,556315.15,10668989.54,0.0521431901225765
64530753000191,Classe,2026-09-30,24361690000172,TAB_I2H_VL_COTA_FIDC,0,4173825.76,0
64598309000108,Classe,2026-09-30,16695922000109,TAB_I2H_VL_COTA_FIDC,0,7211139.11,0
64630838000141,Classe,2026-09-30,62285390000140,TAB_I2H_VL_COTA_FIDC,0,16625447.98,0
64636877000156,Classe,2026-09-30,16695922000109,TAB_I2H_VL_COTA_FIDC,0,3183553.58,0
64637478000100,Classe,2026-09-30,00806535000154,TAB_I2H_VL_COTA_FIDC,2636534.47,76678412.72,0.0343843120439596
64656737000140,Classe,2026-09-30,62232889000190,TAB_I2H_VL_COTA_FIDC,59331306.02,60707967.28,0.977323219312376
64721990000130,Classe,2026-09-30,40434681000110,TAB_I2H_VL_COTA_FIDC,0,16538673.46,0
64987557000140,Classe,2026-09-30,24361690000172,TAB_I2H_VL_COTA_FIDC,0,5181730.59,0
65014891000180,Classe,2026-09-30,40434681000110,TAB_I2H_VL_COTA_FIDC,0,1040006.34,0
65095860000100,Classe,2026-09-30,00806535000154,TAB_I2H_VL_COTA_FIDC,0,15287369,0
65190945000169,Classe,2026-09-30,40434681000110,TAB_I2H_VL_COTA_FIDC,0,15218377.48,0
65343721000140,Classe,2026-09-30,62232889000190,TAB_I2H_VL_COTA_FIDC,0,62218788.14,0
65619110000181,Classe,2026-09-30,16695922000109,TAB_I2H_VL_COTA_FIDC,1269645.21,1368681.7,0.927640962833068
65659857000163,Classe,2026-09-30,24361690000172,TAB_I2H_VL_COTA_FIDC,0,32634533.96,0
65675575000150,Classe,2026-09-30,62285390000140,TAB_I2H_VL_COTA_FIDC,0,7455886.05,0
65706613000194,Classe,2026-09-30,24361690000172,TAB_I2H_VL_COTA_FIDC,0,4176528.49,0
65784807000108,Classe,2026-09-30,24361690000172,TAB_I2H_VL_COTA_FIDC,0,0,
65784847000150,Classe,2026-09-30,24361690000172,TAB_I2H_VL_COTA_FIDC,220721842.85,220721842.85,1
65804305000100,Classe,2026-09-30,62232889000190,TAB_I2H_VL_COTA_FIDC,7162653.19,11090720.1,0.645823997487774
65804737000102,Classe,2026-09-30,00806535000154,TAB_I2H_VL_COTA_FIDC,0,187457213,0
65900819000150,Classe,2026-09-30,24361690000172,TAB_I2H_VL_COTA_FIDC,0,2674536.93,0
66004736000146,Classe,2026-09-30,16695922000109,TAB_I2H_VL_COTA_FIDC,0,42617426.99,0
66107567000170,Classe,2026-09-30,40434681000110,TAB_I2H_VL_COTA_FIDC,0,2094774.86,0
66146849000186,Classe,2026-09-30,24361690000172,TAB_I2H_VL_COTA_FIDC,0,9416027.71,0
66147948000182,Classe,2026-09-30,24361690000172,TAB_I2H_VL_COTA_FIDC,0,2521051.44,0
66188571000100,Classe,2026-09-30,40434681000110,TAB_I2H_VL_COTA_FIDC,0,1055012.15,0
66226431000189,Classe,2026-09-30,62232889000190,TAB_I2H_VL_COTA_FIDC,0,583357.95,0
66247874000156,Classe,2026-09-30,40434681000110,TAB_I2H_VL_COTA_FIDC,0,27781907.34,0
66279914000141,Classe,2026-09-30,24361690000172,TAB_I2H_VL_COTA_FIDC,0,34667862.43,0
66289666000110,Classe,2026-09-30,62285390000140,TAB_I2H_VL_COTA_FIDC,0,4943170.02,0
66320254000103,Classe,2026-09-30,62285390000140,TAB_I2H_VL_COTA_FIDC,0,104390059.63,0
66575588000110,Classe,2026-09-30,62285390000140,TAB_I2H_VL_COTA_FIDC,0,95068964.05,0
66584882000198,Classe,2026-09-30,62285390000140,TAB_I2H_VL_COTA_FIDC,0,5226156.27,0
66589036000160,Classe,2026-09-30,62285390000140,TAB_I2H_VL_COTA_FIDC,0,522476019.2,0
66614411000185,Classe,2026-09-30,62232889000190,TAB_I2H_VL_COTA_FIDC,84439915.61,84676374.62,0.997207497238029
66625873000106,Classe,2026-09-30,40434681000110,TAB_I2H_VL_COTA_FIDC,0,6042090.57,0
66687692000104,Classe,2026-09-30,62285390000140,TAB_I2H_VL_COTA_FIDC,0,44249161.16,0
66790149000120,Classe,2026-09-30,16695922000109,TAB_I2H_VL_COTA_FIDC,51157.61,51157.61,1
66790195000129,Classe,2026-09-30,24361690000172,TAB_I2H_VL_COTA_FIDC,0,96486499.58,0
67220127000197,Classe,2026-09-30,24361690000172,TAB_I2H_VL_COTA_FIDC,0,155701365.44,0
67220139000111,Classe,2026-09-30,40434681000110,TAB_I2H_VL_COTA_FIDC,21701581.26,21701581.26,1
67851316000168,Classe,2026-09-30,62285390000140,TAB_I2H_VL_COTA_FIDC,0,78559509.19,0
67873873000180,Classe,2026-09-30,62285390000140,TAB_I2H_VL_COTA_FIDC,0,6078686.02,0
68099385000120,Classe,2026-09-30,40434681000110,TAB_I2H_VL_COTA_FIDC,0,7171562.38,0
68119920000167,Classe,2026-09-30,40434681000110,TAB_I2H_VL_COTA_FIDC,0,2012767.91,0
68234432000109,Classe,2026-09-30,40434681000110,TAB_I2H_VL_COTA_FIDC,0,6458834.8,0
68250073000175,Classe,2026-09-30,16695922000109,TAB_I2H_VL_COTA_FIDC,459464.87,467617.25,0.98256612646347
68564198000170,Classe,2026-09-30,16695922000109,TAB_I2H_VL_COTA_FIDC,13176769.98,13215580.8,0.997063252793248
68706406000128,Classe,2026-09-30,62285390000140,TAB_I2H_VL_COTA_FIDC,0,2008326.55,0
09260031000156,Classe,2026-09-30,62285390000140,TAB_I2I_VL_COTA_FIDC_NP,,66569700.67,
16802124000120,Classe,2026-09-30,62285390000140,TAB_I2I_VL_COTA_FIDC_NP,,385017818.6,
16858989000109,Classe,2026-09-30,16695922000109,TAB_I2I_VL_COTA_FIDC_NP,,0,
17047287000108,Classe,2026-09-30,24361690000172,TAB_I2I_VL_COTA_FIDC_NP,,58017901.04,
17198845000136,Classe,2026-09-30,62285390000140,TAB_I2I_VL_COTA_FIDC_NP,,1607435228.61,
19388377000198,Classe,2026-09-30,24361690000172,TAB_I2I_VL_COTA_FIDC_NP,,186787082.1,
20906292000133,Classe,2026-09-30,24361690000172,TAB_I2I_VL_COTA_FIDC_NP,,14256208.26,
21254441000190,Classe,2026-09-30,62285390000140,TAB_I2I_VL_COTA_FIDC_NP,,69285668.91,
21917325000103,Classe,2026-09-30,24361690000172,TAB_I2I_VL_COTA_FIDC_NP,,278228784.88,
23980344000100,Classe,2026-09-30,62285390000140,TAB_I2I_VL_COTA_FIDC_NP,,20180937.49,
25354121000162,Classe,2026-09-30,16695922000109,TAB_I2I_VL_COTA_FIDC_NP,,0,
26000055000195,Classe,2026-09-30,24361690000172,TAB_I2I_VL_COTA_FIDC_NP,,2575655.5,
26199650000100,Classe,2026-09-30,24361690000172,TAB_I2I_VL_COTA_FIDC_NP,,56129835.74,
26631527000108,Fundo,2026-09-30,16695922000109,TAB_I2I_VL_COTA_FIDC_NP,,0,
27531244000157,Classe,2026-09-30,16695922000109,TAB_I2I_VL_COTA_FIDC_NP,,24375444.45,
28079865000104,Classe,2026-09-30,62285390000140,TAB_I2I_VL_COTA_FIDC_NP,,34519557.29,
28079873000150,Classe,2026-09-30,62285390000140,TAB_I2I_VL_COTA_FIDC_NP,,754914753.36,
29249995000100,Classe,2026-09-30,24361690000172,TAB_I2I_VL_COTA_FIDC_NP,,21121430.13,
29550273000191,Classe,2026-09-30,62232889000190,TAB_I2I_VL_COTA_FIDC_NP,,13137164.57,
30366120000178,Classe,2026-09-30,62285390000140,TAB_I2I_VL_COTA_FIDC_NP,,283402282.07,
31024416000173,Classe,2026-09-30,62285390000140,TAB_I2I_VL_COTA_FIDC_NP,,38772077.18,
32156038000144,Classe,2026-09-30,62285390000140,TAB_I2I_VL_COTA_FIDC_NP,,239264432.77,
32525937000177,Classe,2026-09-30,62285390000140,TAB_I2I_VL_COTA_FIDC_NP,,78994171.82,
32525986000100,Classe,2026-09-30,62285390000140,TAB_I2I_VL_COTA_FIDC_NP,,57166279.24,
32907653000145,Classe,2026-09-30,16695922000109,TAB_I2I_VL_COTA_FIDC_NP,,23721857.76,
32999032000139,Classe,2026-09-30,62285390000140,TAB_I2I_VL_COTA_FIDC_NP,,86847161.11,
33304615000160,Classe,2026-09-30,24361690000172,TAB_I2I_VL_COTA_FIDC_NP,,25984584.67,
33490076000100,Classe,2026-09-30,40434681000110,TAB_I2I_VL_COTA_FIDC_NP,,112775629.29,
33521644000184,Classe,2026-09-30,16695922000109,TAB_I2I_VL_COTA_FIDC_NP,,107342274.18,
33632618000123,Classe,2026-09-30,62285390000140,TAB_I2I_VL_COTA_FIDC_NP,,71793219.16,
34027968000123,Classe,2026-09-30,16695922000109,TAB_I2I_VL_COTA_FIDC_NP,,0,
34218960000144,Classe,2026-09-30,62285390000140,TAB_I2I_VL_COTA_FIDC_NP,,110699216.44,
34599321000176,Classe,2026-09-30,16695922000109,TAB_I2I_VL_COTA_FIDC_NP,,107327443.81,
35277363000153,Classe,2026-09-30,16695922000109,TAB_I2I_VL_COTA_FIDC_NP,,218625467.39,
35686949000171,Classe,2026-09-30,16695922000109,TAB_I2I_VL_COTA_FIDC_NP,,20000028.24,
35715919000146,Classe,2026-09-30,00806535000154,TAB_I2I_VL_COTA_FIDC_NP,,877683.76,
36113052000111,Classe,2026-09-30,62285390000140,TAB_I2I_VL_COTA_FIDC_NP,,30888325.07,
36420767000117,Classe,2026-09-30,62285390000140,TAB_I2I_VL_COTA_FIDC_NP,,0.01,
36953080000147,Classe,2026-09-30,62285390000140,TAB_I2I_VL_COTA_FIDC_NP,,591765186.82,
37606580000175,Fundo,2026-09-30,48967968000118,TAB_I2I_VL_COTA_FIDC_NP,,0,
38134439000180,Classe,2026-09-30,16695922000109,TAB_I2I_VL_COTA_FIDC_NP,,0,
39273409000117,Classe,2026-09-30,16695922000109,TAB_I2I_VL_COTA_FIDC_NP,,31908373.53,
39469320000120,Classe,2026-09-30,16695922000109,TAB_I2I_VL_COTA_FIDC_NP,,70589112.12,
39806180000139,Classe,2026-09-30,62285390000140,TAB_I2I_VL_COTA_FIDC_NP,,234940564.57,
39851520000143,Classe,2026-09-30,24361690000172,TAB_I2I_VL_COTA_FIDC_NP,,9548514.77,
40226175000136,Classe,2026-09-30,48967968000118,TAB_I2I_VL_COTA_FIDC_NP,,0,
40902151000150,Classe,2026-09-30,62285390000140,TAB_I2I_VL_COTA_FIDC_NP,,44635945.31,
40989019000127,Classe,2026-09-30,62285390000140,TAB_I2I_VL_COTA_FIDC_NP,,102218150.05,
41096982000144,Classe,2026-09-30,62285390000140,TAB_I2I_VL_COTA_FIDC_NP,,233994295.26,
41251476000182,Classe,2026-09-30,62285390000140,TAB_I2I_VL_COTA_FIDC_NP,,66473881.51,
41341232000190,Classe,2026-09-30,40434681000110,TAB_I2I_VL_COTA_FIDC_NP,,26070049.35,
41351648000190,Classe,2026-09-30,62285390000140,TAB_I2I_VL_COTA_FIDC_NP,,27350641.19,
41801514000123,Classe,2026-09-30,62232889000190,TAB_I2I_VL_COTA_FIDC_NP,,191359157.31,
41992676000196,Classe,2026-09-30,62285390000140,TAB_I2I_VL_COTA_FIDC_NP,,398303380.63,
42031108000191,Classe,2026-09-30,16695922000109,TAB_I2I_VL_COTA_FIDC_NP,,4101455.27,
42067232000107,Classe,2026-09-30,62285390000140,TAB_I2I_VL_COTA_FIDC_NP,,56405549.84,
42196288000161,Classe,2026-09-30,62285390000140,TAB_I2I_VL_COTA_FIDC_NP,,402204455.56,
42336359000184,Classe,2026-09-30,62285390000140,TAB_I2I_VL_COTA_FIDC_NP,,65983527.9,
42533772000139,Classe,2026-09-30,62285390000140,TAB_I2I_VL_COTA_FIDC_NP,,264447311.91,
42867211000176,Fundo,2026-09-30,16695922000109,TAB_I2I_VL_COTA_FIDC_NP,,0,
43122353000177,Classe,2026-09-30,24361690000172,TAB_I2I_VL_COTA_FIDC_NP,,13498884.09,
43236160000147,Classe,2026-09-30,62285390000140,TAB_I2I_VL_COTA_FIDC_NP,,219213182.07,
43702427000144,Classe,2026-09-30,24361690000172,TAB_I2I_VL_COTA_FIDC_NP,,15452112.05,
44173512000125,Classe,2026-09-30,62232889000190,TAB_I2I_VL_COTA_FIDC_NP,,107817019.06,
44395590000174,Classe,2026-09-30,62285390000140,TAB_I2I_VL_COTA_FIDC_NP,,106838336.93,
44414972000106,Classe,2026-09-30,40434681000110,TAB_I2I_VL_COTA_FIDC_NP,,13303981.25,
44415022000198,Classe,2026-09-30,40434681000110,TAB_I2I_VL_COTA_FIDC_NP,,20435638.41,
44465412000172,Classe,2026-09-30,40434681000110,TAB_I2I_VL_COTA_FIDC_NP,,22818609.21,
44465521000190,Classe,2026-09-30,40434681000110,TAB_I2I_VL_COTA_FIDC_NP,,14552289.72,
44479362000182,Classe,2026-09-30,24361690000172,TAB_I2I_VL_COTA_FIDC_NP,,0,
44585152000179,Classe,2026-09-30,40434681000110,TAB_I2I_VL_COTA_FIDC_NP,,15947146.6,
44585499000111,Classe,2026-09-30,40434681000110,TAB_I2I_VL_COTA_FIDC_NP,,20652481.01,
44680424000110,Classe,2026-09-30,16695922000109,TAB_I2I_VL_COTA_FIDC_NP,,51797194.94,
44680449000113,Classe,2026-09-30,16695922000109,TAB_I2I_VL_COTA_FIDC_NP,,6271249.58,
44705452000144,Classe,2026-09-30,62285390000140,TAB_I2I_VL_COTA_FIDC_NP,,45219807.93,
44705662000132,Classe,2026-09-30,62285390000140,TAB_I2I_VL_COTA_FIDC_NP,,22880786.18,
45018911000184,Classe,2026-09-30,16695922000109,TAB_I2I_VL_COTA_FIDC_NP,,0,
45019108000164,Classe,2026-09-30,16695922000109,TAB_I2I_VL_COTA_FIDC_NP,,14194939.69,
45521676000169,Classe,2026-09-30,16695922000109,TAB_I2I_VL_COTA_FIDC_NP,,417963812.9,
45525150000157,Classe,2026-09-30,62285390000140,TAB_I2I_VL_COTA_FIDC_NP,,5508330.3,
45721977000136,Classe,2026-09-30,16695922000109,TAB_I2I_VL_COTA_FIDC_NP,,52722819.3,
45756256000161,Classe,2026-09-30,62285390000140,TAB_I2I_VL_COTA_FIDC_NP,,30834767.44,
45777614000112,Classe,2026-09-30,62285390000140,TAB_I2I_VL_COTA_FIDC_NP,,47178241.49,
45880798000141,Fundo,2026-09-30,24361690000172,TAB_I2I_VL_COTA_FIDC_NP,,0,
45899684000143,Classe,2026-09-30,16695922000109,TAB_I2I_VL_COTA_FIDC_NP,,133.14,
45899975000131,Classe,2026-09-30,16695922000109,TAB_I2I_VL_COTA_FIDC_NP,,0,
46098515000177,Classe,2026-09-30,40434681000110,TAB_I2I_VL_COTA_FIDC_NP,,68314233.29,
46098560000121,Classe,2026-09-30,40434681000110,TAB_I2I_VL_COTA_FIDC_NP,,110436029.06,
46322877000108,Classe,2026-09-30,62232889000190,TAB_I2I_VL_COTA_FIDC_NP,,29498722.37,
46449843000170,Classe,2026-09-30,62232889000190,TAB_I2I_VL_COTA_FIDC_NP,,301052919.76,
46766050000185,Classe,2026-09-30,62285390000140,TAB_I2I_VL_COTA_FIDC_NP,,265187169.15,
47094392000169,Classe,2026-09-30,16695922000109,TAB_I2I_VL_COTA_FIDC_NP,,1370067130.53,
47167918000193,Classe,2026-09-30,62285390000140,TAB_I2I_VL_COTA_FIDC_NP,,145932768.51,
47168002000158,Classe,2026-09-30,62285390000140,TAB_I2I_VL_COTA_FIDC_NP,,20444595.65,
47410102000149,Classe,2026-09-30,62232889000190,TAB_I2I_VL_COTA_FIDC_NP,,92133165.72,
47410122000110,Classe,2026-09-30,62232889000190,TAB_I2I_VL_COTA_FIDC_NP,,57174589.81,
47425860000130,Classe,2026-09-30,24361690000172,TAB_I2I_VL_COTA_FIDC_NP,,6719515.44,
47463381000109,Classe,2026-09-30,62232889000190,TAB_I2I_VL_COTA_FIDC_NP,,160406214.06,
47465008000197,Classe,2026-09-30,16695922000109,TAB_I2I_VL_COTA_FIDC_NP,,4109931.65,
47640501000104,Classe,2026-09-30,40434681000110,TAB_I2I_VL_COTA_FIDC_NP,,52724561.55,
47669160000191,Classe,2026-09-30,40434681000110,TAB_I2I_VL_COTA_FIDC_NP,,4034168.62,
47669241000191,Classe,2026-09-30,40434681000110,TAB_I2I_VL_COTA_FIDC_NP,,2360663.23,
47669306000107,Classe,2026-09-30,40434681000110,TAB_I2I_VL_COTA_FIDC_NP,,2848544.78,
47715992000105,Classe,2026-09-30,62285390000140,TAB_I2I_VL_COTA_FIDC_NP,,26730267.98,
47731522000127,Classe,2026-09-30,40434681000110,TAB_I2I_VL_COTA_FIDC_NP,,3593327.14,
48181830000199,Classe,2026-09-30,62232889000190,TAB_I2I_VL_COTA_FIDC_NP,,236462863.02,
48213067000130,Classe,2026-09-30,24361690000172,TAB_I2I_VL_COTA_FIDC_NP,,132354124.58,
48213253000170,Classe,2026-09-30,40434681000110,TAB_I2I_VL_COTA_FIDC_NP,,16064089.17,
48279539000158,Classe,2026-09-30,62232889000190,TAB_I2I_VL_COTA_FIDC_NP,,244767823.8,
48313744000192,Classe,2026-09-30,62285390000140,TAB_I2I_VL_COTA_FIDC_NP,,84296208.35,
48357311000139,Classe,2026-09-30,16695922000109,TAB_I2I_VL_COTA_FIDC_NP,,0,
48502650000161,Classe,2026-09-30,16695922000109,TAB_I2I_VL_COTA_FIDC_NP,,32662478.15,
49000918000120,Classe,2026-09-30,62285390000140,TAB_I2I_VL_COTA_FIDC_NP,,9831568.8,
49087632000123,Classe,2026-09-30,24361690000172,TAB_I2I_VL_COTA_FIDC_NP,,0,
49141366000170,Classe,2026-09-30,40434681000110,TAB_I2I_VL_COTA_FIDC_NP,,29882695.1,
49220648000162,Classe,2026-09-30,62285390000140,TAB_I2I_VL_COTA_FIDC_NP,,211130068.9,
49223648000116,Classe,2026-09-30,16695922000109,TAB_I2I_VL_COTA_FIDC_NP,,0,
49261110000104,Classe,2026-09-30,40434681000110,TAB_I2I_VL_COTA_FIDC_NP,,6670203.14,
49275773000170,Classe,2026-09-30,24361690000172,TAB_I2I_VL_COTA_FIDC_NP,,0,
49460350000120,Classe,2026-09-30,24361690000172,TAB_I2I_VL_COTA_FIDC_NP,,63191969.88,
49466992000136,Classe,2026-09-30,24361690000172,TAB_I2I_VL_COTA_FIDC_NP,,3171457.12,
49815200000191,Classe,2026-09-30,00806535000154,TAB_I2I_VL_COTA_FIDC_NP,,81255139.25,
49916055000135,Classe,2026-09-30,62285390000140,TAB_I2I_VL_COTA_FIDC_NP,,95319638.67,
49916151000183,Classe,2026-09-30,62285390000140,TAB_I2I_VL_COTA_FIDC_NP,,1246650258.2,
49934838000141,Classe,2026-09-30,16695922000109,TAB_I2I_VL_COTA_FIDC_NP,,42102752.88,
50041351000119,Classe,2026-09-30,62232889000190,TAB_I2I_VL_COTA_FIDC_NP,,6627365.67,
50133597000110,Classe,2026-09-30,16695922000109,TAB_I2I_VL_COTA_FIDC_NP,,0,
50153414000129,Classe,2026-09-30,16695922000109,TAB_I2I_VL_COTA_FIDC_NP,,42445882.9,
50284896000156,Classe,2026-09-30,62285390000140,TAB_I2I_VL_COTA_FIDC_NP,,35169121.36,
50327909000127,Classe,2026-09-30,62285390000140,TAB_I2I_VL_COTA_FIDC_NP,,958909826.44,
50356663000111,Classe,2026-09-30,40434681000110,TAB_I2I_VL_COTA_FIDC_NP,,0,
50434429000165,Classe,2026-09-30,62285390000140,TAB_I2I_VL_COTA_FIDC_NP,,85488763.83,
50692376000182,Classe,2026-09-30,24361690000172,TAB_I2I_VL_COTA_FIDC_NP,,5337764.75,
50695489000131,Classe,2026-09-30,62232889000190,TAB_I2I_VL_COTA_FIDC_NP,,23000846.3,
50791925000176,Classe,2026-09-30,24361690000172,TAB_I2I_VL_COTA_FIDC_NP,,15979956.48,
50808063000147,Classe,2026-09-30,62285390000140,TAB_I2I_VL_COTA_FIDC_NP,,71761766.49,
50818107000110,Classe,2026-09-30,16695922000109,TAB_I2I_VL_COTA_FIDC_NP,,0,
50823781000192,Classe,2026-09-30,24361690000172,TAB_I2I_VL_COTA_FIDC_NP,,0,
50824501000160,Classe,2026-09-30,24361690000172,TAB_I2I_VL_COTA_FIDC_NP,,33154854.24,
50946637000143,Fundo,2026-09-30,16695922000109,TAB_I2I_VL_COTA_FIDC_NP,,14685951.61,
50948197000163,Classe,2026-09-30,16695922000109,TAB_I2I_VL_COTA_FIDC_NP,,0,
51027087000121,Classe,2026-09-30,62285390000140,TAB_I2I_VL_COTA_FIDC_NP,,51294778.46,
51119641000109,Classe,2026-09-30,24361690000172,TAB_I2I_VL_COTA_FIDC_NP,,0,
51253601000147,Classe,2026-09-30,24361690000172,TAB_I2I_VL_COTA_FIDC_NP,,8527522.33,
51294885000110,Classe,2026-09-30,24361690000172,TAB_I2I_VL_COTA_FIDC_NP,,26621555.46,
51313788000127,Classe,2026-09-30,24361690000172,TAB_I2I_VL_COTA_FIDC_NP,,9292864.61,
51364521000169,Classe,2026-09-30,62285390000140,TAB_I2I_VL_COTA_FIDC_NP,,157185240.99,
51382517000123,Classe,2026-09-30,16695922000109,TAB_I2I_VL_COTA_FIDC_NP,,232898593.84,
51388032000147,Classe,2026-09-30,40434681000110,TAB_I2I_VL_COTA_FIDC_NP,,7466375.34,
51476020000174,Classe,2026-09-30,62285390000140,TAB_I2I_VL_COTA_FIDC_NP,,23198394.65,
51497411000175,Classe,2026-09-30,62232889000190,TAB_I2I_VL_COTA_FIDC_NP,,29064478.94,
51555510000166,Classe,2026-09-30,24361690000172,TAB_I2I_VL_COTA_FIDC_NP,,151901449.12,
51581780000141,Classe,2026-09-30,40434681000110,TAB_I2I_VL_COTA_FIDC_NP,,15878705.68,
51730136000198,Classe,2026-09-30,40434681000110,TAB_I2I_VL_COTA_FIDC_NP,,1680762.38,
51731270000103,Classe,2026-09-30,24361690000172,TAB_I2I_VL_COTA_FIDC_NP,,13092220.39,
51781164000134,Classe,2026-09-30,40434681000110,TAB_I2I_VL_COTA_FIDC_NP,,2462881.88,
51863167000117,Fundo,2026-09-30,40434681000110,TAB_I2I_VL_COTA_FIDC_NP,,0,
52043752000133,Classe,2026-09-30,40434681000110,TAB_I2I_VL_COTA_FIDC_NP,,945512.35,
52069691000183,Classe,2026-09-30,16695922000109,TAB_I2I_VL_COTA_FIDC_NP,,744705551.05,
52098409000196,Classe,2026-09-30,62232889000190,TAB_I2I_VL_COTA_FIDC_NP,,42238393.21,
52115758000179,Classe,2026-09-30,22610500000188,TAB_I2I_VL_COTA_FIDC_NP,,155897808.64,
52148267000124,Classe,2026-09-30,62232889000190,TAB_I2I_VL_COTA_FIDC_NP,,165424650.75,
52200741000110,Classe,2026-09-30,24361690000172,TAB_I2I_VL_COTA_FIDC_NP,,180076557.41,
52200745000106,Classe,2026-09-30,24361690000172,TAB_I2I_VL_COTA_FIDC_NP,,31689542.08,
52258572000179,Classe,2026-09-30,62232889000190,TAB_I2I_VL_COTA_FIDC_NP,,51393959.64,
52287219000117,Classe,2026-09-30,00806535000154,TAB_I2I_VL_COTA_FIDC_NP,,74213694.7,
52348286000102,Classe,2026-09-30,16695922000109,TAB_I2I_VL_COTA_FIDC_NP,,0,
52430088000185,Classe,2026-09-30,62285390000140,TAB_I2I_VL_COTA_FIDC_NP,,3232578.1,
52511370000197,Classe,2026-09-30,62232889000190,TAB_I2I_VL_COTA_FIDC_NP,,36844416.61,
52511479000124,Classe,2026-09-30,62232889000190,TAB_I2I_VL_COTA_FIDC_NP,,52683010.92,
52607408000120,Classe,2026-09-30,62285390000140,TAB_I2I_VL_COTA_FIDC_NP,,8873079.93,
52719781000172,Classe,2026-09-30,16695922000109,TAB_I2I_VL_COTA_FIDC_NP,,63643509.59,
52756013000199,Classe,2026-09-30,62285390000140,TAB_I2I_VL_COTA_FIDC_NP,,599569269.23,
52989090000199,Classe,2026-09-30,62285390000140,TAB_I2I_VL_COTA_FIDC_NP,,925416808.85,
53030737000113,Classe,2026-09-30,40434681000110,TAB_I2I_VL_COTA_FIDC_NP,,66709492.17,
53032513000140,Classe,2026-09-30,62285390000140,TAB_I2I_VL_COTA_FIDC_NP,,11989586.37,
53109835000140,Classe,2026-09-30,62232889000190,TAB_I2I_VL_COTA_FIDC_NP,,113730124.2,
53121758000144,Classe,2026-09-30,62285390000140,TAB_I2I_VL_COTA_FIDC_NP,,86108979.22,
53214754000100,Classe,2026-09-30,62285390000140,TAB_I2I_VL_COTA_FIDC_NP,,1022813.91,
53292327000140,Classe,2026-09-30,16695922000109,TAB_I2I_VL_COTA_FIDC_NP,,29152140.96,
53323818000101,Classe,2026-09-30,16695922000109,TAB_I2I_VL_COTA_FIDC_NP,,2397330.02,
53577135000180,Classe,2026-09-30,62285390000140,TAB_I2I_VL_COTA_FIDC_NP,,230074882.99,
53604320000117,Classe,2026-09-30,24361690000172,TAB_I2I_VL_COTA_FIDC_NP,,108306823.83,
53640662000192,Classe,2026-09-30,40434681000110,TAB_I2I_VL_COTA_FIDC_NP,,18055886.91,
53765941000182,Classe,2026-09-30,24361690000172,TAB_I2I_VL_COTA_FIDC_NP,,15909803.89,
53822280000180,Classe,2026-09-30,16695922000109,TAB_I2I_VL_COTA_FIDC_NP,,0,
53841740000117,Classe,2026-09-30,62285390000140,TAB_I2I_VL_COTA_FIDC_NP,,1811838521.15,
53872780000126,Classe,2026-09-30,00806535000154,TAB_I2I_VL_COTA_FIDC_NP,,174836061.64,
53880657000157,Classe,2026-09-30,62285390000140,TAB_I2I_VL_COTA_FIDC_NP,,187972729.96,
54071756000150,Classe,2026-09-30,62285390000140,TAB_I2I_VL_COTA_FIDC_NP,,92242709.77,
54083491000100,Classe,2026-09-30,62232889000190,TAB_I2I_VL_COTA_FIDC_NP,,56200602.2,
54111764000183,Classe,2026-09-30,62285390000140,TAB_I2I_VL_COTA_FIDC_NP,,71860520,
54148306000119,Classe,2026-09-30,16695922000109,TAB_I2I_VL_COTA_FIDC_NP,,0,
54379696000138,Classe,2026-09-30,16695922000109,TAB_I2I_VL_COTA_FIDC_NP,,10663721.65,
54495443000120,Classe,2026-09-30,62285390000140,TAB_I2I_VL_COTA_FIDC_NP,,190321521.43,
54585485000151,Classe,2026-09-30,16695922000109,TAB_I2I_VL_COTA_FIDC_NP,,13393221.26,
54585643000173,Classe,2026-09-30,24361690000172,TAB_I2I_VL_COTA_FIDC_NP,,0,
54857414000160,Classe,2026-09-30,24361690000172,TAB_I2I_VL_COTA_FIDC_NP,,103236110.19,
54976450000143,Classe,2026-09-30,62232889000190,TAB_I2I_VL_COTA_FIDC_NP,,18401536.57,
54976534000187,Classe,2026-09-30,62285390000140,TAB_I2I_VL_COTA_FIDC_NP,,48975213.89,
55074368000196,Classe,2026-09-30,24361690000172,TAB_I2I_VL_COTA_FIDC_NP,,52441436.13,
55175561000113,Classe,2026-09-30,62285390000140,TAB_I2I_VL_COTA_FIDC_NP,,124189403.94,
55296116000101,Classe,2026-09-30,62285390000140,TAB_I2I_VL_COTA_FIDC_NP,,35491936.06,
55331747000114,Classe,2026-09-30,00806535000154,TAB_I2I_VL_COTA_FIDC_NP,,10962368.51,
55364405000109,Classe,2026-09-30,62232889000190,TAB_I2I_VL_COTA_FIDC_NP,,34740289.13,
55401645000128,Classe,2026-09-30,62285390000140,TAB_I2I_VL_COTA_FIDC_NP,,206205229.25,
55445774000118,Classe,2026-09-30,24361690000172,TAB_I2I_VL_COTA_FIDC_NP,,25465404.04,
55466785000184,Classe,2026-09-30,00806535000154,TAB_I2I_VL_COTA_FIDC_NP,,68690069.2,
55483719000112,Classe,2026-09-30,62285390000140,TAB_I2I_VL_COTA_FIDC_NP,,28790922.03,
55508226000190,Classe,2026-09-30,62285390000140,TAB_I2I_VL_COTA_FIDC_NP,,43372994.81,
55523204000107,Classe,2026-09-30,24361690000172,TAB_I2I_VL_COTA_FIDC_NP,,116106919.03,
55595058000117,Classe,2026-09-30,62232889000190,TAB_I2I_VL_COTA_FIDC_NP,,482276088.06,
55595705000190,Classe,2026-09-30,62232889000190,TAB_I2I_VL_COTA_FIDC_NP,,70778730.42,
55626390000100,Classe,2026-09-30,40434681000110,TAB_I2I_VL_COTA_FIDC_NP,,0,
55636084000146,Classe,2026-09-30,62285390000140,TAB_I2I_VL_COTA_FIDC_NP,,33495966.38,
55690923000104,Classe,2026-09-30,40434681000110,TAB_I2I_VL_COTA_FIDC_NP,,1950470.13,
55706529000117,Classe,2026-09-30,16695922000109,TAB_I2I_VL_COTA_FIDC_NP,,0,
55747288000154,Classe,2026-09-30,40434681000110,TAB_I2I_VL_COTA_FIDC_NP,,6516117.27,
55790118000152,Classe,2026-09-30,40434681000110,TAB_I2I_VL_COTA_FIDC_NP,,16929975.02,
55798735000102,Classe,2026-09-30,40434681000110,TAB_I2I_VL_COTA_FIDC_NP,,3368133.16,
55914922000104,Classe,2026-09-30,62285390000140,TAB_I2I_VL_COTA_FIDC_NP,,27777592.82,
56030860000122,Classe,2026-09-30,62285390000140,TAB_I2I_VL_COTA_FIDC_NP,,3482532.47,
56073212000153,Classe,2026-09-30,62285390000140,TAB_I2I_VL_COTA_FIDC_NP,,41436527.62,
56075525000140,Classe,2026-09-30,24361690000172,TAB_I2I_VL_COTA_FIDC_NP,,85457280.73,
56125191000172,Classe,2026-09-30,62285390000140,TAB_I2I_VL_COTA_FIDC_NP,,30575721.13,
56822599000101,Classe,2026-09-30,62232889000190,TAB_I2I_VL_COTA_FIDC_NP,,11722586.09,
56912548000162,Classe,2026-09-30,40434681000110,TAB_I2I_VL_COTA_FIDC_NP,,15148164.99,
56924942000110,Classe,2026-09-30,62285390000140,TAB_I2I_VL_COTA_FIDC_NP,,2929042166.98,
56975898000178,Classe,2026-09-30,62285390000140,TAB_I2I_VL_COTA_FIDC_NP,,7591011.45,
56986018000169,Classe,2026-09-30,40434681000110,TAB_I2I_VL_COTA_FIDC_NP,,88316793.37,
57053395000108,Classe,2026-09-30,24361690000172,TAB_I2I_VL_COTA_FIDC_NP,,77142611.03,
57088363000148,Classe,2026-09-30,62232889000190,TAB_I2I_VL_COTA_FIDC_NP,,107150785.19,
57127130000107,Classe,2026-09-30,62285390000140,TAB_I2I_VL_COTA_FIDC_NP,,1667472.66,
57140603000106,Classe,2026-09-30,24361690000172,TAB_I2I_VL_COTA_FIDC_NP,,103873920.52,
57182384000128,Classe,2026-09-30,62232889000190,TAB_I2I_VL_COTA_FIDC_NP,,24168385.05,
57224939000157,Classe,2026-09-30,62285390000140,TAB_I2I_VL_COTA_FIDC_NP,,91722215.04,
57270666000187,Classe,2026-09-30,24361690000172,TAB_I2I_VL_COTA_FIDC_NP,,53677579.12,
57325152000181,Classe,2026-09-30,62285390000140,TAB_I2I_VL_COTA_FIDC_NP,,22290875.45,
57340272000158,Classe,2026-09-30,62285390000140,TAB_I2I_VL_COTA_FIDC_NP,,57536127.43,
57378463000109,Classe,2026-09-30,24361690000172,TAB_I2I_VL_COTA_FIDC_NP,,157614044.44,
57391433000132,Classe,2026-09-30,62232889000190,TAB_I2I_VL_COTA_FIDC_NP,,49712588.71,
57391980000118,Classe,2026-09-30,62232889000190,TAB_I2I_VL_COTA_FIDC_NP,,22050316.28,
57441997000132,Classe,2026-09-30,16695922000109,TAB_I2I_VL_COTA_FIDC_NP,,0,
57533260000140,Classe,2026-09-30,62285390000140,TAB_I2I_VL_COTA_FIDC_NP,,28244900.14,
57584175000100,Classe,2026-09-30,62232889000190,TAB_I2I_VL_COTA_FIDC_NP,,20254835.77,
57584525000139,Classe,2026-09-30,62232889000190,TAB_I2I_VL_COTA_FIDC_NP,,55430322.6,
57585602000175,Classe,2026-09-30,40434681000110,TAB_I2I_VL_COTA_FIDC_NP,,4646703.06,
57691078000117,Classe,2026-09-30,39669186000101,TAB_I2I_VL_COTA_FIDC_NP,,0,
57740051000177,Classe,2026-09-30,16695922000109,TAB_I2I_VL_COTA_FIDC_NP,,65504535.38,
57752597000148,Classe,2026-09-30,24361690000172,TAB_I2I_VL_COTA_FIDC_NP,,56518593.63,
57821748000172,Classe,2026-09-30,40434681000110,TAB_I2I_VL_COTA_FIDC_NP,,12156523.97,
57823707000115,Classe,2026-09-30,62285390000140,TAB_I2I_VL_COTA_FIDC_NP,,184635320.27,
57888289000144,Classe,2026-09-30,40434681000110,TAB_I2I_VL_COTA_FIDC_NP,,13063095.63,
57998329000100,Classe,2026-09-30,40434681000110,TAB_I2I_VL_COTA_FIDC_NP,,18571674.27,
58036896000149,Classe,2026-09-30,24361690000172,TAB_I2I_VL_COTA_FIDC_NP,,327823655.05,
58114311000161,Classe,2026-09-30,24361690000172,TAB_I2I_VL_COTA_FIDC_NP,,53839267.32,
58114447000171,Classe,2026-09-30,16695922000109,TAB_I2I_VL_COTA_FIDC_NP,,0,
58157393000121,Classe,2026-09-30,16695922000109,TAB_I2I_VL_COTA_FIDC_NP,,10298071.24,
58238421000135,Classe,2026-09-30,40434681000110,TAB_I2I_VL_COTA_FIDC_NP,,9247560.85,
58307031000170,Classe,2026-09-30,24361690000172,TAB_I2I_VL_COTA_FIDC_NP,,3025801.4,
58364147000140,Classe,2026-09-30,62285390000140,TAB_I2I_VL_COTA_FIDC_NP,,11614722.97,
58423669000176,Classe,2026-09-30,16695922000109,TAB_I2I_VL_COTA_FIDC_NP,,0,
58482694000120,Classe,2026-09-30,24361690000172,TAB_I2I_VL_COTA_FIDC_NP,,78555151.67,
58559343000170,Classe,2026-09-30,16695922000109,TAB_I2I_VL_COTA_FIDC_NP,,0,
58731626000158,Classe,2026-09-30,62232889000190,TAB_I2I_VL_COTA_FIDC_NP,,36440153.82,
58900579000129,Classe,2026-09-30,62285390000140,TAB_I2I_VL_COTA_FIDC_NP,,4361736649.14,
58922423000149,Classe,2026-09-30,24361690000172,TAB_I2I_VL_COTA_FIDC_NP,,164915566.23,
58944590000190,Classe,2026-09-30,18945670000146,TAB_I2I_VL_COTA_FIDC_NP,,66648291.41,
58954874000168,Classe,2026-09-30,16695922000109,TAB_I2I_VL_COTA_FIDC_NP,,43790932.19,
59291327000102,Classe,2026-09-30,24361690000172,TAB_I2I_VL_COTA_FIDC_NP,,13441044.03,
59357545000100,Classe,2026-09-30,16695922000109,TAB_I2I_VL_COTA_FIDC_NP,,6570014.14,
59400011000101,Classe,2026-09-30,62232889000190,TAB_I2I_VL_COTA_FIDC_NP,,6231909.27,
59400337000139,Classe,2026-09-30,16695922000109,TAB_I2I_VL_COTA_FIDC_NP,,385504148.13,
59657112000162,Classe,2026-09-30,18945670000146,TAB_I2I_VL_COTA_FIDC_NP,,13280527.92,
59710430000140,Classe,2026-09-30,40434681000110,TAB_I2I_VL_COTA_FIDC_NP,,19899545.33,
59843866000107,Classe,2026-09-30,62285390000140,TAB_I2I_VL_COTA_FIDC_NP,,156048447.82,
59870750000167,Classe,2026-09-30,40434681000110,TAB_I2I_VL_COTA_FIDC_NP,,63685360.76,
59936269000127,Classe,2026-09-30,24361690000172,TAB_I2I_VL_COTA_FIDC_NP,,4451056.67,
60043514000156,Classe,2026-09-30,40434681000110,TAB_I2I_VL_COTA_FIDC_NP,,45146062.15,
60058603000176,Classe,2026-09-30,62285390000140,TAB_I2I_VL_COTA_FIDC_NP,,52817033.37,
60078440000193,Classe,2026-09-30,24361690000172,TAB_I2I_VL_COTA_FIDC_NP,,34949346.91,
60079965000143,Classe,2026-09-30,40434681000110,TAB_I2I_VL_COTA_FIDC_NP,,25198.34,
60095481000198,Classe,2026-09-30,62232889000190,TAB_I2I_VL_COTA_FIDC_NP,,40027535.27,
60115778000178,Classe,2026-09-30,24361690000172,TAB_I2I_VL_COTA_FIDC_NP,,45737474.08,
60282653000132,Classe,2026-09-30,16695922000109,TAB_I2I_VL_COTA_FIDC_NP,,0,
60331197000173,Classe,2026-09-30,24361690000172,TAB_I2I_VL_COTA_FIDC_NP,,1442949.1,
60368384000121,Classe,2026-09-30,24361690000172,TAB_I2I_VL_COTA_FIDC_NP,,23557756.87,
60369537000155,Classe,2026-09-30,62285390000140,TAB_I2I_VL_COTA_FIDC_NP,,135433048.21,
60369959000120,Classe,2026-09-30,62285390000140,TAB_I2I_VL_COTA_FIDC_NP,,19220089.45,
60401316000117,Classe,2026-09-30,62285390000140,TAB_I2I_VL_COTA_FIDC_NP,,37111740.58,
60604288000135,Classe,2026-09-30,40434681000110,TAB_I2I_VL_COTA_FIDC_NP,,9247991.82,
60606404000155,Classe,2026-09-30,18945670000146,TAB_I2I_VL_COTA_FIDC_NP,,80747771.54,
60675473000110,Classe,2026-09-30,16695922000109,TAB_I2I_VL_COTA_FIDC_NP,,7671955.79,
60681487000147,Classe,2026-09-30,24361690000172,TAB_I2I_VL_COTA_FIDC_NP,,4819208.27,
60686437000152,Classe,2026-09-30,24361690000172,TAB_I2I_VL_COTA_FIDC_NP,,10724800.4,
60696087000105,Classe,2026-09-30,62285390000140,TAB_I2I_VL_COTA_FIDC_NP,,18017967.58,
60736775000151,Classe,2026-09-30,62285390000140,TAB_I2I_VL_COTA_FIDC_NP,,90409359.78,
60792713000167,Classe,2026-09-30,16695922000109,TAB_I2I_VL_COTA_FIDC_NP,,1920513.58,
60866189000121,Classe,2026-09-30,62285390000140,TAB_I2I_VL_COTA_FIDC_NP,,31270914.06,
60894511000126,Classe,2026-09-30,16695922000109,TAB_I2I_VL_COTA_FIDC_NP,,2577649.7,
60910091000124,Classe,2026-09-30,62285390000140,TAB_I2I_VL_COTA_FIDC_NP,,22907959.83,
60931216000100,Classe,2026-09-30,24361690000172,TAB_I2I_VL_COTA_FIDC_NP,,5413345.67,
60974918000163,Classe,2026-09-30,24361690000172,TAB_I2I_VL_COTA_FIDC_NP,,6028359.21,
61084525000147,Classe,2026-09-30,40434681000110,TAB_I2I_VL_COTA_FIDC_NP,,3057713.43,
61130895000173,Classe,2026-09-30,16695922000109,TAB_I2I_VL_COTA_FIDC_NP,,55571359.75,
61138429000134,Classe,2026-09-30,24361690000172,TAB_I2I_VL_COTA_FIDC_NP,,19205540.1,
61279682000108,Classe,2026-09-30,40434681000110,TAB_I2I_VL_COTA_FIDC_NP,,8668267.17,
61306033000159,Classe,2026-09-30,62285390000140,TAB_I2I_VL_COTA_FIDC_NP,,22415269.57,
61328619000114,Classe,2026-09-30,40434681000110,TAB_I2I_VL_COTA_FIDC_NP,,9441819.91,
61350212000193,Classe,2026-09-30,16695922000109,TAB_I2I_VL_COTA_FIDC_NP,,10080398.52,
61351481000174,Classe,2026-09-30,62285390000140,TAB_I2I_VL_COTA_FIDC_NP,,506432844.72,
61371110000154,Classe,2026-09-30,16695922000109,TAB_I2I_VL_COTA_FIDC_NP,,0,
61385893000125,Classe,2026-09-30,62285390000140,TAB_I2I_VL_COTA_FIDC_NP,,400151028.08,
61430639000100,Classe,2026-09-30,24361690000172,TAB_I2I_VL_COTA_FIDC_NP,,59863195.4,
61527968000165,Classe,2026-09-30,16695922000109,TAB_I2I_VL_COTA_FIDC_NP,,0,
61543748000125,Classe,2026-09-30,24361690000172,TAB_I2I_VL_COTA_FIDC_NP,,14681356.02,
61631599000156,Classe,2026-09-30,16695922000109,TAB_I2I_VL_COTA_FIDC_NP,,425003447.2,
61664240000185,Classe,2026-09-30,24361690000172,TAB_I2I_VL_COTA_FIDC_NP,,49446322.77,
61690116000194,Classe,2026-09-30,40434681000110,TAB_I2I_VL_COTA_FIDC_NP,,6114482.49,
61750443000194,Classe,2026-09-30,24361690000172,TAB_I2I_VL_COTA_FIDC_NP,,12750767.91,
61766813000181,Classe,2026-09-30,40434681000110,TAB_I2I_VL_COTA_FIDC_NP,,41957419.42,
61866286000187,Classe,2026-09-30,16695922000109,TAB_I2I_VL_COTA_FIDC_NP,,7725106.74,
61955311000107,Classe,2026-09-30,16695922000109,TAB_I2I_VL_COTA_FIDC_NP,,9721565.43,
61975703000120,Classe,2026-09-30,24361690000172,TAB_I2I_VL_COTA_FIDC_NP,,64807715.81,
62016007000159,Classe,2026-09-30,62285390000140,TAB_I2I_VL_COTA_FIDC_NP,,3629674.39,
62161418000138,Classe,2026-09-30,62285390000140,TAB_I2I_VL_COTA_FIDC_NP,,70497102.5,
62164403000123,Classe,2026-09-30,16695922000109,TAB_I2I_VL_COTA_FIDC_NP,,7146138.89,
62230042000176,Classe,2026-09-30,16695922000109,TAB_I2I_VL_COTA_FIDC_NP,,28659234.19,
62303024000177,Classe,2026-09-30,62232889000190,TAB_I2I_VL_COTA_FIDC_NP,,302237026.17,
62359337000147,Classe,2026-09-30,40434681000110,TAB_I2I_VL_COTA_FIDC_NP,,23354126.96,
62497138000103,Classe,2026-09-30,16695922000109,TAB_I2I_VL_COTA_FIDC_NP,,4041792.81,
62541630000120,Classe,2026-09-30,62232889000190,TAB_I2I_VL_COTA_FIDC_NP,,41979103.1,
62627243000101,Classe,2026-09-30,62285390000140,TAB_I2I_VL_COTA_FIDC_NP,,77384146.82,
62627291000108,Classe,2026-09-30,62285390000140,TAB_I2I_VL_COTA_FIDC_NP,,571554220.3,
62741028000137,Classe,2026-09-30,40434681000110,TAB_I2I_VL_COTA_FIDC_NP,,13305302.13,
62762366000155,Classe,2026-09-30,16695922000109,TAB_I2I_VL_COTA_FIDC_NP,,3429775.37,
62772042000106,Classe,2026-09-30,24361690000172,TAB_I2I_VL_COTA_FIDC_NP,,48261968.46,
62951957000170,Classe,2026-09-30,16695922000109,TAB_I2I_VL_COTA_FIDC_NP,,12371590.58,
62966067000132,Classe,2026-09-30,40434681000110,TAB_I2I_VL_COTA_FIDC_NP,,37167728.83,
62967950000147,Classe,2026-09-30,40434681000110,TAB_I2I_VL_COTA_FIDC_NP,,36216105.56,
62968483000170,Classe,2026-09-30,40434681000110,TAB_I2I_VL_COTA_FIDC_NP,,70920259.13,
62972105000160,Classe,2026-09-30,62285390000140,TAB_I2I_VL_COTA_FIDC_NP,,36678613.02,
63098061000153,Classe,2026-09-30,16695922000109,TAB_I2I_VL_COTA_FIDC_NP,,31074263.33,
63212782000142,Classe,2026-09-30,62285390000140,TAB_I2I_VL_COTA_FIDC_NP,,28864810.22,
63249135000105,Classe,2026-09-30,40434681000110,TAB_I2I_VL_COTA_FIDC_NP,,4275300.56,
63310209000171,Classe,2026-09-30,62285390000140,TAB_I2I_VL_COTA_FIDC_NP,,2066484.32,
63322011000108,Classe,2026-09-30,62285390000140,TAB_I2I_VL_COTA_FIDC_NP,,633091869.24,
63457029000117,Classe,2026-09-30,16695922000109,TAB_I2I_VL_COTA_FIDC_NP,,1521927.95,
63458316000141,Classe,2026-09-30,16695922000109,TAB_I2I_VL_COTA_FIDC_NP,,5209807.52,
63459064000175,Classe,2026-09-30,16695922000109,TAB_I2I_VL_COTA_FIDC_NP,,4021024.37,
63516387000153,Classe,2026-09-30,62285390000140,TAB_I2I_VL_COTA_FIDC_NP,,88012431.05,
63565588000140,Classe,2026-09-30,62285390000140,TAB_I2I_VL_COTA_FIDC_NP,,11038221.61,
63566193000162,Classe,2026-09-30,16695922000109,TAB_I2I_VL_COTA_FIDC_NP,,3526305.01,
63604811000111,Classe,2026-09-30,40434681000110,TAB_I2I_VL_COTA_FIDC_NP,,70913786,
63606548000108,Classe,2026-09-30,40434681000110,TAB_I2I_VL_COTA_FIDC_NP,,18697883.79,
63606839000198,Classe,2026-09-30,40434681000110,TAB_I2I_VL_COTA_FIDC_NP,,53070719.34,
63622544000105,Classe,2026-09-30,16695922000109,TAB_I2I_VL_COTA_FIDC_NP,,1889422.1,
63659752000189,Classe,2026-09-30,16695922000109,TAB_I2I_VL_COTA_FIDC_NP,,32676194.78,
63697245000130,Classe,2026-09-30,24361690000172,TAB_I2I_VL_COTA_FIDC_NP,,10381302.04,
63699134000162,Classe,2026-09-30,24361690000172,TAB_I2I_VL_COTA_FIDC_NP,,19050347.65,
63709161000179,Classe,2026-09-30,40434681000110,TAB_I2I_VL_COTA_FIDC_NP,,108114022.35,
63796349000100,Classe,2026-09-30,62285390000140,TAB_I2I_VL_COTA_FIDC_NP,,1559383.18,
63863686000164,Classe,2026-09-30,24361690000172,TAB_I2I_VL_COTA_FIDC_NP,,56029882.97,
63887027000168,Classe,2026-09-30,40434681000110,TAB_I2I_VL_COTA_FIDC_NP,,0,
63894672000108,Classe,2026-09-30,16695922000109,TAB_I2I_VL_COTA_FIDC_NP,,52775618.56,
63938673000107,Classe,2026-09-30,62285390000140,TAB_I2I_VL_COTA_FIDC_NP,,106466416.63,
63974821000149,Classe,2026-09-30,62285390000140,TAB_I2I_VL_COTA_FIDC_NP,,10104194.08,
64019393000168,Classe,2026-09-30,16695922000109,TAB_I2I_VL_COTA_FIDC_NP,,131303425.01,
64029467000147,Classe,2026-09-30,16695922000109,TAB_I2I_VL_COTA_FIDC_NP,,8921726.63,
64039922000195,Classe,2026-09-30,62285390000140,TAB_I2I_VL_COTA_FIDC_NP,,56373965.98,
64054825000171,Classe,2026-09-30,40434681000110,TAB_I2I_VL_COTA_FIDC_NP,,8585316.6,
64155784000100,Classe,2026-09-30,18945670000146,TAB_I2I_VL_COTA_FIDC_NP,,34652149.65,
64276414000120,Classe,2026-09-30,24361690000172,TAB_I2I_VL_COTA_FIDC_NP,,16216834.37,
64276709000105,Classe,2026-09-30,24361690000172,TAB_I2I_VL_COTA_FIDC_NP,,94297638.45,
64282009000115,Classe,2026-09-30,40434681000110,TAB_I2I_VL_COTA_FIDC_NP,,17845113.69,
64291147000160,Classe,2026-09-30,62232889000190,TAB_I2I_VL_COTA_FIDC_NP,,21094733.09,
64310285000140,Classe,2026-09-30,40434681000110,TAB_I2I_VL_COTA_FIDC_NP,,12894779.98,
64382297000180,Classe,2026-09-30,62232889000190,TAB_I2I_VL_COTA_FIDC_NP,,18663049.23,
64432874000109,Classe,2026-09-30,40434681000110,TAB_I2I_VL_COTA_FIDC_NP,,10668989.54,
64530753000191,Classe,2026-09-30,24361690000172,TAB_I2I_VL_COTA_FIDC_NP,,4173825.76,
64598309000108,Classe,2026-09-30,16695922000109,TAB_I2I_VL_COTA_FIDC_NP,,7211139.11,
64630838000141,Classe,2026-09-30,62285390000140,TAB_I2I_VL_COTA_FIDC_NP,,16625447.98,
64636877000156,Classe,2026-09-30,16695922000109,TAB_I2I_VL_COTA_FIDC_NP,,3183553.58,
64637478000100,Classe,2026-09-30,00806535000154,TAB_I2I_VL_COTA_FIDC_NP,,76678412.72,
64656737000140,Classe,2026-09-30,62232889000190,TAB_I2I_VL_COTA_FIDC_NP,,60707967.28,
64721990000130,Classe,2026-09-30,40434681000110,TAB_I2I_VL_COTA_FIDC_NP,,16538673.46,
64987557000140,Classe,2026-09-30,24361690000172,TAB_I2I_VL_COTA_FIDC_NP,,5181730.59,
65014891000180,Classe,2026-09-30,40434681000110,TAB_I2I_VL_COTA_FIDC_NP,,1040006.34,
65095860000100,Classe,2026-09-30,00806535000154,TAB_I2I_VL_COTA_FIDC_NP,,15287369,
65190945000169,Classe,2026-09-30,40434681000110,TAB_I2I_VL_COTA_FIDC_NP,,15218377.48,
65343721000140,Classe,2026-09-30,62232889000190,TAB_I2I_VL_COTA_FIDC_NP,,62218788.14,
65619110000181,Classe,2026-09-30,16695922000109,TAB_I2I_VL_COTA_FIDC_NP,,1368681.7,
65659857000163,Classe,2026-09-30,24361690000172,TAB_I2I_VL_COTA_FIDC_NP,,32634533.96,
65675575000150,Classe,2026-09-30,62285390000140,TAB_I2I_VL_COTA_FIDC_NP,,7455886.05,
65706613000194,Classe,2026-09-30,24361690000172,TAB_I2I_VL_COTA_FIDC_NP,,4176528.49,
65784807000108,Classe,2026-09-30,24361690000172,TAB_I2I_VL_COTA_FIDC_NP,,0,
65784847000150,Classe,2026-09-30,24361690000172,TAB_I2I_VL_COTA_FIDC_NP,,220721842.85,
65804305000100,Classe,2026-09-30,62232889000190,TAB_I2I_VL_COTA_FIDC_NP,,11090720.1,
65804737000102,Classe,2026-09-30,00806535000154,TAB_I2I_VL_COTA_FIDC_NP,,187457213,
65900819000150,Classe,2026-09-30,24361690000172,TAB_I2I_VL_COTA_FIDC_NP,,2674536.93,
66004736000146,Classe,2026-09-30,16695922000109,TAB_I2I_VL_COTA_FIDC_NP,,42617426.99,
66107567000170,Classe,2026-09-30,40434681000110,TAB_I2I_VL_COTA_FIDC_NP,,2094774.86,
66146849000186,Classe,2026-09-30,24361690000172,TAB_I2I_VL_COTA_FIDC_NP,,9416027.71,
66147948000182,Classe,2026-09-30,24361690000172,TAB_I2I_VL_COTA_FIDC_NP,,2521051.44,
66188571000100,Classe,2026-09-30,40434681000110,TAB_I2I_VL_COTA_FIDC_NP,,1055012.15,
66226431000189,Classe,2026-09-30,62232889000190,TAB_I2I_VL_COTA_FIDC_NP,,583357.95,
66247874000156,Classe,2026-09-30,40434681000110,TAB_I2I_VL_COTA_FIDC_NP,,27781907.34,
66279914000141,Classe,2026-09-30,24361690000172,TAB_I2I_VL_COTA_FIDC_NP,,34667862.43,
66289666000110,Classe,2026-09-30,62285390000140,TAB_I2I_VL_COTA_FIDC_NP,,4943170.02,
66320254000103,Classe,2026-09-30,62285390000140,TAB_I2I_VL_COTA_FIDC_NP,,104390059.63,
66575588000110,Classe,2026-09-30,62285390000140,TAB_I2I_VL_COTA_FIDC_NP,,95068964.05,
66584882000198,Classe,2026-09-30,62285390000140,TAB_I2I_VL_COTA_FIDC_NP,,5226156.27,
66589036000160,Classe,2026-09-30,62285390000140,TAB_I2I_VL_COTA_FIDC_NP,,522476019.2,
66614411000185,Classe,2026-09-30,62232889000190,TAB_I2I_VL_COTA_FIDC_NP,,84676374.62,
66625873000106,Classe,2026-09-30,40434681000110,TAB_I2I_VL_COTA_FIDC_NP,,6042090.57,
66687692000104,Classe,2026-09-30,62285390000140,TAB_I2I_VL_COTA_FIDC_NP,,44249161.16,
66790149000120,Classe,2026-09-30,16695922000109,TAB_I2I_VL_COTA_FIDC_NP,,51157.61,
66790195000129,Classe,2026-09-30,24361690000172,TAB_I2I_VL_COTA_FIDC_NP,,96486499.58,
67220127000197,Classe,2026-09-30,24361690000172,TAB_I2I_VL_COTA_FIDC_NP,,155701365.44,
67220139000111,Classe,2026-09-30,40434681000110,TAB_I2I_VL_COTA_FIDC_NP,,21701581.26,
67851316000168,Classe,2026-09-30,62285390000140,TAB_I2I_VL_COTA_FIDC_NP,,78559509.19,
67873873000180,Classe,2026-09-30,62285390000140,TAB_I2I_VL_COTA_FIDC_NP,,6078686.02,
68099385000120,Classe,2026-09-30,40434681000110,TAB_I2I_VL_COTA_FIDC_NP,,7171562.38,
68119920000167,Classe,2026-09-30,40434681000110,TAB_I2I_VL_COTA_FIDC_NP,,2012767.91,
68234432000109,Classe,2026-09-30,40434681000110,TAB_I2I_VL_COTA_FIDC_NP,,6458834.8,
68250073000175,Classe,2026-09-30,16695922000109,TAB_I2I_VL_COTA_FIDC_NP,,467617.25,
68564198000170,Classe,2026-09-30,16695922000109,TAB_I2I_VL_COTA_FIDC_NP,,13215580.8,
68706406000128,Classe,2026-09-30,62285390000140,TAB_I2I_VL_COTA_FIDC_NP,,2008326.55,
09260031000156,Classe,2026-09-30,62285390000140,TAB_I2J_VL_CONTRATO_FUTURO,0,66569700.67,0
16802124000120,Classe,2026-09-30,62285390000140,TAB_I2J_VL_CONTRATO_FUTURO,0,385017818.6,0
16858989000109,Classe,2026-09-30,16695922000109,TAB_I2J_VL_CONTRATO_FUTURO,0,0,
17047287000108,Classe,2026-09-30,24361690000172,TAB_I2J_VL_CONTRATO_FUTURO,0,58017901.04,0
17198845000136,Classe,2026-09-30,62285390000140,TAB_I2J_VL_CONTRATO_FUTURO,0,1607435228.61,0
19388377000198,Classe,2026-09-30,24361690000172,TAB_I2J_VL_CONTRATO_FUTURO,0,186787082.1,0
20906292000133,Classe,2026-09-30,24361690000172,TAB_I2J_VL_CONTRATO_FUTURO,0,14256208.26,0
21254441000190,Classe,2026-09-30,62285390000140,TAB_I2J_VL_CONTRATO_FUTURO,0,69285668.91,0
21917325000103,Classe,2026-09-30,24361690000172,TAB_I2J_VL_CONTRATO_FUTURO,0,278228784.88,0
23980344000100,Classe,2026-09-30,62285390000140,TAB_I2J_VL_CONTRATO_FUTURO,0,20180937.49,0
25354121000162,Classe,2026-09-30,16695922000109,TAB_I2J_VL_CONTRATO_FUTURO,0,0,
26000055000195,Classe,2026-09-30,24361690000172,TAB_I2J_VL_CONTRATO_FUTURO,0,2575655.5,0
26199650000100,Classe,2026-09-30,24361690000172,TAB_I2J_VL_CONTRATO_FUTURO,0,56129835.74,0
26631527000108,Fundo,2026-09-30,16695922000109,TAB_I2J_VL_CONTRATO_FUTURO,0,0,
27531244000157,Classe,2026-09-30,16695922000109,TAB_I2J_VL_CONTRATO_FUTURO,0,24375444.45,0
28079865000104,Classe,2026-09-30,62285390000140,TAB_I2J_VL_CONTRATO_FUTURO,0,34519557.29,0
28079873000150,Classe,2026-09-30,62285390000140,TAB_I2J_VL_CONTRATO_FUTURO,0,754914753.36,0
29249995000100,Classe,2026-09-30,24361690000172,TAB_I2J_VL_CONTRATO_FUTURO,0,21121430.13,0
29550273000191,Classe,2026-09-30,62232889000190,TAB_I2J_VL_CONTRATO_FUTURO,0,13137164.57,0
30366120000178,Classe,2026-09-30,62285390000140,TAB_I2J_VL_CONTRATO_FUTURO,0,283402282.07,0
31024416000173,Classe,2026-09-30,62285390000140,TAB_I2J_VL_CONTRATO_FUTURO,0,38772077.18,0
32156038000144,Classe,2026-09-30,62285390000140,TAB_I2J_VL_CONTRATO_FUTURO,0,239264432.77,0
32525937000177,Classe,2026-09-30,62285390000140,TAB_I2J_VL_CONTRATO_FUTURO,0,78994171.82,0
32525986000100,Classe,2026-09-30,62285390000140,TAB_I2J_VL_CONTRATO_FUTURO,0,57166279.24,0
32907653000145,Classe,2026-09-30,16695922000109,TAB_I2J_VL_CONTRATO_FUTURO,0,23721857.76,0
32999032000139,Classe,2026-09-30,62285390000140,TAB_I2J_VL_CONTRATO_FUTURO,0,86847161.11,0
33304615000160,Classe,2026-09-30,24361690000172,TAB_I2J_VL_CONTRATO_FUTURO,0,25984584.67,0
33490076000100,Classe,2026-09-30,40434681000110,TAB_I2J_VL_CONTRATO_FUTURO,0,112775629.29,0
33521644000184,Classe,2026-09-30,16695922000109,TAB_I2J_VL_CONTRATO_FUTURO,0,107342274.18,0
33632618000123,Classe,2026-09-30,62285390000140,TAB_I2J_VL_CONTRATO_FUTURO,0,71793219.16,0
34027968000123,Classe,2026-09-30,16695922000109,TAB_I2J_VL_CONTRATO_FUTURO,0,0,
34218960000144,Classe,2026-09-30,62285390000140,TAB_I2J_VL_CONTRATO_FUTURO,0,110699216.44,0
34599321000176,Classe,2026-09-30,16695922000109,TAB_I2J_VL_CONTRATO_FUTURO,0,107327443.81,0
35277363000153,Classe,2026-09-30,16695922000109,TAB_I2J_VL_CONTRATO_FUTURO,0,218625467.39,0
35686949000171,Classe,2026-09-30,16695922000109,TAB_I2J_VL_CONTRATO_FUTURO,0,20000028.24,0
35715919000146,Classe,2026-09-30,00806535000154,TAB_I2J_VL_CONTRATO_FUTURO,0,877683.76,0
36113052000111,Classe,2026-09-30,62285390000140,TAB_I2J_VL_CONTRATO_FUTURO,0,30888325.07,0
36420767000117,Classe,2026-09-30,62285390000140,TAB_I2J_VL_CONTRATO_FUTURO,0,0.01,0
36953080000147,Classe,2026-09-30,62285390000140,TAB_I2J_VL_CONTRATO_FUTURO,0,591765186.82,0
37606580000175,Fundo,2026-09-30,48967968000118,TAB_I2J_VL_CONTRATO_FUTURO,0,0,
38134439000180,Classe,2026-09-30,16695922000109,TAB_I2J_VL_CONTRATO_FUTURO,0,0,
39273409000117,Classe,2026-09-30,16695922000109,TAB_I2J_VL_CONTRATO_FUTURO,0,31908373.53,0
39469320000120,Classe,2026-09-30,16695922000109,TAB_I2J_VL_CONTRATO_FUTURO,0,70589112.12,0
39806180000139,Classe,2026-09-30,62285390000140,TAB_I2J_VL_CONTRATO_FUTURO,0,234940564.57,0
39851520000143,Classe,2026-09-30,24361690000172,TAB_I2J_VL_CONTRATO_FUTURO,0,9548514.77,0
40226175000136,Classe,2026-09-30,48967968000118,TAB_I2J_VL_CONTRATO_FUTURO,0,0,
40902151000150,Classe,2026-09-30,62285390000140,TAB_I2J_VL_CONTRATO_FUTURO,0,44635945.31,0
40989019000127,Classe,2026-09-30,62285390000140,TAB_I2J_VL_CONTRATO_FUTURO,0,102218150.05,0
41096982000144,Classe,2026-09-30,62285390000140,TAB_I2J_VL_CONTRATO_FUTURO,0,233994295.26,0
41251476000182,Classe,2026-09-30,62285390000140,TAB_I2J_VL_CONTRATO_FUTURO,0,66473881.51,0
41341232000190,Classe,2026-09-30,40434681000110,TAB_I2J_VL_CONTRATO_FUTURO,0,26070049.35,0
41351648000190,Classe,2026-09-30,62285390000140,TAB_I2J_VL_CONTRATO_FUTURO,0,27350641.19,0
41801514000123,Classe,2026-09-30,62232889000190,TAB_I2J_VL_CONTRATO_FUTURO,0,191359157.31,0
41992676000196,Classe,2026-09-30,62285390000140,TAB_I2J_VL_CONTRATO_FUTURO,0,398303380.63,0
42031108000191,Classe,2026-09-30,16695922000109,TAB_I2J_VL_CONTRATO_FUTURO,0,4101455.27,0
42067232000107,Classe,2026-09-30,62285390000140,TAB_I2J_VL_CONTRATO_FUTURO,0,56405549.84,0
42196288000161,Classe,2026-09-30,62285390000140,TAB_I2J_VL_CONTRATO_FUTURO,0,402204455.56,0
42336359000184,Classe,2026-09-30,62285390000140,TAB_I2J_VL_CONTRATO_FUTURO,0,65983527.9,0
42533772000139,Classe,2026-09-30,62285390000140,TAB_I2J_VL_CONTRATO_FUTURO,0,264447311.91,0
42867211000176,Fundo,2026-09-30,16695922000109,TAB_I2J_VL_CONTRATO_FUTURO,0,0,
43122353000177,Classe,2026-09-30,24361690000172,TAB_I2J_VL_CONTRATO_FUTURO,0,13498884.09,0
43236160000147,Classe,2026-09-30,62285390000140,TAB_I2J_VL_CONTRATO_FUTURO,0,219213182.07,0
43702427000144,Classe,2026-09-30,24361690000172,TAB_I2J_VL_CONTRATO_FUTURO,0,15452112.05,0
44173512000125,Classe,2026-09-30,62232889000190,TAB_I2J_VL_CONTRATO_FUTURO,0,107817019.06,0
44395590000174,Classe,2026-09-30,62285390000140,TAB_I2J_VL_CONTRATO_FUTURO,0,106838336.93,0
44414972000106,Classe,2026-09-30,40434681000110,TAB_I2J_VL_CONTRATO_FUTURO,0,13303981.25,0
44415022000198,Classe,2026-09-30,40434681000110,TAB_I2J_VL_CONTRATO_FUTURO,0,20435638.41,0
44465412000172,Classe,2026-09-30,40434681000110,TAB_I2J_VL_CONTRATO_FUTURO,0,22818609.21,0
44465521000190,Classe,2026-09-30,40434681000110,TAB_I2J_VL_CONTRATO_FUTURO,0,14552289.72,0
44479362000182,Classe,2026-09-30,24361690000172,TAB_I2J_VL_CONTRATO_FUTURO,0,0,
44585152000179,Classe,2026-09-30,40434681000110,TAB_I2J_VL_CONTRATO_FUTURO,0,15947146.6,0
44585499000111,Classe,2026-09-30,40434681000110,TAB_I2J_VL_CONTRATO_FUTURO,0,20652481.01,0
44680424000110,Classe,2026-09-30,16695922000109,TAB_I2J_VL_CONTRATO_FUTURO,0,51797194.94,0
44680449000113,Classe,2026-09-30,16695922000109,TAB_I2J_VL_CONTRATO_FUTURO,0,6271249.58,0
44705452000144,Classe,2026-09-30,62285390000140,TAB_I2J_VL_CONTRATO_FUTURO,0,45219807.93,0
44705662000132,Classe,2026-09-30,62285390000140,TAB_I2J_VL_CONTRATO_FUTURO,0,22880786.18,0
45018911000184,Classe,2026-09-30,16695922000109,TAB_I2J_VL_CONTRATO_FUTURO,0,0,
45019108000164,Classe,2026-09-30,16695922000109,TAB_I2J_VL_CONTRATO_FUTURO,0,14194939.69,0
45521676000169,Classe,2026-09-30,16695922000109,TAB_I2J_VL_CONTRATO_FUTURO,0,417963812.9,0
45525150000157,Classe,2026-09-30,62285390000140,TAB_I2J_VL_CONTRATO_FUTURO,0,5508330.3,0
45721977000136,Classe,2026-09-30,16695922000109,TAB_I2J_VL_CONTRATO_FUTURO,0,52722819.3,0
45756256000161,Classe,2026-09-30,62285390000140,TAB_I2J_VL_CONTRATO_FUTURO,0,30834767.44,0
45777614000112,Classe,2026-09-30,62285390000140,TAB_I2J_VL_CONTRATO_FUTURO,0,47178241.49,0
45880798000141,Fundo,2026-09-30,24361690000172,TAB_I2J_VL_CONTRATO_FUTURO,0,0,
45899684000143,Classe,2026-09-30,16695922000109,TAB_I2J_VL_CONTRATO_FUTURO,0,133.14,0
45899975000131,Classe,2026-09-30,16695922000109,TAB_I2J_VL_CONTRATO_FUTURO,0,0,
46098515000177,Classe,2026-09-30,40434681000110,TAB_I2J_VL_CONTRATO_FUTURO,0,68314233.29,0
46098560000121,Classe,2026-09-30,40434681000110,TAB_I2J_VL_CONTRATO_FUTURO,0,110436029.06,0
46322877000108,Classe,2026-09-30,62232889000190,TAB_I2J_VL_CONTRATO_FUTURO,0,29498722.37,0
46449843000170,Classe,2026-09-30,62232889000190,TAB_I2J_VL_CONTRATO_FUTURO,0,301052919.76,0
46766050000185,Classe,2026-09-30,62285390000140,TAB_I2J_VL_CONTRATO_FUTURO,0,265187169.15,0
47094392000169,Classe,2026-09-30,16695922000109,TAB_I2J_VL_CONTRATO_FUTURO,0,1370067130.53,0
47167918000193,Classe,2026-09-30,62285390000140,TAB_I2J_VL_CONTRATO_FUTURO,0,145932768.51,0
47168002000158,Classe,2026-09-30,62285390000140,TAB_I2J_VL_CONTRATO_FUTURO,0,20444595.65,0
47410102000149,Classe,2026-09-30,62232889000190,TAB_I2J_VL_CONTRATO_FUTURO,0,92133165.72,0
47410122000110,Classe,2026-09-30,62232889000190,TAB_I2J_VL_CONTRATO_FUTURO,0,57174589.81,0
47425860000130,Classe,2026-09-30,24361690000172,TAB_I2J_VL_CONTRATO_FUTURO,0,6719515.44,0
47463381000109,Classe,2026-09-30,62232889000190,TAB_I2J_VL_CONTRATO_FUTURO,0,160406214.06,0
47465008000197,Classe,2026-09-30,16695922000109,TAB_I2J_VL_CONTRATO_FUTURO,0,4109931.65,0
47640501000104,Classe,2026-09-30,40434681000110,TAB_I2J_VL_CONTRATO_FUTURO,0,52724561.55,0
47669160000191,Classe,2026-09-30,40434681000110,TAB_I2J_VL_CONTRATO_FUTURO,0,4034168.62,0
47669241000191,Classe,2026-09-30,40434681000110,TAB_I2J_VL_CONTRATO_FUTURO,0,2360663.23,0
47669306000107,Classe,2026-09-30,40434681000110,TAB_I2J_VL_CONTRATO_FUTURO,0,2848544.78,0
47715992000105,Classe,2026-09-30,62285390000140,TAB_I2J_VL_CONTRATO_FUTURO,0,26730267.98,0
47731522000127,Classe,2026-09-30,40434681000110,TAB_I2J_VL_CONTRATO_FUTURO,0,3593327.14,0
48181830000199,Classe,2026-09-30,62232889000190,TAB_I2J_VL_CONTRATO_FUTURO,0,236462863.02,0
48213067000130,Classe,2026-09-30,24361690000172,TAB_I2J_VL_CONTRATO_FUTURO,0,132354124.58,0
48213253000170,Classe,2026-09-30,40434681000110,TAB_I2J_VL_CONTRATO_FUTURO,0,16064089.17,0
48279539000158,Classe,2026-09-30,62232889000190,TAB_I2J_VL_CONTRATO_FUTURO,0,244767823.8,0
48313744000192,Classe,2026-09-30,62285390000140,TAB_I2J_VL_CONTRATO_FUTURO,0,84296208.35,0
48357311000139,Classe,2026-09-30,16695922000109,TAB_I2J_VL_CONTRATO_FUTURO,0,0,
48502650000161,Classe,2026-09-30,16695922000109,TAB_I2J_VL_CONTRATO_FUTURO,0,32662478.15,0
49000918000120,Classe,2026-09-30,62285390000140,TAB_I2J_VL_CONTRATO_FUTURO,0,9831568.8,0
49087632000123,Classe,2026-09-30,24361690000172,TAB_I2J_VL_CONTRATO_FUTURO,0,0,
49141366000170,Classe,2026-09-30,40434681000110,TAB_I2J_VL_CONTRATO_FUTURO,0,29882695.1,0
49220648000162,Classe,2026-09-30,62285390000140,TAB_I2J_VL_CONTRATO_FUTURO,0,211130068.9,0
49223648000116,Classe,2026-09-30,16695922000109,TAB_I2J_VL_CONTRATO_FUTURO,0,0,
49261110000104,Classe,2026-09-30,40434681000110,TAB_I2J_VL_CONTRATO_FUTURO,0,6670203.14,0
49275773000170,Classe,2026-09-30,24361690000172,TAB_I2J_VL_CONTRATO_FUTURO,0,0,
49460350000120,Classe,2026-09-30,24361690000172,TAB_I2J_VL_CONTRATO_FUTURO,0,63191969.88,0
49466992000136,Classe,2026-09-30,24361690000172,TAB_I2J_VL_CONTRATO_FUTURO,0,3171457.12,0
49815200000191,Classe,2026-09-30,00806535000154,TAB_I2J_VL_CONTRATO_FUTURO,0,81255139.25,0
49916055000135,Classe,2026-09-30,62285390000140,TAB_I2J_VL_CONTRATO_FUTURO,0,95319638.67,0
49916151000183,Classe,2026-09-30,62285390000140,TAB_I2J_VL_CONTRATO_FUTURO,0,1246650258.2,0
49934838000141,Classe,2026-09-30,16695922000109,TAB_I2J_VL_CONTRATO_FUTURO,0,42102752.88,0
50041351000119,Classe,2026-09-30,62232889000190,TAB_I2J_VL_CONTRATO_FUTURO,0,6627365.67,0
50133597000110,Classe,2026-09-30,16695922000109,TAB_I2J_VL_CONTRATO_FUTURO,0,0,
50153414000129,Classe,2026-09-30,16695922000109,TAB_I2J_VL_CONTRATO_FUTURO,0,42445882.9,0
50284896000156,Classe,2026-09-30,62285390000140,TAB_I2J_VL_CONTRATO_FUTURO,0,35169121.36,0
50327909000127,Classe,2026-09-30,62285390000140,TAB_I2J_VL_CONTRATO_FUTURO,0,958909826.44,0
50356663000111,Classe,2026-09-30,40434681000110,TAB_I2J_VL_CONTRATO_FUTURO,0,0,
50434429000165,Classe,2026-09-30,62285390000140,TAB_I2J_VL_CONTRATO_FUTURO,0,85488763.83,0
50692376000182,Classe,2026-09-30,24361690000172,TAB_I2J_VL_CONTRATO_FUTURO,0,5337764.75,0
50695489000131,Classe,2026-09-30,62232889000190,TAB_I2J_VL_CONTRATO_FUTURO,0,23000846.3,0
50791925000176,Classe,2026-09-30,24361690000172,TAB_I2J_VL_CONTRATO_FUTURO,0,15979956.48,0
50808063000147,Classe,2026-09-30,62285390000140,TAB_I2J_VL_CONTRATO_FUTURO,0,71761766.49,0
50818107000110,Classe,2026-09-30,16695922000109,TAB_I2J_VL_CONTRATO_FUTURO,0,0,
50823781000192,Classe,2026-09-30,24361690000172,TAB_I2J_VL_CONTRATO_FUTURO,0,0,
50824501000160,Classe,2026-09-30,24361690000172,TAB_I2J_VL_CONTRATO_FUTURO,0,33154854.24,0
50946637000143,Fundo,2026-09-30,16695922000109,TAB_I2J_VL_CONTRATO_FUTURO,0,14685951.61,0
50948197000163,Classe,2026-09-30,16695922000109,TAB_I2J_VL_CONTRATO_FUTURO,0,0,
51027087000121,Classe,2026-09-30,62285390000140,TAB_I2J_VL_CONTRATO_FUTURO,0,51294778.46,0
51119641000109,Classe,2026-09-30,24361690000172,TAB_I2J_VL_CONTRATO_FUTURO,0,0,
51253601000147,Classe,2026-09-30,24361690000172,TAB_I2J_VL_CONTRATO_FUTURO,0,8527522.33,0
51294885000110,Classe,2026-09-30,24361690000172,TAB_I2J_VL_CONTRATO_FUTURO,0,26621555.46,0
51313788000127,Classe,2026-09-30,24361690000172,TAB_I2J_VL_CONTRATO_FUTURO,0,9292864.61,0
51364521000169,Classe,2026-09-30,62285390000140,TAB_I2J_VL_CONTRATO_FUTURO,0,157185240.99,0
51382517000123,Classe,2026-09-30,16695922000109,TAB_I2J_VL_CONTRATO_FUTURO,0,232898593.84,0
51388032000147,Classe,2026-09-30,40434681000110,TAB_I2J_VL_CONTRATO_FUTURO,0,7466375.34,0
51476020000174,Classe,2026-09-30,62285390000140,TAB_I2J_VL_CONTRATO_FUTURO,0,23198394.65,0
51497411000175,Classe,2026-09-30,62232889000190,TAB_I2J_VL_CONTRATO_FUTURO,0,29064478.94,0
51555510000166,Classe,2026-09-30,24361690000172,TAB_I2J_VL_CONTRATO_FUTURO,0,151901449.12,0
51581780000141,Classe,2026-09-30,40434681000110,TAB_I2J_VL_CONTRATO_FUTURO,0,15878705.68,0
51730136000198,Classe,2026-09-30,40434681000110,TAB_I2J_VL_CONTRATO_FUTURO,0,1680762.38,0
51731270000103,Classe,2026-09-30,24361690000172,TAB_I2J_VL_CONTRATO_FUTURO,0,13092220.39,0
51781164000134,Classe,2026-09-30,40434681000110,TAB_I2J_VL_CONTRATO_FUTURO,0,2462881.88,0
51863167000117,Fundo,2026-09-30,40434681000110,TAB_I2J_VL_CONTRATO_FUTURO,0,0,
52043752000133,Classe,2026-09-30,40434681000110,TAB_I2J_VL_CONTRATO_FUTURO,0,945512.35,0
52069691000183,Classe,2026-09-30,16695922000109,TAB_I2J_VL_CONTRATO_FUTURO,0,744705551.05,0
52098409000196,Classe,2026-09-30,62232889000190,TAB_I2J_VL_CONTRATO_FUTURO,0,42238393.21,0
52115758000179,Classe,2026-09-30,22610500000188,TAB_I2J_VL_CONTRATO_FUTURO,0,155897808.64,0
52148267000124,Classe,2026-09-30,62232889000190,TAB_I2J_VL_CONTRATO_FUTURO,0,165424650.75,0
52200741000110,Classe,2026-09-30,24361690000172,TAB_I2J_VL_CONTRATO_FUTURO,0,180076557.41,0
52200745000106,Classe,2026-09-30,24361690000172,TAB_I2J_VL_CONTRATO_FUTURO,0,31689542.08,0
52258572000179,Classe,2026-09-30,62232889000190,TAB_I2J_VL_CONTRATO_FUTURO,0,51393959.64,0
52287219000117,Classe,2026-09-30,00806535000154,TAB_I2J_VL_CONTRATO_FUTURO,0,74213694.7,0
52348286000102,Classe,2026-09-30,16695922000109,TAB_I2J_VL_CONTRATO_FUTURO,0,0,
52430088000185,Classe,2026-09-30,62285390000140,TAB_I2J_VL_CONTRATO_FUTURO,0,3232578.1,0
52511370000197,Classe,2026-09-30,62232889000190,TAB_I2J_VL_CONTRATO_FUTURO,0,36844416.61,0
52511479000124,Classe,2026-09-30,62232889000190,TAB_I2J_VL_CONTRATO_FUTURO,0,52683010.92,0
52607408000120,Classe,2026-09-30,62285390000140,TAB_I2J_VL_CONTRATO_FUTURO,0,8873079.93,0
52719781000172,Classe,2026-09-30,16695922000109,TAB_I2J_VL_CONTRATO_FUTURO,0,63643509.59,0
52756013000199,Classe,2026-09-30,62285390000140,TAB_I2J_VL_CONTRATO_FUTURO,0,599569269.23,0
52989090000199,Classe,2026-09-30,62285390000140,TAB_I2J_VL_CONTRATO_FUTURO,0,925416808.85,0
53030737000113,Classe,2026-09-30,40434681000110,TAB_I2J_VL_CONTRATO_FUTURO,0,66709492.17,0
53032513000140,Classe,2026-09-30,62285390000140,TAB_I2J_VL_CONTRATO_FUTURO,0,11989586.37,0
53109835000140,Classe,2026-09-30,62232889000190,TAB_I2J_VL_CONTRATO_FUTURO,0,113730124.2,0
53121758000144,Classe,2026-09-30,62285390000140,TAB_I2J_VL_CONTRATO_FUTURO,0,86108979.22,0
53214754000100,Classe,2026-09-30,62285390000140,TAB_I2J_VL_CONTRATO_FUTURO,0,1022813.91,0
53292327000140,Classe,2026-09-30,16695922000109,TAB_I2J_VL_CONTRATO_FUTURO,0,29152140.96,0
53323818000101,Classe,2026-09-30,16695922000109,TAB_I2J_VL_CONTRATO_FUTURO,0,2397330.02,0
53577135000180,Classe,2026-09-30,62285390000140,TAB_I2J_VL_CONTRATO_FUTURO,0,230074882.99,0
53604320000117,Classe,2026-09-30,24361690000172,TAB_I2J_VL_CONTRATO_FUTURO,0,108306823.83,0
53640662000192,Classe,2026-09-30,40434681000110,TAB_I2J_VL_CONTRATO_FUTURO,0,18055886.91,0
53765941000182,Classe,2026-09-30,24361690000172,TAB_I2J_VL_CONTRATO_FUTURO,0,15909803.89,0
53822280000180,Classe,2026-09-30,16695922000109,TAB_I2J_VL_CONTRATO_FUTURO,0,0,
53841740000117,Classe,2026-09-30,62285390000140,TAB_I2J_VL_CONTRATO_FUTURO,0,1811838521.15,0
53872780000126,Classe,2026-09-30,00806535000154,TAB_I2J_VL_CONTRATO_FUTURO,0,174836061.64,0
53880657000157,Classe,2026-09-30,62285390000140,TAB_I2J_VL_CONTRATO_FUTURO,0,187972729.96,0
54071756000150,Classe,2026-09-30,62285390000140,TAB_I2J_VL_CONTRATO_FUTURO,0,92242709.77,0
54083491000100,Classe,2026-09-30,62232889000190,TAB_I2J_VL_CONTRATO_FUTURO,0,56200602.2,0
54111764000183,Classe,2026-09-30,62285390000140,TAB_I2J_VL_CONTRATO_FUTURO,0,71860520,0
54148306000119,Classe,2026-09-30,16695922000109,TAB_I2J_VL_CONTRATO_FUTURO,0,0,
54379696000138,Classe,2026-09-30,16695922000109,TAB_I2J_VL_CONTRATO_FUTURO,0,10663721.65,0
54495443000120,Classe,2026-09-30,62285390000140,TAB_I2J_VL_CONTRATO_FUTURO,0,190321521.43,0
54585485000151,Classe,2026-09-30,16695922000109,TAB_I2J_VL_CONTRATO_FUTURO,0,13393221.26,0
54585643000173,Classe,2026-09-30,24361690000172,TAB_I2J_VL_CONTRATO_FUTURO,0,0,
54857414000160,Classe,2026-09-30,24361690000172,TAB_I2J_VL_CONTRATO_FUTURO,0,103236110.19,0
54976450000143,Classe,2026-09-30,62232889000190,TAB_I2J_VL_CONTRATO_FUTURO,0,18401536.57,0
54976534000187,Classe,2026-09-30,62285390000140,TAB_I2J_VL_CONTRATO_FUTURO,0,48975213.89,0
55074368000196,Classe,2026-09-30,24361690000172,TAB_I2J_VL_CONTRATO_FUTURO,0,52441436.13,0
55175561000113,Classe,2026-09-30,62285390000140,TAB_I2J_VL_CONTRATO_FUTURO,0,124189403.94,0
55296116000101,Classe,2026-09-30,62285390000140,TAB_I2J_VL_CONTRATO_FUTURO,0,35491936.06,0
55331747000114,Classe,2026-09-30,00806535000154,TAB_I2J_VL_CONTRATO_FUTURO,0,10962368.51,0
55364405000109,Classe,2026-09-30,62232889000190,TAB_I2J_VL_CONTRATO_FUTURO,0,34740289.13,0
55401645000128,Classe,2026-09-30,62285390000140,TAB_I2J_VL_CONTRATO_FUTURO,0,206205229.25,0
55445774000118,Classe,2026-09-30,24361690000172,TAB_I2J_VL_CONTRATO_FUTURO,0,25465404.04,0
55466785000184,Classe,2026-09-30,00806535000154,TAB_I2J_VL_CONTRATO_FUTURO,0,68690069.2,0
55483719000112,Classe,2026-09-30,62285390000140,TAB_I2J_VL_CONTRATO_FUTURO,0,28790922.03,0
55508226000190,Classe,2026-09-30,62285390000140,TAB_I2J_VL_CONTRATO_FUTURO,0,43372994.81,0
55523204000107,Classe,2026-09-30,24361690000172,TAB_I2J_VL_CONTRATO_FUTURO,0,116106919.03,0
55595058000117,Classe,2026-09-30,62232889000190,TAB_I2J_VL_CONTRATO_FUTURO,0,482276088.06,0
55595705000190,Classe,2026-09-30,62232889000190,TAB_I2J_VL_CONTRATO_FUTURO,0,70778730.42,0
55626390000100,Classe,2026-09-30,40434681000110,TAB_I2J_VL_CONTRATO_FUTURO,0,0,
55636084000146,Classe,2026-09-30,62285390000140,TAB_I2J_VL_CONTRATO_FUTURO,0,33495966.38,0
55690923000104,Classe,2026-09-30,40434681000110,TAB_I2J_VL_CONTRATO_FUTURO,0,1950470.13,0
55706529000117,Classe,2026-09-30,16695922000109,TAB_I2J_VL_CONTRATO_FUTURO,0,0,
55747288000154,Classe,2026-09-30,40434681000110,TAB_I2J_VL_CONTRATO_FUTURO,0,6516117.27,0
55790118000152,Classe,2026-09-30,40434681000110,TAB_I2J_VL_CONTRATO_FUTURO,0,16929975.02,0
55798735000102,Classe,2026-09-30,40434681000110,TAB_I2J_VL_CONTRATO_FUTURO,0,3368133.16,0
55914922000104,Classe,2026-09-30,62285390000140,TAB_I2J_VL_CONTRATO_FUTURO,0,27777592.82,0
56030860000122,Classe,2026-09-30,62285390000140,TAB_I2J_VL_CONTRATO_FUTURO,0,3482532.47,0
56073212000153,Classe,2026-09-30,62285390000140,TAB_I2J_VL_CONTRATO_FUTURO,0,41436527.62,0
56075525000140,Classe,2026-09-30,24361690000172,TAB_I2J_VL_CONTRATO_FUTURO,0,85457280.73,0
56125191000172,Classe,2026-09-30,62285390000140,TAB_I2J_VL_CONTRATO_FUTURO,0,30575721.13,0
56822599000101,Classe,2026-09-30,62232889000190,TAB_I2J_VL_CONTRATO_FUTURO,0,11722586.09,0
56912548000162,Classe,2026-09-30,40434681000110,TAB_I2J_VL_CONTRATO_FUTURO,0,15148164.99,0
56924942000110,Classe,2026-09-30,62285390000140,TAB_I2J_VL_CONTRATO_FUTURO,0,2929042166.98,0
56975898000178,Classe,2026-09-30,62285390000140,TAB_I2J_VL_CONTRATO_FUTURO,0,7591011.45,0
56986018000169,Classe,2026-09-30,40434681000110,TAB_I2J_VL_CONTRATO_FUTURO,0,88316793.37,0
57053395000108,Classe,2026-09-30,24361690000172,TAB_I2J_VL_CONTRATO_FUTURO,0,77142611.03,0
57088363000148,Classe,2026-09-30,62232889000190,TAB_I2J_VL_CONTRATO_FUTURO,0,107150785.19,0
57127130000107,Classe,2026-09-30,62285390000140,TAB_I2J_VL_CONTRATO_FUTURO,0,1667472.66,0
57140603000106,Classe,2026-09-30,24361690000172,TAB_I2J_VL_CONTRATO_FUTURO,0,103873920.52,0
57182384000128,Classe,2026-09-30,62232889000190,TAB_I2J_VL_CONTRATO_FUTURO,0,24168385.05,0
57224939000157,Classe,2026-09-30,62285390000140,TAB_I2J_VL_CONTRATO_FUTURO,0,91722215.04,0
57270666000187,Classe,2026-09-30,24361690000172,TAB_I2J_VL_CONTRATO_FUTURO,0,53677579.12,0
57325152000181,Classe,2026-09-30,62285390000140,TAB_I2J_VL_CONTRATO_FUTURO,0,22290875.45,0
57340272000158,Classe,2026-09-30,62285390000140,TAB_I2J_VL_CONTRATO_FUTURO,0,57536127.43,0
57378463000109,Classe,2026-09-30,24361690000172,TAB_I2J_VL_CONTRATO_FUTURO,0,157614044.44,0
57391433000132,Classe,2026-09-30,62232889000190,TAB_I2J_VL_CONTRATO_FUTURO,0,49712588.71,0
57391980000118,Classe,2026-09-30,62232889000190,TAB_I2J_VL_CONTRATO_FUTURO,0,22050316.28,0
57441997000132,Classe,2026-09-30,16695922000109,TAB_I2J_VL_CONTRATO_FUTURO,0,0,
57533260000140,Classe,2026-09-30,62285390000140,TAB_I2J_VL_CONTRATO_FUTURO,0,28244900.14,0
57584175000100,Classe,2026-09-30,62232889000190,TAB_I2J_VL_CONTRATO_FUTURO,0,20254835.77,0
57584525000139,Classe,2026-09-30,62232889000190,TAB_I2J_VL_CONTRATO_FUTURO,0,55430322.6,0
57585602000175,Classe,2026-09-30,40434681000110,TAB_I2J_VL_CONTRATO_FUTURO,0,4646703.06,0
57691078000117,Classe,2026-09-30,39669186000101,TAB_I2J_VL_CONTRATO_FUTURO,0,0,
57740051000177,Classe,2026-09-30,16695922000109,TAB_I2J_VL_CONTRATO_FUTURO,0,65504535.38,0
57752597000148,Classe,2026-09-30,24361690000172,TAB_I2J_VL_CONTRATO_FUTURO,0,56518593.63,0
57821748000172,Classe,2026-09-30,40434681000110,TAB_I2J_VL_CONTRATO_FUTURO,0,12156523.97,0
57823707000115,Classe,2026-09-30,62285390000140,TAB_I2J_VL_CONTRATO_FUTURO,0,184635320.27,0
57888289000144,Classe,2026-09-30,40434681000110,TAB_I2J_VL_CONTRATO_FUTURO,0,13063095.63,0
57998329000100,Classe,2026-09-30,40434681000110,TAB_I2J_VL_CONTRATO_FUTURO,0,18571674.27,0
58036896000149,Classe,2026-09-30,24361690000172,TAB_I2J_VL_CONTRATO_FUTURO,0,327823655.05,0
58114311000161,Classe,2026-09-30,24361690000172,TAB_I2J_VL_CONTRATO_FUTURO,0,53839267.32,0
58114447000171,Classe,2026-09-30,16695922000109,TAB_I2J_VL_CONTRATO_FUTURO,0,0,
58157393000121,Classe,2026-09-30,16695922000109,TAB_I2J_VL_CONTRATO_FUTURO,0,10298071.24,0
58238421000135,Classe,2026-09-30,40434681000110,TAB_I2J_VL_CONTRATO_FUTURO,0,9247560.85,0
58307031000170,Classe,2026-09-30,24361690000172,TAB_I2J_VL_CONTRATO_FUTURO,0,3025801.4,0
58364147000140,Classe,2026-09-30,62285390000140,TAB_I2J_VL_CONTRATO_FUTURO,0,11614722.97,0
58423669000176,Classe,2026-09-30,16695922000109,TAB_I2J_VL_CONTRATO_FUTURO,0,0,
58482694000120,Classe,2026-09-30,24361690000172,TAB_I2J_VL_CONTRATO_FUTURO,0,78555151.67,0
58559343000170,Classe,2026-09-30,16695922000109,TAB_I2J_VL_CONTRATO_FUTURO,0,0,
58731626000158,Classe,2026-09-30,62232889000190,TAB_I2J_VL_CONTRATO_FUTURO,0,36440153.82,0
58900579000129,Classe,2026-09-30,62285390000140,TAB_I2J_VL_CONTRATO_FUTURO,0,4361736649.14,0
58922423000149,Classe,2026-09-30,24361690000172,TAB_I2J_VL_CONTRATO_FUTURO,0,164915566.23,0
58944590000190,Classe,2026-09-30,18945670000146,TAB_I2J_VL_CONTRATO_FUTURO,0,66648291.41,0
58954874000168,Classe,2026-09-30,16695922000109,TAB_I2J_VL_CONTRATO_FUTURO,0,43790932.19,0
59291327000102,Classe,2026-09-30,24361690000172,TAB_I2J_VL_CONTRATO_FUTURO,0,13441044.03,0
59357545000100,Classe,2026-09-30,16695922000109,TAB_I2J_VL_CONTRATO_FUTURO,0,6570014.14,0
59400011000101,Classe,2026-09-30,62232889000190,TAB_I2J_VL_CONTRATO_FUTURO,0,6231909.27,0
59400337000139,Classe,2026-09-30,16695922000109,TAB_I2J_VL_CONTRATO_FUTURO,0,385504148.13,0
59657112000162,Classe,2026-09-30,18945670000146,TAB_I2J_VL_CONTRATO_FUTURO,0,13280527.92,0
59710430000140,Classe,2026-09-30,40434681000110,TAB_I2J_VL_CONTRATO_FUTURO,0,19899545.33,0
59843866000107,Classe,2026-09-30,62285390000140,TAB_I2J_VL_CONTRATO_FUTURO,0,156048447.82,0
59870750000167,Classe,2026-09-30,40434681000110,TAB_I2J_VL_CONTRATO_FUTURO,0,63685360.76,0
59936269000127,Classe,2026-09-30,24361690000172,TAB_I2J_VL_CONTRATO_FUTURO,0,4451056.67,0
60043514000156,Classe,2026-09-30,40434681000110,TAB_I2J_VL_CONTRATO_FUTURO,0,45146062.15,0
60058603000176,Classe,2026-09-30,62285390000140,TAB_I2J_VL_CONTRATO_FUTURO,0,52817033.37,0
60078440000193,Classe,2026-09-30,24361690000172,TAB_I2J_VL_CONTRATO_FUTURO,0,34949346.91,0
60079965000143,Classe,2026-09-30,40434681000110,TAB_I2J_VL_CONTRATO_FUTURO,0,25198.34,0
60095481000198,Classe,2026-09-30,62232889000190,TAB_I2J_VL_CONTRATO_FUTURO,0,40027535.27,0
60115778000178,Classe,2026-09-30,24361690000172,TAB_I2J_VL_CONTRATO_FUTURO,0,45737474.08,0
60282653000132,Classe,2026-09-30,16695922000109,TAB_I2J_VL_CONTRATO_FUTURO,0,0,
60331197000173,Classe,2026-09-30,24361690000172,TAB_I2J_VL_CONTRATO_FUTURO,0,1442949.1,0
60368384000121,Classe,2026-09-30,24361690000172,TAB_I2J_VL_CONTRATO_FUTURO,0,23557756.87,0
60369537000155,Classe,2026-09-30,62285390000140,TAB_I2J_VL_CONTRATO_FUTURO,0,135433048.21,0
60369959000120,Classe,2026-09-30,62285390000140,TAB_I2J_VL_CONTRATO_FUTURO,0,19220089.45,0
60401316000117,Classe,2026-09-30,62285390000140,TAB_I2J_VL_CONTRATO_FUTURO,0,37111740.58,0
60604288000135,Classe,2026-09-30,40434681000110,TAB_I2J_VL_CONTRATO_FUTURO,0,9247991.82,0
60606404000155,Classe,2026-09-30,18945670000146,TAB_I2J_VL_CONTRATO_FUTURO,0,80747771.54,0
60675473000110,Classe,2026-09-30,16695922000109,TAB_I2J_VL_CONTRATO_FUTURO,0,7671955.79,0
60681487000147,Classe,2026-09-30,24361690000172,TAB_I2J_VL_CONTRATO_FUTURO,0,4819208.27,0
60686437000152,Classe,2026-09-30,24361690000172,TAB_I2J_VL_CONTRATO_FUTURO,0,10724800.4,0
60696087000105,Classe,2026-09-30,62285390000140,TAB_I2J_VL_CONTRATO_FUTURO,0,18017967.58,0
60736775000151,Classe,2026-09-30,62285390000140,TAB_I2J_VL_CONTRATO_FUTURO,0,90409359.78,0
60792713000167,Classe,2026-09-30,16695922000109,TAB_I2J_VL_CONTRATO_FUTURO,0,1920513.58,0
60866189000121,Classe,2026-09-30,62285390000140,TAB_I2J_VL_CONTRATO_FUTURO,0,31270914.06,0
60894511000126,Classe,2026-09-30,16695922000109,TAB_I2J_VL_CONTRATO_FUTURO,0,2577649.7,0
60910091000124,Classe,2026-09-30,62285390000140,TAB_I2J_VL_CONTRATO_FUTURO,0,22907959.83,0
60931216000100,Classe,2026-09-30,24361690000172,TAB_I2J_VL_CONTRATO_FUTURO,0,5413345.67,0
60974918000163,Classe,2026-09-30,24361690000172,TAB_I2J_VL_CONTRATO_FUTURO,0,6028359.21,0
61084525000147,Classe,2026-09-30,40434681000110,TAB_I2J_VL_CONTRATO_FUTURO,0,3057713.43,0
61130895000173,Classe,2026-09-30,16695922000109,TAB_I2J_VL_CONTRATO_FUTURO,0,55571359.75,0
61138429000134,Classe,2026-09-30,24361690000172,TAB_I2J_VL_CONTRATO_FUTURO,0,19205540.1,0
61279682000108,Classe,2026-09-30,40434681000110,TAB_I2J_VL_CONTRATO_FUTURO,0,8668267.17,0
61306033000159,Classe,2026-09-30,62285390000140,TAB_I2J_VL_CONTRATO_FUTURO,0,22415269.57,0
61328619000114,Classe,2026-09-30,40434681000110,TAB_I2J_VL_CONTRATO_FUTURO,0,9441819.91,0
61350212000193,Classe,2026-09-30,16695922000109,TAB_I2J_VL_CONTRATO_FUTURO,0,10080398.52,0
61351481000174,Classe,2026-09-30,62285390000140,TAB_I2J_VL_CONTRATO_FUTURO,0,506432844.72,0
61371110000154,Classe,2026-09-30,16695922000109,TAB_I2J_VL_CONTRATO_FUTURO,0,0,
61385893000125,Classe,2026-09-30,62285390000140,TAB_I2J_VL_CONTRATO_FUTURO,0,400151028.08,0
61430639000100,Classe,2026-09-30,24361690000172,TAB_I2J_VL_CONTRATO_FUTURO,0,59863195.4,0
61527968000165,Classe,2026-09-30,16695922000109,TAB_I2J_VL_CONTRATO_FUTURO,0,0,
61543748000125,Classe,2026-09-30,24361690000172,TAB_I2J_VL_CONTRATO_FUTURO,0,14681356.02,0
61631599000156,Classe,2026-09-30,16695922000109,TAB_I2J_VL_CONTRATO_FUTURO,0,425003447.2,0
61664240000185,Classe,2026-09-30,24361690000172,TAB_I2J_VL_CONTRATO_FUTURO,0,49446322.77,0
61690116000194,Classe,2026-09-30,40434681000110,TAB_I2J_VL_CONTRATO_FUTURO,0,6114482.49,0
61750443000194,Classe,2026-09-30,24361690000172,TAB_I2J_VL_CONTRATO_FUTURO,0,12750767.91,0
61766813000181,Classe,2026-09-30,40434681000110,TAB_I2J_VL_CONTRATO_FUTURO,0,41957419.42,0
61866286000187,Classe,2026-09-30,16695922000109,TAB_I2J_VL_CONTRATO_FUTURO,0,7725106.74,0
61955311000107,Classe,2026-09-30,16695922000109,TAB_I2J_VL_CONTRATO_FUTURO,0,9721565.43,0
61975703000120,Classe,2026-09-30,24361690000172,TAB_I2J_VL_CONTRATO_FUTURO,0,64807715.81,0
62016007000159,Classe,2026-09-30,62285390000140,TAB_I2J_VL_CONTRATO_FUTURO,0,3629674.39,0
62161418000138,Classe,2026-09-30,62285390000140,TAB_I2J_VL_CONTRATO_FUTURO,0,70497102.5,0
62164403000123,Classe,2026-09-30,16695922000109,TAB_I2J_VL_CONTRATO_FUTURO,0,7146138.89,0
62230042000176,Classe,2026-09-30,16695922000109,TAB_I2J_VL_CONTRATO_FUTURO,0,28659234.19,0
62303024000177,Classe,2026-09-30,62232889000190,TAB_I2J_VL_CONTRATO_FUTURO,0,302237026.17,0
62359337000147,Classe,2026-09-30,40434681000110,TAB_I2J_VL_CONTRATO_FUTURO,0,23354126.96,0
62497138000103,Classe,2026-09-30,16695922000109,TAB_I2J_VL_CONTRATO_FUTURO,0,4041792.81,0
62541630000120,Classe,2026-09-30,62232889000190,TAB_I2J_VL_CONTRATO_FUTURO,0,41979103.1,0
62627243000101,Classe,2026-09-30,62285390000140,TAB_I2J_VL_CONTRATO_FUTURO,0,77384146.82,0
62627291000108,Classe,2026-09-30,62285390000140,TAB_I2J_VL_CONTRATO_FUTURO,0,571554220.3,0
62741028000137,Classe,2026-09-30,40434681000110,TAB_I2J_VL_CONTRATO_FUTURO,0,13305302.13,0
62762366000155,Classe,2026-09-30,16695922000109,TAB_I2J_VL_CONTRATO_FUTURO,0,3429775.37,0
62772042000106,Classe,2026-09-30,24361690000172,TAB_I2J_VL_CONTRATO_FUTURO,0,48261968.46,0
62951957000170,Classe,2026-09-30,16695922000109,TAB_I2J_VL_CONTRATO_FUTURO,0,12371590.58,0
62966067000132,Classe,2026-09-30,40434681000110,TAB_I2J_VL_CONTRATO_FUTURO,0,37167728.83,0
62967950000147,Classe,2026-09-30,40434681000110,TAB_I2J_VL_CONTRATO_FUTURO,0,36216105.56,0
62968483000170,Classe,2026-09-30,40434681000110,TAB_I2J_VL_CONTRATO_FUTURO,0,70920259.13,0
62972105000160,Classe,2026-09-30,62285390000140,TAB_I2J_VL_CONTRATO_FUTURO,0,36678613.02,0
63098061000153,Classe,2026-09-30,16695922000109,TAB_I2J_VL_CONTRATO_FUTURO,0,31074263.33,0
63212782000142,Classe,2026-09-30,62285390000140,TAB_I2J_VL_CONTRATO_FUTURO,0,28864810.22,0
63249135000105,Classe,2026-09-30,40434681000110,TAB_I2J_VL_CONTRATO_FUTURO,0,4275300.56,0
63310209000171,Classe,2026-09-30,62285390000140,TAB_I2J_VL_CONTRATO_FUTURO,0,2066484.32,0
63322011000108,Classe,2026-09-30,62285390000140,TAB_I2J_VL_CONTRATO_FUTURO,0,633091869.24,0
63457029000117,Classe,2026-09-30,16695922000109,TAB_I2J_VL_CONTRATO_FUTURO,0,1521927.95,0
63458316000141,Classe,2026-09-30,16695922000109,TAB_I2J_VL_CONTRATO_FUTURO,0,5209807.52,0
63459064000175,Classe,2026-09-30,16695922000109,TAB_I2J_VL_CONTRATO_FUTURO,0,4021024.37,0
63516387000153,Classe,2026-09-30,62285390000140,TAB_I2J_VL_CONTRATO_FUTURO,0,88012431.05,0
63565588000140,Classe,2026-09-30,62285390000140,TAB_I2J_VL_CONTRATO_FUTURO,0,11038221.61,0
63566193000162,Classe,2026-09-30,16695922000109,TAB_I2J_VL_CONTRATO_FUTURO,0,3526305.01,0
63604811000111,Classe,2026-09-30,40434681000110,TAB_I2J_VL_CONTRATO_FUTURO,0,70913786,0
63606548000108,Classe,2026-09-30,40434681000110,TAB_I2J_VL_CONTRATO_FUTURO,0,18697883.79,0
63606839000198,Classe,2026-09-30,40434681000110,TAB_I2J_VL_CONTRATO_FUTURO,0,53070719.34,0
63622544000105,Classe,2026-09-30,16695922000109,TAB_I2J_VL_CONTRATO_FUTURO,0,1889422.1,0
63659752000189,Classe,2026-09-30,16695922000109,TAB_I2J_VL_CONTRATO_FUTURO,0,32676194.78,0
63697245000130,Classe,2026-09-30,24361690000172,TAB_I2J_VL_CONTRATO_FUTURO,0,10381302.04,0
63699134000162,Classe,2026-09-30,24361690000172,TAB_I2J_VL_CONTRATO_FUTURO,0,19050347.65,0
63709161000179,Classe,2026-09-30,40434681000110,TAB_I2J_VL_CONTRATO_FUTURO,0,108114022.35,0
63796349000100,Classe,2026-09-30,62285390000140,TAB_I2J_VL_CONTRATO_FUTURO,0,1559383.18,0
63863686000164,Classe,2026-09-30,24361690000172,TAB_I2J_VL_CONTRATO_FUTURO,0,56029882.97,0
63887027000168,Classe,2026-09-30,40434681000110,TAB_I2J_VL_CONTRATO_FUTURO,0,0,
63894672000108,Classe,2026-09-30,16695922000109,TAB_I2J_VL_CONTRATO_FUTURO,0,52775618.56,0
63938673000107,Classe,2026-09-30,62285390000140,TAB_I2J_VL_CONTRATO_FUTURO,0,106466416.63,0
63974821000149,Classe,2026-09-30,62285390000140,TAB_I2J_VL_CONTRATO_FUTURO,0,10104194.08,0
64019393000168,Classe,2026-09-30,16695922000109,TAB_I2J_VL_CONTRATO_FUTURO,0,131303425.01,0
64029467000147,Classe,2026-09-30,16695922000109,TAB_I2J_VL_CONTRATO_FUTURO,0,8921726.63,0
64039922000195,Classe,2026-09-30,62285390000140,TAB_I2J_VL_CONTRATO_FUTURO,0,56373965.98,0
64054825000171,Classe,2026-09-30,40434681000110,TAB_I2J_VL_CONTRATO_FUTURO,0,8585316.6,0
64155784000100,Classe,2026-09-30,18945670000146,TAB_I2J_VL_CONTRATO_FUTURO,0,34652149.65,0
64276414000120,Classe,2026-09-30,24361690000172,TAB_I2J_VL_CONTRATO_FUTURO,0,16216834.37,0
64276709000105,Classe,2026-09-30,24361690000172,TAB_I2J_VL_CONTRATO_FUTURO,0,94297638.45,0
64282009000115,Classe,2026-09-30,40434681000110,TAB_I2J_VL_CONTRATO_FUTURO,0,17845113.69,0
64291147000160,Classe,2026-09-30,62232889000190,TAB_I2J_VL_CONTRATO_FUTURO,0,21094733.09,0
64310285000140,Classe,2026-09-30,40434681000110,TAB_I2J_VL_CONTRATO_FUTURO,0,12894779.98,0
64382297000180,Classe,2026-09-30,62232889000190,TAB_I2J_VL_CONTRATO_FUTURO,0,18663049.23,0
64432874000109,Classe,2026-09-30,40434681000110,TAB_I2J_VL_CONTRATO_FUTURO,0,10668989.54,0
64530753000191,Classe,2026-09-30,24361690000172,TAB_I2J_VL_CONTRATO_FUTURO,0,4173825.76,0
64598309000108,Classe,2026-09-30,16695922000109,TAB_I2J_VL_CONTRATO_FUTURO,0,7211139.11,0
64630838000141,Classe,2026-09-30,62285390000140,TAB_I2J_VL_CONTRATO_FUTURO,0,16625447.98,0
64636877000156,Classe,2026-09-30,16695922000109,TAB_I2J_VL_CONTRATO_FUTURO,0,3183553.58,0
64637478000100,Classe,2026-09-30,00806535000154,TAB_I2J_VL_CONTRATO_FUTURO,0,76678412.72,0
64656737000140,Classe,2026-09-30,62232889000190,TAB_I2J_VL_CONTRATO_FUTURO,0,60707967.28,0
64721990000130,Classe,2026-09-30,40434681000110,TAB_I2J_VL_CONTRATO_FUTURO,0,16538673.46,0
64987557000140,Classe,2026-09-30,24361690000172,TAB_I2J_VL_CONTRATO_FUTURO,0,5181730.59,0
65014891000180,Classe,2026-09-30,40434681000110,TAB_I2J_VL_CONTRATO_FUTURO,0,1040006.34,0
65095860000100,Classe,2026-09-30,00806535000154,TAB_I2J_VL_CONTRATO_FUTURO,0,15287369,0
65190945000169,Classe,2026-09-30,40434681000110,TAB_I2J_VL_CONTRATO_FUTURO,0,15218377.48,0
65343721000140,Classe,2026-09-30,62232889000190,TAB_I2J_VL_CONTRATO_FUTURO,0,62218788.14,0
65619110000181,Classe,2026-09-30,16695922000109,TAB_I2J_VL_CONTRATO_FUTURO,0,1368681.7,0
65659857000163,Classe,2026-09-30,24361690000172,TAB_I2J_VL_CONTRATO_FUTURO,0,32634533.96,0
65675575000150,Classe,2026-09-30,62285390000140,TAB_I2J_VL_CONTRATO_FUTURO,0,7455886.05,0
65706613000194,Classe,2026-09-30,24361690000172,TAB_I2J_VL_CONTRATO_FUTURO,0,4176528.49,0
65784807000108,Classe,2026-09-30,24361690000172,TAB_I2J_VL_CONTRATO_FUTURO,0,0,
65784847000150,Classe,2026-09-30,24361690000172,TAB_I2J_VL_CONTRATO_FUTURO,0,220721842.85,0
65804305000100,Classe,2026-09-30,62232889000190,TAB_I2J_VL_CONTRATO_FUTURO,0,11090720.1,0
65804737000102,Classe,2026-09-30,00806535000154,TAB_I2J_VL_CONTRATO_FUTURO,0,187457213,0
65900819000150,Classe,2026-09-30,24361690000172,TAB_I2J_VL_CONTRATO_FUTURO,0,2674536.93,0
66004736000146,Classe,2026-09-30,16695922000109,TAB_I2J_VL_CONTRATO_FUTURO,0,42617426.99,0
66107567000170,Classe,2026-09-30,40434681000110,TAB_I2J_VL_CONTRATO_FUTURO,0,2094774.86,0
66146849000186,Classe,2026-09-30,24361690000172,TAB_I2J_VL_CONTRATO_FUTURO,0,9416027.71,0
66147948000182,Classe,2026-09-30,24361690000172,TAB_I2J_VL_CONTRATO_FUTURO,0,2521051.44,0
66188571000100,Classe,2026-09-30,40434681000110,TAB_I2J_VL_CONTRATO_FUTURO,0,1055012.15,0
66226431000189,Classe,2026-09-30,62232889000190,TAB_I2J_VL_CONTRATO_FUTURO,0,583357.95,0
66247874000156,Classe,2026-09-30,40434681000110,TAB_I2J_VL_CONTRATO_FUTURO,0,27781907.34,0
66279914000141,Classe,2026-09-30,24361690000172,TAB_I2J_VL_CONTRATO_FUTURO,0,34667862.43,0
66289666000110,Classe,2026-09-30,62285390000140,TAB_I2J_VL_CONTRATO_FUTURO,0,4943170.02,0
66320254000103,Classe,2026-09-30,62285390000140,TAB_I2J_VL_CONTRATO_FUTURO,0,104390059.63,0
66575588000110,Classe,2026-09-30,62285390000140,TAB_I2J_VL_CONTRATO_FUTURO,0,95068964.05,0
66584882000198,Classe,2026-09-30,62285390000140,TAB_I2J_VL_CONTRATO_FUTURO,0,5226156.27,0
66589036000160,Classe,2026-09-30,62285390000140,TAB_I2J_VL_CONTRATO_FUTURO,0,522476019.2,0
66614411000185,Classe,2026-09-30,62232889000190,TAB_I2J_VL_CONTRATO_FUTURO,0,84676374.62,0
66625873000106,Classe,2026-09-30,40434681000110,TAB_I2J_VL_CONTRATO_FUTURO,0,6042090.57,0
66687692000104,Classe,2026-09-30,62285390000140,TAB_I2J_VL_CONTRATO_FUTURO,0,44249161.16,0
66790149000120,Classe,2026-09-30,16695922000109,TAB_I2J_VL_CONTRATO_FUTURO,0,51157.61,0
66790195000129,Classe,2026-09-30,24361690000172,TAB_I2J_VL_CONTRATO_FUTURO,0,96486499.58,0
67220127000197,Classe,2026-09-30,24361690000172,TAB_I2J_VL_CONTRATO_FUTURO,0,155701365.44,0
67220139000111,Classe,2026-09-30,40434681000110,TAB_I2J_VL_CONTRATO_FUTURO,0,21701581.26,0
67851316000168,Classe,2026-09-30,62285390000140,TAB_I2J_VL_CONTRATO_FUTURO,0,78559509.19,0
67873873000180,Classe,2026-09-30,62285390000140,TAB_I2J_VL_CONTRATO_FUTURO,0,6078686.02,0
68099385000120,Classe,2026-09-30,40434681000110,TAB_I2J_VL_CONTRATO_FUTURO,0,7171562.38,0
68119920000167,Classe,2026-09-30,40434681000110,TAB_I2J_VL_CONTRATO_FUTURO,0,2012767.91,0
68234432000109,Classe,2026-09-30,40434681000110,TAB_I2J_VL_CONTRATO_FUTURO,0,6458834.8,0
68250073000175,Classe,2026-09-30,16695922000109,TAB_I2J_VL_CONTRATO_FUTURO,0,467617.25,0
68564198000170,Classe,2026-09-30,16695922000109,TAB_I2J_VL_CONTRATO_FUTURO,0,13215580.8,0
68706406000128,Classe,2026-09-30,62285390000140,TAB_I2J_VL_CONTRATO_FUTURO,0,2008326.55,0
